ISO-10303-21;
HEADER;
/* Generated by software containing ST-Developer
 * from STEP Tools, Inc. (www.steptools.com) 
 */
/* OPTION: using custom renumber hook */

FILE_DESCRIPTION(
/* description */ ('STEP AP242 Edition 2',
'CAx-IF Rec.Pracs.---Representation and Presentation of Product Manufa
cturing Information (PMI)---4.0---2014-10-13',
'CAx-IF Rec.Pracs.---3D Tessellated Geometry---0.4---2014-09-14','2;1',
'CAx-IF Rec.Pracs.---User Defined Attributes---1.5---2016-08-15'),
/* implementation_level */ '2;1');

FILE_NAME(
/* name */ '6997dc238837cd6b8597b078',
/* time_stamp */ '2026-02-20T03:59:32Z',
/* author */ (''),
/* organization */ (''),
/* preprocessor_version */ 'ST-DEVELOPER v20',
/* originating_system */ 'ONSHAPE BY PTC INC, 1.210',
/* authorisation */ '  ');

FILE_SCHEMA (('AP242_MANAGED_MODEL_BASED_3D_ENGINEERING_MIM_LF { 1 0 10303 442 3 1 4 }'));
ENDSEC;

DATA;
#10=SHAPE_REPRESENTATION_RELATIONSHIP('','',#1796,#11);
#11=ADVANCED_BREP_SHAPE_REPRESENTATION('',(#1794),#3581);
#12=B_SPLINE_SURFACE_WITH_KNOTS('',1,1,((#2648,#2649),(#2650,#2651)),
 .PLANE_SURF.,.F.,.F.,.F.,(2,2),(2,2),(0.,1.),(0.,1.),.UNSPECIFIED.);
#13=B_SPLINE_SURFACE_WITH_KNOTS('',1,1,((#2686,#2687),(#2688,#2689)),
 .PLANE_SURF.,.F.,.F.,.F.,(2,2),(2,2),(0.,1.),(0.,1.),.UNSPECIFIED.);
#14=B_SPLINE_SURFACE_WITH_KNOTS('',1,1,((#2698,#2699),(#2700,#2701)),
 .PLANE_SURF.,.F.,.F.,.F.,(2,2),(2,2),(0.0452321054090934,0.954813305515197),
(0.044173056784348,0.954833776705551),.PIECEWISE_BEZIER_KNOTS.);
#15=B_SPLINE_SURFACE_WITH_KNOTS('',1,1,((#2856,#2857),(#2858,#2859)),
 .PLANE_SURF.,.F.,.F.,.F.,(2,2),(2,2),(0.0451866944848028,0.954767894590907),
(0.044173056784348,0.954833776705551),.PIECEWISE_BEZIER_KNOTS.);
#16=B_SPLINE_SURFACE_WITH_KNOTS('',1,1,((#3029,#3030),(#3031,#3032)),
 .PLANE_SURF.,.F.,.F.,.F.,(2,2),(2,2),(0.,1.),(0.,1.),.UNSPECIFIED.);
#17=B_SPLINE_SURFACE_WITH_KNOTS('',1,1,((#3080,#3081),(#3082,#3083)),
 .PLANE_SURF.,.F.,.F.,.F.,(2,2),(2,2),(0.,1.),(0.,1.),.UNSPECIFIED.);
#18=B_SPLINE_SURFACE_WITH_KNOTS('',1,1,((#3095,#3096),(#3097,#3098)),
 .PLANE_SURF.,.F.,.F.,.F.,(2,2),(2,2),(0.,1.),(0.,1.),.UNSPECIFIED.);
#19=B_SPLINE_SURFACE_WITH_KNOTS('',1,1,((#3146,#3147),(#3148,#3149)),
 .PLANE_SURF.,.F.,.F.,.F.,(2,2),(2,2),(0.,1.),(0.,1.),.UNSPECIFIED.);
#20=B_SPLINE_SURFACE_WITH_KNOTS('',1,1,((#3161,#3162),(#3163,#3164)),
 .PLANE_SURF.,.F.,.F.,.F.,(2,2),(2,2),(0.,1.),(0.,1.),.UNSPECIFIED.);
#21=B_SPLINE_SURFACE_WITH_KNOTS('',1,1,((#3212,#3213),(#3214,#3215)),
 .PLANE_SURF.,.F.,.F.,.F.,(2,2),(2,2),(0.,1.),(0.,1.),.UNSPECIFIED.);
#22=B_SPLINE_SURFACE_WITH_KNOTS('',1,1,((#3227,#3228),(#3229,#3230)),
 .PLANE_SURF.,.F.,.F.,.F.,(2,2),(2,2),(0.,1.),(0.,1.),.UNSPECIFIED.);
#23=B_SPLINE_SURFACE_WITH_KNOTS('',1,1,((#3278,#3279),(#3280,#3281)),
 .PLANE_SURF.,.F.,.F.,.F.,(2,2),(2,2),(0.,1.),(0.,1.),.UNSPECIFIED.);
#24=B_SPLINE_SURFACE_WITH_KNOTS('',1,1,((#3293,#3294),(#3295,#3296)),
 .PLANE_SURF.,.F.,.F.,.F.,(2,2),(2,2),(0.,1.),(0.,1.),.UNSPECIFIED.);
#25=B_SPLINE_SURFACE_WITH_KNOTS('',1,1,((#3344,#3345),(#3346,#3347)),
 .PLANE_SURF.,.F.,.F.,.F.,(2,2),(2,2),(0.,1.),(0.,1.),.UNSPECIFIED.);
#26=LINE('',#2445,#134);
#27=LINE('',#2449,#135);
#28=LINE('',#2467,#136);
#29=LINE('',#2471,#137);
#30=LINE('',#2483,#138);
#31=LINE('',#2487,#139);
#32=LINE('',#2505,#140);
#33=LINE('',#2509,#141);
#34=LINE('',#2523,#142);
#35=LINE('',#2527,#143);
#36=LINE('',#2545,#144);
#37=LINE('',#2549,#145);
#38=LINE('',#2563,#146);
#39=LINE('',#2567,#147);
#40=LINE('',#2585,#148);
#41=LINE('',#2589,#149);
#42=LINE('',#2603,#150);
#43=LINE('',#2607,#151);
#44=LINE('',#2625,#152);
#45=LINE('',#2629,#153);
#46=LINE('',#2643,#154);
#47=LINE('',#2647,#155);
#48=LINE('',#2652,#156);
#49=LINE('',#2655,#157);
#50=LINE('',#2657,#158);
#51=LINE('',#2659,#159);
#52=LINE('',#2677,#160);
#53=LINE('',#2683,#161);
#54=LINE('',#2690,#162);
#55=LINE('',#2693,#163);
#56=LINE('',#2695,#164);
#57=LINE('',#2697,#165);
#58=LINE('',#2733,#166);
#59=LINE('',#2738,#167);
#60=LINE('',#2759,#168);
#61=LINE('',#2764,#169);
#62=LINE('',#2785,#170);
#63=LINE('',#2790,#171);
#64=LINE('',#2809,#172);
#65=LINE('',#2816,#173);
#66=LINE('',#2837,#174);
#67=LINE('',#2844,#175);
#68=LINE('',#2874,#176);
#69=LINE('',#2881,#177);
#70=LINE('',#2898,#178);
#71=LINE('',#2905,#179);
#72=LINE('',#2924,#180);
#73=LINE('',#2929,#181);
#74=LINE('',#2948,#182);
#75=LINE('',#2953,#183);
#76=LINE('',#2974,#184);
#77=LINE('',#2979,#185);
#78=LINE('',#3028,#186);
#79=LINE('',#3033,#187);
#80=LINE('',#3034,#188);
#81=LINE('',#3043,#189);
#82=LINE('',#3052,#190);
#83=LINE('',#3061,#191);
#84=LINE('',#3070,#192);
#85=LINE('',#3079,#193);
#86=LINE('',#3084,#194);
#87=LINE('',#3085,#195);
#88=LINE('',#3094,#196);
#89=LINE('',#3099,#197);
#90=LINE('',#3100,#198);
#91=LINE('',#3109,#199);
#92=LINE('',#3118,#200);
#93=LINE('',#3127,#201);
#94=LINE('',#3136,#202);
#95=LINE('',#3145,#203);
#96=LINE('',#3150,#204);
#97=LINE('',#3151,#205);
#98=LINE('',#3160,#206);
#99=LINE('',#3165,#207);
#100=LINE('',#3166,#208);
#101=LINE('',#3175,#209);
#102=LINE('',#3184,#210);
#103=LINE('',#3193,#211);
#104=LINE('',#3202,#212);
#105=LINE('',#3211,#213);
#106=LINE('',#3216,#214);
#107=LINE('',#3217,#215);
#108=LINE('',#3226,#216);
#109=LINE('',#3231,#217);
#110=LINE('',#3232,#218);
#111=LINE('',#3241,#219);
#112=LINE('',#3250,#220);
#113=LINE('',#3259,#221);
#114=LINE('',#3268,#222);
#115=LINE('',#3277,#223);
#116=LINE('',#3282,#224);
#117=LINE('',#3283,#225);
#118=LINE('',#3292,#226);
#119=LINE('',#3297,#227);
#120=LINE('',#3298,#228);
#121=LINE('',#3307,#229);
#122=LINE('',#3316,#230);
#123=LINE('',#3325,#231);
#124=LINE('',#3334,#232);
#125=LINE('',#3343,#233);
#126=LINE('',#3348,#234);
#127=LINE('',#3349,#235);
#128=LINE('',#3358,#236);
#129=LINE('',#3367,#237);
#130=LINE('',#3376,#238);
#131=LINE('',#3385,#239);
#132=LINE('',#3394,#240);
#133=LINE('',#3403,#241);
#134=VECTOR('',#1975,1000.);
#135=VECTOR('',#1978,1000.);
#136=VECTOR('',#1981,1000.);
#137=VECTOR('',#1984,1000.);
#138=VECTOR('',#1987,1000.);
#139=VECTOR('',#1990,1000.);
#140=VECTOR('',#1993,1000.);
#141=VECTOR('',#1996,1000.);
#142=VECTOR('',#2001,1000.);
#143=VECTOR('',#2004,1000.);
#144=VECTOR('',#2007,1000.);
#145=VECTOR('',#2010,1000.);
#146=VECTOR('',#2015,1000.);
#147=VECTOR('',#2018,1000.);
#148=VECTOR('',#2021,1000.);
#149=VECTOR('',#2024,1000.);
#150=VECTOR('',#2029,1000.);
#151=VECTOR('',#2032,1000.);
#152=VECTOR('',#2035,1000.);
#153=VECTOR('',#2038,1000.);
#154=VECTOR('',#2043,1000.);
#155=VECTOR('',#2046,1000.);
#156=VECTOR('',#2047,1000.);
#157=VECTOR('',#2048,1000.);
#158=VECTOR('',#2049,1000.);
#159=VECTOR('',#2050,1000.);
#160=VECTOR('',#2053,1000.);
#161=VECTOR('',#2058,1000.);
#162=VECTOR('',#2061,1000.);
#163=VECTOR('',#2062,1000.);
#164=VECTOR('',#2063,1000.);
#165=VECTOR('',#2064,1000.);
#166=VECTOR('',#2099,1000.);
#167=VECTOR('',#2104,1000.);
#168=VECTOR('',#2125,1000.);
#169=VECTOR('',#2130,1000.);
#170=VECTOR('',#2151,1000.);
#171=VECTOR('',#2156,1000.);
#172=VECTOR('',#2175,1000.);
#173=VECTOR('',#2182,1000.);
#174=VECTOR('',#2203,1000.);
#175=VECTOR('',#2210,1000.);
#176=VECTOR('',#2237,1000.);
#177=VECTOR('',#2244,1000.);
#178=VECTOR('',#2261,1000.);
#179=VECTOR('',#2268,1000.);
#180=VECTOR('',#2287,1000.);
#181=VECTOR('',#2292,1000.);
#182=VECTOR('',#2311,1000.);
#183=VECTOR('',#2316,1000.);
#184=VECTOR('',#2337,1000.);
#185=VECTOR('',#2342,1000.);
#186=VECTOR('',#2371,1000.);
#187=VECTOR('',#2372,1000.);
#188=VECTOR('',#2373,1000.);
#189=VECTOR('',#2374,1000.);
#190=VECTOR('',#2375,1000.);
#191=VECTOR('',#2376,1000.);
#192=VECTOR('',#2377,1000.);
#193=VECTOR('',#2378,1000.);
#194=VECTOR('',#2379,1000.);
#195=VECTOR('',#2380,1000.);
#196=VECTOR('',#2381,1000.);
#197=VECTOR('',#2382,1000.);
#198=VECTOR('',#2383,1000.);
#199=VECTOR('',#2384,1000.);
#200=VECTOR('',#2385,1000.);
#201=VECTOR('',#2386,1000.);
#202=VECTOR('',#2387,1000.);
#203=VECTOR('',#2388,1000.);
#204=VECTOR('',#2389,1000.);
#205=VECTOR('',#2390,1000.);
#206=VECTOR('',#2391,1000.);
#207=VECTOR('',#2392,1000.);
#208=VECTOR('',#2393,1000.);
#209=VECTOR('',#2394,1000.);
#210=VECTOR('',#2395,1000.);
#211=VECTOR('',#2396,1000.);
#212=VECTOR('',#2397,1000.);
#213=VECTOR('',#2398,1000.);
#214=VECTOR('',#2399,1000.);
#215=VECTOR('',#2400,1000.);
#216=VECTOR('',#2401,1000.);
#217=VECTOR('',#2402,1000.);
#218=VECTOR('',#2403,1000.);
#219=VECTOR('',#2404,1000.);
#220=VECTOR('',#2405,1000.);
#221=VECTOR('',#2406,1000.);
#222=VECTOR('',#2407,1000.);
#223=VECTOR('',#2408,1000.);
#224=VECTOR('',#2409,1000.);
#225=VECTOR('',#2410,1000.);
#226=VECTOR('',#2411,1000.);
#227=VECTOR('',#2412,1000.);
#228=VECTOR('',#2413,1000.);
#229=VECTOR('',#2414,1000.);
#230=VECTOR('',#2415,1000.);
#231=VECTOR('',#2416,1000.);
#232=VECTOR('',#2417,1000.);
#233=VECTOR('',#2418,1000.);
#234=VECTOR('',#2419,1000.);
#235=VECTOR('',#2420,1000.);
#236=VECTOR('',#2421,1000.);
#237=VECTOR('',#2422,1000.);
#238=VECTOR('',#2423,1000.);
#239=VECTOR('',#2424,1000.);
#240=VECTOR('',#2425,1000.);
#241=VECTOR('',#2426,1000.);
#242=ORIENTED_EDGE('',*,*,#804,.F.);
#243=ORIENTED_EDGE('',*,*,#805,.T.);
#244=ORIENTED_EDGE('',*,*,#806,.T.);
#245=ORIENTED_EDGE('',*,*,#807,.F.);
#246=ORIENTED_EDGE('',*,*,#808,.F.);
#247=ORIENTED_EDGE('',*,*,#809,.T.);
#248=ORIENTED_EDGE('',*,*,#810,.T.);
#249=ORIENTED_EDGE('',*,*,#811,.F.);
#250=ORIENTED_EDGE('',*,*,#812,.T.);
#251=ORIENTED_EDGE('',*,*,#813,.T.);
#252=ORIENTED_EDGE('',*,*,#814,.F.);
#253=ORIENTED_EDGE('',*,*,#815,.T.);
#254=ORIENTED_EDGE('',*,*,#816,.F.);
#255=ORIENTED_EDGE('',*,*,#817,.T.);
#256=ORIENTED_EDGE('',*,*,#818,.T.);
#257=ORIENTED_EDGE('',*,*,#819,.F.);
#258=ORIENTED_EDGE('',*,*,#820,.F.);
#259=ORIENTED_EDGE('',*,*,#821,.F.);
#260=ORIENTED_EDGE('',*,*,#822,.T.);
#261=ORIENTED_EDGE('',*,*,#823,.T.);
#262=ORIENTED_EDGE('',*,*,#824,.T.);
#263=ORIENTED_EDGE('',*,*,#825,.F.);
#264=ORIENTED_EDGE('',*,*,#826,.T.);
#265=ORIENTED_EDGE('',*,*,#827,.T.);
#266=ORIENTED_EDGE('',*,*,#828,.F.);
#267=ORIENTED_EDGE('',*,*,#829,.F.);
#268=ORIENTED_EDGE('',*,*,#830,.F.);
#269=ORIENTED_EDGE('',*,*,#831,.T.);
#270=ORIENTED_EDGE('',*,*,#832,.T.);
#271=ORIENTED_EDGE('',*,*,#833,.T.);
#272=ORIENTED_EDGE('',*,*,#834,.F.);
#273=ORIENTED_EDGE('',*,*,#835,.T.);
#274=ORIENTED_EDGE('',*,*,#836,.T.);
#275=ORIENTED_EDGE('',*,*,#837,.F.);
#276=ORIENTED_EDGE('',*,*,#838,.F.);
#277=ORIENTED_EDGE('',*,*,#839,.F.);
#278=ORIENTED_EDGE('',*,*,#840,.T.);
#279=ORIENTED_EDGE('',*,*,#841,.T.);
#280=ORIENTED_EDGE('',*,*,#842,.T.);
#281=ORIENTED_EDGE('',*,*,#843,.F.);
#282=ORIENTED_EDGE('',*,*,#844,.T.);
#283=ORIENTED_EDGE('',*,*,#845,.T.);
#284=ORIENTED_EDGE('',*,*,#846,.F.);
#285=ORIENTED_EDGE('',*,*,#847,.F.);
#286=ORIENTED_EDGE('',*,*,#848,.F.);
#287=ORIENTED_EDGE('',*,*,#849,.T.);
#288=ORIENTED_EDGE('',*,*,#850,.T.);
#289=ORIENTED_EDGE('',*,*,#851,.T.);
#290=ORIENTED_EDGE('',*,*,#852,.T.);
#291=ORIENTED_EDGE('',*,*,#853,.T.);
#292=ORIENTED_EDGE('',*,*,#854,.F.);
#293=ORIENTED_EDGE('',*,*,#855,.T.);
#294=ORIENTED_EDGE('',*,*,#856,.F.);
#295=ORIENTED_EDGE('',*,*,#857,.T.);
#296=ORIENTED_EDGE('',*,*,#858,.T.);
#297=ORIENTED_EDGE('',*,*,#859,.T.);
#298=ORIENTED_EDGE('',*,*,#860,.T.);
#299=ORIENTED_EDGE('',*,*,#861,.F.);
#300=ORIENTED_EDGE('',*,*,#862,.T.);
#301=ORIENTED_EDGE('',*,*,#863,.T.);
#302=ORIENTED_EDGE('',*,*,#864,.F.);
#303=ORIENTED_EDGE('',*,*,#865,.F.);
#304=ORIENTED_EDGE('',*,*,#866,.F.);
#305=ORIENTED_EDGE('',*,*,#867,.T.);
#306=ORIENTED_EDGE('',*,*,#868,.T.);
#307=ORIENTED_EDGE('',*,*,#869,.F.);
#308=ORIENTED_EDGE('',*,*,#854,.T.);
#309=ORIENTED_EDGE('',*,*,#870,.T.);
#310=ORIENTED_EDGE('',*,*,#871,.T.);
#311=ORIENTED_EDGE('',*,*,#859,.F.);
#312=ORIENTED_EDGE('',*,*,#858,.F.);
#313=ORIENTED_EDGE('',*,*,#872,.T.);
#314=ORIENTED_EDGE('',*,*,#862,.F.);
#315=ORIENTED_EDGE('',*,*,#873,.F.);
#316=ORIENTED_EDGE('',*,*,#874,.T.);
#317=ORIENTED_EDGE('',*,*,#875,.T.);
#318=ORIENTED_EDGE('',*,*,#876,.T.);
#319=ORIENTED_EDGE('',*,*,#877,.F.);
#320=ORIENTED_EDGE('',*,*,#804,.T.);
#321=ORIENTED_EDGE('',*,*,#878,.F.);
#322=ORIENTED_EDGE('',*,*,#879,.T.);
#323=ORIENTED_EDGE('',*,*,#880,.T.);
#324=ORIENTED_EDGE('',*,*,#881,.T.);
#325=ORIENTED_EDGE('',*,*,#882,.F.);
#326=ORIENTED_EDGE('',*,*,#883,.F.);
#327=ORIENTED_EDGE('',*,*,#884,.T.);
#328=ORIENTED_EDGE('',*,*,#814,.T.);
#329=ORIENTED_EDGE('',*,*,#885,.T.);
#330=ORIENTED_EDGE('',*,*,#886,.T.);
#331=ORIENTED_EDGE('',*,*,#887,.F.);
#332=ORIENTED_EDGE('',*,*,#888,.T.);
#333=ORIENTED_EDGE('',*,*,#889,.T.);
#334=ORIENTED_EDGE('',*,*,#890,.T.);
#335=ORIENTED_EDGE('',*,*,#891,.F.);
#336=ORIENTED_EDGE('',*,*,#808,.T.);
#337=ORIENTED_EDGE('',*,*,#892,.F.);
#338=ORIENTED_EDGE('',*,*,#893,.T.);
#339=ORIENTED_EDGE('',*,*,#894,.T.);
#340=ORIENTED_EDGE('',*,*,#895,.T.);
#341=ORIENTED_EDGE('',*,*,#896,.F.);
#342=ORIENTED_EDGE('',*,*,#897,.F.);
#343=ORIENTED_EDGE('',*,*,#898,.T.);
#344=ORIENTED_EDGE('',*,*,#821,.T.);
#345=ORIENTED_EDGE('',*,*,#899,.T.);
#346=ORIENTED_EDGE('',*,*,#900,.T.);
#347=ORIENTED_EDGE('',*,*,#901,.F.);
#348=ORIENTED_EDGE('',*,*,#902,.F.);
#349=ORIENTED_EDGE('',*,*,#903,.T.);
#350=ORIENTED_EDGE('',*,*,#904,.T.);
#351=ORIENTED_EDGE('',*,*,#905,.F.);
#352=ORIENTED_EDGE('',*,*,#816,.T.);
#353=ORIENTED_EDGE('',*,*,#820,.T.);
#354=ORIENTED_EDGE('',*,*,#906,.F.);
#355=ORIENTED_EDGE('',*,*,#907,.T.);
#356=ORIENTED_EDGE('',*,*,#908,.T.);
#357=ORIENTED_EDGE('',*,*,#909,.T.);
#358=ORIENTED_EDGE('',*,*,#910,.F.);
#359=ORIENTED_EDGE('',*,*,#911,.F.);
#360=ORIENTED_EDGE('',*,*,#912,.T.);
#361=ORIENTED_EDGE('',*,*,#830,.T.);
#362=ORIENTED_EDGE('',*,*,#913,.T.);
#363=ORIENTED_EDGE('',*,*,#914,.T.);
#364=ORIENTED_EDGE('',*,*,#915,.F.);
#365=ORIENTED_EDGE('',*,*,#916,.T.);
#366=ORIENTED_EDGE('',*,*,#917,.T.);
#367=ORIENTED_EDGE('',*,*,#918,.F.);
#368=ORIENTED_EDGE('',*,*,#825,.T.);
#369=ORIENTED_EDGE('',*,*,#829,.T.);
#370=ORIENTED_EDGE('',*,*,#919,.F.);
#371=ORIENTED_EDGE('',*,*,#920,.T.);
#372=ORIENTED_EDGE('',*,*,#921,.T.);
#373=ORIENTED_EDGE('',*,*,#922,.T.);
#374=ORIENTED_EDGE('',*,*,#923,.F.);
#375=ORIENTED_EDGE('',*,*,#924,.F.);
#376=ORIENTED_EDGE('',*,*,#925,.T.);
#377=ORIENTED_EDGE('',*,*,#926,.T.);
#378=ORIENTED_EDGE('',*,*,#839,.T.);
#379=ORIENTED_EDGE('',*,*,#927,.T.);
#380=ORIENTED_EDGE('',*,*,#928,.T.);
#381=ORIENTED_EDGE('',*,*,#929,.F.);
#382=ORIENTED_EDGE('',*,*,#930,.T.);
#383=ORIENTED_EDGE('',*,*,#931,.T.);
#384=ORIENTED_EDGE('',*,*,#932,.F.);
#385=ORIENTED_EDGE('',*,*,#933,.F.);
#386=ORIENTED_EDGE('',*,*,#834,.T.);
#387=ORIENTED_EDGE('',*,*,#838,.T.);
#388=ORIENTED_EDGE('',*,*,#934,.F.);
#389=ORIENTED_EDGE('',*,*,#935,.F.);
#390=ORIENTED_EDGE('',*,*,#936,.T.);
#391=ORIENTED_EDGE('',*,*,#937,.T.);
#392=ORIENTED_EDGE('',*,*,#938,.F.);
#393=ORIENTED_EDGE('',*,*,#939,.F.);
#394=ORIENTED_EDGE('',*,*,#940,.T.);
#395=ORIENTED_EDGE('',*,*,#848,.T.);
#396=ORIENTED_EDGE('',*,*,#941,.T.);
#397=ORIENTED_EDGE('',*,*,#942,.T.);
#398=ORIENTED_EDGE('',*,*,#943,.T.);
#399=ORIENTED_EDGE('',*,*,#944,.F.);
#400=ORIENTED_EDGE('',*,*,#945,.T.);
#401=ORIENTED_EDGE('',*,*,#946,.T.);
#402=ORIENTED_EDGE('',*,*,#947,.F.);
#403=ORIENTED_EDGE('',*,*,#948,.F.);
#404=ORIENTED_EDGE('',*,*,#843,.T.);
#405=ORIENTED_EDGE('',*,*,#847,.T.);
#406=ORIENTED_EDGE('',*,*,#949,.F.);
#407=ORIENTED_EDGE('',*,*,#950,.T.);
#408=ORIENTED_EDGE('',*,*,#951,.T.);
#409=ORIENTED_EDGE('',*,*,#952,.T.);
#410=ORIENTED_EDGE('',*,*,#845,.F.);
#411=ORIENTED_EDGE('',*,*,#953,.T.);
#412=ORIENTED_EDGE('',*,*,#954,.T.);
#413=ORIENTED_EDGE('',*,*,#955,.T.);
#414=ORIENTED_EDGE('',*,*,#956,.T.);
#415=ORIENTED_EDGE('',*,*,#957,.F.);
#416=ORIENTED_EDGE('',*,*,#958,.T.);
#417=ORIENTED_EDGE('',*,*,#959,.T.);
#418=ORIENTED_EDGE('',*,*,#850,.F.);
#419=ORIENTED_EDGE('',*,*,#960,.T.);
#420=ORIENTED_EDGE('',*,*,#961,.T.);
#421=ORIENTED_EDGE('',*,*,#962,.T.);
#422=ORIENTED_EDGE('',*,*,#963,.T.);
#423=ORIENTED_EDGE('',*,*,#964,.T.);
#424=ORIENTED_EDGE('',*,*,#965,.T.);
#425=ORIENTED_EDGE('',*,*,#836,.F.);
#426=ORIENTED_EDGE('',*,*,#966,.T.);
#427=ORIENTED_EDGE('',*,*,#967,.T.);
#428=ORIENTED_EDGE('',*,*,#968,.T.);
#429=ORIENTED_EDGE('',*,*,#969,.T.);
#430=ORIENTED_EDGE('',*,*,#970,.F.);
#431=ORIENTED_EDGE('',*,*,#971,.T.);
#432=ORIENTED_EDGE('',*,*,#841,.F.);
#433=ORIENTED_EDGE('',*,*,#972,.T.);
#434=ORIENTED_EDGE('',*,*,#973,.T.);
#435=ORIENTED_EDGE('',*,*,#974,.T.);
#436=ORIENTED_EDGE('',*,*,#975,.T.);
#437=ORIENTED_EDGE('',*,*,#976,.T.);
#438=ORIENTED_EDGE('',*,*,#977,.T.);
#439=ORIENTED_EDGE('',*,*,#978,.T.);
#440=ORIENTED_EDGE('',*,*,#979,.T.);
#441=ORIENTED_EDGE('',*,*,#827,.F.);
#442=ORIENTED_EDGE('',*,*,#980,.T.);
#443=ORIENTED_EDGE('',*,*,#981,.T.);
#444=ORIENTED_EDGE('',*,*,#982,.T.);
#445=ORIENTED_EDGE('',*,*,#983,.T.);
#446=ORIENTED_EDGE('',*,*,#984,.F.);
#447=ORIENTED_EDGE('',*,*,#985,.T.);
#448=ORIENTED_EDGE('',*,*,#832,.F.);
#449=ORIENTED_EDGE('',*,*,#986,.T.);
#450=ORIENTED_EDGE('',*,*,#987,.T.);
#451=ORIENTED_EDGE('',*,*,#988,.T.);
#452=ORIENTED_EDGE('',*,*,#989,.T.);
#453=ORIENTED_EDGE('',*,*,#990,.T.);
#454=ORIENTED_EDGE('',*,*,#991,.T.);
#455=ORIENTED_EDGE('',*,*,#992,.T.);
#456=ORIENTED_EDGE('',*,*,#818,.F.);
#457=ORIENTED_EDGE('',*,*,#993,.T.);
#458=ORIENTED_EDGE('',*,*,#994,.T.);
#459=ORIENTED_EDGE('',*,*,#995,.T.);
#460=ORIENTED_EDGE('',*,*,#996,.T.);
#461=ORIENTED_EDGE('',*,*,#997,.F.);
#462=ORIENTED_EDGE('',*,*,#998,.T.);
#463=ORIENTED_EDGE('',*,*,#823,.F.);
#464=ORIENTED_EDGE('',*,*,#999,.T.);
#465=ORIENTED_EDGE('',*,*,#1000,.T.);
#466=ORIENTED_EDGE('',*,*,#1001,.T.);
#467=ORIENTED_EDGE('',*,*,#1002,.T.);
#468=ORIENTED_EDGE('',*,*,#1003,.T.);
#469=ORIENTED_EDGE('',*,*,#1004,.T.);
#470=ORIENTED_EDGE('',*,*,#1005,.T.);
#471=ORIENTED_EDGE('',*,*,#810,.F.);
#472=ORIENTED_EDGE('',*,*,#1006,.T.);
#473=ORIENTED_EDGE('',*,*,#1007,.T.);
#474=ORIENTED_EDGE('',*,*,#1008,.T.);
#475=ORIENTED_EDGE('',*,*,#1009,.T.);
#476=ORIENTED_EDGE('',*,*,#1010,.T.);
#477=ORIENTED_EDGE('',*,*,#1011,.F.);
#478=ORIENTED_EDGE('',*,*,#1012,.T.);
#479=ORIENTED_EDGE('',*,*,#812,.F.);
#480=ORIENTED_EDGE('',*,*,#1013,.T.);
#481=ORIENTED_EDGE('',*,*,#1014,.T.);
#482=ORIENTED_EDGE('',*,*,#1015,.T.);
#483=ORIENTED_EDGE('',*,*,#1016,.T.);
#484=ORIENTED_EDGE('',*,*,#1017,.T.);
#485=ORIENTED_EDGE('',*,*,#1018,.T.);
#486=ORIENTED_EDGE('',*,*,#1019,.T.);
#487=ORIENTED_EDGE('',*,*,#806,.F.);
#488=ORIENTED_EDGE('',*,*,#1020,.T.);
#489=ORIENTED_EDGE('',*,*,#1021,.T.);
#490=ORIENTED_EDGE('',*,*,#1022,.T.);
#491=ORIENTED_EDGE('',*,*,#1023,.T.);
#492=ORIENTED_EDGE('',*,*,#1024,.T.);
#493=ORIENTED_EDGE('',*,*,#864,.T.);
#494=ORIENTED_EDGE('',*,*,#1025,.T.);
#495=ORIENTED_EDGE('',*,*,#856,.T.);
#496=ORIENTED_EDGE('',*,*,#861,.T.);
#497=ORIENTED_EDGE('',*,*,#1026,.T.);
#498=ORIENTED_EDGE('',*,*,#1027,.T.);
#499=ORIENTED_EDGE('',*,*,#852,.F.);
#500=ORIENTED_EDGE('',*,*,#1028,.T.);
#501=ORIENTED_EDGE('',*,*,#872,.F.);
#502=ORIENTED_EDGE('',*,*,#857,.F.);
#503=ORIENTED_EDGE('',*,*,#1025,.F.);
#504=ORIENTED_EDGE('',*,*,#863,.F.);
#505=ORIENTED_EDGE('',*,*,#870,.F.);
#506=ORIENTED_EDGE('',*,*,#853,.F.);
#507=ORIENTED_EDGE('',*,*,#1027,.F.);
#508=ORIENTED_EDGE('',*,*,#1026,.F.);
#509=ORIENTED_EDGE('',*,*,#860,.F.);
#510=ORIENTED_EDGE('',*,*,#871,.F.);
#511=ORIENTED_EDGE('',*,*,#869,.T.);
#512=ORIENTED_EDGE('',*,*,#1029,.T.);
#513=ORIENTED_EDGE('',*,*,#1028,.F.);
#514=ORIENTED_EDGE('',*,*,#855,.F.);
#515=ORIENTED_EDGE('',*,*,#943,.F.);
#516=ORIENTED_EDGE('',*,*,#1030,.T.);
#517=ORIENTED_EDGE('',*,*,#957,.T.);
#518=ORIENTED_EDGE('',*,*,#1031,.F.);
#519=ORIENTED_EDGE('',*,*,#956,.F.);
#520=ORIENTED_EDGE('',*,*,#1032,.T.);
#521=ORIENTED_EDGE('',*,*,#944,.T.);
#522=ORIENTED_EDGE('',*,*,#1031,.T.);
#523=ORIENTED_EDGE('',*,*,#952,.F.);
#524=ORIENTED_EDGE('',*,*,#1033,.T.);
#525=ORIENTED_EDGE('',*,*,#866,.T.);
#526=ORIENTED_EDGE('',*,*,#949,.T.);
#527=ORIENTED_EDGE('',*,*,#846,.T.);
#528=ORIENTED_EDGE('',*,*,#948,.T.);
#529=ORIENTED_EDGE('',*,*,#947,.T.);
#530=ORIENTED_EDGE('',*,*,#1034,.T.);
#531=ORIENTED_EDGE('',*,*,#953,.F.);
#532=ORIENTED_EDGE('',*,*,#844,.F.);
#533=ORIENTED_EDGE('',*,*,#955,.F.);
#534=ORIENTED_EDGE('',*,*,#1035,.T.);
#535=ORIENTED_EDGE('',*,*,#945,.F.);
#536=ORIENTED_EDGE('',*,*,#1032,.F.);
#537=ORIENTED_EDGE('',*,*,#868,.F.);
#538=ORIENTED_EDGE('',*,*,#1036,.T.);
#539=ORIENTED_EDGE('',*,*,#950,.F.);
#540=ORIENTED_EDGE('',*,*,#1029,.F.);
#541=ORIENTED_EDGE('',*,*,#961,.F.);
#542=ORIENTED_EDGE('',*,*,#1037,.T.);
#543=ORIENTED_EDGE('',*,*,#939,.T.);
#544=ORIENTED_EDGE('',*,*,#1038,.T.);
#545=ORIENTED_EDGE('',*,*,#938,.T.);
#546=ORIENTED_EDGE('',*,*,#1039,.T.);
#547=ORIENTED_EDGE('',*,*,#962,.F.);
#548=ORIENTED_EDGE('',*,*,#1038,.F.);
#549=ORIENTED_EDGE('',*,*,#928,.F.);
#550=ORIENTED_EDGE('',*,*,#1040,.T.);
#551=ORIENTED_EDGE('',*,*,#970,.T.);
#552=ORIENTED_EDGE('',*,*,#1041,.F.);
#553=ORIENTED_EDGE('',*,*,#969,.F.);
#554=ORIENTED_EDGE('',*,*,#1042,.T.);
#555=ORIENTED_EDGE('',*,*,#929,.T.);
#556=ORIENTED_EDGE('',*,*,#1041,.T.);
#557=ORIENTED_EDGE('',*,*,#965,.F.);
#558=ORIENTED_EDGE('',*,*,#1043,.T.);
#559=ORIENTED_EDGE('',*,*,#935,.T.);
#560=ORIENTED_EDGE('',*,*,#934,.T.);
#561=ORIENTED_EDGE('',*,*,#837,.T.);
#562=ORIENTED_EDGE('',*,*,#933,.T.);
#563=ORIENTED_EDGE('',*,*,#932,.T.);
#564=ORIENTED_EDGE('',*,*,#1044,.T.);
#565=ORIENTED_EDGE('',*,*,#966,.F.);
#566=ORIENTED_EDGE('',*,*,#835,.F.);
#567=ORIENTED_EDGE('',*,*,#968,.F.);
#568=ORIENTED_EDGE('',*,*,#1045,.T.);
#569=ORIENTED_EDGE('',*,*,#930,.F.);
#570=ORIENTED_EDGE('',*,*,#1042,.F.);
#571=ORIENTED_EDGE('',*,*,#937,.F.);
#572=ORIENTED_EDGE('',*,*,#1046,.T.);
#573=ORIENTED_EDGE('',*,*,#963,.F.);
#574=ORIENTED_EDGE('',*,*,#1039,.F.);
#575=ORIENTED_EDGE('',*,*,#974,.F.);
#576=ORIENTED_EDGE('',*,*,#1047,.T.);
#577=ORIENTED_EDGE('',*,*,#924,.T.);
#578=ORIENTED_EDGE('',*,*,#1048,.T.);
#579=ORIENTED_EDGE('',*,*,#923,.T.);
#580=ORIENTED_EDGE('',*,*,#1049,.T.);
#581=ORIENTED_EDGE('',*,*,#975,.F.);
#582=ORIENTED_EDGE('',*,*,#1048,.F.);
#583=ORIENTED_EDGE('',*,*,#914,.F.);
#584=ORIENTED_EDGE('',*,*,#1050,.T.);
#585=ORIENTED_EDGE('',*,*,#984,.T.);
#586=ORIENTED_EDGE('',*,*,#1051,.F.);
#587=ORIENTED_EDGE('',*,*,#983,.F.);
#588=ORIENTED_EDGE('',*,*,#1052,.T.);
#589=ORIENTED_EDGE('',*,*,#915,.T.);
#590=ORIENTED_EDGE('',*,*,#1051,.T.);
#591=ORIENTED_EDGE('',*,*,#979,.F.);
#592=ORIENTED_EDGE('',*,*,#1053,.T.);
#593=ORIENTED_EDGE('',*,*,#919,.T.);
#594=ORIENTED_EDGE('',*,*,#828,.T.);
#595=ORIENTED_EDGE('',*,*,#918,.T.);
#596=ORIENTED_EDGE('',*,*,#1054,.T.);
#597=ORIENTED_EDGE('',*,*,#980,.F.);
#598=ORIENTED_EDGE('',*,*,#826,.F.);
#599=ORIENTED_EDGE('',*,*,#982,.F.);
#600=ORIENTED_EDGE('',*,*,#1055,.T.);
#601=ORIENTED_EDGE('',*,*,#916,.F.);
#602=ORIENTED_EDGE('',*,*,#1052,.F.);
#603=ORIENTED_EDGE('',*,*,#922,.F.);
#604=ORIENTED_EDGE('',*,*,#1056,.T.);
#605=ORIENTED_EDGE('',*,*,#976,.F.);
#606=ORIENTED_EDGE('',*,*,#1049,.F.);
#607=ORIENTED_EDGE('',*,*,#987,.F.);
#608=ORIENTED_EDGE('',*,*,#1057,.T.);
#609=ORIENTED_EDGE('',*,*,#911,.T.);
#610=ORIENTED_EDGE('',*,*,#1058,.T.);
#611=ORIENTED_EDGE('',*,*,#910,.T.);
#612=ORIENTED_EDGE('',*,*,#1059,.T.);
#613=ORIENTED_EDGE('',*,*,#988,.F.);
#614=ORIENTED_EDGE('',*,*,#1058,.F.);
#615=ORIENTED_EDGE('',*,*,#900,.F.);
#616=ORIENTED_EDGE('',*,*,#1060,.T.);
#617=ORIENTED_EDGE('',*,*,#997,.T.);
#618=ORIENTED_EDGE('',*,*,#1061,.F.);
#619=ORIENTED_EDGE('',*,*,#996,.F.);
#620=ORIENTED_EDGE('',*,*,#1062,.T.);
#621=ORIENTED_EDGE('',*,*,#902,.T.);
#622=ORIENTED_EDGE('',*,*,#901,.T.);
#623=ORIENTED_EDGE('',*,*,#1061,.T.);
#624=ORIENTED_EDGE('',*,*,#992,.F.);
#625=ORIENTED_EDGE('',*,*,#1063,.T.);
#626=ORIENTED_EDGE('',*,*,#906,.T.);
#627=ORIENTED_EDGE('',*,*,#819,.T.);
#628=ORIENTED_EDGE('',*,*,#905,.T.);
#629=ORIENTED_EDGE('',*,*,#1064,.T.);
#630=ORIENTED_EDGE('',*,*,#993,.F.);
#631=ORIENTED_EDGE('',*,*,#817,.F.);
#632=ORIENTED_EDGE('',*,*,#995,.F.);
#633=ORIENTED_EDGE('',*,*,#1065,.T.);
#634=ORIENTED_EDGE('',*,*,#903,.F.);
#635=ORIENTED_EDGE('',*,*,#1062,.F.);
#636=ORIENTED_EDGE('',*,*,#909,.F.);
#637=ORIENTED_EDGE('',*,*,#1066,.T.);
#638=ORIENTED_EDGE('',*,*,#989,.F.);
#639=ORIENTED_EDGE('',*,*,#1059,.F.);
#640=ORIENTED_EDGE('',*,*,#1000,.F.);
#641=ORIENTED_EDGE('',*,*,#1067,.T.);
#642=ORIENTED_EDGE('',*,*,#897,.T.);
#643=ORIENTED_EDGE('',*,*,#1068,.T.);
#644=ORIENTED_EDGE('',*,*,#896,.T.);
#645=ORIENTED_EDGE('',*,*,#1069,.T.);
#646=ORIENTED_EDGE('',*,*,#1001,.F.);
#647=ORIENTED_EDGE('',*,*,#1068,.F.);
#648=ORIENTED_EDGE('',*,*,#886,.F.);
#649=ORIENTED_EDGE('',*,*,#1070,.T.);
#650=ORIENTED_EDGE('',*,*,#1011,.T.);
#651=ORIENTED_EDGE('',*,*,#1071,.F.);
#652=ORIENTED_EDGE('',*,*,#1010,.F.);
#653=ORIENTED_EDGE('',*,*,#1072,.T.);
#654=ORIENTED_EDGE('',*,*,#887,.T.);
#655=ORIENTED_EDGE('',*,*,#1071,.T.);
#656=ORIENTED_EDGE('',*,*,#1005,.F.);
#657=ORIENTED_EDGE('',*,*,#1073,.T.);
#658=ORIENTED_EDGE('',*,*,#892,.T.);
#659=ORIENTED_EDGE('',*,*,#811,.T.);
#660=ORIENTED_EDGE('',*,*,#891,.T.);
#661=ORIENTED_EDGE('',*,*,#1074,.T.);
#662=ORIENTED_EDGE('',*,*,#1006,.F.);
#663=ORIENTED_EDGE('',*,*,#809,.F.);
#664=ORIENTED_EDGE('',*,*,#1008,.F.);
#665=ORIENTED_EDGE('',*,*,#1075,.T.);
#666=ORIENTED_EDGE('',*,*,#889,.F.);
#667=ORIENTED_EDGE('',*,*,#888,.F.);
#668=ORIENTED_EDGE('',*,*,#1072,.F.);
#669=ORIENTED_EDGE('',*,*,#1009,.F.);
#670=ORIENTED_EDGE('',*,*,#894,.F.);
#671=ORIENTED_EDGE('',*,*,#1076,.T.);
#672=ORIENTED_EDGE('',*,*,#1003,.F.);
#673=ORIENTED_EDGE('',*,*,#1002,.F.);
#674=ORIENTED_EDGE('',*,*,#1069,.F.);
#675=ORIENTED_EDGE('',*,*,#895,.F.);
#676=ORIENTED_EDGE('',*,*,#1014,.F.);
#677=ORIENTED_EDGE('',*,*,#1077,.T.);
#678=ORIENTED_EDGE('',*,*,#883,.T.);
#679=ORIENTED_EDGE('',*,*,#1078,.T.);
#680=ORIENTED_EDGE('',*,*,#882,.T.);
#681=ORIENTED_EDGE('',*,*,#1079,.T.);
#682=ORIENTED_EDGE('',*,*,#1015,.F.);
#683=ORIENTED_EDGE('',*,*,#1078,.F.);
#684=ORIENTED_EDGE('',*,*,#1024,.F.);
#685=ORIENTED_EDGE('',*,*,#1080,.T.);
#686=ORIENTED_EDGE('',*,*,#873,.T.);
#687=ORIENTED_EDGE('',*,*,#865,.T.);
#688=ORIENTED_EDGE('',*,*,#1019,.F.);
#689=ORIENTED_EDGE('',*,*,#1081,.T.);
#690=ORIENTED_EDGE('',*,*,#878,.T.);
#691=ORIENTED_EDGE('',*,*,#807,.T.);
#692=ORIENTED_EDGE('',*,*,#877,.T.);
#693=ORIENTED_EDGE('',*,*,#1082,.T.);
#694=ORIENTED_EDGE('',*,*,#1020,.F.);
#695=ORIENTED_EDGE('',*,*,#805,.F.);
#696=ORIENTED_EDGE('',*,*,#1023,.F.);
#697=ORIENTED_EDGE('',*,*,#1083,.T.);
#698=ORIENTED_EDGE('',*,*,#874,.F.);
#699=ORIENTED_EDGE('',*,*,#1080,.F.);
#700=ORIENTED_EDGE('',*,*,#880,.F.);
#701=ORIENTED_EDGE('',*,*,#1084,.T.);
#702=ORIENTED_EDGE('',*,*,#1017,.F.);
#703=ORIENTED_EDGE('',*,*,#1016,.F.);
#704=ORIENTED_EDGE('',*,*,#1079,.F.);
#705=ORIENTED_EDGE('',*,*,#881,.F.);
#706=ORIENTED_EDGE('',*,*,#951,.F.);
#707=ORIENTED_EDGE('',*,*,#1036,.F.);
#708=ORIENTED_EDGE('',*,*,#867,.F.);
#709=ORIENTED_EDGE('',*,*,#1033,.F.);
#710=ORIENTED_EDGE('',*,*,#946,.F.);
#711=ORIENTED_EDGE('',*,*,#1035,.F.);
#712=ORIENTED_EDGE('',*,*,#954,.F.);
#713=ORIENTED_EDGE('',*,*,#1034,.F.);
#714=ORIENTED_EDGE('',*,*,#931,.F.);
#715=ORIENTED_EDGE('',*,*,#1045,.F.);
#716=ORIENTED_EDGE('',*,*,#967,.F.);
#717=ORIENTED_EDGE('',*,*,#1044,.F.);
#718=ORIENTED_EDGE('',*,*,#964,.F.);
#719=ORIENTED_EDGE('',*,*,#1046,.F.);
#720=ORIENTED_EDGE('',*,*,#936,.F.);
#721=ORIENTED_EDGE('',*,*,#1043,.F.);
#722=ORIENTED_EDGE('',*,*,#977,.F.);
#723=ORIENTED_EDGE('',*,*,#1056,.F.);
#724=ORIENTED_EDGE('',*,*,#921,.F.);
#725=ORIENTED_EDGE('',*,*,#920,.F.);
#726=ORIENTED_EDGE('',*,*,#1053,.F.);
#727=ORIENTED_EDGE('',*,*,#978,.F.);
#728=ORIENTED_EDGE('',*,*,#917,.F.);
#729=ORIENTED_EDGE('',*,*,#1055,.F.);
#730=ORIENTED_EDGE('',*,*,#981,.F.);
#731=ORIENTED_EDGE('',*,*,#1054,.F.);
#732=ORIENTED_EDGE('',*,*,#990,.F.);
#733=ORIENTED_EDGE('',*,*,#1066,.F.);
#734=ORIENTED_EDGE('',*,*,#908,.F.);
#735=ORIENTED_EDGE('',*,*,#907,.F.);
#736=ORIENTED_EDGE('',*,*,#1063,.F.);
#737=ORIENTED_EDGE('',*,*,#991,.F.);
#738=ORIENTED_EDGE('',*,*,#904,.F.);
#739=ORIENTED_EDGE('',*,*,#1065,.F.);
#740=ORIENTED_EDGE('',*,*,#994,.F.);
#741=ORIENTED_EDGE('',*,*,#1064,.F.);
#742=ORIENTED_EDGE('',*,*,#1004,.F.);
#743=ORIENTED_EDGE('',*,*,#1076,.F.);
#744=ORIENTED_EDGE('',*,*,#893,.F.);
#745=ORIENTED_EDGE('',*,*,#1073,.F.);
#746=ORIENTED_EDGE('',*,*,#890,.F.);
#747=ORIENTED_EDGE('',*,*,#1075,.F.);
#748=ORIENTED_EDGE('',*,*,#1007,.F.);
#749=ORIENTED_EDGE('',*,*,#1074,.F.);
#750=ORIENTED_EDGE('',*,*,#875,.F.);
#751=ORIENTED_EDGE('',*,*,#1083,.F.);
#752=ORIENTED_EDGE('',*,*,#1022,.F.);
#753=ORIENTED_EDGE('',*,*,#1021,.F.);
#754=ORIENTED_EDGE('',*,*,#1082,.F.);
#755=ORIENTED_EDGE('',*,*,#876,.F.);
#756=ORIENTED_EDGE('',*,*,#1018,.F.);
#757=ORIENTED_EDGE('',*,*,#1084,.F.);
#758=ORIENTED_EDGE('',*,*,#879,.F.);
#759=ORIENTED_EDGE('',*,*,#1081,.F.);
#760=ORIENTED_EDGE('',*,*,#885,.F.);
#761=ORIENTED_EDGE('',*,*,#813,.F.);
#762=ORIENTED_EDGE('',*,*,#1012,.F.);
#763=ORIENTED_EDGE('',*,*,#1070,.F.);
#764=ORIENTED_EDGE('',*,*,#884,.F.);
#765=ORIENTED_EDGE('',*,*,#1077,.F.);
#766=ORIENTED_EDGE('',*,*,#1013,.F.);
#767=ORIENTED_EDGE('',*,*,#815,.F.);
#768=ORIENTED_EDGE('',*,*,#898,.F.);
#769=ORIENTED_EDGE('',*,*,#1067,.F.);
#770=ORIENTED_EDGE('',*,*,#999,.F.);
#771=ORIENTED_EDGE('',*,*,#822,.F.);
#772=ORIENTED_EDGE('',*,*,#899,.F.);
#773=ORIENTED_EDGE('',*,*,#824,.F.);
#774=ORIENTED_EDGE('',*,*,#998,.F.);
#775=ORIENTED_EDGE('',*,*,#1060,.F.);
#776=ORIENTED_EDGE('',*,*,#912,.F.);
#777=ORIENTED_EDGE('',*,*,#1057,.F.);
#778=ORIENTED_EDGE('',*,*,#986,.F.);
#779=ORIENTED_EDGE('',*,*,#831,.F.);
#780=ORIENTED_EDGE('',*,*,#913,.F.);
#781=ORIENTED_EDGE('',*,*,#833,.F.);
#782=ORIENTED_EDGE('',*,*,#985,.F.);
#783=ORIENTED_EDGE('',*,*,#1050,.F.);
#784=ORIENTED_EDGE('',*,*,#925,.F.);
#785=ORIENTED_EDGE('',*,*,#1047,.F.);
#786=ORIENTED_EDGE('',*,*,#973,.F.);
#787=ORIENTED_EDGE('',*,*,#972,.F.);
#788=ORIENTED_EDGE('',*,*,#840,.F.);
#789=ORIENTED_EDGE('',*,*,#926,.F.);
#790=ORIENTED_EDGE('',*,*,#927,.F.);
#791=ORIENTED_EDGE('',*,*,#842,.F.);
#792=ORIENTED_EDGE('',*,*,#971,.F.);
#793=ORIENTED_EDGE('',*,*,#1040,.F.);
#794=ORIENTED_EDGE('',*,*,#940,.F.);
#795=ORIENTED_EDGE('',*,*,#1037,.F.);
#796=ORIENTED_EDGE('',*,*,#960,.F.);
#797=ORIENTED_EDGE('',*,*,#849,.F.);
#798=ORIENTED_EDGE('',*,*,#941,.F.);
#799=ORIENTED_EDGE('',*,*,#851,.F.);
#800=ORIENTED_EDGE('',*,*,#959,.F.);
#801=ORIENTED_EDGE('',*,*,#958,.F.);
#802=ORIENTED_EDGE('',*,*,#1030,.F.);
#803=ORIENTED_EDGE('',*,*,#942,.F.);
#804=EDGE_CURVE('',#1085,#1086,#1282,.F.);
#805=EDGE_CURVE('',#1085,#1087,#26,.T.);
#806=EDGE_CURVE('',#1087,#1088,#1283,.T.);
#807=EDGE_CURVE('',#1086,#1088,#27,.T.);
#808=EDGE_CURVE('',#1089,#1090,#1284,.F.);
#809=EDGE_CURVE('',#1089,#1091,#28,.T.);
#810=EDGE_CURVE('',#1091,#1092,#1285,.T.);
#811=EDGE_CURVE('',#1090,#1092,#29,.T.);
#812=EDGE_CURVE('',#1093,#1094,#1286,.T.);
#813=EDGE_CURVE('',#1094,#1095,#30,.F.);
#814=EDGE_CURVE('',#1096,#1095,#1287,.T.);
#815=EDGE_CURVE('',#1096,#1093,#31,.T.);
#816=EDGE_CURVE('',#1097,#1098,#1288,.F.);
#817=EDGE_CURVE('',#1097,#1099,#32,.T.);
#818=EDGE_CURVE('',#1099,#1100,#1289,.T.);
#819=EDGE_CURVE('',#1101,#1100,#33,.T.);
#820=EDGE_CURVE('',#1098,#1101,#1290,.F.);
#821=EDGE_CURVE('',#1102,#1103,#1291,.T.);
#822=EDGE_CURVE('',#1102,#1104,#34,.T.);
#823=EDGE_CURVE('',#1104,#1105,#1292,.T.);
#824=EDGE_CURVE('',#1105,#1103,#35,.F.);
#825=EDGE_CURVE('',#1106,#1107,#1293,.F.);
#826=EDGE_CURVE('',#1106,#1108,#36,.T.);
#827=EDGE_CURVE('',#1108,#1109,#1294,.T.);
#828=EDGE_CURVE('',#1110,#1109,#37,.T.);
#829=EDGE_CURVE('',#1107,#1110,#1295,.F.);
#830=EDGE_CURVE('',#1111,#1112,#1296,.T.);
#831=EDGE_CURVE('',#1111,#1113,#38,.T.);
#832=EDGE_CURVE('',#1113,#1114,#1297,.T.);
#833=EDGE_CURVE('',#1114,#1112,#39,.F.);
#834=EDGE_CURVE('',#1115,#1116,#1298,.F.);
#835=EDGE_CURVE('',#1115,#1117,#40,.T.);
#836=EDGE_CURVE('',#1117,#1118,#1299,.T.);
#837=EDGE_CURVE('',#1119,#1118,#41,.T.);
#838=EDGE_CURVE('',#1116,#1119,#1300,.F.);
#839=EDGE_CURVE('',#1120,#1121,#1301,.T.);
#840=EDGE_CURVE('',#1120,#1122,#42,.T.);
#841=EDGE_CURVE('',#1122,#1123,#1302,.T.);
#842=EDGE_CURVE('',#1123,#1121,#43,.F.);
#843=EDGE_CURVE('',#1124,#1125,#1303,.F.);
#844=EDGE_CURVE('',#1124,#1126,#44,.T.);
#845=EDGE_CURVE('',#1126,#1127,#1304,.T.);
#846=EDGE_CURVE('',#1128,#1127,#45,.T.);
#847=EDGE_CURVE('',#1125,#1128,#1305,.F.);
#848=EDGE_CURVE('',#1129,#1130,#1306,.T.);
#849=EDGE_CURVE('',#1129,#1131,#46,.T.);
#850=EDGE_CURVE('',#1131,#1132,#1307,.T.);
#851=EDGE_CURVE('',#1132,#1130,#47,.F.);
#852=EDGE_CURVE('',#1133,#1134,#48,.T.);
#853=EDGE_CURVE('',#1134,#1135,#49,.T.);
#854=EDGE_CURVE('',#1136,#1135,#50,.T.);
#855=EDGE_CURVE('',#1136,#1133,#51,.T.);
#856=EDGE_CURVE('',#1137,#1138,#1308,.T.);
#857=EDGE_CURVE('',#1137,#1139,#52,.F.);
#858=EDGE_CURVE('',#1139,#1140,#1309,.T.);
#859=EDGE_CURVE('',#1140,#1141,#1310,.T.);
#860=EDGE_CURVE('',#1141,#1142,#53,.T.);
#861=EDGE_CURVE('',#1138,#1142,#1311,.T.);
#862=EDGE_CURVE('',#1143,#1144,#54,.T.);
#863=EDGE_CURVE('',#1144,#1145,#55,.T.);
#864=EDGE_CURVE('',#1146,#1145,#56,.T.);
#865=EDGE_CURVE('',#1143,#1146,#57,.T.);
#866=EDGE_CURVE('',#1147,#1148,#1312,.F.);
#867=EDGE_CURVE('',#1147,#1149,#1313,.T.);
#868=EDGE_CURVE('',#1149,#1150,#1314,.T.);
#869=EDGE_CURVE('',#1136,#1150,#1315,.F.);
#870=EDGE_CURVE('',#1135,#1151,#1316,.T.);
#871=EDGE_CURVE('',#1151,#1141,#1317,.T.);
#872=EDGE_CURVE('',#1139,#1144,#1318,.T.);
#873=EDGE_CURVE('',#1152,#1143,#1319,.F.);
#874=EDGE_CURVE('',#1152,#1153,#1320,.T.);
#875=EDGE_CURVE('',#1153,#1154,#1321,.T.);
#876=EDGE_CURVE('',#1154,#1155,#1322,.T.);
#877=EDGE_CURVE('',#1085,#1155,#1323,.F.);
#878=EDGE_CURVE('',#1156,#1086,#1324,.F.);
#879=EDGE_CURVE('',#1156,#1157,#1325,.T.);
#880=EDGE_CURVE('',#1157,#1158,#1326,.T.);
#881=EDGE_CURVE('',#1158,#1159,#1327,.T.);
#882=EDGE_CURVE('',#1160,#1159,#1328,.F.);
#883=EDGE_CURVE('',#1161,#1160,#58,.T.);
#884=EDGE_CURVE('',#1161,#1096,#1329,.F.);
#885=EDGE_CURVE('',#1095,#1162,#1330,.F.);
#886=EDGE_CURVE('',#1162,#1163,#59,.T.);
#887=EDGE_CURVE('',#1164,#1163,#1331,.F.);
#888=EDGE_CURVE('',#1164,#1165,#1332,.T.);
#889=EDGE_CURVE('',#1165,#1166,#1333,.T.);
#890=EDGE_CURVE('',#1166,#1167,#1334,.T.);
#891=EDGE_CURVE('',#1089,#1167,#1335,.F.);
#892=EDGE_CURVE('',#1168,#1090,#1336,.F.);
#893=EDGE_CURVE('',#1168,#1169,#1337,.T.);
#894=EDGE_CURVE('',#1169,#1170,#1338,.T.);
#895=EDGE_CURVE('',#1170,#1171,#1339,.T.);
#896=EDGE_CURVE('',#1172,#1171,#1340,.F.);
#897=EDGE_CURVE('',#1173,#1172,#60,.T.);
#898=EDGE_CURVE('',#1173,#1102,#1341,.F.);
#899=EDGE_CURVE('',#1103,#1174,#1342,.F.);
#900=EDGE_CURVE('',#1174,#1175,#61,.T.);
#901=EDGE_CURVE('',#1176,#1175,#1343,.F.);
#902=EDGE_CURVE('',#1177,#1176,#1344,.F.);
#903=EDGE_CURVE('',#1177,#1178,#1345,.T.);
#904=EDGE_CURVE('',#1178,#1179,#1346,.T.);
#905=EDGE_CURVE('',#1097,#1179,#1347,.F.);
#906=EDGE_CURVE('',#1180,#1101,#1348,.F.);
#907=EDGE_CURVE('',#1180,#1181,#1349,.T.);
#908=EDGE_CURVE('',#1181,#1182,#1350,.T.);
#909=EDGE_CURVE('',#1182,#1183,#1351,.T.);
#910=EDGE_CURVE('',#1184,#1183,#1352,.F.);
#911=EDGE_CURVE('',#1185,#1184,#62,.T.);
#912=EDGE_CURVE('',#1185,#1111,#1353,.F.);
#913=EDGE_CURVE('',#1112,#1186,#1354,.F.);
#914=EDGE_CURVE('',#1186,#1187,#63,.T.);
#915=EDGE_CURVE('',#1188,#1187,#1355,.F.);
#916=EDGE_CURVE('',#1188,#1189,#1356,.T.);
#917=EDGE_CURVE('',#1189,#1190,#1357,.T.);
#918=EDGE_CURVE('',#1106,#1190,#1358,.F.);
#919=EDGE_CURVE('',#1191,#1110,#1359,.F.);
#920=EDGE_CURVE('',#1191,#1192,#1360,.T.);
#921=EDGE_CURVE('',#1192,#1193,#1361,.T.);
#922=EDGE_CURVE('',#1193,#1194,#1362,.T.);
#923=EDGE_CURVE('',#1195,#1194,#1363,.F.);
#924=EDGE_CURVE('',#1196,#1195,#64,.T.);
#925=EDGE_CURVE('',#1196,#1197,#1364,.F.);
#926=EDGE_CURVE('',#1197,#1120,#1365,.F.);
#927=EDGE_CURVE('',#1121,#1198,#1366,.F.);
#928=EDGE_CURVE('',#1198,#1199,#65,.T.);
#929=EDGE_CURVE('',#1200,#1199,#1367,.F.);
#930=EDGE_CURVE('',#1200,#1201,#1368,.T.);
#931=EDGE_CURVE('',#1201,#1202,#1369,.T.);
#932=EDGE_CURVE('',#1203,#1202,#1370,.F.);
#933=EDGE_CURVE('',#1115,#1203,#1371,.F.);
#934=EDGE_CURVE('',#1204,#1119,#1372,.F.);
#935=EDGE_CURVE('',#1205,#1204,#1373,.F.);
#936=EDGE_CURVE('',#1205,#1206,#1374,.T.);
#937=EDGE_CURVE('',#1206,#1207,#1375,.T.);
#938=EDGE_CURVE('',#1208,#1207,#1376,.F.);
#939=EDGE_CURVE('',#1209,#1208,#66,.T.);
#940=EDGE_CURVE('',#1209,#1129,#1377,.F.);
#941=EDGE_CURVE('',#1130,#1210,#1378,.F.);
#942=EDGE_CURVE('',#1210,#1211,#1379,.F.);
#943=EDGE_CURVE('',#1211,#1212,#67,.T.);
#944=EDGE_CURVE('',#1213,#1212,#1380,.F.);
#945=EDGE_CURVE('',#1213,#1214,#1381,.T.);
#946=EDGE_CURVE('',#1214,#1215,#1382,.T.);
#947=EDGE_CURVE('',#1216,#1215,#1383,.F.);
#948=EDGE_CURVE('',#1124,#1216,#1384,.F.);
#949=EDGE_CURVE('',#1148,#1128,#1385,.F.);
#950=EDGE_CURVE('',#1217,#1218,#1386,.F.);
#951=EDGE_CURVE('',#1218,#1219,#1387,.F.);
#952=EDGE_CURVE('',#1219,#1127,#1388,.T.);
#953=EDGE_CURVE('',#1126,#1220,#1389,.T.);
#954=EDGE_CURVE('',#1220,#1221,#1390,.F.);
#955=EDGE_CURVE('',#1221,#1222,#1391,.F.);
#956=EDGE_CURVE('',#1222,#1223,#1392,.T.);
#957=EDGE_CURVE('',#1224,#1223,#68,.T.);
#958=EDGE_CURVE('',#1224,#1225,#1393,.T.);
#959=EDGE_CURVE('',#1225,#1132,#1394,.T.);
#960=EDGE_CURVE('',#1131,#1226,#1395,.T.);
#961=EDGE_CURVE('',#1226,#1227,#69,.T.);
#962=EDGE_CURVE('',#1227,#1228,#1396,.T.);
#963=EDGE_CURVE('',#1228,#1229,#1397,.F.);
#964=EDGE_CURVE('',#1229,#1230,#1398,.F.);
#965=EDGE_CURVE('',#1230,#1118,#1399,.T.);
#966=EDGE_CURVE('',#1117,#1231,#1400,.T.);
#967=EDGE_CURVE('',#1231,#1232,#1401,.F.);
#968=EDGE_CURVE('',#1232,#1233,#1402,.F.);
#969=EDGE_CURVE('',#1233,#1234,#1403,.T.);
#970=EDGE_CURVE('',#1235,#1234,#70,.T.);
#971=EDGE_CURVE('',#1235,#1123,#1404,.T.);
#972=EDGE_CURVE('',#1122,#1236,#1405,.T.);
#973=EDGE_CURVE('',#1236,#1237,#1406,.T.);
#974=EDGE_CURVE('',#1237,#1238,#71,.T.);
#975=EDGE_CURVE('',#1238,#1239,#1407,.T.);
#976=EDGE_CURVE('',#1239,#1240,#1408,.F.);
#977=EDGE_CURVE('',#1240,#1241,#1409,.F.);
#978=EDGE_CURVE('',#1241,#1242,#1410,.F.);
#979=EDGE_CURVE('',#1242,#1109,#1411,.T.);
#980=EDGE_CURVE('',#1108,#1243,#1412,.T.);
#981=EDGE_CURVE('',#1243,#1244,#1413,.F.);
#982=EDGE_CURVE('',#1244,#1245,#1414,.F.);
#983=EDGE_CURVE('',#1245,#1246,#1415,.T.);
#984=EDGE_CURVE('',#1247,#1246,#72,.T.);
#985=EDGE_CURVE('',#1247,#1114,#1416,.T.);
#986=EDGE_CURVE('',#1113,#1248,#1417,.T.);
#987=EDGE_CURVE('',#1248,#1249,#73,.T.);
#988=EDGE_CURVE('',#1249,#1250,#1418,.T.);
#989=EDGE_CURVE('',#1250,#1251,#1419,.F.);
#990=EDGE_CURVE('',#1251,#1252,#1420,.F.);
#991=EDGE_CURVE('',#1252,#1253,#1421,.F.);
#992=EDGE_CURVE('',#1253,#1100,#1422,.T.);
#993=EDGE_CURVE('',#1099,#1254,#1423,.T.);
#994=EDGE_CURVE('',#1254,#1255,#1424,.F.);
#995=EDGE_CURVE('',#1255,#1256,#1425,.F.);
#996=EDGE_CURVE('',#1256,#1257,#1426,.T.);
#997=EDGE_CURVE('',#1258,#1257,#74,.T.);
#998=EDGE_CURVE('',#1258,#1105,#1427,.T.);
#999=EDGE_CURVE('',#1104,#1259,#1428,.T.);
#1000=EDGE_CURVE('',#1259,#1260,#75,.T.);
#1001=EDGE_CURVE('',#1260,#1261,#1429,.T.);
#1002=EDGE_CURVE('',#1261,#1262,#1430,.F.);
#1003=EDGE_CURVE('',#1262,#1263,#1431,.F.);
#1004=EDGE_CURVE('',#1263,#1264,#1432,.F.);
#1005=EDGE_CURVE('',#1264,#1092,#1433,.T.);
#1006=EDGE_CURVE('',#1091,#1265,#1434,.T.);
#1007=EDGE_CURVE('',#1265,#1266,#1435,.F.);
#1008=EDGE_CURVE('',#1266,#1267,#1436,.F.);
#1009=EDGE_CURVE('',#1267,#1268,#1437,.F.);
#1010=EDGE_CURVE('',#1268,#1269,#1438,.T.);
#1011=EDGE_CURVE('',#1270,#1269,#76,.T.);
#1012=EDGE_CURVE('',#1270,#1094,#1439,.T.);
#1013=EDGE_CURVE('',#1093,#1271,#1440,.T.);
#1014=EDGE_CURVE('',#1271,#1272,#77,.T.);
#1015=EDGE_CURVE('',#1272,#1273,#1441,.T.);
#1016=EDGE_CURVE('',#1273,#1274,#1442,.F.);
#1017=EDGE_CURVE('',#1274,#1275,#1443,.F.);
#1018=EDGE_CURVE('',#1275,#1276,#1444,.F.);
#1019=EDGE_CURVE('',#1276,#1088,#1445,.T.);
#1020=EDGE_CURVE('',#1087,#1277,#1446,.T.);
#1021=EDGE_CURVE('',#1277,#1278,#1447,.F.);
#1022=EDGE_CURVE('',#1278,#1279,#1448,.F.);
#1023=EDGE_CURVE('',#1279,#1280,#1449,.F.);
#1024=EDGE_CURVE('',#1280,#1146,#1450,.T.);
#1025=EDGE_CURVE('',#1145,#1137,#1451,.F.);
#1026=EDGE_CURVE('',#1142,#1281,#1452,.F.);
#1027=EDGE_CURVE('',#1281,#1134,#1453,.F.);
#1028=EDGE_CURVE('',#1133,#1217,#1454,.T.);
#1029=EDGE_CURVE('',#1150,#1217,#78,.T.);
#1030=EDGE_CURVE('',#1211,#1224,#79,.F.);
#1031=EDGE_CURVE('',#1212,#1223,#80,.T.);
#1032=EDGE_CURVE('',#1222,#1213,#81,.F.);
#1033=EDGE_CURVE('',#1219,#1147,#82,.F.);
#1034=EDGE_CURVE('',#1215,#1220,#83,.T.);
#1035=EDGE_CURVE('',#1221,#1214,#84,.F.);
#1036=EDGE_CURVE('',#1149,#1218,#85,.T.);
#1037=EDGE_CURVE('',#1226,#1209,#86,.F.);
#1038=EDGE_CURVE('',#1208,#1227,#87,.T.);
#1039=EDGE_CURVE('',#1207,#1228,#88,.T.);
#1040=EDGE_CURVE('',#1198,#1235,#89,.F.);
#1041=EDGE_CURVE('',#1199,#1234,#90,.T.);
#1042=EDGE_CURVE('',#1233,#1200,#91,.F.);
#1043=EDGE_CURVE('',#1230,#1205,#92,.F.);
#1044=EDGE_CURVE('',#1202,#1231,#93,.T.);
#1045=EDGE_CURVE('',#1232,#1201,#94,.F.);
#1046=EDGE_CURVE('',#1206,#1229,#95,.T.);
#1047=EDGE_CURVE('',#1237,#1196,#96,.F.);
#1048=EDGE_CURVE('',#1195,#1238,#97,.T.);
#1049=EDGE_CURVE('',#1194,#1239,#98,.T.);
#1050=EDGE_CURVE('',#1186,#1247,#99,.F.);
#1051=EDGE_CURVE('',#1187,#1246,#100,.T.);
#1052=EDGE_CURVE('',#1245,#1188,#101,.F.);
#1053=EDGE_CURVE('',#1242,#1191,#102,.F.);
#1054=EDGE_CURVE('',#1190,#1243,#103,.T.);
#1055=EDGE_CURVE('',#1244,#1189,#104,.F.);
#1056=EDGE_CURVE('',#1193,#1240,#105,.T.);
#1057=EDGE_CURVE('',#1248,#1185,#106,.F.);
#1058=EDGE_CURVE('',#1184,#1249,#107,.T.);
#1059=EDGE_CURVE('',#1183,#1250,#108,.T.);
#1060=EDGE_CURVE('',#1174,#1258,#109,.F.);
#1061=EDGE_CURVE('',#1175,#1257,#110,.T.);
#1062=EDGE_CURVE('',#1256,#1177,#111,.F.);
#1063=EDGE_CURVE('',#1253,#1180,#112,.F.);
#1064=EDGE_CURVE('',#1179,#1254,#113,.T.);
#1065=EDGE_CURVE('',#1255,#1178,#114,.F.);
#1066=EDGE_CURVE('',#1182,#1251,#115,.T.);
#1067=EDGE_CURVE('',#1259,#1173,#116,.F.);
#1068=EDGE_CURVE('',#1172,#1260,#117,.T.);
#1069=EDGE_CURVE('',#1171,#1261,#118,.T.);
#1070=EDGE_CURVE('',#1162,#1270,#119,.F.);
#1071=EDGE_CURVE('',#1163,#1269,#120,.T.);
#1072=EDGE_CURVE('',#1268,#1164,#121,.F.);
#1073=EDGE_CURVE('',#1264,#1168,#122,.F.);
#1074=EDGE_CURVE('',#1167,#1265,#123,.T.);
#1075=EDGE_CURVE('',#1266,#1166,#124,.F.);
#1076=EDGE_CURVE('',#1169,#1263,#125,.T.);
#1077=EDGE_CURVE('',#1271,#1161,#126,.F.);
#1078=EDGE_CURVE('',#1160,#1272,#127,.T.);
#1079=EDGE_CURVE('',#1159,#1273,#128,.T.);
#1080=EDGE_CURVE('',#1280,#1152,#129,.F.);
#1081=EDGE_CURVE('',#1276,#1156,#130,.F.);
#1082=EDGE_CURVE('',#1155,#1277,#131,.T.);
#1083=EDGE_CURVE('',#1279,#1153,#132,.F.);
#1084=EDGE_CURVE('',#1157,#1275,#133,.T.);
#1085=VERTEX_POINT('',#2443);
#1086=VERTEX_POINT('',#2444);
#1087=VERTEX_POINT('',#2446);
#1088=VERTEX_POINT('',#2448);
#1089=VERTEX_POINT('',#2465);
#1090=VERTEX_POINT('',#2466);
#1091=VERTEX_POINT('',#2468);
#1092=VERTEX_POINT('',#2470);
#1093=VERTEX_POINT('',#2481);
#1094=VERTEX_POINT('',#2482);
#1095=VERTEX_POINT('',#2484);
#1096=VERTEX_POINT('',#2486);
#1097=VERTEX_POINT('',#2503);
#1098=VERTEX_POINT('',#2504);
#1099=VERTEX_POINT('',#2506);
#1100=VERTEX_POINT('',#2508);
#1101=VERTEX_POINT('',#2510);
#1102=VERTEX_POINT('',#2521);
#1103=VERTEX_POINT('',#2522);
#1104=VERTEX_POINT('',#2524);
#1105=VERTEX_POINT('',#2526);
#1106=VERTEX_POINT('',#2543);
#1107=VERTEX_POINT('',#2544);
#1108=VERTEX_POINT('',#2546);
#1109=VERTEX_POINT('',#2548);
#1110=VERTEX_POINT('',#2550);
#1111=VERTEX_POINT('',#2561);
#1112=VERTEX_POINT('',#2562);
#1113=VERTEX_POINT('',#2564);
#1114=VERTEX_POINT('',#2566);
#1115=VERTEX_POINT('',#2583);
#1116=VERTEX_POINT('',#2584);
#1117=VERTEX_POINT('',#2586);
#1118=VERTEX_POINT('',#2588);
#1119=VERTEX_POINT('',#2590);
#1120=VERTEX_POINT('',#2601);
#1121=VERTEX_POINT('',#2602);
#1122=VERTEX_POINT('',#2604);
#1123=VERTEX_POINT('',#2606);
#1124=VERTEX_POINT('',#2623);
#1125=VERTEX_POINT('',#2624);
#1126=VERTEX_POINT('',#2626);
#1127=VERTEX_POINT('',#2628);
#1128=VERTEX_POINT('',#2630);
#1129=VERTEX_POINT('',#2641);
#1130=VERTEX_POINT('',#2642);
#1131=VERTEX_POINT('',#2644);
#1132=VERTEX_POINT('',#2646);
#1133=VERTEX_POINT('',#2653);
#1134=VERTEX_POINT('',#2654);
#1135=VERTEX_POINT('',#2656);
#1136=VERTEX_POINT('',#2658);
#1137=VERTEX_POINT('',#2675);
#1138=VERTEX_POINT('',#2676);
#1139=VERTEX_POINT('',#2678);
#1140=VERTEX_POINT('',#2680);
#1141=VERTEX_POINT('',#2682);
#1142=VERTEX_POINT('',#2684);
#1143=VERTEX_POINT('',#2691);
#1144=VERTEX_POINT('',#2692);
#1145=VERTEX_POINT('',#2694);
#1146=VERTEX_POINT('',#2696);
#1147=VERTEX_POINT('',#2703);
#1148=VERTEX_POINT('',#2704);
#1149=VERTEX_POINT('',#2706);
#1150=VERTEX_POINT('',#2708);
#1151=VERTEX_POINT('',#2711);
#1152=VERTEX_POINT('',#2715);
#1153=VERTEX_POINT('',#2717);
#1154=VERTEX_POINT('',#2719);
#1155=VERTEX_POINT('',#2721);
#1156=VERTEX_POINT('',#2724);
#1157=VERTEX_POINT('',#2726);
#1158=VERTEX_POINT('',#2728);
#1159=VERTEX_POINT('',#2730);
#1160=VERTEX_POINT('',#2732);
#1161=VERTEX_POINT('',#2734);
#1162=VERTEX_POINT('',#2737);
#1163=VERTEX_POINT('',#2739);
#1164=VERTEX_POINT('',#2741);
#1165=VERTEX_POINT('',#2743);
#1166=VERTEX_POINT('',#2745);
#1167=VERTEX_POINT('',#2747);
#1168=VERTEX_POINT('',#2750);
#1169=VERTEX_POINT('',#2752);
#1170=VERTEX_POINT('',#2754);
#1171=VERTEX_POINT('',#2756);
#1172=VERTEX_POINT('',#2758);
#1173=VERTEX_POINT('',#2760);
#1174=VERTEX_POINT('',#2763);
#1175=VERTEX_POINT('',#2765);
#1176=VERTEX_POINT('',#2767);
#1177=VERTEX_POINT('',#2769);
#1178=VERTEX_POINT('',#2771);
#1179=VERTEX_POINT('',#2773);
#1180=VERTEX_POINT('',#2776);
#1181=VERTEX_POINT('',#2778);
#1182=VERTEX_POINT('',#2780);
#1183=VERTEX_POINT('',#2782);
#1184=VERTEX_POINT('',#2784);
#1185=VERTEX_POINT('',#2786);
#1186=VERTEX_POINT('',#2789);
#1187=VERTEX_POINT('',#2791);
#1188=VERTEX_POINT('',#2793);
#1189=VERTEX_POINT('',#2795);
#1190=VERTEX_POINT('',#2797);
#1191=VERTEX_POINT('',#2800);
#1192=VERTEX_POINT('',#2802);
#1193=VERTEX_POINT('',#2804);
#1194=VERTEX_POINT('',#2806);
#1195=VERTEX_POINT('',#2808);
#1196=VERTEX_POINT('',#2810);
#1197=VERTEX_POINT('',#2812);
#1198=VERTEX_POINT('',#2815);
#1199=VERTEX_POINT('',#2817);
#1200=VERTEX_POINT('',#2819);
#1201=VERTEX_POINT('',#2821);
#1202=VERTEX_POINT('',#2823);
#1203=VERTEX_POINT('',#2825);
#1204=VERTEX_POINT('',#2828);
#1205=VERTEX_POINT('',#2830);
#1206=VERTEX_POINT('',#2832);
#1207=VERTEX_POINT('',#2834);
#1208=VERTEX_POINT('',#2836);
#1209=VERTEX_POINT('',#2838);
#1210=VERTEX_POINT('',#2841);
#1211=VERTEX_POINT('',#2843);
#1212=VERTEX_POINT('',#2845);
#1213=VERTEX_POINT('',#2847);
#1214=VERTEX_POINT('',#2849);
#1215=VERTEX_POINT('',#2851);
#1216=VERTEX_POINT('',#2853);
#1217=VERTEX_POINT('',#2861);
#1218=VERTEX_POINT('',#2862);
#1219=VERTEX_POINT('',#2864);
#1220=VERTEX_POINT('',#2867);
#1221=VERTEX_POINT('',#2869);
#1222=VERTEX_POINT('',#2871);
#1223=VERTEX_POINT('',#2873);
#1224=VERTEX_POINT('',#2875);
#1225=VERTEX_POINT('',#2877);
#1226=VERTEX_POINT('',#2880);
#1227=VERTEX_POINT('',#2882);
#1228=VERTEX_POINT('',#2884);
#1229=VERTEX_POINT('',#2886);
#1230=VERTEX_POINT('',#2888);
#1231=VERTEX_POINT('',#2891);
#1232=VERTEX_POINT('',#2893);
#1233=VERTEX_POINT('',#2895);
#1234=VERTEX_POINT('',#2897);
#1235=VERTEX_POINT('',#2899);
#1236=VERTEX_POINT('',#2902);
#1237=VERTEX_POINT('',#2904);
#1238=VERTEX_POINT('',#2906);
#1239=VERTEX_POINT('',#2908);
#1240=VERTEX_POINT('',#2910);
#1241=VERTEX_POINT('',#2912);
#1242=VERTEX_POINT('',#2914);
#1243=VERTEX_POINT('',#2917);
#1244=VERTEX_POINT('',#2919);
#1245=VERTEX_POINT('',#2921);
#1246=VERTEX_POINT('',#2923);
#1247=VERTEX_POINT('',#2925);
#1248=VERTEX_POINT('',#2928);
#1249=VERTEX_POINT('',#2930);
#1250=VERTEX_POINT('',#2932);
#1251=VERTEX_POINT('',#2934);
#1252=VERTEX_POINT('',#2936);
#1253=VERTEX_POINT('',#2938);
#1254=VERTEX_POINT('',#2941);
#1255=VERTEX_POINT('',#2943);
#1256=VERTEX_POINT('',#2945);
#1257=VERTEX_POINT('',#2947);
#1258=VERTEX_POINT('',#2949);
#1259=VERTEX_POINT('',#2952);
#1260=VERTEX_POINT('',#2954);
#1261=VERTEX_POINT('',#2956);
#1262=VERTEX_POINT('',#2958);
#1263=VERTEX_POINT('',#2960);
#1264=VERTEX_POINT('',#2962);
#1265=VERTEX_POINT('',#2965);
#1266=VERTEX_POINT('',#2967);
#1267=VERTEX_POINT('',#2969);
#1268=VERTEX_POINT('',#2971);
#1269=VERTEX_POINT('',#2973);
#1270=VERTEX_POINT('',#2975);
#1271=VERTEX_POINT('',#2978);
#1272=VERTEX_POINT('',#2980);
#1273=VERTEX_POINT('',#2982);
#1274=VERTEX_POINT('',#2984);
#1275=VERTEX_POINT('',#2986);
#1276=VERTEX_POINT('',#2988);
#1277=VERTEX_POINT('',#2991);
#1278=VERTEX_POINT('',#2993);
#1279=VERTEX_POINT('',#2995);
#1280=VERTEX_POINT('',#2997);
#1281=VERTEX_POINT('',#3001);
#1282=CIRCLE('',#1798,7.5);
#1283=CIRCLE('',#1799,7.5);
#1284=CIRCLE('',#1800,7.5);
#1285=CIRCLE('',#1801,7.5);
#1286=CIRCLE('',#1802,11.);
#1287=CIRCLE('',#1803,11.);
#1288=CIRCLE('',#1804,7.5);
#1289=CIRCLE('',#1805,7.5);
#1290=CIRCLE('',#1806,7.5);
#1291=CIRCLE('',#1807,11.);
#1292=CIRCLE('',#1808,11.);
#1293=CIRCLE('',#1809,7.5);
#1294=CIRCLE('',#1810,7.5);
#1295=CIRCLE('',#1811,7.5);
#1296=CIRCLE('',#1812,11.);
#1297=CIRCLE('',#1813,11.);
#1298=CIRCLE('',#1814,7.5);
#1299=CIRCLE('',#1815,7.5);
#1300=CIRCLE('',#1816,7.5);
#1301=CIRCLE('',#1817,11.);
#1302=CIRCLE('',#1818,11.);
#1303=CIRCLE('',#1819,7.5);
#1304=CIRCLE('',#1820,7.5);
#1305=CIRCLE('',#1821,7.5);
#1306=CIRCLE('',#1822,11.);
#1307=CIRCLE('',#1823,11.);
#1308=CIRCLE('',#1824,9.);
#1309=CIRCLE('',#1825,9.);
#1310=CIRCLE('',#1826,9.);
#1311=CIRCLE('',#1827,9.);
#1312=CIRCLE('',#1828,1.);
#1313=CIRCLE('',#1829,0.5);
#1314=CIRCLE('',#1830,2.);
#1315=CIRCLE('',#1831,8.5);
#1316=CIRCLE('',#1832,1.);
#1317=CIRCLE('',#1833,1.);
#1318=CIRCLE('',#1834,1.);
#1319=CIRCLE('',#1835,8.5);
#1320=CIRCLE('',#1836,2.);
#1321=CIRCLE('',#1837,0.5);
#1322=CIRCLE('',#1838,0.5);
#1323=CIRCLE('',#1839,1.);
#1324=CIRCLE('',#1840,1.);
#1325=CIRCLE('',#1841,0.5);
#1326=CIRCLE('',#1842,2.);
#1327=CIRCLE('',#1843,2.);
#1328=CIRCLE('',#1844,8.5);
#1329=CIRCLE('',#1845,0.5);
#1330=CIRCLE('',#1846,0.5);
#1331=CIRCLE('',#1847,8.5);
#1332=CIRCLE('',#1848,2.);
#1333=CIRCLE('',#1849,2.);
#1334=CIRCLE('',#1850,0.5);
#1335=CIRCLE('',#1851,1.);
#1336=CIRCLE('',#1852,1.);
#1337=CIRCLE('',#1853,0.5);
#1338=CIRCLE('',#1854,2.);
#1339=CIRCLE('',#1855,2.);
#1340=CIRCLE('',#1856,8.5);
#1341=CIRCLE('',#1857,0.5);
#1342=CIRCLE('',#1858,0.5);
#1343=CIRCLE('',#1859,8.5);
#1344=CIRCLE('',#1860,8.5);
#1345=CIRCLE('',#1861,2.);
#1346=CIRCLE('',#1862,0.5);
#1347=CIRCLE('',#1863,1.);
#1348=CIRCLE('',#1864,1.);
#1349=CIRCLE('',#1865,0.5);
#1350=CIRCLE('',#1866,0.5);
#1351=CIRCLE('',#1867,2.);
#1352=CIRCLE('',#1868,8.5);
#1353=CIRCLE('',#1869,0.5);
#1354=CIRCLE('',#1870,0.5);
#1355=CIRCLE('',#1871,8.5);
#1356=CIRCLE('',#1872,2.);
#1357=CIRCLE('',#1873,0.5);
#1358=CIRCLE('',#1874,1.);
#1359=CIRCLE('',#1875,1.);
#1360=CIRCLE('',#1876,0.5);
#1361=CIRCLE('',#1877,0.5);
#1362=CIRCLE('',#1878,2.);
#1363=CIRCLE('',#1879,8.5);
#1364=CIRCLE('',#1880,0.5);
#1365=CIRCLE('',#1881,0.5);
#1366=CIRCLE('',#1882,0.5);
#1367=CIRCLE('',#1883,8.5);
#1368=CIRCLE('',#1884,2.);
#1369=CIRCLE('',#1885,0.5);
#1370=CIRCLE('',#1886,1.);
#1371=CIRCLE('',#1887,1.);
#1372=CIRCLE('',#1888,1.);
#1373=CIRCLE('',#1889,1.);
#1374=CIRCLE('',#1890,0.5);
#1375=CIRCLE('',#1891,2.);
#1376=CIRCLE('',#1892,8.5);
#1377=CIRCLE('',#1893,0.5);
#1378=CIRCLE('',#1894,0.5);
#1379=CIRCLE('',#1895,0.5);
#1380=CIRCLE('',#1896,8.5);
#1381=CIRCLE('',#1897,2.);
#1382=CIRCLE('',#1898,0.5);
#1383=CIRCLE('',#1899,1.);
#1384=CIRCLE('',#1900,1.);
#1385=CIRCLE('',#1901,1.);
#1386=CIRCLE('',#1902,2.);
#1387=CIRCLE('',#1903,0.5);
#1388=CIRCLE('',#1904,1.);
#1389=CIRCLE('',#1905,1.);
#1390=CIRCLE('',#1906,0.5);
#1391=CIRCLE('',#1907,2.);
#1392=CIRCLE('',#1908,8.5);
#1393=CIRCLE('',#1909,0.5);
#1394=CIRCLE('',#1910,0.5);
#1395=CIRCLE('',#1911,0.5);
#1396=CIRCLE('',#1912,8.5);
#1397=CIRCLE('',#1913,2.);
#1398=CIRCLE('',#1914,0.5);
#1399=CIRCLE('',#1915,1.);
#1400=CIRCLE('',#1916,1.);
#1401=CIRCLE('',#1917,0.5);
#1402=CIRCLE('',#1918,2.);
#1403=CIRCLE('',#1919,8.5);
#1404=CIRCLE('',#1920,0.5);
#1405=CIRCLE('',#1921,0.5);
#1406=CIRCLE('',#1922,0.5);
#1407=CIRCLE('',#1923,8.5);
#1408=CIRCLE('',#1924,2.);
#1409=CIRCLE('',#1925,0.5);
#1410=CIRCLE('',#1926,0.5);
#1411=CIRCLE('',#1927,1.);
#1412=CIRCLE('',#1928,1.);
#1413=CIRCLE('',#1929,0.5);
#1414=CIRCLE('',#1930,2.);
#1415=CIRCLE('',#1931,8.5);
#1416=CIRCLE('',#1932,0.5);
#1417=CIRCLE('',#1933,0.5);
#1418=CIRCLE('',#1934,8.5);
#1419=CIRCLE('',#1935,2.);
#1420=CIRCLE('',#1936,0.5);
#1421=CIRCLE('',#1937,0.5);
#1422=CIRCLE('',#1938,1.);
#1423=CIRCLE('',#1939,1.);
#1424=CIRCLE('',#1940,0.5);
#1425=CIRCLE('',#1941,2.);
#1426=CIRCLE('',#1942,8.5);
#1427=CIRCLE('',#1943,0.5);
#1428=CIRCLE('',#1944,0.5);
#1429=CIRCLE('',#1945,8.5);
#1430=CIRCLE('',#1946,2.);
#1431=CIRCLE('',#1947,2.);
#1432=CIRCLE('',#1948,0.5);
#1433=CIRCLE('',#1949,1.);
#1434=CIRCLE('',#1950,1.);
#1435=CIRCLE('',#1951,0.5);
#1436=CIRCLE('',#1952,2.);
#1437=CIRCLE('',#1953,2.);
#1438=CIRCLE('',#1954,8.5);
#1439=CIRCLE('',#1955,0.5);
#1440=CIRCLE('',#1956,0.5);
#1441=CIRCLE('',#1957,8.5);
#1442=CIRCLE('',#1958,2.);
#1443=CIRCLE('',#1959,2.);
#1444=CIRCLE('',#1960,0.5);
#1445=CIRCLE('',#1961,1.);
#1446=CIRCLE('',#1962,1.);
#1447=CIRCLE('',#1963,0.5);
#1448=CIRCLE('',#1964,0.5);
#1449=CIRCLE('',#1965,2.);
#1450=CIRCLE('',#1966,8.5);
#1451=CIRCLE('',#1967,1.);
#1452=CIRCLE('',#1968,1.);
#1453=CIRCLE('',#1969,1.);
#1454=CIRCLE('',#1970,8.5);
#1455=EDGE_LOOP('',(#242,#243,#244,#245));
#1456=EDGE_LOOP('',(#246,#247,#248,#249));
#1457=EDGE_LOOP('',(#250,#251,#252,#253));
#1458=EDGE_LOOP('',(#254,#255,#256,#257,#258));
#1459=EDGE_LOOP('',(#259,#260,#261,#262));
#1460=EDGE_LOOP('',(#263,#264,#265,#266,#267));
#1461=EDGE_LOOP('',(#268,#269,#270,#271));
#1462=EDGE_LOOP('',(#272,#273,#274,#275,#276));
#1463=EDGE_LOOP('',(#277,#278,#279,#280));
#1464=EDGE_LOOP('',(#281,#282,#283,#284,#285));
#1465=EDGE_LOOP('',(#286,#287,#288,#289));
#1466=EDGE_LOOP('',(#290,#291,#292,#293));
#1467=EDGE_LOOP('',(#294,#295,#296,#297,#298,#299));
#1468=EDGE_LOOP('',(#300,#301,#302,#303));
#1469=EDGE_LOOP('',(#304,#305,#306,#307,#308,#309,#310,#311,#312,#313,#314,
#315,#316,#317,#318,#319,#320,#321,#322,#323,#324,#325,#326,#327,#328,#329,
#330,#331,#332,#333,#334,#335,#336,#337,#338,#339,#340,#341,#342,#343,#344,
#345,#346,#347,#348,#349,#350,#351,#352,#353,#354,#355,#356,#357,#358,#359,
#360,#361,#362,#363,#364,#365,#366,#367,#368,#369,#370,#371,#372,#373,#374,
#375,#376,#377,#378,#379,#380,#381,#382,#383,#384,#385,#386,#387,#388,#389,
#390,#391,#392,#393,#394,#395,#396,#397,#398,#399,#400,#401,#402,#403,#404,
#405,#406));
#1470=EDGE_LOOP('',(#407,#408,#409,#410,#411,#412,#413,#414,#415,#416,#417,
#418,#419,#420,#421,#422,#423,#424,#425,#426,#427,#428,#429,#430,#431,#432,
#433,#434,#435,#436,#437,#438,#439,#440,#441,#442,#443,#444,#445,#446,#447,
#448,#449,#450,#451,#452,#453,#454,#455,#456,#457,#458,#459,#460,#461,#462,
#463,#464,#465,#466,#467,#468,#469,#470,#471,#472,#473,#474,#475,#476,#477,
#478,#479,#480,#481,#482,#483,#484,#485,#486,#487,#488,#489,#490,#491,#492,
#493,#494,#495,#496,#497,#498,#499,#500));
#1471=EDGE_LOOP('',(#501,#502,#503,#504));
#1472=EDGE_LOOP('',(#505,#506,#507,#508,#509,#510));
#1473=EDGE_LOOP('',(#511,#512,#513,#514));
#1474=EDGE_LOOP('',(#515,#516,#517,#518));
#1475=EDGE_LOOP('',(#519,#520,#521,#522));
#1476=EDGE_LOOP('',(#523,#524,#525,#526,#527));
#1477=EDGE_LOOP('',(#528,#529,#530,#531,#532));
#1478=EDGE_LOOP('',(#533,#534,#535,#536));
#1479=EDGE_LOOP('',(#537,#538,#539,#540));
#1480=EDGE_LOOP('',(#541,#542,#543,#544));
#1481=EDGE_LOOP('',(#545,#546,#547,#548));
#1482=EDGE_LOOP('',(#549,#550,#551,#552));
#1483=EDGE_LOOP('',(#553,#554,#555,#556));
#1484=EDGE_LOOP('',(#557,#558,#559,#560,#561));
#1485=EDGE_LOOP('',(#562,#563,#564,#565,#566));
#1486=EDGE_LOOP('',(#567,#568,#569,#570));
#1487=EDGE_LOOP('',(#571,#572,#573,#574));
#1488=EDGE_LOOP('',(#575,#576,#577,#578));
#1489=EDGE_LOOP('',(#579,#580,#581,#582));
#1490=EDGE_LOOP('',(#583,#584,#585,#586));
#1491=EDGE_LOOP('',(#587,#588,#589,#590));
#1492=EDGE_LOOP('',(#591,#592,#593,#594));
#1493=EDGE_LOOP('',(#595,#596,#597,#598));
#1494=EDGE_LOOP('',(#599,#600,#601,#602));
#1495=EDGE_LOOP('',(#603,#604,#605,#606));
#1496=EDGE_LOOP('',(#607,#608,#609,#610));
#1497=EDGE_LOOP('',(#611,#612,#613,#614));
#1498=EDGE_LOOP('',(#615,#616,#617,#618));
#1499=EDGE_LOOP('',(#619,#620,#621,#622,#623));
#1500=EDGE_LOOP('',(#624,#625,#626,#627));
#1501=EDGE_LOOP('',(#628,#629,#630,#631));
#1502=EDGE_LOOP('',(#632,#633,#634,#635));
#1503=EDGE_LOOP('',(#636,#637,#638,#639));
#1504=EDGE_LOOP('',(#640,#641,#642,#643));
#1505=EDGE_LOOP('',(#644,#645,#646,#647));
#1506=EDGE_LOOP('',(#648,#649,#650,#651));
#1507=EDGE_LOOP('',(#652,#653,#654,#655));
#1508=EDGE_LOOP('',(#656,#657,#658,#659));
#1509=EDGE_LOOP('',(#660,#661,#662,#663));
#1510=EDGE_LOOP('',(#664,#665,#666,#667,#668,#669));
#1511=EDGE_LOOP('',(#670,#671,#672,#673,#674,#675));
#1512=EDGE_LOOP('',(#676,#677,#678,#679));
#1513=EDGE_LOOP('',(#680,#681,#682,#683));
#1514=EDGE_LOOP('',(#684,#685,#686,#687));
#1515=EDGE_LOOP('',(#688,#689,#690,#691));
#1516=EDGE_LOOP('',(#692,#693,#694,#695));
#1517=EDGE_LOOP('',(#696,#697,#698,#699));
#1518=EDGE_LOOP('',(#700,#701,#702,#703,#704,#705));
#1519=EDGE_LOOP('',(#706,#707,#708,#709));
#1520=EDGE_LOOP('',(#710,#711,#712,#713));
#1521=EDGE_LOOP('',(#714,#715,#716,#717));
#1522=EDGE_LOOP('',(#718,#719,#720,#721));
#1523=EDGE_LOOP('',(#722,#723,#724,#725,#726,#727));
#1524=EDGE_LOOP('',(#728,#729,#730,#731));
#1525=EDGE_LOOP('',(#732,#733,#734,#735,#736,#737));
#1526=EDGE_LOOP('',(#738,#739,#740,#741));
#1527=EDGE_LOOP('',(#742,#743,#744,#745));
#1528=EDGE_LOOP('',(#746,#747,#748,#749));
#1529=EDGE_LOOP('',(#750,#751,#752,#753,#754,#755));
#1530=EDGE_LOOP('',(#756,#757,#758,#759));
#1531=EDGE_LOOP('',(#760,#761,#762,#763));
#1532=EDGE_LOOP('',(#764,#765,#766,#767));
#1533=EDGE_LOOP('',(#768,#769,#770,#771));
#1534=EDGE_LOOP('',(#772,#773,#774,#775));
#1535=EDGE_LOOP('',(#776,#777,#778,#779));
#1536=EDGE_LOOP('',(#780,#781,#782,#783));
#1537=EDGE_LOOP('',(#784,#785,#786,#787,#788,#789));
#1538=EDGE_LOOP('',(#790,#791,#792,#793));
#1539=EDGE_LOOP('',(#794,#795,#796,#797));
#1540=EDGE_LOOP('',(#798,#799,#800,#801,#802,#803));
#1541=FACE_BOUND('',#1455,.T.);
#1542=FACE_BOUND('',#1456,.T.);
#1543=FACE_BOUND('',#1457,.T.);
#1544=FACE_BOUND('',#1458,.T.);
#1545=FACE_BOUND('',#1459,.T.);
#1546=FACE_BOUND('',#1460,.T.);
#1547=FACE_BOUND('',#1461,.T.);
#1548=FACE_BOUND('',#1462,.T.);
#1549=FACE_BOUND('',#1463,.T.);
#1550=FACE_BOUND('',#1464,.T.);
#1551=FACE_BOUND('',#1465,.T.);
#1552=FACE_BOUND('',#1466,.T.);
#1553=FACE_BOUND('',#1467,.T.);
#1554=FACE_BOUND('',#1468,.T.);
#1555=FACE_BOUND('',#1469,.T.);
#1556=FACE_BOUND('',#1470,.T.);
#1557=FACE_BOUND('',#1471,.T.);
#1558=FACE_BOUND('',#1472,.T.);
#1559=FACE_BOUND('',#1473,.T.);
#1560=FACE_BOUND('',#1474,.T.);
#1561=FACE_BOUND('',#1475,.T.);
#1562=FACE_BOUND('',#1476,.T.);
#1563=FACE_BOUND('',#1477,.T.);
#1564=FACE_BOUND('',#1478,.T.);
#1565=FACE_BOUND('',#1479,.T.);
#1566=FACE_BOUND('',#1480,.T.);
#1567=FACE_BOUND('',#1481,.T.);
#1568=FACE_BOUND('',#1482,.T.);
#1569=FACE_BOUND('',#1483,.T.);
#1570=FACE_BOUND('',#1484,.T.);
#1571=FACE_BOUND('',#1485,.T.);
#1572=FACE_BOUND('',#1486,.T.);
#1573=FACE_BOUND('',#1487,.T.);
#1574=FACE_BOUND('',#1488,.T.);
#1575=FACE_BOUND('',#1489,.T.);
#1576=FACE_BOUND('',#1490,.T.);
#1577=FACE_BOUND('',#1491,.T.);
#1578=FACE_BOUND('',#1492,.T.);
#1579=FACE_BOUND('',#1493,.T.);
#1580=FACE_BOUND('',#1494,.T.);
#1581=FACE_BOUND('',#1495,.T.);
#1582=FACE_BOUND('',#1496,.T.);
#1583=FACE_BOUND('',#1497,.T.);
#1584=FACE_BOUND('',#1498,.T.);
#1585=FACE_BOUND('',#1499,.T.);
#1586=FACE_BOUND('',#1500,.T.);
#1587=FACE_BOUND('',#1501,.T.);
#1588=FACE_BOUND('',#1502,.T.);
#1589=FACE_BOUND('',#1503,.T.);
#1590=FACE_BOUND('',#1504,.T.);
#1591=FACE_BOUND('',#1505,.T.);
#1592=FACE_BOUND('',#1506,.T.);
#1593=FACE_BOUND('',#1507,.T.);
#1594=FACE_BOUND('',#1508,.T.);
#1595=FACE_BOUND('',#1509,.T.);
#1596=FACE_BOUND('',#1510,.T.);
#1597=FACE_BOUND('',#1511,.T.);
#1598=FACE_BOUND('',#1512,.T.);
#1599=FACE_BOUND('',#1513,.T.);
#1600=FACE_BOUND('',#1514,.T.);
#1601=FACE_BOUND('',#1515,.T.);
#1602=FACE_BOUND('',#1516,.T.);
#1603=FACE_BOUND('',#1517,.T.);
#1604=FACE_BOUND('',#1518,.T.);
#1605=FACE_BOUND('',#1519,.T.);
#1606=FACE_BOUND('',#1520,.T.);
#1607=FACE_BOUND('',#1521,.T.);
#1608=FACE_BOUND('',#1522,.T.);
#1609=FACE_BOUND('',#1523,.T.);
#1610=FACE_BOUND('',#1524,.T.);
#1611=FACE_BOUND('',#1525,.T.);
#1612=FACE_BOUND('',#1526,.T.);
#1613=FACE_BOUND('',#1527,.T.);
#1614=FACE_BOUND('',#1528,.T.);
#1615=FACE_BOUND('',#1529,.T.);
#1616=FACE_BOUND('',#1530,.T.);
#1617=FACE_BOUND('',#1531,.T.);
#1618=FACE_BOUND('',#1532,.T.);
#1619=FACE_BOUND('',#1533,.T.);
#1620=FACE_BOUND('',#1534,.T.);
#1621=FACE_BOUND('',#1535,.T.);
#1622=FACE_BOUND('',#1536,.T.);
#1623=FACE_BOUND('',#1537,.T.);
#1624=FACE_BOUND('',#1538,.T.);
#1625=FACE_BOUND('',#1539,.T.);
#1626=FACE_BOUND('',#1540,.T.);
#1627=(
BOUNDED_SURFACE()
B_SPLINE_SURFACE(3,1,((#2428,#2429),(#2430,#2431),(#2432,#2433),(#2434,
#2435),(#2436,#2437),(#2438,#2439),(#2440,#2441)),.CYLINDRICAL_SURF.,.F.,
 .F.,.F.)
B_SPLINE_SURFACE_WITH_KNOTS((4,3,4),(2,2),(0.,0.5,1.),(0.0454545454545454,
0.954545454545454),.PIECEWISE_BEZIER_KNOTS.)
GEOMETRIC_REPRESENTATION_ITEM()
RATIONAL_B_SPLINE_SURFACE(((1.,1.),(0.582192518165406,0.582192518165406),
(0.582192518165406,0.582192518165406),(1.,1.),(0.582192518165406,0.582192518165406),
(0.582192518165406,0.582192518165406),(1.,1.)))
REPRESENTATION_ITEM('')
SURFACE()
);
#1628=(
BOUNDED_SURFACE()
B_SPLINE_SURFACE(3,1,((#2450,#2451),(#2452,#2453),(#2454,#2455),(#2456,
#2457),(#2458,#2459),(#2460,#2461),(#2462,#2463)),.CYLINDRICAL_SURF.,.F.,
 .F.,.F.)
B_SPLINE_SURFACE_WITH_KNOTS((4,3,4),(2,2),(0.,0.5,1.),(0.0454545454545455,
0.954545454545454),.PIECEWISE_BEZIER_KNOTS.)
GEOMETRIC_REPRESENTATION_ITEM()
RATIONAL_B_SPLINE_SURFACE(((1.,1.),(0.582192518165407,0.582192518165406),
(0.582192518165407,0.582192518165406),(1.,1.),(0.582192518165406,0.582192518165406),
(0.582192518165406,0.582192518165406),(1.,1.)))
REPRESENTATION_ITEM('')
SURFACE()
);
#1629=(
BOUNDED_SURFACE()
B_SPLINE_SURFACE(3,1,((#2472,#2473),(#2474,#2475),(#2476,#2477),(#2478,
#2479)),.CYLINDRICAL_SURF.,.F.,.F.,.F.)
B_SPLINE_SURFACE_WITH_KNOTS((4,4),(2,2),(0.536694818081976,0.539057459458211),
(0.0454545454545456,0.954545454545454),.PIECEWISE_BEZIER_KNOTS.)
GEOMETRIC_REPRESENTATION_ITEM()
RATIONAL_B_SPLINE_SURFACE(((0.86399280506465,0.86399280506465),(0.861304998938971,
0.86130499893897),(0.858632078344685,0.858632078344685),(0.855974043281793,
0.855974043281793)))
REPRESENTATION_ITEM('')
SURFACE()
);
#1630=(
BOUNDED_SURFACE()
B_SPLINE_SURFACE(3,1,((#2488,#2489),(#2490,#2491),(#2492,#2493),(#2494,
#2495),(#2496,#2497),(#2498,#2499),(#2500,#2501)),.CYLINDRICAL_SURF.,.F.,
 .F.,.F.)
B_SPLINE_SURFACE_WITH_KNOTS((4,3,4),(2,2),(0.,0.5,1.),(0.0454545454545454,
0.954545454545454),.PIECEWISE_BEZIER_KNOTS.)
GEOMETRIC_REPRESENTATION_ITEM()
RATIONAL_B_SPLINE_SURFACE(((1.,1.),(0.582192518165406,0.582192518165406),
(0.582192518165406,0.582192518165406),(1.,1.),(0.582192518165406,0.582192518165406),
(0.582192518165406,0.582192518165406),(1.,1.)))
REPRESENTATION_ITEM('')
SURFACE()
);
#1631=(
BOUNDED_SURFACE()
B_SPLINE_SURFACE(3,1,((#2512,#2513),(#2514,#2515),(#2516,#2517),(#2518,
#2519)),.CYLINDRICAL_SURF.,.F.,.F.,.F.)
B_SPLINE_SURFACE_WITH_KNOTS((4,4),(2,2),(0.364910747146442,0.366578873032932),
(0.0454545454545454,0.954545454545454),.PIECEWISE_BEZIER_KNOTS.)
GEOMETRIC_REPRESENTATION_ITEM()
RATIONAL_B_SPLINE_SURFACE(((0.605635838478028,0.605635838478028),(0.606658161635099,
0.606658161635099),(0.607687905176099,0.607687905176099),(0.608725069101027,
0.608725069101027)))
REPRESENTATION_ITEM('')
SURFACE()
);
#1632=(
BOUNDED_SURFACE()
B_SPLINE_SURFACE(3,1,((#2528,#2529),(#2530,#2531),(#2532,#2533),(#2534,
#2535),(#2536,#2537),(#2538,#2539),(#2540,#2541)),.CYLINDRICAL_SURF.,.F.,
 .F.,.F.)
B_SPLINE_SURFACE_WITH_KNOTS((4,3,4),(2,2),(0.,0.5,1.),(0.0454545454545455,
0.954545454545455),.PIECEWISE_BEZIER_KNOTS.)
GEOMETRIC_REPRESENTATION_ITEM()
RATIONAL_B_SPLINE_SURFACE(((1.,1.),(0.582192518165407,0.582192518165407),
(0.582192518165407,0.582192518165407),(1.,1.),(0.582192518165407,0.582192518165407),
(0.582192518165407,0.582192518165407),(1.,1.)))
REPRESENTATION_ITEM('')
SURFACE()
);
#1633=(
BOUNDED_SURFACE()
B_SPLINE_SURFACE(3,1,((#2552,#2553),(#2554,#2555),(#2556,#2557),(#2558,
#2559)),.CYLINDRICAL_SURF.,.F.,.F.,.F.)
B_SPLINE_SURFACE_WITH_KNOTS((4,4),(2,2),(0.249313159759678,0.250686840240322),
(0.0454545454545454,0.954545454545454),.PIECEWISE_BEZIER_KNOTS.)
GEOMETRIC_REPRESENTATION_ITEM()
RATIONAL_B_SPLINE_SURFACE(((0.500003773996126,0.500003773996126),(0.499998742001291,
0.499998742001291),(0.499998742001291,0.499998742001291),(0.500003773996126,
0.500003773996126)))
REPRESENTATION_ITEM('')
SURFACE()
);
#1634=(
BOUNDED_SURFACE()
B_SPLINE_SURFACE(3,1,((#2568,#2569),(#2570,#2571),(#2572,#2573),(#2574,
#2575),(#2576,#2577),(#2578,#2579),(#2580,#2581)),.CYLINDRICAL_SURF.,.F.,
 .F.,.F.)
B_SPLINE_SURFACE_WITH_KNOTS((4,3,4),(2,2),(0.,0.5,1.),(0.0454545454545454,
0.954545454545454),.PIECEWISE_BEZIER_KNOTS.)
GEOMETRIC_REPRESENTATION_ITEM()
RATIONAL_B_SPLINE_SURFACE(((1.,1.),(0.582192518165406,0.582192518165406),
(0.582192518165406,0.582192518165406),(1.,1.),(0.582192518165405,0.582192518165405),
(0.582192518165405,0.582192518165405),(1.,1.)))
REPRESENTATION_ITEM('')
SURFACE()
);
#1635=(
BOUNDED_SURFACE()
B_SPLINE_SURFACE(3,1,((#2592,#2593),(#2594,#2595),(#2596,#2597),(#2598,
#2599)),.CYLINDRICAL_SURF.,.F.,.F.,.F.)
B_SPLINE_SURFACE_WITH_KNOTS((4,4),(2,2),(0.133421126967068,0.135089252853558),
(0.0454545454545455,0.954545454545454),.PIECEWISE_BEZIER_KNOTS.)
GEOMETRIC_REPRESENTATION_ITEM()
RATIONAL_B_SPLINE_SURFACE(((0.608725069101028,0.608725069101028),(0.6076879051761,
0.6076879051761),(0.6066581616351,0.6066581616351),(0.605635838478028,0.605635838478028)))
REPRESENTATION_ITEM('')
SURFACE()
);
#1636=(
BOUNDED_SURFACE()
B_SPLINE_SURFACE(3,1,((#2608,#2609),(#2610,#2611),(#2612,#2613),(#2614,
#2615),(#2616,#2617),(#2618,#2619),(#2620,#2621)),.CYLINDRICAL_SURF.,.F.,
 .F.,.F.)
B_SPLINE_SURFACE_WITH_KNOTS((4,3,4),(2,2),(0.,0.5,1.),(0.0454545454545454,
0.954545454545454),.PIECEWISE_BEZIER_KNOTS.)
GEOMETRIC_REPRESENTATION_ITEM()
RATIONAL_B_SPLINE_SURFACE(((1.,1.),(0.582192518165407,0.582192518165407),
(0.582192518165407,0.582192518165407),(1.,1.),(0.582192518165407,0.582192518165407),
(0.582192518165407,0.582192518165407),(1.,1.)))
REPRESENTATION_ITEM('')
SURFACE()
);
#1637=(
BOUNDED_SURFACE()
B_SPLINE_SURFACE(3,1,((#2632,#2633),(#2634,#2635),(#2636,#2637),(#2638,
#2639)),.CYLINDRICAL_SURF.,.F.,.F.,.F.)
B_SPLINE_SURFACE_WITH_KNOTS((4,4),(2,2),(0.960942540541788,0.963305181918023),
(0.0454545454545453,0.954545454545454),.PIECEWISE_BEZIER_KNOTS.)
GEOMETRIC_REPRESENTATION_ITEM()
RATIONAL_B_SPLINE_SURFACE(((0.855974043281792,0.855974043281792),(0.858632078344684,
0.858632078344684),(0.861304998938969,0.861304998938969),(0.863992805064649,
0.863992805064649)))
REPRESENTATION_ITEM('')
SURFACE()
);
#1638=(
BOUNDED_SURFACE()
B_SPLINE_SURFACE(3,1,((#2660,#2661),(#2662,#2663),(#2664,#2665),(#2666,
#2667),(#2668,#2669),(#2670,#2671),(#2672,#2673)),.CYLINDRICAL_SURF.,.F.,
 .F.,.F.)
B_SPLINE_SURFACE_WITH_KNOTS((4,3,4),(2,2),(0.,0.5,1.),(0.0454545454545454,
0.954545454545455),.PIECEWISE_BEZIER_KNOTS.)
GEOMETRIC_REPRESENTATION_ITEM()
RATIONAL_B_SPLINE_SURFACE(((1.,1.),(0.558546308663188,0.558546308663188),
(0.558546308663188,0.558546308663188),(1.,1.),(0.558546308663188,0.558546308663188),
(0.558546308663188,0.558546308663188),(1.,1.)))
REPRESENTATION_ITEM('')
SURFACE()
);
#1639=(
BOUNDED_SURFACE()
B_SPLINE_SURFACE(3,1,((#3004,#3005),(#3006,#3007),(#3008,#3009),(#3010,
#3011)),.CYLINDRICAL_SURF.,.F.,.F.,.F.)
B_SPLINE_SURFACE_WITH_KNOTS((4,4),(2,2),(0.,1.),(0.,1.),
 .PIECEWISE_BEZIER_KNOTS.)
GEOMETRIC_REPRESENTATION_ITEM()
RATIONAL_B_SPLINE_SURFACE(((1.,1.),(0.735189676757773,0.735189676757773),
(0.735189676757773,0.735189676757773),(1.,1.)))
REPRESENTATION_ITEM('')
SURFACE()
);
#1640=(
BOUNDED_SURFACE()
B_SPLINE_SURFACE(3,1,((#3012,#3013),(#3014,#3015),(#3016,#3017),(#3018,
#3019)),.CYLINDRICAL_SURF.,.F.,.F.,.F.)
B_SPLINE_SURFACE_WITH_KNOTS((4,4),(2,2),(0.,1.),(0.,1.),
 .PIECEWISE_BEZIER_KNOTS.)
GEOMETRIC_REPRESENTATION_ITEM()
RATIONAL_B_SPLINE_SURFACE(((1.,1.),(0.735189676757775,0.735189676757775),
(0.735189676757775,0.735189676757775),(1.,1.)))
REPRESENTATION_ITEM('')
SURFACE()
);
#1641=(
BOUNDED_SURFACE()
B_SPLINE_SURFACE(3,1,((#3020,#3021),(#3022,#3023),(#3024,#3025),(#3026,
#3027)),.CYLINDRICAL_SURF.,.F.,.F.,.F.)
B_SPLINE_SURFACE_WITH_KNOTS((4,4),(2,2),(0.,1.),(0.,1.),
 .PIECEWISE_BEZIER_KNOTS.)
GEOMETRIC_REPRESENTATION_ITEM()
RATIONAL_B_SPLINE_SURFACE(((1.,1.),(0.816643346592785,0.816643346592785),
(0.816643346592785,0.816643346592785),(1.,1.)))
REPRESENTATION_ITEM('')
SURFACE()
);
#1642=(
BOUNDED_SURFACE()
B_SPLINE_SURFACE(3,1,((#3035,#3036),(#3037,#3038),(#3039,#3040),(#3041,
#3042)),.CYLINDRICAL_SURF.,.F.,.F.,.F.)
B_SPLINE_SURFACE_WITH_KNOTS((4,4),(2,2),(0.,1.),(0.,1.),
 .PIECEWISE_BEZIER_KNOTS.)
GEOMETRIC_REPRESENTATION_ITEM()
RATIONAL_B_SPLINE_SURFACE(((1.,1.),(0.816643346592786,0.816643346592786),
(0.816643346592786,0.816643346592786),(1.,1.)))
REPRESENTATION_ITEM('')
SURFACE()
);
#1643=(
BOUNDED_SURFACE()
B_SPLINE_SURFACE(3,1,((#3044,#3045),(#3046,#3047),(#3048,#3049),(#3050,
#3051)),.CYLINDRICAL_SURF.,.F.,.F.,.F.)
B_SPLINE_SURFACE_WITH_KNOTS((4,4),(2,2),(0.,1.),(0.,1.),
 .PIECEWISE_BEZIER_KNOTS.)
GEOMETRIC_REPRESENTATION_ITEM()
RATIONAL_B_SPLINE_SURFACE(((1.,1.),(0.651732936165718,0.651732936165718),
(0.651732936165718,0.651732936165718),(1.,1.)))
REPRESENTATION_ITEM('')
SURFACE()
);
#1644=(
BOUNDED_SURFACE()
B_SPLINE_SURFACE(3,1,((#3053,#3054),(#3055,#3056),(#3057,#3058),(#3059,
#3060)),.CYLINDRICAL_SURF.,.F.,.F.,.F.)
B_SPLINE_SURFACE_WITH_KNOTS((4,4),(2,2),(0.,1.),(0.,1.),
 .PIECEWISE_BEZIER_KNOTS.)
GEOMETRIC_REPRESENTATION_ITEM()
RATIONAL_B_SPLINE_SURFACE(((1.,1.),(0.651732936165728,0.651732936165728),
(0.651732936165728,0.651732936165728),(1.,1.)))
REPRESENTATION_ITEM('')
SURFACE()
);
#1645=(
BOUNDED_SURFACE()
B_SPLINE_SURFACE(3,1,((#3062,#3063),(#3064,#3065),(#3066,#3067),(#3068,
#3069)),.CYLINDRICAL_SURF.,.F.,.F.,.F.)
B_SPLINE_SURFACE_WITH_KNOTS((4,4),(2,2),(0.,1.),(0.,1.),
 .PIECEWISE_BEZIER_KNOTS.)
GEOMETRIC_REPRESENTATION_ITEM()
RATIONAL_B_SPLINE_SURFACE(((1.,1.),(0.787302894900687,0.787302894900687),
(0.787302894900687,0.787302894900687),(1.,1.)))
REPRESENTATION_ITEM('')
SURFACE()
);
#1646=(
BOUNDED_SURFACE()
B_SPLINE_SURFACE(3,1,((#3071,#3072),(#3073,#3074),(#3075,#3076),(#3077,
#3078)),.CYLINDRICAL_SURF.,.F.,.F.,.F.)
B_SPLINE_SURFACE_WITH_KNOTS((4,4),(2,2),(0.,1.),(0.,1.),
 .PIECEWISE_BEZIER_KNOTS.)
GEOMETRIC_REPRESENTATION_ITEM()
RATIONAL_B_SPLINE_SURFACE(((1.,1.),(0.787302894900686,0.787302894900686),
(0.787302894900686,0.787302894900686),(1.,1.)))
REPRESENTATION_ITEM('')
SURFACE()
);
#1647=(
BOUNDED_SURFACE()
B_SPLINE_SURFACE(3,1,((#3086,#3087),(#3088,#3089),(#3090,#3091),(#3092,
#3093)),.CYLINDRICAL_SURF.,.F.,.F.,.F.)
B_SPLINE_SURFACE_WITH_KNOTS((4,4),(2,2),(0.,1.),(0.,1.),
 .PIECEWISE_BEZIER_KNOTS.)
GEOMETRIC_REPRESENTATION_ITEM()
RATIONAL_B_SPLINE_SURFACE(((1.,1.),(0.816643346592787,0.816643346592787),
(0.816643346592787,0.816643346592787),(1.,1.)))
REPRESENTATION_ITEM('')
SURFACE()
);
#1648=(
BOUNDED_SURFACE()
B_SPLINE_SURFACE(3,1,((#3101,#3102),(#3103,#3104),(#3105,#3106),(#3107,
#3108)),.CYLINDRICAL_SURF.,.F.,.F.,.F.)
B_SPLINE_SURFACE_WITH_KNOTS((4,4),(2,2),(0.,1.),(0.,1.),
 .PIECEWISE_BEZIER_KNOTS.)
GEOMETRIC_REPRESENTATION_ITEM()
RATIONAL_B_SPLINE_SURFACE(((1.,1.),(0.816643346592786,0.816643346592786),
(0.816643346592786,0.816643346592786),(1.,1.)))
REPRESENTATION_ITEM('')
SURFACE()
);
#1649=(
BOUNDED_SURFACE()
B_SPLINE_SURFACE(3,1,((#3110,#3111),(#3112,#3113),(#3114,#3115),(#3116,
#3117)),.CYLINDRICAL_SURF.,.F.,.F.,.F.)
B_SPLINE_SURFACE_WITH_KNOTS((4,4),(2,2),(0.,1.),(0.,1.),
 .PIECEWISE_BEZIER_KNOTS.)
GEOMETRIC_REPRESENTATION_ITEM()
RATIONAL_B_SPLINE_SURFACE(((1.,1.),(0.651732936165745,0.651732936165745),
(0.651732936165745,0.651732936165745),(1.,1.)))
REPRESENTATION_ITEM('')
SURFACE()
);
#1650=(
BOUNDED_SURFACE()
B_SPLINE_SURFACE(3,1,((#3119,#3120),(#3121,#3122),(#3123,#3124),(#3125,
#3126)),.CYLINDRICAL_SURF.,.F.,.F.,.F.)
B_SPLINE_SURFACE_WITH_KNOTS((4,4),(2,2),(0.,1.),(0.,1.),
 .PIECEWISE_BEZIER_KNOTS.)
GEOMETRIC_REPRESENTATION_ITEM()
RATIONAL_B_SPLINE_SURFACE(((1.,1.),(0.651732936165717,0.651732936165717),
(0.651732936165717,0.651732936165717),(1.,1.)))
REPRESENTATION_ITEM('')
SURFACE()
);
#1651=(
BOUNDED_SURFACE()
B_SPLINE_SURFACE(3,1,((#3128,#3129),(#3130,#3131),(#3132,#3133),(#3134,
#3135)),.CYLINDRICAL_SURF.,.F.,.F.,.F.)
B_SPLINE_SURFACE_WITH_KNOTS((4,4),(2,2),(0.,1.),(0.,1.),
 .PIECEWISE_BEZIER_KNOTS.)
GEOMETRIC_REPRESENTATION_ITEM()
RATIONAL_B_SPLINE_SURFACE(((1.,1.),(0.787302894900684,0.787302894900684),
(0.787302894900684,0.787302894900684),(1.,1.)))
REPRESENTATION_ITEM('')
SURFACE()
);
#1652=(
BOUNDED_SURFACE()
B_SPLINE_SURFACE(3,1,((#3137,#3138),(#3139,#3140),(#3141,#3142),(#3143,
#3144)),.CYLINDRICAL_SURF.,.F.,.F.,.F.)
B_SPLINE_SURFACE_WITH_KNOTS((4,4),(2,2),(0.,1.),(0.,1.),
 .PIECEWISE_BEZIER_KNOTS.)
GEOMETRIC_REPRESENTATION_ITEM()
RATIONAL_B_SPLINE_SURFACE(((1.,1.),(0.787302894900684,0.787302894900684),
(0.787302894900684,0.787302894900684),(1.,1.)))
REPRESENTATION_ITEM('')
SURFACE()
);
#1653=(
BOUNDED_SURFACE()
B_SPLINE_SURFACE(3,1,((#3152,#3153),(#3154,#3155),(#3156,#3157),(#3158,
#3159)),.CYLINDRICAL_SURF.,.F.,.F.,.F.)
B_SPLINE_SURFACE_WITH_KNOTS((4,4),(2,2),(0.,1.),(0.,1.),
 .PIECEWISE_BEZIER_KNOTS.)
GEOMETRIC_REPRESENTATION_ITEM()
RATIONAL_B_SPLINE_SURFACE(((1.,1.),(0.816643346592786,0.816643346592786),
(0.816643346592786,0.816643346592786),(1.,1.)))
REPRESENTATION_ITEM('')
SURFACE()
);
#1654=(
BOUNDED_SURFACE()
B_SPLINE_SURFACE(3,1,((#3167,#3168),(#3169,#3170),(#3171,#3172),(#3173,
#3174)),.CYLINDRICAL_SURF.,.F.,.F.,.F.)
B_SPLINE_SURFACE_WITH_KNOTS((4,4),(2,2),(0.,1.),(0.,1.),
 .PIECEWISE_BEZIER_KNOTS.)
GEOMETRIC_REPRESENTATION_ITEM()
RATIONAL_B_SPLINE_SURFACE(((1.,1.),(0.816643346592786,0.816643346592786),
(0.816643346592786,0.816643346592786),(1.,1.)))
REPRESENTATION_ITEM('')
SURFACE()
);
#1655=(
BOUNDED_SURFACE()
B_SPLINE_SURFACE(3,1,((#3176,#3177),(#3178,#3179),(#3180,#3181),(#3182,
#3183)),.CYLINDRICAL_SURF.,.F.,.F.,.F.)
B_SPLINE_SURFACE_WITH_KNOTS((4,4),(2,2),(0.,1.),(0.,1.),
 .PIECEWISE_BEZIER_KNOTS.)
GEOMETRIC_REPRESENTATION_ITEM()
RATIONAL_B_SPLINE_SURFACE(((1.,1.),(0.651732936165736,0.651732936165736),
(0.651732936165736,0.651732936165736),(1.,1.)))
REPRESENTATION_ITEM('')
SURFACE()
);
#1656=(
BOUNDED_SURFACE()
B_SPLINE_SURFACE(3,1,((#3185,#3186),(#3187,#3188),(#3189,#3190),(#3191,
#3192)),.CYLINDRICAL_SURF.,.F.,.F.,.F.)
B_SPLINE_SURFACE_WITH_KNOTS((4,4),(2,2),(0.,1.),(0.,1.),
 .PIECEWISE_BEZIER_KNOTS.)
GEOMETRIC_REPRESENTATION_ITEM()
RATIONAL_B_SPLINE_SURFACE(((1.,1.),(0.65173293616572,0.65173293616572),
(0.65173293616572,0.65173293616572),(1.,1.)))
REPRESENTATION_ITEM('')
SURFACE()
);
#1657=(
BOUNDED_SURFACE()
B_SPLINE_SURFACE(3,1,((#3194,#3195),(#3196,#3197),(#3198,#3199),(#3200,
#3201)),.CYLINDRICAL_SURF.,.F.,.F.,.F.)
B_SPLINE_SURFACE_WITH_KNOTS((4,4),(2,2),(0.,1.),(0.,1.),
 .PIECEWISE_BEZIER_KNOTS.)
GEOMETRIC_REPRESENTATION_ITEM()
RATIONAL_B_SPLINE_SURFACE(((1.,1.),(0.787302894900686,0.787302894900686),
(0.787302894900686,0.787302894900686),(1.,1.)))
REPRESENTATION_ITEM('')
SURFACE()
);
#1658=(
BOUNDED_SURFACE()
B_SPLINE_SURFACE(3,1,((#3203,#3204),(#3205,#3206),(#3207,#3208),(#3209,
#3210)),.CYLINDRICAL_SURF.,.F.,.F.,.F.)
B_SPLINE_SURFACE_WITH_KNOTS((4,4),(2,2),(0.,1.),(0.,1.),
 .PIECEWISE_BEZIER_KNOTS.)
GEOMETRIC_REPRESENTATION_ITEM()
RATIONAL_B_SPLINE_SURFACE(((1.,1.),(0.787302894900677,0.787302894900677),
(0.787302894900677,0.787302894900677),(1.,1.)))
REPRESENTATION_ITEM('')
SURFACE()
);
#1659=(
BOUNDED_SURFACE()
B_SPLINE_SURFACE(3,1,((#3218,#3219),(#3220,#3221),(#3222,#3223),(#3224,
#3225)),.CYLINDRICAL_SURF.,.F.,.F.,.F.)
B_SPLINE_SURFACE_WITH_KNOTS((4,4),(2,2),(0.,1.),(0.,1.),
 .PIECEWISE_BEZIER_KNOTS.)
GEOMETRIC_REPRESENTATION_ITEM()
RATIONAL_B_SPLINE_SURFACE(((1.,1.),(0.816643346592786,0.816643346592786),
(0.816643346592786,0.816643346592786),(1.,1.)))
REPRESENTATION_ITEM('')
SURFACE()
);
#1660=(
BOUNDED_SURFACE()
B_SPLINE_SURFACE(3,1,((#3233,#3234),(#3235,#3236),(#3237,#3238),(#3239,
#3240)),.CYLINDRICAL_SURF.,.F.,.F.,.F.)
B_SPLINE_SURFACE_WITH_KNOTS((4,4),(2,2),(0.,1.),(0.,1.),
 .PIECEWISE_BEZIER_KNOTS.)
GEOMETRIC_REPRESENTATION_ITEM()
RATIONAL_B_SPLINE_SURFACE(((1.,1.),(0.816643346592786,0.816643346592786),
(0.816643346592786,0.816643346592786),(1.,1.)))
REPRESENTATION_ITEM('')
SURFACE()
);
#1661=(
BOUNDED_SURFACE()
B_SPLINE_SURFACE(3,1,((#3242,#3243),(#3244,#3245),(#3246,#3247),(#3248,
#3249)),.CYLINDRICAL_SURF.,.F.,.F.,.F.)
B_SPLINE_SURFACE_WITH_KNOTS((4,4),(2,2),(0.,1.),(0.,1.),
 .PIECEWISE_BEZIER_KNOTS.)
GEOMETRIC_REPRESENTATION_ITEM()
RATIONAL_B_SPLINE_SURFACE(((1.,1.),(0.651732936165732,0.651732936165732),
(0.651732936165732,0.651732936165732),(1.,1.)))
REPRESENTATION_ITEM('')
SURFACE()
);
#1662=(
BOUNDED_SURFACE()
B_SPLINE_SURFACE(3,1,((#3251,#3252),(#3253,#3254),(#3255,#3256),(#3257,
#3258)),.CYLINDRICAL_SURF.,.F.,.F.,.F.)
B_SPLINE_SURFACE_WITH_KNOTS((4,4),(2,2),(0.,1.),(0.,1.),
 .PIECEWISE_BEZIER_KNOTS.)
GEOMETRIC_REPRESENTATION_ITEM()
RATIONAL_B_SPLINE_SURFACE(((1.,1.),(0.651732936165722,0.651732936165722),
(0.651732936165722,0.651732936165722),(1.,1.)))
REPRESENTATION_ITEM('')
SURFACE()
);
#1663=(
BOUNDED_SURFACE()
B_SPLINE_SURFACE(3,1,((#3260,#3261),(#3262,#3263),(#3264,#3265),(#3266,
#3267)),.CYLINDRICAL_SURF.,.F.,.F.,.F.)
B_SPLINE_SURFACE_WITH_KNOTS((4,4),(2,2),(0.,1.),(0.,1.),
 .PIECEWISE_BEZIER_KNOTS.)
GEOMETRIC_REPRESENTATION_ITEM()
RATIONAL_B_SPLINE_SURFACE(((1.,1.),(0.787302894900676,0.787302894900676),
(0.787302894900676,0.787302894900676),(1.,1.)))
REPRESENTATION_ITEM('')
SURFACE()
);
#1664=(
BOUNDED_SURFACE()
B_SPLINE_SURFACE(3,1,((#3269,#3270),(#3271,#3272),(#3273,#3274),(#3275,
#3276)),.CYLINDRICAL_SURF.,.F.,.F.,.F.)
B_SPLINE_SURFACE_WITH_KNOTS((4,4),(2,2),(0.,1.),(0.,1.),
 .PIECEWISE_BEZIER_KNOTS.)
GEOMETRIC_REPRESENTATION_ITEM()
RATIONAL_B_SPLINE_SURFACE(((1.,1.),(0.787302894900687,0.787302894900687),
(0.787302894900687,0.787302894900687),(1.,1.)))
REPRESENTATION_ITEM('')
SURFACE()
);
#1665=(
BOUNDED_SURFACE()
B_SPLINE_SURFACE(3,1,((#3284,#3285),(#3286,#3287),(#3288,#3289),(#3290,
#3291)),.CYLINDRICAL_SURF.,.F.,.F.,.F.)
B_SPLINE_SURFACE_WITH_KNOTS((4,4),(2,2),(0.,1.),(0.,1.),
 .PIECEWISE_BEZIER_KNOTS.)
GEOMETRIC_REPRESENTATION_ITEM()
RATIONAL_B_SPLINE_SURFACE(((1.,1.),(0.816643346592787,0.816643346592787),
(0.816643346592787,0.816643346592787),(1.,1.)))
REPRESENTATION_ITEM('')
SURFACE()
);
#1666=(
BOUNDED_SURFACE()
B_SPLINE_SURFACE(3,1,((#3299,#3300),(#3301,#3302),(#3303,#3304),(#3305,
#3306)),.CYLINDRICAL_SURF.,.F.,.F.,.F.)
B_SPLINE_SURFACE_WITH_KNOTS((4,4),(2,2),(0.,1.),(0.,1.),
 .PIECEWISE_BEZIER_KNOTS.)
GEOMETRIC_REPRESENTATION_ITEM()
RATIONAL_B_SPLINE_SURFACE(((1.,1.),(0.816643346592785,0.816643346592785),
(0.816643346592785,0.816643346592785),(1.,1.)))
REPRESENTATION_ITEM('')
SURFACE()
);
#1667=(
BOUNDED_SURFACE()
B_SPLINE_SURFACE(3,1,((#3308,#3309),(#3310,#3311),(#3312,#3313),(#3314,
#3315)),.CYLINDRICAL_SURF.,.F.,.F.,.F.)
B_SPLINE_SURFACE_WITH_KNOTS((4,4),(2,2),(0.,1.),(0.,1.),
 .PIECEWISE_BEZIER_KNOTS.)
GEOMETRIC_REPRESENTATION_ITEM()
RATIONAL_B_SPLINE_SURFACE(((1.,1.),(0.65173293616574,0.65173293616574),
(0.65173293616574,0.65173293616574),(1.,1.)))
REPRESENTATION_ITEM('')
SURFACE()
);
#1668=(
BOUNDED_SURFACE()
B_SPLINE_SURFACE(3,1,((#3317,#3318),(#3319,#3320),(#3321,#3322),(#3323,
#3324)),.CYLINDRICAL_SURF.,.F.,.F.,.F.)
B_SPLINE_SURFACE_WITH_KNOTS((4,4),(2,2),(0.,1.),(0.,1.),
 .PIECEWISE_BEZIER_KNOTS.)
GEOMETRIC_REPRESENTATION_ITEM()
RATIONAL_B_SPLINE_SURFACE(((1.,1.),(0.651732936165729,0.651732936165729),
(0.651732936165729,0.651732936165729),(1.,1.)))
REPRESENTATION_ITEM('')
SURFACE()
);
#1669=(
BOUNDED_SURFACE()
B_SPLINE_SURFACE(3,1,((#3326,#3327),(#3328,#3329),(#3330,#3331),(#3332,
#3333)),.CYLINDRICAL_SURF.,.F.,.F.,.F.)
B_SPLINE_SURFACE_WITH_KNOTS((4,4),(2,2),(0.,1.),(0.,1.),
 .PIECEWISE_BEZIER_KNOTS.)
GEOMETRIC_REPRESENTATION_ITEM()
RATIONAL_B_SPLINE_SURFACE(((1.,1.),(0.787302894900686,0.787302894900686),
(0.787302894900686,0.787302894900686),(1.,1.)))
REPRESENTATION_ITEM('')
SURFACE()
);
#1670=(
BOUNDED_SURFACE()
B_SPLINE_SURFACE(3,1,((#3335,#3336),(#3337,#3338),(#3339,#3340),(#3341,
#3342)),.CYLINDRICAL_SURF.,.F.,.F.,.F.)
B_SPLINE_SURFACE_WITH_KNOTS((4,4),(2,2),(0.,1.),(0.,1.),
 .PIECEWISE_BEZIER_KNOTS.)
GEOMETRIC_REPRESENTATION_ITEM()
RATIONAL_B_SPLINE_SURFACE(((1.,1.),(0.787302894900679,0.787302894900679),
(0.787302894900679,0.787302894900679),(1.,1.)))
REPRESENTATION_ITEM('')
SURFACE()
);
#1671=(
BOUNDED_SURFACE()
B_SPLINE_SURFACE(3,1,((#3350,#3351),(#3352,#3353),(#3354,#3355),(#3356,
#3357)),.CYLINDRICAL_SURF.,.F.,.F.,.F.)
B_SPLINE_SURFACE_WITH_KNOTS((4,4),(2,2),(0.,1.),(0.,1.),
 .PIECEWISE_BEZIER_KNOTS.)
GEOMETRIC_REPRESENTATION_ITEM()
RATIONAL_B_SPLINE_SURFACE(((1.,1.),(0.816643346592785,0.816643346592785),
(0.816643346592785,0.816643346592785),(1.,1.)))
REPRESENTATION_ITEM('')
SURFACE()
);
#1672=(
BOUNDED_SURFACE()
B_SPLINE_SURFACE(3,1,((#3359,#3360),(#3361,#3362),(#3363,#3364),(#3365,
#3366)),.CYLINDRICAL_SURF.,.F.,.F.,.F.)
B_SPLINE_SURFACE_WITH_KNOTS((4,4),(2,2),(0.,1.),(0.,1.),
 .PIECEWISE_BEZIER_KNOTS.)
GEOMETRIC_REPRESENTATION_ITEM()
RATIONAL_B_SPLINE_SURFACE(((1.,1.),(0.816643346592786,0.816643346592786),
(0.816643346592786,0.816643346592786),(1.,1.)))
REPRESENTATION_ITEM('')
SURFACE()
);
#1673=(
BOUNDED_SURFACE()
B_SPLINE_SURFACE(3,1,((#3368,#3369),(#3370,#3371),(#3372,#3373),(#3374,
#3375)),.CYLINDRICAL_SURF.,.F.,.F.,.F.)
B_SPLINE_SURFACE_WITH_KNOTS((4,4),(2,2),(0.,1.),(0.,1.),
 .PIECEWISE_BEZIER_KNOTS.)
GEOMETRIC_REPRESENTATION_ITEM()
RATIONAL_B_SPLINE_SURFACE(((1.,1.),(0.651732936165735,0.651732936165735),
(0.651732936165735,0.651732936165735),(1.,1.)))
REPRESENTATION_ITEM('')
SURFACE()
);
#1674=(
BOUNDED_SURFACE()
B_SPLINE_SURFACE(3,1,((#3377,#3378),(#3379,#3380),(#3381,#3382),(#3383,
#3384)),.CYLINDRICAL_SURF.,.F.,.F.,.F.)
B_SPLINE_SURFACE_WITH_KNOTS((4,4),(2,2),(0.,1.),(0.,1.),
 .PIECEWISE_BEZIER_KNOTS.)
GEOMETRIC_REPRESENTATION_ITEM()
RATIONAL_B_SPLINE_SURFACE(((1.,1.),(0.651732936165717,0.651732936165717),
(0.651732936165717,0.651732936165717),(1.,1.)))
REPRESENTATION_ITEM('')
SURFACE()
);
#1675=(
BOUNDED_SURFACE()
B_SPLINE_SURFACE(3,1,((#3386,#3387),(#3388,#3389),(#3390,#3391),(#3392,
#3393)),.CYLINDRICAL_SURF.,.F.,.F.,.F.)
B_SPLINE_SURFACE_WITH_KNOTS((4,4),(2,2),(0.,1.),(0.,1.),
 .PIECEWISE_BEZIER_KNOTS.)
GEOMETRIC_REPRESENTATION_ITEM()
RATIONAL_B_SPLINE_SURFACE(((1.,1.),(0.787302894900685,0.787302894900685),
(0.787302894900685,0.787302894900685),(1.,1.)))
REPRESENTATION_ITEM('')
SURFACE()
);
#1676=(
BOUNDED_SURFACE()
B_SPLINE_SURFACE(3,1,((#3395,#3396),(#3397,#3398),(#3399,#3400),(#3401,
#3402)),.CYLINDRICAL_SURF.,.F.,.F.,.F.)
B_SPLINE_SURFACE_WITH_KNOTS((4,4),(2,2),(0.,1.),(0.,1.),
 .PIECEWISE_BEZIER_KNOTS.)
GEOMETRIC_REPRESENTATION_ITEM()
RATIONAL_B_SPLINE_SURFACE(((1.,1.),(0.787302894900686,0.787302894900686),
(0.787302894900686,0.787302894900686),(1.,1.)))
REPRESENTATION_ITEM('')
SURFACE()
);
#1677=(
BOUNDED_SURFACE()
B_SPLINE_SURFACE(3,1,((#3404,#3405),(#3406,#3407),(#3408,#3409),(#3410,
#3411)),.CYLINDRICAL_SURF.,.F.,.F.,.F.)
B_SPLINE_SURFACE_WITH_KNOTS((4,4),(2,2),(0.,1.),(0.,1.),
 .PIECEWISE_BEZIER_KNOTS.)
GEOMETRIC_REPRESENTATION_ITEM()
RATIONAL_B_SPLINE_SURFACE(((1.,1.),(0.664523498528754,0.664523498528754),
(0.664523498528754,0.664523498528754),(1.,1.)))
REPRESENTATION_ITEM('')
SURFACE()
);
#1678=(
BOUNDED_SURFACE()
B_SPLINE_SURFACE(3,1,((#3412,#3413),(#3414,#3415),(#3416,#3417),(#3418,
#3419)),.CYLINDRICAL_SURF.,.F.,.F.,.F.)
B_SPLINE_SURFACE_WITH_KNOTS((4,4),(2,2),(0.,1.),(0.,1.),
 .PIECEWISE_BEZIER_KNOTS.)
GEOMETRIC_REPRESENTATION_ITEM()
RATIONAL_B_SPLINE_SURFACE(((1.,1.),(0.664523498528772,0.664523498528772),
(0.664523498528772,0.664523498528772),(1.,1.)))
REPRESENTATION_ITEM('')
SURFACE()
);
#1679=(
BOUNDED_SURFACE()
B_SPLINE_SURFACE(3,1,((#3420,#3421),(#3422,#3423),(#3424,#3425),(#3426,
#3427)),.CYLINDRICAL_SURF.,.F.,.F.,.F.)
B_SPLINE_SURFACE_WITH_KNOTS((4,4),(2,2),(0.,1.),(0.,1.),
 .PIECEWISE_BEZIER_KNOTS.)
GEOMETRIC_REPRESENTATION_ITEM()
RATIONAL_B_SPLINE_SURFACE(((1.,1.),(0.66452349852878,0.66452349852878),
(0.66452349852878,0.66452349852878),(1.,1.)))
REPRESENTATION_ITEM('')
SURFACE()
);
#1680=(
BOUNDED_SURFACE()
B_SPLINE_SURFACE(3,1,((#3428,#3429),(#3430,#3431),(#3432,#3433),(#3434,
#3435)),.CYLINDRICAL_SURF.,.F.,.F.,.F.)
B_SPLINE_SURFACE_WITH_KNOTS((4,4),(2,2),(0.,1.),(0.,1.),
 .PIECEWISE_BEZIER_KNOTS.)
GEOMETRIC_REPRESENTATION_ITEM()
RATIONAL_B_SPLINE_SURFACE(((1.,1.),(0.664523498528747,0.664523498528747),
(0.664523498528747,0.664523498528747),(1.,1.)))
REPRESENTATION_ITEM('')
SURFACE()
);
#1681=(
BOUNDED_SURFACE()
B_SPLINE_SURFACE(3,1,((#3436,#3437),(#3438,#3439),(#3440,#3441),(#3442,
#3443)),.CYLINDRICAL_SURF.,.F.,.F.,.F.)
B_SPLINE_SURFACE_WITH_KNOTS((4,4),(2,2),(0.,1.),(0.,1.),
 .PIECEWISE_BEZIER_KNOTS.)
GEOMETRIC_REPRESENTATION_ITEM()
RATIONAL_B_SPLINE_SURFACE(((1.,1.),(0.664523498528754,0.664523498528754),
(0.664523498528754,0.664523498528754),(1.,1.)))
REPRESENTATION_ITEM('')
SURFACE()
);
#1682=(
BOUNDED_SURFACE()
B_SPLINE_SURFACE(3,1,((#3444,#3445),(#3446,#3447),(#3448,#3449),(#3450,
#3451)),.CYLINDRICAL_SURF.,.F.,.F.,.F.)
B_SPLINE_SURFACE_WITH_KNOTS((4,4),(2,2),(0.,1.),(0.,1.),
 .PIECEWISE_BEZIER_KNOTS.)
GEOMETRIC_REPRESENTATION_ITEM()
RATIONAL_B_SPLINE_SURFACE(((1.,1.),(0.664523498528762,0.664523498528762),
(0.664523498528762,0.664523498528762),(1.,1.)))
REPRESENTATION_ITEM('')
SURFACE()
);
#1683=(
BOUNDED_SURFACE()
B_SPLINE_SURFACE(3,1,((#3452,#3453),(#3454,#3455),(#3456,#3457),(#3458,
#3459)),.CYLINDRICAL_SURF.,.F.,.F.,.F.)
B_SPLINE_SURFACE_WITH_KNOTS((4,4),(2,2),(0.,1.),(0.,1.),
 .PIECEWISE_BEZIER_KNOTS.)
GEOMETRIC_REPRESENTATION_ITEM()
RATIONAL_B_SPLINE_SURFACE(((1.,1.),(0.664523498528766,0.664523498528766),
(0.664523498528766,0.664523498528766),(1.,1.)))
REPRESENTATION_ITEM('')
SURFACE()
);
#1684=(
BOUNDED_SURFACE()
B_SPLINE_SURFACE(3,1,((#3460,#3461),(#3462,#3463),(#3464,#3465),(#3466,
#3467)),.CYLINDRICAL_SURF.,.F.,.F.,.F.)
B_SPLINE_SURFACE_WITH_KNOTS((4,4),(2,2),(0.,1.),(0.,1.),
 .PIECEWISE_BEZIER_KNOTS.)
GEOMETRIC_REPRESENTATION_ITEM()
RATIONAL_B_SPLINE_SURFACE(((1.,1.),(0.66452349852878,0.66452349852878),
(0.66452349852878,0.66452349852878),(1.,1.)))
REPRESENTATION_ITEM('')
SURFACE()
);
#1685=(
BOUNDED_SURFACE()
B_SPLINE_SURFACE(3,1,((#3468,#3469),(#3470,#3471),(#3472,#3473),(#3474,
#3475)),.CYLINDRICAL_SURF.,.F.,.F.,.F.)
B_SPLINE_SURFACE_WITH_KNOTS((4,4),(2,2),(0.,1.),(0.,1.),
 .PIECEWISE_BEZIER_KNOTS.)
GEOMETRIC_REPRESENTATION_ITEM()
RATIONAL_B_SPLINE_SURFACE(((1.,1.),(0.664523498528739,0.664523498528739),
(0.664523498528739,0.664523498528739),(1.,1.)))
REPRESENTATION_ITEM('')
SURFACE()
);
#1686=(
BOUNDED_SURFACE()
B_SPLINE_SURFACE(3,1,((#3476,#3477),(#3478,#3479),(#3480,#3481),(#3482,
#3483)),.CYLINDRICAL_SURF.,.F.,.F.,.F.)
B_SPLINE_SURFACE_WITH_KNOTS((4,4),(2,2),(0.,1.),(0.,1.),
 .PIECEWISE_BEZIER_KNOTS.)
GEOMETRIC_REPRESENTATION_ITEM()
RATIONAL_B_SPLINE_SURFACE(((1.,1.),(0.664523498528773,0.664523498528773),
(0.664523498528773,0.664523498528773),(1.,1.)))
REPRESENTATION_ITEM('')
SURFACE()
);
#1687=(
BOUNDED_SURFACE()
B_SPLINE_SURFACE(3,1,((#3484,#3485),(#3486,#3487),(#3488,#3489),(#3490,
#3491)),.CYLINDRICAL_SURF.,.F.,.F.,.F.)
B_SPLINE_SURFACE_WITH_KNOTS((4,4),(2,2),(0.,1.),(0.,1.),
 .PIECEWISE_BEZIER_KNOTS.)
GEOMETRIC_REPRESENTATION_ITEM()
RATIONAL_B_SPLINE_SURFACE(((1.,1.),(0.664523498528758,0.664523498528758),
(0.664523498528758,0.664523498528758),(1.,1.)))
REPRESENTATION_ITEM('')
SURFACE()
);
#1688=(
BOUNDED_SURFACE()
B_SPLINE_SURFACE(3,1,((#3492,#3493),(#3494,#3495),(#3496,#3497),(#3498,
#3499)),.CYLINDRICAL_SURF.,.F.,.F.,.F.)
B_SPLINE_SURFACE_WITH_KNOTS((4,4),(2,2),(0.,1.),(0.,1.),
 .PIECEWISE_BEZIER_KNOTS.)
GEOMETRIC_REPRESENTATION_ITEM()
RATIONAL_B_SPLINE_SURFACE(((1.,1.),(0.664523498528761,0.664523498528761),
(0.664523498528761,0.664523498528761),(1.,1.)))
REPRESENTATION_ITEM('')
SURFACE()
);
#1689=(
BOUNDED_SURFACE()
B_SPLINE_SURFACE(3,1,((#3500,#3501),(#3502,#3503),(#3504,#3505),(#3506,
#3507)),.CYLINDRICAL_SURF.,.F.,.F.,.F.)
B_SPLINE_SURFACE_WITH_KNOTS((4,4),(2,2),(0.,1.),(0.,1.),
 .PIECEWISE_BEZIER_KNOTS.)
GEOMETRIC_REPRESENTATION_ITEM()
RATIONAL_B_SPLINE_SURFACE(((1.,1.),(0.719956497645122,0.719956497645122),
(0.719956497645122,0.719956497645122),(1.,1.)))
REPRESENTATION_ITEM('')
SURFACE()
);
#1690=(
BOUNDED_SURFACE()
B_SPLINE_SURFACE(3,1,((#3508,#3509),(#3510,#3511),(#3512,#3513),(#3514,
#3515)),.CYLINDRICAL_SURF.,.F.,.F.,.F.)
B_SPLINE_SURFACE_WITH_KNOTS((4,4),(2,2),(0.,1.),(0.,1.),
 .PIECEWISE_BEZIER_KNOTS.)
GEOMETRIC_REPRESENTATION_ITEM()
RATIONAL_B_SPLINE_SURFACE(((1.,1.),(0.719956497645122,0.719956497645122),
(0.719956497645122,0.719956497645122),(1.,1.)))
REPRESENTATION_ITEM('')
SURFACE()
);
#1691=(
BOUNDED_SURFACE()
B_SPLINE_SURFACE(3,1,((#3516,#3517),(#3518,#3519),(#3520,#3521),(#3522,
#3523)),.CYLINDRICAL_SURF.,.F.,.F.,.F.)
B_SPLINE_SURFACE_WITH_KNOTS((4,4),(2,2),(0.,1.),(0.,1.),
 .PIECEWISE_BEZIER_KNOTS.)
GEOMETRIC_REPRESENTATION_ITEM()
RATIONAL_B_SPLINE_SURFACE(((1.,1.),(0.719956497645125,0.719956497645125),
(0.719956497645125,0.719956497645125),(1.,1.)))
REPRESENTATION_ITEM('')
SURFACE()
);
#1692=(
BOUNDED_SURFACE()
B_SPLINE_SURFACE(3,1,((#3524,#3525),(#3526,#3527),(#3528,#3529),(#3530,
#3531)),.CYLINDRICAL_SURF.,.F.,.F.,.F.)
B_SPLINE_SURFACE_WITH_KNOTS((4,4),(2,2),(0.,1.),(0.,1.),
 .PIECEWISE_BEZIER_KNOTS.)
GEOMETRIC_REPRESENTATION_ITEM()
RATIONAL_B_SPLINE_SURFACE(((1.,1.),(0.719956497645117,0.719956497645117),
(0.719956497645117,0.719956497645117),(1.,1.)))
REPRESENTATION_ITEM('')
SURFACE()
);
#1693=(
BOUNDED_SURFACE()
B_SPLINE_SURFACE(3,1,((#3532,#3533),(#3534,#3535),(#3536,#3537),(#3538,
#3539)),.CYLINDRICAL_SURF.,.F.,.F.,.F.)
B_SPLINE_SURFACE_WITH_KNOTS((4,4),(2,2),(0.,1.),(0.,1.),
 .PIECEWISE_BEZIER_KNOTS.)
GEOMETRIC_REPRESENTATION_ITEM()
RATIONAL_B_SPLINE_SURFACE(((1.,1.),(0.719956497645128,0.719956497645128),
(0.719956497645128,0.719956497645128),(1.,1.)))
REPRESENTATION_ITEM('')
SURFACE()
);
#1694=(
BOUNDED_SURFACE()
B_SPLINE_SURFACE(3,1,((#3540,#3541),(#3542,#3543),(#3544,#3545),(#3546,
#3547)),.CYLINDRICAL_SURF.,.F.,.F.,.F.)
B_SPLINE_SURFACE_WITH_KNOTS((4,4),(2,2),(0.,1.),(0.,1.),
 .PIECEWISE_BEZIER_KNOTS.)
GEOMETRIC_REPRESENTATION_ITEM()
RATIONAL_B_SPLINE_SURFACE(((1.,1.),(0.719956497645127,0.719956497645127),
(0.719956497645127,0.719956497645127),(1.,1.)))
REPRESENTATION_ITEM('')
SURFACE()
);
#1695=(
BOUNDED_SURFACE()
B_SPLINE_SURFACE(3,1,((#3548,#3549),(#3550,#3551),(#3552,#3553),(#3554,
#3555)),.CYLINDRICAL_SURF.,.F.,.F.,.F.)
B_SPLINE_SURFACE_WITH_KNOTS((4,4),(2,2),(0.,1.),(0.,1.),
 .PIECEWISE_BEZIER_KNOTS.)
GEOMETRIC_REPRESENTATION_ITEM()
RATIONAL_B_SPLINE_SURFACE(((1.,1.),(0.719956497645118,0.719956497645118),
(0.719956497645118,0.719956497645118),(1.,1.)))
REPRESENTATION_ITEM('')
SURFACE()
);
#1696=(
BOUNDED_SURFACE()
B_SPLINE_SURFACE(3,1,((#3556,#3557),(#3558,#3559),(#3560,#3561),(#3562,
#3563)),.CYLINDRICAL_SURF.,.F.,.F.,.F.)
B_SPLINE_SURFACE_WITH_KNOTS((4,4),(2,2),(0.,1.),(0.,1.),
 .PIECEWISE_BEZIER_KNOTS.)
GEOMETRIC_REPRESENTATION_ITEM()
RATIONAL_B_SPLINE_SURFACE(((1.,1.),(0.719956497645118,0.719956497645118),
(0.719956497645118,0.719956497645118),(1.,1.)))
REPRESENTATION_ITEM('')
SURFACE()
);
#1697=(
BOUNDED_SURFACE()
B_SPLINE_SURFACE(3,1,((#3564,#3565),(#3566,#3567),(#3568,#3569),(#3570,
#3571)),.CYLINDRICAL_SURF.,.F.,.F.,.F.)
B_SPLINE_SURFACE_WITH_KNOTS((4,4),(2,2),(0.,1.),(0.,1.),
 .PIECEWISE_BEZIER_KNOTS.)
GEOMETRIC_REPRESENTATION_ITEM()
RATIONAL_B_SPLINE_SURFACE(((1.,1.),(0.719956497645114,0.719956497645114),
(0.719956497645114,0.719956497645114),(1.,1.)))
REPRESENTATION_ITEM('')
SURFACE()
);
#1698=(
BOUNDED_SURFACE()
B_SPLINE_SURFACE(3,1,((#3572,#3573),(#3574,#3575),(#3576,#3577),(#3578,
#3579)),.CYLINDRICAL_SURF.,.F.,.F.,.F.)
B_SPLINE_SURFACE_WITH_KNOTS((4,4),(2,2),(0.,1.),(0.,1.),
 .PIECEWISE_BEZIER_KNOTS.)
GEOMETRIC_REPRESENTATION_ITEM()
RATIONAL_B_SPLINE_SURFACE(((1.,1.),(0.719956497645135,0.719956497645135),
(0.719956497645135,0.719956497645135),(1.,1.)))
REPRESENTATION_ITEM('')
SURFACE()
);
#1699=ADVANCED_FACE('',(#1541),#1627,.F.);
#1700=ADVANCED_FACE('',(#1542),#1628,.F.);
#1701=ADVANCED_FACE('',(#1543),#1629,.T.);
#1702=ADVANCED_FACE('',(#1544),#1630,.F.);
#1703=ADVANCED_FACE('',(#1545),#1631,.T.);
#1704=ADVANCED_FACE('',(#1546),#1632,.F.);
#1705=ADVANCED_FACE('',(#1547),#1633,.T.);
#1706=ADVANCED_FACE('',(#1548),#1634,.F.);
#1707=ADVANCED_FACE('',(#1549),#1635,.T.);
#1708=ADVANCED_FACE('',(#1550),#1636,.F.);
#1709=ADVANCED_FACE('',(#1551),#1637,.T.);
#1710=ADVANCED_FACE('',(#1552),#12,.F.);
#1711=ADVANCED_FACE('',(#1553),#1638,.F.);
#1712=ADVANCED_FACE('',(#1554),#13,.T.);
#1713=ADVANCED_FACE('',(#1555),#14,.T.);
#1714=ADVANCED_FACE('',(#1556),#15,.F.);
#1715=ADVANCED_FACE('',(#1557),#1639,.T.);
#1716=ADVANCED_FACE('',(#1558),#1640,.T.);
#1717=ADVANCED_FACE('',(#1559),#1641,.T.);
#1718=ADVANCED_FACE('',(#1560),#16,.F.);
#1719=ADVANCED_FACE('',(#1561),#1642,.T.);
#1720=ADVANCED_FACE('',(#1562),#1643,.T.);
#1721=ADVANCED_FACE('',(#1563),#1644,.T.);
#1722=ADVANCED_FACE('',(#1564),#1645,.T.);
#1723=ADVANCED_FACE('',(#1565),#1646,.T.);
#1724=ADVANCED_FACE('',(#1566),#17,.T.);
#1725=ADVANCED_FACE('',(#1567),#1647,.T.);
#1726=ADVANCED_FACE('',(#1568),#18,.F.);
#1727=ADVANCED_FACE('',(#1569),#1648,.T.);
#1728=ADVANCED_FACE('',(#1570),#1649,.T.);
#1729=ADVANCED_FACE('',(#1571),#1650,.T.);
#1730=ADVANCED_FACE('',(#1572),#1651,.T.);
#1731=ADVANCED_FACE('',(#1573),#1652,.T.);
#1732=ADVANCED_FACE('',(#1574),#19,.T.);
#1733=ADVANCED_FACE('',(#1575),#1653,.T.);
#1734=ADVANCED_FACE('',(#1576),#20,.F.);
#1735=ADVANCED_FACE('',(#1577),#1654,.T.);
#1736=ADVANCED_FACE('',(#1578),#1655,.T.);
#1737=ADVANCED_FACE('',(#1579),#1656,.T.);
#1738=ADVANCED_FACE('',(#1580),#1657,.T.);
#1739=ADVANCED_FACE('',(#1581),#1658,.T.);
#1740=ADVANCED_FACE('',(#1582),#21,.T.);
#1741=ADVANCED_FACE('',(#1583),#1659,.T.);
#1742=ADVANCED_FACE('',(#1584),#22,.F.);
#1743=ADVANCED_FACE('',(#1585),#1660,.T.);
#1744=ADVANCED_FACE('',(#1586),#1661,.T.);
#1745=ADVANCED_FACE('',(#1587),#1662,.T.);
#1746=ADVANCED_FACE('',(#1588),#1663,.T.);
#1747=ADVANCED_FACE('',(#1589),#1664,.T.);
#1748=ADVANCED_FACE('',(#1590),#23,.T.);
#1749=ADVANCED_FACE('',(#1591),#1665,.T.);
#1750=ADVANCED_FACE('',(#1592),#24,.F.);
#1751=ADVANCED_FACE('',(#1593),#1666,.T.);
#1752=ADVANCED_FACE('',(#1594),#1667,.T.);
#1753=ADVANCED_FACE('',(#1595),#1668,.T.);
#1754=ADVANCED_FACE('',(#1596),#1669,.T.);
#1755=ADVANCED_FACE('',(#1597),#1670,.T.);
#1756=ADVANCED_FACE('',(#1598),#25,.T.);
#1757=ADVANCED_FACE('',(#1599),#1671,.T.);
#1758=ADVANCED_FACE('',(#1600),#1672,.T.);
#1759=ADVANCED_FACE('',(#1601),#1673,.T.);
#1760=ADVANCED_FACE('',(#1602),#1674,.T.);
#1761=ADVANCED_FACE('',(#1603),#1675,.T.);
#1762=ADVANCED_FACE('',(#1604),#1676,.T.);
#1763=ADVANCED_FACE('',(#1605),#1677,.T.);
#1764=ADVANCED_FACE('',(#1606),#1678,.T.);
#1765=ADVANCED_FACE('',(#1607),#1679,.T.);
#1766=ADVANCED_FACE('',(#1608),#1680,.T.);
#1767=ADVANCED_FACE('',(#1609),#1681,.T.);
#1768=ADVANCED_FACE('',(#1610),#1682,.T.);
#1769=ADVANCED_FACE('',(#1611),#1683,.T.);
#1770=ADVANCED_FACE('',(#1612),#1684,.T.);
#1771=ADVANCED_FACE('',(#1613),#1685,.T.);
#1772=ADVANCED_FACE('',(#1614),#1686,.T.);
#1773=ADVANCED_FACE('',(#1615),#1687,.T.);
#1774=ADVANCED_FACE('',(#1616),#1688,.T.);
#1775=ADVANCED_FACE('',(#1617),#1689,.F.);
#1776=ADVANCED_FACE('',(#1618),#1690,.F.);
#1777=ADVANCED_FACE('',(#1619),#1691,.F.);
#1778=ADVANCED_FACE('',(#1620),#1692,.F.);
#1779=ADVANCED_FACE('',(#1621),#1693,.F.);
#1780=ADVANCED_FACE('',(#1622),#1694,.F.);
#1781=ADVANCED_FACE('',(#1623),#1695,.F.);
#1782=ADVANCED_FACE('',(#1624),#1696,.F.);
#1783=ADVANCED_FACE('',(#1625),#1697,.F.);
#1784=ADVANCED_FACE('',(#1626),#1698,.F.);
#1785=CLOSED_SHELL('',(#1699,#1700,#1701,#1702,#1703,#1704,#1705,#1706,
#1707,#1708,#1709,#1710,#1711,#1712,#1713,#1714,#1715,#1716,#1717,#1718,
#1719,#1720,#1721,#1722,#1723,#1724,#1725,#1726,#1727,#1728,#1729,#1730,
#1731,#1732,#1733,#1734,#1735,#1736,#1737,#1738,#1739,#1740,#1741,#1742,
#1743,#1744,#1745,#1746,#1747,#1748,#1749,#1750,#1751,#1752,#1753,#1754,
#1755,#1756,#1757,#1758,#1759,#1760,#1761,#1762,#1763,#1764,#1765,#1766,
#1767,#1768,#1769,#1770,#1771,#1772,#1773,#1774,#1775,#1776,#1777,#1778,
#1779,#1780,#1781,#1782,#1783,#1784));
#1786=STYLED_ITEM('',(#1787),#1794);
#1787=PRESENTATION_STYLE_ASSIGNMENT((#1788));
#1788=SURFACE_STYLE_USAGE(.BOTH.,#1789);
#1789=SURFACE_SIDE_STYLE('',(#1790));
#1790=SURFACE_STYLE_FILL_AREA(#1791);
#1791=FILL_AREA_STYLE('',(#1792));
#1792=FILL_AREA_STYLE_COLOUR('',#1793);
#1793=COLOUR_RGB('',0.615686274509804,0.811764705882353,0.929411764705882);
#1794=MANIFOLD_SOLID_BREP('Nerf Dart Holder',#1785);
#1795=SHAPE_DEFINITION_REPRESENTATION(#3586,#1796);
#1796=SHAPE_REPRESENTATION('Nerf Dart Holder',(#1797),#3581);
#1797=AXIS2_PLACEMENT_3D('',#2427,#1971,#1972);
#1798=AXIS2_PLACEMENT_3D('',#2442,#1973,#1974);
#1799=AXIS2_PLACEMENT_3D('',#2447,#1976,#1977);
#1800=AXIS2_PLACEMENT_3D('',#2464,#1979,#1980);
#1801=AXIS2_PLACEMENT_3D('',#2469,#1982,#1983);
#1802=AXIS2_PLACEMENT_3D('',#2480,#1985,#1986);
#1803=AXIS2_PLACEMENT_3D('',#2485,#1988,#1989);
#1804=AXIS2_PLACEMENT_3D('',#2502,#1991,#1992);
#1805=AXIS2_PLACEMENT_3D('',#2507,#1994,#1995);
#1806=AXIS2_PLACEMENT_3D('',#2511,#1997,#1998);
#1807=AXIS2_PLACEMENT_3D('',#2520,#1999,#2000);
#1808=AXIS2_PLACEMENT_3D('',#2525,#2002,#2003);
#1809=AXIS2_PLACEMENT_3D('',#2542,#2005,#2006);
#1810=AXIS2_PLACEMENT_3D('',#2547,#2008,#2009);
#1811=AXIS2_PLACEMENT_3D('',#2551,#2011,#2012);
#1812=AXIS2_PLACEMENT_3D('',#2560,#2013,#2014);
#1813=AXIS2_PLACEMENT_3D('',#2565,#2016,#2017);
#1814=AXIS2_PLACEMENT_3D('',#2582,#2019,#2020);
#1815=AXIS2_PLACEMENT_3D('',#2587,#2022,#2023);
#1816=AXIS2_PLACEMENT_3D('',#2591,#2025,#2026);
#1817=AXIS2_PLACEMENT_3D('',#2600,#2027,#2028);
#1818=AXIS2_PLACEMENT_3D('',#2605,#2030,#2031);
#1819=AXIS2_PLACEMENT_3D('',#2622,#2033,#2034);
#1820=AXIS2_PLACEMENT_3D('',#2627,#2036,#2037);
#1821=AXIS2_PLACEMENT_3D('',#2631,#2039,#2040);
#1822=AXIS2_PLACEMENT_3D('',#2640,#2041,#2042);
#1823=AXIS2_PLACEMENT_3D('',#2645,#2044,#2045);
#1824=AXIS2_PLACEMENT_3D('',#2674,#2051,#2052);
#1825=AXIS2_PLACEMENT_3D('',#2679,#2054,#2055);
#1826=AXIS2_PLACEMENT_3D('',#2681,#2056,#2057);
#1827=AXIS2_PLACEMENT_3D('',#2685,#2059,#2060);
#1828=AXIS2_PLACEMENT_3D('',#2702,#2065,#2066);
#1829=AXIS2_PLACEMENT_3D('',#2705,#2067,#2068);
#1830=AXIS2_PLACEMENT_3D('',#2707,#2069,#2070);
#1831=AXIS2_PLACEMENT_3D('',#2709,#2071,#2072);
#1832=AXIS2_PLACEMENT_3D('',#2710,#2073,#2074);
#1833=AXIS2_PLACEMENT_3D('',#2712,#2075,#2076);
#1834=AXIS2_PLACEMENT_3D('',#2713,#2077,#2078);
#1835=AXIS2_PLACEMENT_3D('',#2714,#2079,#2080);
#1836=AXIS2_PLACEMENT_3D('',#2716,#2081,#2082);
#1837=AXIS2_PLACEMENT_3D('',#2718,#2083,#2084);
#1838=AXIS2_PLACEMENT_3D('',#2720,#2085,#2086);
#1839=AXIS2_PLACEMENT_3D('',#2722,#2087,#2088);
#1840=AXIS2_PLACEMENT_3D('',#2723,#2089,#2090);
#1841=AXIS2_PLACEMENT_3D('',#2725,#2091,#2092);
#1842=AXIS2_PLACEMENT_3D('',#2727,#2093,#2094);
#1843=AXIS2_PLACEMENT_3D('',#2729,#2095,#2096);
#1844=AXIS2_PLACEMENT_3D('',#2731,#2097,#2098);
#1845=AXIS2_PLACEMENT_3D('',#2735,#2100,#2101);
#1846=AXIS2_PLACEMENT_3D('',#2736,#2102,#2103);
#1847=AXIS2_PLACEMENT_3D('',#2740,#2105,#2106);
#1848=AXIS2_PLACEMENT_3D('',#2742,#2107,#2108);
#1849=AXIS2_PLACEMENT_3D('',#2744,#2109,#2110);
#1850=AXIS2_PLACEMENT_3D('',#2746,#2111,#2112);
#1851=AXIS2_PLACEMENT_3D('',#2748,#2113,#2114);
#1852=AXIS2_PLACEMENT_3D('',#2749,#2115,#2116);
#1853=AXIS2_PLACEMENT_3D('',#2751,#2117,#2118);
#1854=AXIS2_PLACEMENT_3D('',#2753,#2119,#2120);
#1855=AXIS2_PLACEMENT_3D('',#2755,#2121,#2122);
#1856=AXIS2_PLACEMENT_3D('',#2757,#2123,#2124);
#1857=AXIS2_PLACEMENT_3D('',#2761,#2126,#2127);
#1858=AXIS2_PLACEMENT_3D('',#2762,#2128,#2129);
#1859=AXIS2_PLACEMENT_3D('',#2766,#2131,#2132);
#1860=AXIS2_PLACEMENT_3D('',#2768,#2133,#2134);
#1861=AXIS2_PLACEMENT_3D('',#2770,#2135,#2136);
#1862=AXIS2_PLACEMENT_3D('',#2772,#2137,#2138);
#1863=AXIS2_PLACEMENT_3D('',#2774,#2139,#2140);
#1864=AXIS2_PLACEMENT_3D('',#2775,#2141,#2142);
#1865=AXIS2_PLACEMENT_3D('',#2777,#2143,#2144);
#1866=AXIS2_PLACEMENT_3D('',#2779,#2145,#2146);
#1867=AXIS2_PLACEMENT_3D('',#2781,#2147,#2148);
#1868=AXIS2_PLACEMENT_3D('',#2783,#2149,#2150);
#1869=AXIS2_PLACEMENT_3D('',#2787,#2152,#2153);
#1870=AXIS2_PLACEMENT_3D('',#2788,#2154,#2155);
#1871=AXIS2_PLACEMENT_3D('',#2792,#2157,#2158);
#1872=AXIS2_PLACEMENT_3D('',#2794,#2159,#2160);
#1873=AXIS2_PLACEMENT_3D('',#2796,#2161,#2162);
#1874=AXIS2_PLACEMENT_3D('',#2798,#2163,#2164);
#1875=AXIS2_PLACEMENT_3D('',#2799,#2165,#2166);
#1876=AXIS2_PLACEMENT_3D('',#2801,#2167,#2168);
#1877=AXIS2_PLACEMENT_3D('',#2803,#2169,#2170);
#1878=AXIS2_PLACEMENT_3D('',#2805,#2171,#2172);
#1879=AXIS2_PLACEMENT_3D('',#2807,#2173,#2174);
#1880=AXIS2_PLACEMENT_3D('',#2811,#2176,#2177);
#1881=AXIS2_PLACEMENT_3D('',#2813,#2178,#2179);
#1882=AXIS2_PLACEMENT_3D('',#2814,#2180,#2181);
#1883=AXIS2_PLACEMENT_3D('',#2818,#2183,#2184);
#1884=AXIS2_PLACEMENT_3D('',#2820,#2185,#2186);
#1885=AXIS2_PLACEMENT_3D('',#2822,#2187,#2188);
#1886=AXIS2_PLACEMENT_3D('',#2824,#2189,#2190);
#1887=AXIS2_PLACEMENT_3D('',#2826,#2191,#2192);
#1888=AXIS2_PLACEMENT_3D('',#2827,#2193,#2194);
#1889=AXIS2_PLACEMENT_3D('',#2829,#2195,#2196);
#1890=AXIS2_PLACEMENT_3D('',#2831,#2197,#2198);
#1891=AXIS2_PLACEMENT_3D('',#2833,#2199,#2200);
#1892=AXIS2_PLACEMENT_3D('',#2835,#2201,#2202);
#1893=AXIS2_PLACEMENT_3D('',#2839,#2204,#2205);
#1894=AXIS2_PLACEMENT_3D('',#2840,#2206,#2207);
#1895=AXIS2_PLACEMENT_3D('',#2842,#2208,#2209);
#1896=AXIS2_PLACEMENT_3D('',#2846,#2211,#2212);
#1897=AXIS2_PLACEMENT_3D('',#2848,#2213,#2214);
#1898=AXIS2_PLACEMENT_3D('',#2850,#2215,#2216);
#1899=AXIS2_PLACEMENT_3D('',#2852,#2217,#2218);
#1900=AXIS2_PLACEMENT_3D('',#2854,#2219,#2220);
#1901=AXIS2_PLACEMENT_3D('',#2855,#2221,#2222);
#1902=AXIS2_PLACEMENT_3D('',#2860,#2223,#2224);
#1903=AXIS2_PLACEMENT_3D('',#2863,#2225,#2226);
#1904=AXIS2_PLACEMENT_3D('',#2865,#2227,#2228);
#1905=AXIS2_PLACEMENT_3D('',#2866,#2229,#2230);
#1906=AXIS2_PLACEMENT_3D('',#2868,#2231,#2232);
#1907=AXIS2_PLACEMENT_3D('',#2870,#2233,#2234);
#1908=AXIS2_PLACEMENT_3D('',#2872,#2235,#2236);
#1909=AXIS2_PLACEMENT_3D('',#2876,#2238,#2239);
#1910=AXIS2_PLACEMENT_3D('',#2878,#2240,#2241);
#1911=AXIS2_PLACEMENT_3D('',#2879,#2242,#2243);
#1912=AXIS2_PLACEMENT_3D('',#2883,#2245,#2246);
#1913=AXIS2_PLACEMENT_3D('',#2885,#2247,#2248);
#1914=AXIS2_PLACEMENT_3D('',#2887,#2249,#2250);
#1915=AXIS2_PLACEMENT_3D('',#2889,#2251,#2252);
#1916=AXIS2_PLACEMENT_3D('',#2890,#2253,#2254);
#1917=AXIS2_PLACEMENT_3D('',#2892,#2255,#2256);
#1918=AXIS2_PLACEMENT_3D('',#2894,#2257,#2258);
#1919=AXIS2_PLACEMENT_3D('',#2896,#2259,#2260);
#1920=AXIS2_PLACEMENT_3D('',#2900,#2262,#2263);
#1921=AXIS2_PLACEMENT_3D('',#2901,#2264,#2265);
#1922=AXIS2_PLACEMENT_3D('',#2903,#2266,#2267);
#1923=AXIS2_PLACEMENT_3D('',#2907,#2269,#2270);
#1924=AXIS2_PLACEMENT_3D('',#2909,#2271,#2272);
#1925=AXIS2_PLACEMENT_3D('',#2911,#2273,#2274);
#1926=AXIS2_PLACEMENT_3D('',#2913,#2275,#2276);
#1927=AXIS2_PLACEMENT_3D('',#2915,#2277,#2278);
#1928=AXIS2_PLACEMENT_3D('',#2916,#2279,#2280);
#1929=AXIS2_PLACEMENT_3D('',#2918,#2281,#2282);
#1930=AXIS2_PLACEMENT_3D('',#2920,#2283,#2284);
#1931=AXIS2_PLACEMENT_3D('',#2922,#2285,#2286);
#1932=AXIS2_PLACEMENT_3D('',#2926,#2288,#2289);
#1933=AXIS2_PLACEMENT_3D('',#2927,#2290,#2291);
#1934=AXIS2_PLACEMENT_3D('',#2931,#2293,#2294);
#1935=AXIS2_PLACEMENT_3D('',#2933,#2295,#2296);
#1936=AXIS2_PLACEMENT_3D('',#2935,#2297,#2298);
#1937=AXIS2_PLACEMENT_3D('',#2937,#2299,#2300);
#1938=AXIS2_PLACEMENT_3D('',#2939,#2301,#2302);
#1939=AXIS2_PLACEMENT_3D('',#2940,#2303,#2304);
#1940=AXIS2_PLACEMENT_3D('',#2942,#2305,#2306);
#1941=AXIS2_PLACEMENT_3D('',#2944,#2307,#2308);
#1942=AXIS2_PLACEMENT_3D('',#2946,#2309,#2310);
#1943=AXIS2_PLACEMENT_3D('',#2950,#2312,#2313);
#1944=AXIS2_PLACEMENT_3D('',#2951,#2314,#2315);
#1945=AXIS2_PLACEMENT_3D('',#2955,#2317,#2318);
#1946=AXIS2_PLACEMENT_3D('',#2957,#2319,#2320);
#1947=AXIS2_PLACEMENT_3D('',#2959,#2321,#2322);
#1948=AXIS2_PLACEMENT_3D('',#2961,#2323,#2324);
#1949=AXIS2_PLACEMENT_3D('',#2963,#2325,#2326);
#1950=AXIS2_PLACEMENT_3D('',#2964,#2327,#2328);
#1951=AXIS2_PLACEMENT_3D('',#2966,#2329,#2330);
#1952=AXIS2_PLACEMENT_3D('',#2968,#2331,#2332);
#1953=AXIS2_PLACEMENT_3D('',#2970,#2333,#2334);
#1954=AXIS2_PLACEMENT_3D('',#2972,#2335,#2336);
#1955=AXIS2_PLACEMENT_3D('',#2976,#2338,#2339);
#1956=AXIS2_PLACEMENT_3D('',#2977,#2340,#2341);
#1957=AXIS2_PLACEMENT_3D('',#2981,#2343,#2344);
#1958=AXIS2_PLACEMENT_3D('',#2983,#2345,#2346);
#1959=AXIS2_PLACEMENT_3D('',#2985,#2347,#2348);
#1960=AXIS2_PLACEMENT_3D('',#2987,#2349,#2350);
#1961=AXIS2_PLACEMENT_3D('',#2989,#2351,#2352);
#1962=AXIS2_PLACEMENT_3D('',#2990,#2353,#2354);
#1963=AXIS2_PLACEMENT_3D('',#2992,#2355,#2356);
#1964=AXIS2_PLACEMENT_3D('',#2994,#2357,#2358);
#1965=AXIS2_PLACEMENT_3D('',#2996,#2359,#2360);
#1966=AXIS2_PLACEMENT_3D('',#2998,#2361,#2362);
#1967=AXIS2_PLACEMENT_3D('',#2999,#2363,#2364);
#1968=AXIS2_PLACEMENT_3D('',#3000,#2365,#2366);
#1969=AXIS2_PLACEMENT_3D('',#3002,#2367,#2368);
#1970=AXIS2_PLACEMENT_3D('',#3003,#2369,#2370);
#1971=DIRECTION('',(0.,0.,1.));
#1972=DIRECTION('',(1.,0.,0.));
#1973=DIRECTION('',(0.,0.,1.));
#1974=DIRECTION('',(1.,0.,0.));
#1975=DIRECTION('',(0.,0.,-1.));
#1976=DIRECTION('',(0.,0.,-1.));
#1977=DIRECTION('',(0.367644669145809,-0.929966341997746,0.));
#1978=DIRECTION('',(0.,0.,-1.));
#1979=DIRECTION('',(0.,0.,1.));
#1980=DIRECTION('',(1.,0.,0.));
#1981=DIRECTION('',(0.,0.,-1.));
#1982=DIRECTION('',(0.,0.,-1.));
#1983=DIRECTION('',(0.946965719463487,-0.321334601561988,0.));
#1984=DIRECTION('',(0.,0.,-1.));
#1985=DIRECTION('',(0.,0.,1.));
#1986=DIRECTION('',(1.,0.,0.));
#1987=DIRECTION('',(0.,0.,-1.));
#1988=DIRECTION('',(0.,0.,1.));
#1989=DIRECTION('',(1.,0.,0.));
#1990=DIRECTION('',(0.,0.,-1.));
#1991=DIRECTION('',(0.,0.,1.));
#1992=DIRECTION('',(1.,0.,0.));
#1993=DIRECTION('',(0.,0.,-1.));
#1994=DIRECTION('',(0.,0.,-1.));
#1995=DIRECTION('',(0.857685908756579,0.514173980205535,0.));
#1996=DIRECTION('',(0.,0.,-1.));
#1997=DIRECTION('',(0.,0.,1.));
#1998=DIRECTION('',(1.,0.,0.));
#1999=DIRECTION('',(0.,0.,1.));
#2000=DIRECTION('',(1.,0.,0.));
#2001=DIRECTION('',(0.,0.,-1.));
#2002=DIRECTION('',(0.,0.,1.));
#2003=DIRECTION('',(1.,0.,0.));
#2004=DIRECTION('',(0.,0.,-1.));
#2005=DIRECTION('',(0.,0.,1.));
#2006=DIRECTION('',(1.,0.,0.));
#2007=DIRECTION('',(0.,0.,-1.));
#2008=DIRECTION('',(0.,0.,-1.));
#2009=DIRECTION('',(0.162840843366328,0.986652349985416,0.));
#2010=DIRECTION('',(0.,0.,-1.));
#2011=DIRECTION('',(0.,0.,1.));
#2012=DIRECTION('',(1.,0.,0.));
#2013=DIRECTION('',(0.,0.,1.));
#2014=DIRECTION('',(1.,0.,0.));
#2015=DIRECTION('',(0.,0.,-1.));
#2016=DIRECTION('',(0.,0.,1.));
#2017=DIRECTION('',(1.,0.,0.));
#2018=DIRECTION('',(0.,0.,-1.));
#2019=DIRECTION('',(0.,0.,1.));
#2020=DIRECTION('',(1.,0.,0.));
#2021=DIRECTION('',(0.,0.,-1.));
#2022=DIRECTION('',(0.,0.,-1.));
#2023=DIRECTION('',(-0.646977262596482,0.762509292850365,0.));
#2024=DIRECTION('',(0.,0.,-1.));
#2025=DIRECTION('',(0.,0.,1.));
#2026=DIRECTION('',(1.,0.,0.));
#2027=DIRECTION('',(0.,0.,1.));
#2028=DIRECTION('',(1.,0.,0.));
#2029=DIRECTION('',(0.,0.,-1.));
#2030=DIRECTION('',(0.,0.,1.));
#2031=DIRECTION('',(1.,0.,0.));
#2032=DIRECTION('',(0.,0.,-1.));
#2033=DIRECTION('',(0.,0.,1.));
#2034=DIRECTION('',(1.,0.,0.));
#2035=DIRECTION('',(0.,0.,-1.));
#2036=DIRECTION('',(0.,0.,-1.));
#2037=DIRECTION('',(-1.,0.,0.));
#2038=DIRECTION('',(0.,0.,-1.));
#2039=DIRECTION('',(0.,0.,1.));
#2040=DIRECTION('',(1.,0.,0.));
#2041=DIRECTION('',(0.,0.,1.));
#2042=DIRECTION('',(1.,0.,0.));
#2043=DIRECTION('',(0.,0.,-1.));
#2044=DIRECTION('',(0.,0.,1.));
#2045=DIRECTION('',(1.,0.,0.));
#2046=DIRECTION('',(0.,0.,-1.));
#2047=DIRECTION('',(0.555555555555556,0.831479419283098,0.));
#2048=DIRECTION('',(0.,0.,1.));
#2049=DIRECTION('',(0.555555555555556,0.831479419283098,0.));
#2050=DIRECTION('',(0.,0.,-1.));
#2051=DIRECTION('',(0.,0.,1.));
#2052=DIRECTION('',(1.,0.,0.));
#2053=DIRECTION('',(0.,0.,-1.));
#2054=DIRECTION('',(0.,0.,1.));
#2055=DIRECTION('',(1.,0.,0.));
#2056=DIRECTION('',(0.,0.,1.));
#2057=DIRECTION('',(1.,0.,0.));
#2058=DIRECTION('',(0.,0.,-1.));
#2059=DIRECTION('',(0.,0.,1.));
#2060=DIRECTION('',(1.,0.,0.));
#2061=DIRECTION('',(-0.555555555555556,0.831479419283098,0.));
#2062=DIRECTION('',(0.,0.,-1.));
#2063=DIRECTION('',(-0.555555555555556,0.831479419283098,0.));
#2064=DIRECTION('',(0.,0.,-1.));
#2065=DIRECTION('',(0.,0.,1.));
#2066=DIRECTION('',(1.,0.,0.));
#2067=DIRECTION('',(0.,0.,1.));
#2068=DIRECTION('',(1.,0.,0.));
#2069=DIRECTION('',(0.,0.,1.));
#2070=DIRECTION('',(1.,0.,0.));
#2071=DIRECTION('',(0.,0.,1.));
#2072=DIRECTION('',(1.,0.,0.));
#2073=DIRECTION('',(0.,0.,1.));
#2074=DIRECTION('',(1.,0.,0.));
#2075=DIRECTION('',(0.,0.,1.));
#2076=DIRECTION('',(1.,0.,0.));
#2077=DIRECTION('',(0.,0.,1.));
#2078=DIRECTION('',(1.,0.,0.));
#2079=DIRECTION('',(0.,0.,1.));
#2080=DIRECTION('',(1.,0.,0.));
#2081=DIRECTION('',(0.,0.,1.));
#2082=DIRECTION('',(1.,0.,0.));
#2083=DIRECTION('',(0.,0.,1.));
#2084=DIRECTION('',(1.,0.,0.));
#2085=DIRECTION('',(0.,0.,1.));
#2086=DIRECTION('',(1.,0.,0.));
#2087=DIRECTION('',(0.,0.,1.));
#2088=DIRECTION('',(1.,0.,0.));
#2089=DIRECTION('',(0.,0.,1.));
#2090=DIRECTION('',(1.,0.,0.));
#2091=DIRECTION('',(0.,0.,1.));
#2092=DIRECTION('',(1.,0.,0.));
#2093=DIRECTION('',(0.,0.,1.));
#2094=DIRECTION('',(1.,0.,0.));
#2095=DIRECTION('',(0.,0.,1.));
#2096=DIRECTION('',(1.,0.,0.));
#2097=DIRECTION('',(0.,0.,1.));
#2098=DIRECTION('',(1.,0.,0.));
#2099=DIRECTION('',(0.977494912411451,-0.210958991772643,0.));
#2100=DIRECTION('',(0.,0.,1.));
#2101=DIRECTION('',(1.,0.,0.));
#2102=DIRECTION('',(0.,0.,1.));
#2103=DIRECTION('',(1.,0.,0.));
#2104=DIRECTION('',(0.993442596570788,-0.114332004787332,0.));
#2105=DIRECTION('',(0.,0.,1.));
#2106=DIRECTION('',(1.,0.,0.));
#2107=DIRECTION('',(0.,0.,1.));
#2108=DIRECTION('',(1.,0.,0.));
#2109=DIRECTION('',(0.,0.,1.));
#2110=DIRECTION('',(1.,0.,0.));
#2111=DIRECTION('',(0.,0.,1.));
#2112=DIRECTION('',(1.,0.,0.));
#2113=DIRECTION('',(0.,0.,1.));
#2114=DIRECTION('',(1.,0.,0.));
#2115=DIRECTION('',(0.,0.,1.));
#2116=DIRECTION('',(1.,0.,0.));
#2117=DIRECTION('',(0.,0.,1.));
#2118=DIRECTION('',(1.,0.,0.));
#2119=DIRECTION('',(0.,0.,1.));
#2120=DIRECTION('',(1.,0.,0.));
#2121=DIRECTION('',(0.,0.,1.));
#2122=DIRECTION('',(1.,0.,0.));
#2123=DIRECTION('',(0.,0.,1.));
#2124=DIRECTION('',(1.,0.,0.));
#2125=DIRECTION('',(0.793275174270932,0.608863283410507,0.));
#2126=DIRECTION('',(0.,0.,1.));
#2127=DIRECTION('',(1.,0.,0.));
#2128=DIRECTION('',(0.,0.,1.));
#2129=DIRECTION('',(1.,0.,0.));
#2130=DIRECTION('',(0.729913987796662,0.683539004314147,0.));
#2131=DIRECTION('',(0.,0.,1.));
#2132=DIRECTION('',(1.,0.,0.));
#2133=DIRECTION('',(0.,0.,1.));
#2134=DIRECTION('',(1.,0.,0.));
#2135=DIRECTION('',(0.,0.,1.));
#2136=DIRECTION('',(1.,0.,0.));
#2137=DIRECTION('',(0.,0.,1.));
#2138=DIRECTION('',(1.,0.,0.));
#2139=DIRECTION('',(0.,0.,1.));
#2140=DIRECTION('',(1.,0.,0.));
#2141=DIRECTION('',(0.,0.,1.));
#2142=DIRECTION('',(1.,0.,0.));
#2143=DIRECTION('',(0.,0.,1.));
#2144=DIRECTION('',(1.,0.,0.));
#2145=DIRECTION('',(0.,0.,1.));
#2146=DIRECTION('',(1.,0.,0.));
#2147=DIRECTION('',(0.,0.,1.));
#2148=DIRECTION('',(1.,0.,0.));
#2149=DIRECTION('',(0.,0.,1.));
#2150=DIRECTION('',(1.,0.,0.));
#2151=DIRECTION('',(0.0489670890596564,0.998800392565513,0.));
#2152=DIRECTION('',(0.,0.,1.));
#2153=DIRECTION('',(1.,0.,0.));
#2154=DIRECTION('',(0.,0.,1.));
#2155=DIRECTION('',(1.,0.,0.));
#2156=DIRECTION('',(-0.0489670890596562,0.998800392565513,0.));
#2157=DIRECTION('',(0.,0.,1.));
#2158=DIRECTION('',(1.,0.,0.));
#2159=DIRECTION('',(0.,0.,1.));
#2160=DIRECTION('',(1.,0.,0.));
#2161=DIRECTION('',(0.,0.,1.));
#2162=DIRECTION('',(1.,0.,0.));
#2163=DIRECTION('',(0.,0.,1.));
#2164=DIRECTION('',(1.,0.,0.));
#2165=DIRECTION('',(0.,0.,1.));
#2166=DIRECTION('',(1.,0.,0.));
#2167=DIRECTION('',(0.,0.,1.));
#2168=DIRECTION('',(1.,0.,0.));
#2169=DIRECTION('',(0.,0.,1.));
#2170=DIRECTION('',(1.,0.,0.));
#2171=DIRECTION('',(0.,0.,1.));
#2172=DIRECTION('',(1.,0.,0.));
#2173=DIRECTION('',(0.,0.,1.));
#2174=DIRECTION('',(1.,0.,0.));
#2175=DIRECTION('',(-0.729913987796661,0.683539004314147,0.));
#2176=DIRECTION('',(0.,0.,1.));
#2177=DIRECTION('',(1.,0.,0.));
#2178=DIRECTION('',(0.,0.,1.));
#2179=DIRECTION('',(1.,0.,0.));
#2180=DIRECTION('',(0.,0.,1.));
#2181=DIRECTION('',(1.,0.,0.));
#2182=DIRECTION('',(-0.793275174270932,0.608863283410507,0.));
#2183=DIRECTION('',(0.,0.,1.));
#2184=DIRECTION('',(1.,0.,0.));
#2185=DIRECTION('',(0.,0.,1.));
#2186=DIRECTION('',(1.,0.,0.));
#2187=DIRECTION('',(0.,0.,1.));
#2188=DIRECTION('',(1.,0.,0.));
#2189=DIRECTION('',(0.,0.,1.));
#2190=DIRECTION('',(1.,0.,0.));
#2191=DIRECTION('',(0.,0.,1.));
#2192=DIRECTION('',(1.,0.,0.));
#2193=DIRECTION('',(0.,0.,1.));
#2194=DIRECTION('',(1.,0.,0.));
#2195=DIRECTION('',(0.,0.,1.));
#2196=DIRECTION('',(1.,0.,0.));
#2197=DIRECTION('',(0.,0.,1.));
#2198=DIRECTION('',(1.,0.,0.));
#2199=DIRECTION('',(0.,0.,1.));
#2200=DIRECTION('',(1.,0.,0.));
#2201=DIRECTION('',(0.,0.,1.));
#2202=DIRECTION('',(1.,0.,0.));
#2203=DIRECTION('',(-0.993442596570788,-0.114332004787332,0.));
#2204=DIRECTION('',(0.,0.,1.));
#2205=DIRECTION('',(1.,0.,0.));
#2206=DIRECTION('',(0.,0.,1.));
#2207=DIRECTION('',(1.,0.,0.));
#2208=DIRECTION('',(0.,0.,1.));
#2209=DIRECTION('',(1.,0.,0.));
#2210=DIRECTION('',(-0.977494912411451,-0.210958991772642,0.));
#2211=DIRECTION('',(0.,0.,1.));
#2212=DIRECTION('',(1.,0.,0.));
#2213=DIRECTION('',(0.,0.,1.));
#2214=DIRECTION('',(1.,0.,0.));
#2215=DIRECTION('',(0.,0.,1.));
#2216=DIRECTION('',(1.,0.,0.));
#2217=DIRECTION('',(0.,0.,1.));
#2218=DIRECTION('',(1.,0.,0.));
#2219=DIRECTION('',(0.,0.,1.));
#2220=DIRECTION('',(1.,0.,0.));
#2221=DIRECTION('',(0.,0.,1.));
#2222=DIRECTION('',(1.,0.,0.));
#2223=DIRECTION('',(0.,0.,1.));
#2224=DIRECTION('',(1.,0.,0.));
#2225=DIRECTION('',(0.,0.,1.));
#2226=DIRECTION('',(1.,0.,0.));
#2227=DIRECTION('',(0.,0.,-1.));
#2228=DIRECTION('',(-1.,0.,0.));
#2229=DIRECTION('',(0.,0.,-1.));
#2230=DIRECTION('',(-1.,0.,0.));
#2231=DIRECTION('',(0.,0.,1.));
#2232=DIRECTION('',(1.,0.,0.));
#2233=DIRECTION('',(0.,0.,1.));
#2234=DIRECTION('',(1.,0.,0.));
#2235=DIRECTION('',(0.,0.,-1.));
#2236=DIRECTION('',(-1.,0.,0.));
#2237=DIRECTION('',(-0.977494912411451,-0.210958991772642,0.));
#2238=DIRECTION('',(0.,0.,1.));
#2239=DIRECTION('',(1.,0.,0.));
#2240=DIRECTION('',(0.,0.,1.));
#2241=DIRECTION('',(1.,0.,0.));
#2242=DIRECTION('',(0.,0.,1.));
#2243=DIRECTION('',(1.,0.,0.));
#2244=DIRECTION('',(-0.993442596570788,-0.114332004787332,0.));
#2245=DIRECTION('',(0.,0.,-1.));
#2246=DIRECTION('',(-0.646977262596482,0.762509292850365,0.));
#2247=DIRECTION('',(0.,0.,1.));
#2248=DIRECTION('',(1.,0.,0.));
#2249=DIRECTION('',(0.,0.,1.));
#2250=DIRECTION('',(1.,0.,0.));
#2251=DIRECTION('',(0.,0.,-1.));
#2252=DIRECTION('',(-0.646977262596482,0.762509292850365,0.));
#2253=DIRECTION('',(0.,0.,-1.));
#2254=DIRECTION('',(-0.646977262596482,0.762509292850365,0.));
#2255=DIRECTION('',(0.,0.,1.));
#2256=DIRECTION('',(1.,0.,0.));
#2257=DIRECTION('',(0.,0.,1.));
#2258=DIRECTION('',(1.,0.,0.));
#2259=DIRECTION('',(0.,0.,-1.));
#2260=DIRECTION('',(-0.646977262596482,0.762509292850365,0.));
#2261=DIRECTION('',(-0.793275174270932,0.608863283410507,0.));
#2262=DIRECTION('',(0.,0.,1.));
#2263=DIRECTION('',(1.,0.,0.));
#2264=DIRECTION('',(0.,0.,1.));
#2265=DIRECTION('',(1.,0.,0.));
#2266=DIRECTION('',(0.,0.,1.));
#2267=DIRECTION('',(1.,0.,0.));
#2268=DIRECTION('',(-0.729913987796661,0.683539004314147,0.));
#2269=DIRECTION('',(0.,0.,-1.));
#2270=DIRECTION('',(0.162840843366328,0.986652349985416,0.));
#2271=DIRECTION('',(0.,0.,1.));
#2272=DIRECTION('',(1.,0.,0.));
#2273=DIRECTION('',(0.,0.,1.));
#2274=DIRECTION('',(1.,0.,0.));
#2275=DIRECTION('',(0.,0.,1.));
#2276=DIRECTION('',(1.,0.,0.));
#2277=DIRECTION('',(0.,0.,-1.));
#2278=DIRECTION('',(0.162840843366328,0.986652349985416,0.));
#2279=DIRECTION('',(0.,0.,-1.));
#2280=DIRECTION('',(0.162840843366328,0.986652349985416,0.));
#2281=DIRECTION('',(0.,0.,1.));
#2282=DIRECTION('',(1.,0.,0.));
#2283=DIRECTION('',(0.,0.,1.));
#2284=DIRECTION('',(1.,0.,0.));
#2285=DIRECTION('',(0.,0.,-1.));
#2286=DIRECTION('',(0.162840843366328,0.986652349985416,0.));
#2287=DIRECTION('',(-0.0489670890596562,0.998800392565514,0.));
#2288=DIRECTION('',(0.,0.,1.));
#2289=DIRECTION('',(1.,0.,0.));
#2290=DIRECTION('',(0.,0.,1.));
#2291=DIRECTION('',(1.,0.,0.));
#2292=DIRECTION('',(0.0489670890596564,0.998800392565514,0.));
#2293=DIRECTION('',(0.,0.,-1.));
#2294=DIRECTION('',(0.857685908756579,0.514173980205535,0.));
#2295=DIRECTION('',(0.,0.,1.));
#2296=DIRECTION('',(1.,0.,0.));
#2297=DIRECTION('',(0.,0.,1.));
#2298=DIRECTION('',(1.,0.,0.));
#2299=DIRECTION('',(0.,0.,1.));
#2300=DIRECTION('',(1.,0.,0.));
#2301=DIRECTION('',(0.,0.,-1.));
#2302=DIRECTION('',(0.857685908756579,0.514173980205535,0.));
#2303=DIRECTION('',(0.,0.,-1.));
#2304=DIRECTION('',(0.857685908756579,0.514173980205535,0.));
#2305=DIRECTION('',(0.,0.,1.));
#2306=DIRECTION('',(1.,0.,0.));
#2307=DIRECTION('',(0.,0.,1.));
#2308=DIRECTION('',(1.,0.,0.));
#2309=DIRECTION('',(0.,0.,-1.));
#2310=DIRECTION('',(0.857685908756579,0.514173980205535,0.));
#2311=DIRECTION('',(0.729913987796662,0.683539004314147,0.));
#2312=DIRECTION('',(0.,0.,1.));
#2313=DIRECTION('',(1.,0.,0.));
#2314=DIRECTION('',(0.,0.,1.));
#2315=DIRECTION('',(1.,0.,0.));
#2316=DIRECTION('',(0.793275174270932,0.608863283410507,0.));
#2317=DIRECTION('',(0.,0.,-1.));
#2318=DIRECTION('',(0.946965719463487,-0.321334601561988,0.));
#2319=DIRECTION('',(0.,0.,1.));
#2320=DIRECTION('',(1.,0.,0.));
#2321=DIRECTION('',(0.,0.,1.));
#2322=DIRECTION('',(1.,0.,0.));
#2323=DIRECTION('',(0.,0.,1.));
#2324=DIRECTION('',(1.,0.,0.));
#2325=DIRECTION('',(0.,0.,-1.));
#2326=DIRECTION('',(0.946965719463487,-0.321334601561988,0.));
#2327=DIRECTION('',(0.,0.,-1.));
#2328=DIRECTION('',(0.946965719463487,-0.321334601561988,0.));
#2329=DIRECTION('',(0.,0.,1.));
#2330=DIRECTION('',(1.,0.,0.));
#2331=DIRECTION('',(0.,0.,1.));
#2332=DIRECTION('',(1.,0.,0.));
#2333=DIRECTION('',(0.,0.,1.));
#2334=DIRECTION('',(1.,0.,0.));
#2335=DIRECTION('',(0.,0.,-1.));
#2336=DIRECTION('',(0.946965719463487,-0.321334601561988,0.));
#2337=DIRECTION('',(0.993442596570788,-0.114332004787332,0.));
#2338=DIRECTION('',(0.,0.,1.));
#2339=DIRECTION('',(1.,0.,0.));
#2340=DIRECTION('',(0.,0.,1.));
#2341=DIRECTION('',(1.,0.,0.));
#2342=DIRECTION('',(0.977494912411451,-0.210958991772643,0.));
#2343=DIRECTION('',(0.,0.,-1.));
#2344=DIRECTION('',(0.367644669145809,-0.929966341997746,0.));
#2345=DIRECTION('',(0.,0.,1.));
#2346=DIRECTION('',(1.,0.,0.));
#2347=DIRECTION('',(0.,0.,1.));
#2348=DIRECTION('',(1.,0.,0.));
#2349=DIRECTION('',(0.,0.,1.));
#2350=DIRECTION('',(1.,0.,0.));
#2351=DIRECTION('',(0.,0.,-1.));
#2352=DIRECTION('',(0.367644669145809,-0.929966341997746,0.));
#2353=DIRECTION('',(0.,0.,-1.));
#2354=DIRECTION('',(0.367644669145809,-0.929966341997746,0.));
#2355=DIRECTION('',(0.,0.,1.));
#2356=DIRECTION('',(1.,0.,0.));
#2357=DIRECTION('',(0.,0.,1.));
#2358=DIRECTION('',(1.,0.,0.));
#2359=DIRECTION('',(0.,0.,1.));
#2360=DIRECTION('',(1.,0.,0.));
#2361=DIRECTION('',(0.,0.,-1.));
#2362=DIRECTION('',(0.367644669145809,-0.929966341997746,0.));
#2363=DIRECTION('',(0.,0.,1.));
#2364=DIRECTION('',(1.,0.,0.));
#2365=DIRECTION('',(0.,0.,1.));
#2366=DIRECTION('',(1.,0.,0.));
#2367=DIRECTION('',(0.,0.,1.));
#2368=DIRECTION('',(1.,0.,0.));
#2369=DIRECTION('',(0.,0.,-1.));
#2370=DIRECTION('',(-1.,0.,0.));
#2371=DIRECTION('',(0.,0.,-1.));
#2372=DIRECTION('',(0.,0.,1.));
#2373=DIRECTION('',(0.,0.,-1.));
#2374=DIRECTION('',(0.,0.,-1.));
#2375=DIRECTION('',(0.,0.,-1.));
#2376=DIRECTION('',(0.,0.,-1.));
#2377=DIRECTION('',(0.,0.,-1.));
#2378=DIRECTION('',(0.,0.,-1.));
#2379=DIRECTION('',(0.,0.,-1.));
#2380=DIRECTION('',(0.,0.,-1.));
#2381=DIRECTION('',(0.,0.,-1.));
#2382=DIRECTION('',(0.,0.,1.));
#2383=DIRECTION('',(0.,0.,-1.));
#2384=DIRECTION('',(0.,0.,-1.));
#2385=DIRECTION('',(0.,0.,-1.));
#2386=DIRECTION('',(0.,0.,-1.));
#2387=DIRECTION('',(0.,0.,-1.));
#2388=DIRECTION('',(0.,0.,-1.));
#2389=DIRECTION('',(0.,0.,-1.));
#2390=DIRECTION('',(0.,0.,-1.));
#2391=DIRECTION('',(0.,0.,-1.));
#2392=DIRECTION('',(0.,0.,1.));
#2393=DIRECTION('',(0.,0.,-1.));
#2394=DIRECTION('',(0.,0.,-1.));
#2395=DIRECTION('',(0.,0.,-1.));
#2396=DIRECTION('',(0.,0.,-1.));
#2397=DIRECTION('',(0.,0.,-1.));
#2398=DIRECTION('',(0.,0.,-1.));
#2399=DIRECTION('',(0.,0.,-1.));
#2400=DIRECTION('',(0.,0.,-1.));
#2401=DIRECTION('',(0.,0.,-1.));
#2402=DIRECTION('',(0.,0.,1.));
#2403=DIRECTION('',(0.,0.,-1.));
#2404=DIRECTION('',(0.,0.,-1.));
#2405=DIRECTION('',(0.,0.,-1.));
#2406=DIRECTION('',(0.,0.,-1.));
#2407=DIRECTION('',(0.,0.,-1.));
#2408=DIRECTION('',(0.,0.,-1.));
#2409=DIRECTION('',(0.,0.,-1.));
#2410=DIRECTION('',(0.,0.,-1.));
#2411=DIRECTION('',(0.,0.,-1.));
#2412=DIRECTION('',(0.,0.,1.));
#2413=DIRECTION('',(0.,0.,-1.));
#2414=DIRECTION('',(0.,0.,-1.));
#2415=DIRECTION('',(0.,0.,-1.));
#2416=DIRECTION('',(0.,0.,-1.));
#2417=DIRECTION('',(0.,0.,-1.));
#2418=DIRECTION('',(0.,0.,-1.));
#2419=DIRECTION('',(0.,0.,-1.));
#2420=DIRECTION('',(0.,0.,-1.));
#2421=DIRECTION('',(0.,0.,-1.));
#2422=DIRECTION('',(0.,0.,-1.));
#2423=DIRECTION('',(0.,0.,-1.));
#2424=DIRECTION('',(0.,0.,-1.));
#2425=DIRECTION('',(0.,0.,-1.));
#2426=DIRECTION('',(0.,0.,-1.));
#2427=CARTESIAN_POINT('',(0.,0.,0.));
#2428=CARTESIAN_POINT('',(20.286925730808,-20.0763637186741,5.));
#2429=CARTESIAN_POINT('',(20.286925730808,-20.0763637186741,8.13151629364128E-17));
#2430=CARTESIAN_POINT('',(12.4921077182753,-21.7258164339598,5.));
#2431=CARTESIAN_POINT('',(12.4921077182753,-21.7258164339598,4.65568578544268E-17));
#2432=CARTESIAN_POINT('',(8.05216728099218,-15.1101674845486,5.));
#2433=CARTESIAN_POINT('',(8.05216728099218,-15.1101674845486,4.65568578544268E-17));
#2434=CARTESIAN_POINT('',(12.5322254197491,-8.5216197552061,5.));
#2435=CARTESIAN_POINT('',(12.5322254197491,-8.5216197552061,8.13151629364128E-17));
#2436=CARTESIAN_POINT('',(17.0122835585061,-1.93307202586357,5.));
#2437=CARTESIAN_POINT('',(17.0122835585061,-1.93307202586357,4.65568578544268E-17));
#2438=CARTESIAN_POINT('',(24.7969348450233,-3.62985912382058,5.));
#2439=CARTESIAN_POINT('',(24.7969348450233,-3.62985912382058,4.65568578544268E-17));
#2440=CARTESIAN_POINT('',(26.1287226263602,-11.4851900152566,5.));
#2441=CARTESIAN_POINT('',(26.1287226263602,-11.4851900152566,8.13151629364128E-17));
#2442=CARTESIAN_POINT('',(18.734241730573,-12.7388455827228,5.));
#2443=CARTESIAN_POINT('',(20.286925730808,-20.0763637186742,5.));
#2444=CARTESIAN_POINT('',(26.1287226263602,-11.4851900152566,5.));
#2445=CARTESIAN_POINT('',(20.286925730808,-20.0763637186742,5.002));
#2446=CARTESIAN_POINT('',(20.286925730808,-20.0763637186742,0.));
#2447=CARTESIAN_POINT('',(18.734241730573,-12.7388455827228,0.));
#2448=CARTESIAN_POINT('',(26.1287226263602,-11.4851900152566,0.));
#2449=CARTESIAN_POINT('',(26.1287226263602,-11.4851900152566,5.002));
#2450=CARTESIAN_POINT('',(28.4335935779492,2.48001855150718,5.));
#2451=CARTESIAN_POINT('',(28.4335935779492,2.48001855150718,8.13151629364128E-17));
#2452=CARTESIAN_POINT('',(24.6482465812857,-4.53076102164426,5.));
#2453=CARTESIAN_POINT('',(24.6482465812857,-4.53076102164426,9.31137157088536E-17));
#2454=CARTESIAN_POINT('',(16.7312122689191,-3.63608241718546,5.));
#2455=CARTESIAN_POINT('',(16.7312122689191,-3.63608241718546,9.31137157088536E-17));
#2456=CARTESIAN_POINT('',(14.6058791497932,4.04264412054292,5.));
#2457=CARTESIAN_POINT('',(14.6058791497932,4.04264412054292,8.13151629364128E-17));
#2458=CARTESIAN_POINT('',(12.4805460306674,11.7213706582713,5.));
#2459=CARTESIAN_POINT('',(12.4805460306674,11.7213706582713,4.65568578544268E-17));
#2460=CARTESIAN_POINT('',(18.8108543404673,16.559456933995,5.));
#2461=CARTESIAN_POINT('',(18.8108543404673,16.559456933995,4.65568578544268E-17));
#2462=CARTESIAN_POINT('',(25.6622535567306,12.4927370164381,5.));
#2463=CARTESIAN_POINT('',(25.6622535567306,12.4927370164381,8.13151629364128E-17));
#2464=CARTESIAN_POINT('',(21.8341165686789,6.04328997031775,5.));
#2465=CARTESIAN_POINT('',(28.4335935779492,2.48001855150717,5.));
#2466=CARTESIAN_POINT('',(25.6622535567306,12.4927370164381,5.));
#2467=CARTESIAN_POINT('',(28.4335935779492,2.48001855150717,5.002));
#2468=CARTESIAN_POINT('',(28.4335935779492,2.48001855150717,0.));
#2469=CARTESIAN_POINT('',(21.8341165686789,6.04328997031775,0.));
#2470=CARTESIAN_POINT('',(25.6622535567306,12.4927370164381,0.));
#2471=CARTESIAN_POINT('',(25.6622535567306,12.4927370164381,5.002));
#2472=CARTESIAN_POINT('',(10.8628543540832,-1.7315875034132,5.));
#2473=CARTESIAN_POINT('',(10.8628543540832,-1.7315875034132,6.27437037744995E-17));
#2474=CARTESIAN_POINT('',(10.8565211422133,-1.77131795769298,5.));
#2475=CARTESIAN_POINT('',(10.8565211422133,-1.77131795769298,3.14697515346224E-17));
#2476=CARTESIAN_POINT('',(10.8499601777247,-1.81107505464549,5.));
#2477=CARTESIAN_POINT('',(10.8499601777247,-1.81107505464549,3.15677168320943E-17));
#2478=CARTESIAN_POINT('',(10.8431696693204,-1.85085696971154,5.));
#2479=CARTESIAN_POINT('',(10.8431696693204,-1.85085696971154,-3.16657432837767E-17));
#2480=CARTESIAN_POINT('',(3.62051164975087E-15,-8.67361737988404E-15,0.));
#2481=CARTESIAN_POINT('',(10.8431696693204,-1.85085696971154,0.));
#2482=CARTESIAN_POINT('',(10.8628543540832,-1.7315875034132,0.));
#2483=CARTESIAN_POINT('',(10.8628543540832,-1.7315875034132,5.));
#2484=CARTESIAN_POINT('',(10.8628543540832,-1.7315875034132,5.));
#2485=CARTESIAN_POINT('',(3.62051164975087E-15,-8.67361737988404E-15,5.));
#2486=CARTESIAN_POINT('',(10.8431696693204,-1.85085696971154,5.));
#2487=CARTESIAN_POINT('',(10.8431696693204,-1.85085696971154,5.));
#2488=CARTESIAN_POINT('',(16.504851346877,23.2853949459594,5.));
#2489=CARTESIAN_POINT('',(16.504851346877,23.2853949459594,8.13151629364128E-17));
#2490=CARTESIAN_POINT('',(19.4016024836512,15.8632177074353,5.));
#2491=CARTESIAN_POINT('',(19.4016024836512,15.8632177074353,4.65568578544268E-17));
#2492=CARTESIAN_POINT('',(13.5972605463396,10.405242186857,5.));
#2493=CARTESIAN_POINT('',(13.5972605463396,10.405242186857,4.65568578544268E-17));
#2494=CARTESIAN_POINT('',(6.36711800054736,13.7526174087274,5.));
#2495=CARTESIAN_POINT('',(6.36711800054736,13.7526174087274,8.13151629364128E-17));
#2496=CARTESIAN_POINT('',(-0.863024545244891,17.0999926305978,5.));
#2497=CARTESIAN_POINT('',(-0.863024545244891,17.0999926305978,4.65568578544268E-17));
#2498=CARTESIAN_POINT('',(-0.4565447484299,25.0570433583014,5.));
#2499=CARTESIAN_POINT('',(-0.4565447484299,25.0570433583014,4.65568578544268E-17));
#2500=CARTESIAN_POINT('',(7.0770664900206,27.6502236097223,5.));
#2501=CARTESIAN_POINT('',(7.0770664900206,27.6502236097223,8.13151629364128E-17));
#2502=CARTESIAN_POINT('',(9.51811220705965,20.5585879868688,5.));
#2503=CARTESIAN_POINT('',(16.504851346877,23.2853949459594,5.));
#2504=CARTESIAN_POINT('',(17.0181122070596,20.5585879868688,5.));
#2505=CARTESIAN_POINT('',(16.504851346877,23.2853949459594,5.002));
#2506=CARTESIAN_POINT('',(16.504851346877,23.2853949459594,0.));
#2507=CARTESIAN_POINT('',(9.51811220705965,20.5585879868688,0.));
#2508=CARTESIAN_POINT('',(7.0770664900206,27.6502236097223,0.));
#2509=CARTESIAN_POINT('',(7.0770664900206,27.6502236097223,5.002));
#2510=CARTESIAN_POINT('',(7.0770664900206,27.6502236097223,5.));
#2511=CARTESIAN_POINT('',(9.51811220705965,20.5585879868688,5.));
#2512=CARTESIAN_POINT('',(8.3483713367251,7.16272964896391,5.));
#2513=CARTESIAN_POINT('',(8.3483713367251,7.16272964896391,8.95094133803344E-17));
#2514=CARTESIAN_POINT('',(8.37463178124114,7.13212233121891,5.));
#2515=CARTESIAN_POINT('',(8.37463178124114,7.13212233121891,0.));
#2516=CARTESIAN_POINT('',(8.4007012870109,7.10139696101464,5.));
#2517=CARTESIAN_POINT('',(8.4007012870109,7.10139696101464,4.46035770685332E-17));
#2518=CARTESIAN_POINT('',(8.42657986966804,7.07055526108844,5.));
#2519=CARTESIAN_POINT('',(8.42657986966803,7.07055526108844,4.45275801638442E-17));
#2520=CARTESIAN_POINT('',(3.62051164975087E-15,-8.67361737988404E-15,5.));
#2521=CARTESIAN_POINT('',(8.42657986966803,7.07055526108844,5.));
#2522=CARTESIAN_POINT('',(8.3483713367251,7.16272964896391,5.));
#2523=CARTESIAN_POINT('',(8.42657986966803,7.07055526108844,5.));
#2524=CARTESIAN_POINT('',(8.42657986966803,7.07055526108844,0.));
#2525=CARTESIAN_POINT('',(3.62051164975087E-15,-8.67361737988404E-15,0.));
#2526=CARTESIAN_POINT('',(8.3483713367251,7.16272964896391,0.));
#2527=CARTESIAN_POINT('',(8.3483713367251,7.16272964896391,5.));
#2528=CARTESIAN_POINT('',(-7.07706649002059,27.6502236097223,5.));
#2529=CARTESIAN_POINT('',(-7.07706649002059,27.6502236097223,-5.14996031930615E-16));
#2530=CARTESIAN_POINT('',(0.456544748429896,25.0570433583013,5.));
#2531=CARTESIAN_POINT('',(0.456544748429896,25.0570433583013,-3.72454862835414E-16));
#2532=CARTESIAN_POINT('',(0.863024545244864,17.0999926305978,5.));
#2533=CARTESIAN_POINT('',(0.863024545244864,17.0999926305978,-3.72454862835414E-16));
#2534=CARTESIAN_POINT('',(-6.36711800054738,13.7526174087274,5.));
#2535=CARTESIAN_POINT('',(-6.36711800054738,13.7526174087274,-5.14996031930615E-16));
#2536=CARTESIAN_POINT('',(-13.5972605463396,10.405242186857,5.));
#2537=CARTESIAN_POINT('',(-13.5972605463396,10.405242186857,-3.72454862835414E-16));
#2538=CARTESIAN_POINT('',(-19.4016024836512,15.8632177074353,5.));
#2539=CARTESIAN_POINT('',(-19.4016024836512,15.8632177074353,-3.72454862835414E-16));
#2540=CARTESIAN_POINT('',(-16.504851346877,23.2853949459594,5.));
#2541=CARTESIAN_POINT('',(-16.504851346877,23.2853949459594,-5.14996031930615E-16));
#2542=CARTESIAN_POINT('',(-9.51811220705966,20.5585879868688,5.));
#2543=CARTESIAN_POINT('',(-7.0770664900206,27.6502236097223,5.));
#2544=CARTESIAN_POINT('',(-2.01811220705966,20.5585879868688,5.));
#2545=CARTESIAN_POINT('',(-7.0770664900206,27.6502236097223,5.002));
#2546=CARTESIAN_POINT('',(-7.0770664900206,27.6502236097223,0.));
#2547=CARTESIAN_POINT('',(-9.51811220705966,20.5585879868688,0.));
#2548=CARTESIAN_POINT('',(-16.504851346877,23.2853949459594,0.));
#2549=CARTESIAN_POINT('',(-16.504851346877,23.2853949459594,5.002));
#2550=CARTESIAN_POINT('',(-16.504851346877,23.2853949459594,5.));
#2551=CARTESIAN_POINT('',(-9.51811220705966,20.5585879868688,5.));
#2552=CARTESIAN_POINT('',(-0.0604414849364738,10.9998339454238,5.));
#2553=CARTESIAN_POINT('',(-0.0604414849364738,10.9998339454238,0.));
#2554=CARTESIAN_POINT('',(-0.0201473644068344,11.0000553520824,5.));
#2555=CARTESIAN_POINT('',(-0.0201473644068344,11.0000553520824,2.71051225085558E-17));
#2556=CARTESIAN_POINT('',(0.0201473644068155,11.0000553520824,5.));
#2557=CARTESIAN_POINT('',(0.0201473644068155,11.0000553520824,0.));
#2558=CARTESIAN_POINT('',(0.0604414849364549,10.9998339454238,5.));
#2559=CARTESIAN_POINT('',(0.0604414849364549,10.9998339454238,2.71048497249419E-17));
#2560=CARTESIAN_POINT('',(3.62051164975087E-15,-8.67361737988404E-15,5.));
#2561=CARTESIAN_POINT('',(0.0604414849364566,10.9998339454238,5.));
#2562=CARTESIAN_POINT('',(-0.0604414849364722,10.9998339454238,5.));
#2563=CARTESIAN_POINT('',(0.0604414849364566,10.9998339454238,5.));
#2564=CARTESIAN_POINT('',(0.0604414849364566,10.9998339454238,0.));
#2565=CARTESIAN_POINT('',(3.62051164975087E-15,-8.67361737988404E-15,0.));
#2566=CARTESIAN_POINT('',(-0.0604414849364722,10.9998339454238,0.));
#2567=CARTESIAN_POINT('',(-0.0604414849364722,10.9998339454238,5.));
#2568=CARTESIAN_POINT('',(-25.6622535567306,12.492737016438,5.));
#2569=CARTESIAN_POINT('',(-25.6622535567306,12.492737016438,8.13151629364128E-17));
#2570=CARTESIAN_POINT('',(-18.8108543404674,16.559456933995,5.));
#2571=CARTESIAN_POINT('',(-18.8108543404674,16.559456933995,-1.86227431417707E-16));
#2572=CARTESIAN_POINT('',(-12.4805460306674,11.7213706582713,5.));
#2573=CARTESIAN_POINT('',(-12.4805460306674,11.7213706582713,-1.86227431417707E-16));
#2574=CARTESIAN_POINT('',(-14.6058791497932,4.04264412054291,5.));
#2575=CARTESIAN_POINT('',(-14.6058791497932,4.04264412054291,8.13151629364128E-17));
#2576=CARTESIAN_POINT('',(-16.731212268919,-3.63608241718549,5.));
#2577=CARTESIAN_POINT('',(-16.731212268919,-3.63608241718549,-3.25898004980988E-16));
#2578=CARTESIAN_POINT('',(-24.6482465812857,-4.53076102164431,5.));
#2579=CARTESIAN_POINT('',(-24.6482465812857,-4.53076102164431,-3.25898004980988E-16));
#2580=CARTESIAN_POINT('',(-28.4335935779492,2.48001855150715,5.));
#2581=CARTESIAN_POINT('',(-28.4335935779492,2.48001855150715,8.13151629364128E-17));
#2582=CARTESIAN_POINT('',(-21.8341165686789,6.04328997031772,5.));
#2583=CARTESIAN_POINT('',(-25.6622535567307,12.4927370164381,5.));
#2584=CARTESIAN_POINT('',(-14.3341165686789,6.04328997031772,5.));
#2585=CARTESIAN_POINT('',(-25.6622535567307,12.4927370164381,5.002));
#2586=CARTESIAN_POINT('',(-25.6622535567307,12.4927370164381,0.));
#2587=CARTESIAN_POINT('',(-21.8341165686789,6.04328997031772,0.));
#2588=CARTESIAN_POINT('',(-28.4335935779492,2.48001855150714,0.));
#2589=CARTESIAN_POINT('',(-28.4335935779492,2.48001855150714,5.002));
#2590=CARTESIAN_POINT('',(-28.4335935779492,2.48001855150714,5.));
#2591=CARTESIAN_POINT('',(-21.8341165686789,6.04328997031772,5.));
#2592=CARTESIAN_POINT('',(-8.42657986966804,7.07055526108842,5.));
#2593=CARTESIAN_POINT('',(-8.42657986966804,7.07055526108842,4.45275801638442E-17));
#2594=CARTESIAN_POINT('',(-8.40070128701091,7.10139696101463,5.));
#2595=CARTESIAN_POINT('',(-8.40070128701091,7.10139696101463,0.));
#2596=CARTESIAN_POINT('',(-8.37463178124115,7.1321223312189,5.));
#2597=CARTESIAN_POINT('',(-8.37463178124115,7.1321223312189,0.));
#2598=CARTESIAN_POINT('',(-8.34837133672511,7.1627296489639,5.));
#2599=CARTESIAN_POINT('',(-8.34837133672511,7.1627296489639,-4.47547066901672E-17));
#2600=CARTESIAN_POINT('',(3.62051164975087E-15,-8.67361737988404E-15,5.));
#2601=CARTESIAN_POINT('',(-8.34837133672511,7.1627296489639,5.));
#2602=CARTESIAN_POINT('',(-8.42657986966804,7.07055526108842,5.));
#2603=CARTESIAN_POINT('',(-8.34837133672511,7.1627296489639,5.));
#2604=CARTESIAN_POINT('',(-8.34837133672511,7.1627296489639,0.));
#2605=CARTESIAN_POINT('',(3.62051164975087E-15,-8.67361737988404E-15,0.));
#2606=CARTESIAN_POINT('',(-8.42657986966804,7.07055526108842,0.));
#2607=CARTESIAN_POINT('',(-8.42657986966804,7.07055526108842,5.));
#2608=CARTESIAN_POINT('',(-26.1287226263602,-11.4851900152566,5.));
#2609=CARTESIAN_POINT('',(-26.1287226263602,-11.4851900152566,8.13151629364128E-17));
#2610=CARTESIAN_POINT('',(-24.7969348450233,-3.62985912382057,5.));
#2611=CARTESIAN_POINT('',(-24.7969348450233,-3.62985912382057,1.86227431417707E-16));
#2612=CARTESIAN_POINT('',(-17.0122835585061,-1.93307202586358,5.));
#2613=CARTESIAN_POINT('',(-17.0122835585061,-1.93307202586358,1.86227431417707E-16));
#2614=CARTESIAN_POINT('',(-12.5322254197491,-8.52161975520611,5.));
#2615=CARTESIAN_POINT('',(-12.5322254197491,-8.52161975520611,8.13151629364128E-17));
#2616=CARTESIAN_POINT('',(-8.05216728099219,-15.1101674845486,5.));
#2617=CARTESIAN_POINT('',(-8.05216728099219,-15.1101674845486,1.86227431417707E-16));
#2618=CARTESIAN_POINT('',(-12.4921077182753,-21.7258164339598,5.));
#2619=CARTESIAN_POINT('',(-12.4921077182753,-21.7258164339598,1.86227431417707E-16));
#2620=CARTESIAN_POINT('',(-20.286925730808,-20.0763637186742,5.));
#2621=CARTESIAN_POINT('',(-20.286925730808,-20.0763637186742,8.13151629364128E-17));
#2622=CARTESIAN_POINT('',(-18.734241730573,-12.7388455827228,5.));
#2623=CARTESIAN_POINT('',(-26.1287226263602,-11.4851900152566,5.));
#2624=CARTESIAN_POINT('',(-11.234241730573,-12.7388455827228,5.));
#2625=CARTESIAN_POINT('',(-26.1287226263602,-11.4851900152566,5.002));
#2626=CARTESIAN_POINT('',(-26.1287226263602,-11.4851900152566,0.));
#2627=CARTESIAN_POINT('',(-18.734241730573,-12.7388455827228,0.));
#2628=CARTESIAN_POINT('',(-20.286925730808,-20.0763637186742,0.));
#2629=CARTESIAN_POINT('',(-20.286925730808,-20.0763637186742,5.002));
#2630=CARTESIAN_POINT('',(-20.286925730808,-20.0763637186742,5.));
#2631=CARTESIAN_POINT('',(-18.734241730573,-12.7388455827228,5.));
#2632=CARTESIAN_POINT('',(-10.8431696693204,-1.85085696971156,5.));
#2633=CARTESIAN_POINT('',(-10.8431696693204,-1.85085696971156,6.33314865675534E-17));
#2634=CARTESIAN_POINT('',(-10.8499601777247,-1.81107505464551,5.));
#2635=CARTESIAN_POINT('',(-10.8499601777247,-1.81107505464551,9.4703150496283E-17));
#2636=CARTESIAN_POINT('',(-10.8565211422133,-1.771317957693,5.));
#2637=CARTESIAN_POINT('',(-10.8565211422133,-1.771317957693,6.29395030692449E-17));
#2638=CARTESIAN_POINT('',(-10.8628543540831,-1.73158750341321,5.));
#2639=CARTESIAN_POINT('',(-10.8628543540831,-1.73158750341321,3.13718518872498E-17));
#2640=CARTESIAN_POINT('',(3.62051164975087E-15,-8.67361737988404E-15,5.));
#2641=CARTESIAN_POINT('',(-10.8628543540831,-1.73158750341322,5.));
#2642=CARTESIAN_POINT('',(-10.8431696693204,-1.85085696971156,5.));
#2643=CARTESIAN_POINT('',(-10.8628543540831,-1.73158750341322,5.));
#2644=CARTESIAN_POINT('',(-10.8628543540831,-1.73158750341322,0.));
#2645=CARTESIAN_POINT('',(3.62051164975087E-15,-8.67361737988404E-15,0.));
#2646=CARTESIAN_POINT('',(-10.8431696693204,-1.85085696971156,0.));
#2647=CARTESIAN_POINT('',(-10.8431696693204,-1.85085696971156,5.));
#2648=CARTESIAN_POINT('',(-5.22076004978862,-7.81371816194635,-0.250000000000005));
#2649=CARTESIAN_POINT('',(-5.22076004978862,-7.81371816194635,5.25));
#2650=CARTESIAN_POINT('',(-11.9736146008037,-17.9204654069926,-0.250000000000005));
#2651=CARTESIAN_POINT('',(-11.9736146008037,-17.9204654069926,5.25));
#2652=CARTESIAN_POINT('',(-5.55555555555556,-8.31479419283098,0.));
#2653=CARTESIAN_POINT('',(-11.6666666666667,-17.4610678049451,0.));
#2654=CARTESIAN_POINT('',(-5.52770798392567,-8.27311576399391,0.));
#2655=CARTESIAN_POINT('',(-5.52770798392567,-8.27311576399391,5.));
#2656=CARTESIAN_POINT('',(-5.52770798392567,-8.27311576399391,5.));
#2657=CARTESIAN_POINT('',(-5.55555555555556,-8.31479419283098,5.));
#2658=CARTESIAN_POINT('',(-11.6666666666667,-17.4610678049451,5.));
#2659=CARTESIAN_POINT('',(-11.6666666666667,-17.4610678049451,5.002));
#2660=CARTESIAN_POINT('',(-5.72326866288788,-6.94580418759452,5.));
#2661=CARTESIAN_POINT('',(-5.72326866288788,-6.94580418759452,-5.14996031930615E-16));
#2662=CARTESIAN_POINT('',(-13.5262227499896,-0.516253137994867,5.));
#2663=CARTESIAN_POINT('',(-13.5262227499896,-0.516253137994867,0.));
#2664=CARTESIAN_POINT('',(-10.1106488013789,9.,5.));
#2665=CARTESIAN_POINT('',(-10.1106488013789,9.,0.));
#2666=CARTESIAN_POINT('',(7.49951547366295E-16,9.,5.));
#2667=CARTESIAN_POINT('',(7.49951547366295E-16,9.,-5.14996031930615E-16));
#2668=CARTESIAN_POINT('',(10.1106488013789,9.,5.));
#2669=CARTESIAN_POINT('',(10.1106488013789,9.,-6.79389970865877E-16));
#2670=CARTESIAN_POINT('',(13.5262227499896,-0.516253137994853,5.));
#2671=CARTESIAN_POINT('',(13.5262227499896,-0.516253137994853,-6.79389970865877E-16));
#2672=CARTESIAN_POINT('',(5.72326866288789,-6.94580418759451,5.));
#2673=CARTESIAN_POINT('',(5.72326866288789,-6.94580418759451,-5.14996031930615E-16));
#2674=CARTESIAN_POINT('',(1.3010426069826E-15,-2.16840434497101E-15,0.));
#2675=CARTESIAN_POINT('',(5.72326866288789,-6.94580418759451,0.));
#2676=CARTESIAN_POINT('',(9.,-2.16840434497101E-15,0.));
#2677=CARTESIAN_POINT('',(5.72326866288789,-6.94580418759452,5.));
#2678=CARTESIAN_POINT('',(5.72326866288789,-6.94580418759451,5.));
#2679=CARTESIAN_POINT('',(1.3010426069826E-15,-2.16840434497101E-15,5.));
#2680=CARTESIAN_POINT('',(9.,-2.16840434497101E-15,5.));
#2681=CARTESIAN_POINT('',(1.3010426069826E-15,-2.16840434497101E-15,5.));
#2682=CARTESIAN_POINT('',(-5.72326866288789,-6.94580418759452,5.));
#2683=CARTESIAN_POINT('',(-5.72326866288789,-6.94580418759452,5.));
#2684=CARTESIAN_POINT('',(-5.72326866288789,-6.94580418759452,0.));
#2685=CARTESIAN_POINT('',(1.3010426069826E-15,-2.16840434497101E-15,0.));
#2686=CARTESIAN_POINT('',(5.22076004978862,-7.81371816194635,-0.250000000000005));
#2687=CARTESIAN_POINT('',(5.22076004978862,-7.81371816194635,5.25));
#2688=CARTESIAN_POINT('',(11.9736146008037,-17.9204654069926,-0.250000000000005));
#2689=CARTESIAN_POINT('',(11.9736146008037,-17.9204654069926,5.25));
#2690=CARTESIAN_POINT('',(5.55555555555556,-8.31479419283098,5.));
#2691=CARTESIAN_POINT('',(11.6666666666667,-17.4610678049451,5.));
#2692=CARTESIAN_POINT('',(5.52770798392567,-8.27311576399391,5.));
#2693=CARTESIAN_POINT('',(5.52770798392567,-8.27311576399391,5.));
#2694=CARTESIAN_POINT('',(5.52770798392567,-8.27311576399391,0.));
#2695=CARTESIAN_POINT('',(5.55555555555556,-8.31479419283098,0.));
#2696=CARTESIAN_POINT('',(11.6666666666667,-17.4610678049451,0.));
#2697=CARTESIAN_POINT('',(11.6666666666667,-17.4610678049451,5.002));
#2698=CARTESIAN_POINT('',(-29.7673904013848,-21.608953355868,5.));
#2699=CARTESIAN_POINT('',(-29.7673904013848,28.9119040649304,5.));
#2700=CARTESIAN_POINT('',(29.7703628291395,-21.608953355868,5.));
#2701=CARTESIAN_POINT('',(29.7703628291395,28.9119040649304,5.));
#2702=CARTESIAN_POINT('',(-21.2652614822682,-19.8693391853095,5.));
#2703=CARTESIAN_POINT('',(-21.2546936450982,-18.8693950264598,5.));
#2704=CARTESIAN_POINT('',(-20.2652614822681,-19.8693391853095,5.));
#2705=CARTESIAN_POINT('',(-21.2599775636832,-19.3693671058846,5.));
#2706=CARTESIAN_POINT('',(-21.7548414854473,-19.4408492640516,5.));
#2707=CARTESIAN_POINT('',(-19.7753857983907,-19.1549206313836,5.));
#2708=CARTESIAN_POINT('',(-20.0957378192577,-21.1290975694331,5.));
#2709=CARTESIAN_POINT('',(-18.734241730573,-12.7388455827228,5.));
#2710=CARTESIAN_POINT('',(-6.35918740320877,-7.71756020843835,5.));
#2711=CARTESIAN_POINT('',(-5.35918740320877,-7.71756020843835,5.));
#2712=CARTESIAN_POINT('',(-6.35918740320877,-7.71756020843835,5.));
#2713=CARTESIAN_POINT('',(6.35918740320877,-7.71756020843835,5.));
#2714=CARTESIAN_POINT('',(18.734241730573,-12.7388455827228,5.));
#2715=CARTESIAN_POINT('',(20.0957378192577,-21.1290975694331,5.));
#2716=CARTESIAN_POINT('',(19.7753857983907,-19.1549206313836,5.));
#2717=CARTESIAN_POINT('',(21.7548414854474,-19.4408492640516,5.));
#2718=CARTESIAN_POINT('',(21.2599775636832,-19.3693671058846,5.));
#2719=CARTESIAN_POINT('',(21.7599775636832,-19.3693671058846,5.));
#2720=CARTESIAN_POINT('',(21.2599775636832,-19.3693671058846,5.));
#2721=CARTESIAN_POINT('',(21.2546936450982,-18.8693950264598,5.));
#2722=CARTESIAN_POINT('',(21.2652614822682,-19.8693391853095,5.));
#2723=CARTESIAN_POINT('',(26.2958767020223,-12.4711208013615,5.));
#2724=CARTESIAN_POINT('',(25.362077081415,-12.8289172079303,5.));
#2725=CARTESIAN_POINT('',(25.8289768917186,-12.6500190046459,5.));
#2726=CARTESIAN_POINT('',(26.0773869756565,-13.0839457613665,5.));
#2727=CARTESIAN_POINT('',(25.0837466399051,-11.3482387344843,5.));
#2728=CARTESIAN_POINT('',(27.0837466399051,-11.3482387344843,5.));
#2729=CARTESIAN_POINT('',(25.0837466399051,-11.3482387344843,5.));
#2730=CARTESIAN_POINT('',(27.0374404581612,-10.9203597042571,5.));
#2731=CARTESIAN_POINT('',(18.734241730573,-12.7388455827228,5.));
#2732=CARTESIAN_POINT('',(20.5273931606405,-4.4301388272255,5.));
#2733=CARTESIAN_POINT('',(15.6399185985832,-3.37534386836227,5.));
#2734=CARTESIAN_POINT('',(11.2305615220396,-2.42373428817689,5.));
#2735=CARTESIAN_POINT('',(11.3360410179259,-1.93498683197116,5.));
#2736=CARTESIAN_POINT('',(11.3566204610869,-1.81029602629561,5.));
#2737=CARTESIAN_POINT('',(11.4137864634806,-1.31357472801022,5.));
#2738=CARTESIAN_POINT('',(15.8950815451326,-1.8293120765973,5.));
#2739=CARTESIAN_POINT('',(20.8622945279865,-2.40097210053395,5.));
#2740=CARTESIAN_POINT('',(21.8341165686789,6.04328997031775,5.));
#2741=CARTESIAN_POINT('',(29.1126186903948,1.65314112726276,5.));
#2742=CARTESIAN_POINT('',(27.4000299558734,2.68611732562864,5.));
#2743=CARTESIAN_POINT('',(29.4000299558734,2.68611732562864,5.));
#2744=CARTESIAN_POINT('',(27.4000299558734,2.68611732562864,5.));
#2745=CARTESIAN_POINT('',(28.8987160172177,4.01048135773328,5.));
#2746=CARTESIAN_POINT('',(28.5240445018816,3.67939034970712,5.));
#2747=CARTESIAN_POINT('',(28.1393925699725,3.99883188000436,5.));
#2748=CARTESIAN_POINT('',(28.9086964337906,3.35994881940988,5.));
#2749=CARTESIAN_POINT('',(26.5221798295467,11.9823187513645,5.));
#2750=CARTESIAN_POINT('',(26.1908557921496,11.0388017233025,5.));
#2751=CARTESIAN_POINT('',(26.3565178108481,11.5105602373335,5.));
#2752=CARTESIAN_POINT('',(26.8481066713715,11.4192344895434,5.));
#2753=CARTESIAN_POINT('',(24.8817512292783,11.7845374807037,5.));
#2754=CARTESIAN_POINT('',(26.8817512292783,11.7845374807037,5.));
#2755=CARTESIAN_POINT('',(24.8817512292783,11.7845374807037,5.));
#2756=CARTESIAN_POINT('',(25.8194849710011,13.5510751762071,5.));
#2757=CARTESIAN_POINT('',(21.8341165686789,6.04328997031774,5.));
#2758=CARTESIAN_POINT('',(16.6587786596896,12.7861289516207,5.));
#2759=CARTESIAN_POINT('',(12.6924027883349,9.74181253456812,5.));
#2760=CARTESIAN_POINT('',(9.11403786908547,6.995306549457,5.));
#2761=CARTESIAN_POINT('',(8.80960622738022,7.39194413659247,5.));
#2762=CARTESIAN_POINT('',(8.7278427611217,7.48830826937137,5.));
#2763=CARTESIAN_POINT('',(8.38607325896463,7.8532652632697,5.));
#2764=CARTESIAN_POINT('',(11.6786238047466,10.9366240690264,5.));
#2765=CARTESIAN_POINT('',(15.3281937437299,14.3543190905971,5.));
#2766=CARTESIAN_POINT('',(9.51811220705964,20.5585879868687,5.));
#2767=CARTESIAN_POINT('',(18.0181122070596,20.5585879868687,5.));
#2768=CARTESIAN_POINT('',(9.51811220705964,20.5585879868687,5.));
#2769=CARTESIAN_POINT('',(17.5746668753958,23.2681870118373,5.));
#2770=CARTESIAN_POINT('',(15.6790069534344,22.6306343000801,5.));
#2771=CARTESIAN_POINT('',(15.6387828772977,24.6302297650927,5.));
#2772=CARTESIAN_POINT('',(15.6488388963319,24.1303308988395,5.));
#2773=CARTESIAN_POINT('',(15.1564007069989,24.0437016330774,5.));
#2774=CARTESIAN_POINT('',(16.1412770856648,24.2169601646017,5.));
#2775=CARTESIAN_POINT('',(8.02261790640108,27.9756963719942,5.));
#2776=CARTESIAN_POINT('',(8.52769928951335,27.1126246505055,5.));
#2777=CARTESIAN_POINT('',(8.27515859795721,27.5441605112498,5.));
#2778=CARTESIAN_POINT('',(8.77515859795721,27.5441605112498,5.));
#2779=CARTESIAN_POINT('',(8.27515859795721,27.5441605112498,5.));
#2780=CARTESIAN_POINT('',(8.66284214462793,27.8599159033507,5.));
#2781=CARTESIAN_POINT('',(7.11210795794506,26.596894334947,5.));
#2782=CARTESIAN_POINT('',(6.3717989582175,28.4548347497403,5.));
#2783=CARTESIAN_POINT('',(9.51811220705965,20.5585879868687,5.));
#2784=CARTESIAN_POINT('',(1.02830887025278,20.9748082438758,5.));
#2785=CARTESIAN_POINT('',(0.783473424954494,15.9808062810482,5.));
#2786=CARTESIAN_POINT('',(0.562589021443598,11.4753428529587,5.));
#2787=CARTESIAN_POINT('',(0.0631888251608409,11.4998263974886,5.));
#2788=CARTESIAN_POINT('',(-0.0631888251608574,11.4998263974886,5.));
#2789=CARTESIAN_POINT('',(-0.562589021443614,11.4753428529587,5.));
#2790=CARTESIAN_POINT('',(-0.78347342495451,15.9808062810482,5.));
#2791=CARTESIAN_POINT('',(-1.0283088702528,20.9748082438758,5.));
#2792=CARTESIAN_POINT('',(-9.51811220705966,20.5585879868687,5.));
#2793=CARTESIAN_POINT('',(-6.37179895821752,28.4548347497403,5.));
#2794=CARTESIAN_POINT('',(-7.11210795794508,26.596894334947,5.));
#2795=CARTESIAN_POINT('',(-8.66284214462794,27.8599159033507,5.));
#2796=CARTESIAN_POINT('',(-8.27515859795723,27.5441605112498,5.));
#2797=CARTESIAN_POINT('',(-8.52769928951337,27.1126246505055,5.));
#2798=CARTESIAN_POINT('',(-8.02261790640108,27.9756963719941,5.));
#2799=CARTESIAN_POINT('',(-16.1412770856648,24.2169601646017,5.));
#2800=CARTESIAN_POINT('',(-15.1564007069989,24.0437016330773,5.));
#2801=CARTESIAN_POINT('',(-15.6488388963319,24.1303308988395,5.));
#2802=CARTESIAN_POINT('',(-15.1488388963319,24.1303308988395,5.));
#2803=CARTESIAN_POINT('',(-15.6488388963319,24.1303308988395,5.));
#2804=CARTESIAN_POINT('',(-15.6387828772977,24.6302297650927,5.));
#2805=CARTESIAN_POINT('',(-15.6790069534344,22.6306343000801,5.));
#2806=CARTESIAN_POINT('',(-17.5746668753958,23.2681870118373,5.));
#2807=CARTESIAN_POINT('',(-9.51811220705965,20.5585879868687,5.));
#2808=CARTESIAN_POINT('',(-15.3281937437299,14.3543190905971,5.));
#2809=CARTESIAN_POINT('',(-11.6786238047466,10.9366240690263,5.));
#2810=CARTESIAN_POINT('',(-8.38607325896463,7.85326526326968,5.));
#2811=CARTESIAN_POINT('',(-8.7278427611217,7.48830826937135,5.));
#2812=CARTESIAN_POINT('',(-8.2278427611217,7.48830826937135,5.));
#2813=CARTESIAN_POINT('',(-8.7278427611217,7.48830826937135,5.));
#2814=CARTESIAN_POINT('',(-8.80960622738023,7.39194413659244,5.));
#2815=CARTESIAN_POINT('',(-9.11403786908548,6.99530654945698,5.));
#2816=CARTESIAN_POINT('',(-12.6924027883349,9.7418125345681,5.));
#2817=CARTESIAN_POINT('',(-16.6587786596896,12.7861289516206,5.));
#2818=CARTESIAN_POINT('',(-21.8341165686789,6.04328997031771,5.));
#2819=CARTESIAN_POINT('',(-25.8194849710012,13.5510751762071,5.));
#2820=CARTESIAN_POINT('',(-24.8817512292783,11.7845374807037,5.));
#2821=CARTESIAN_POINT('',(-26.8481066713715,11.4192344895434,5.));
#2822=CARTESIAN_POINT('',(-26.3565178108481,11.5105602373335,5.));
#2823=CARTESIAN_POINT('',(-26.1908557921497,11.0388017233025,5.));
#2824=CARTESIAN_POINT('',(-26.5221798295467,11.9823187513645,5.));
#2825=CARTESIAN_POINT('',(-25.5221798295466,11.9823187513645,5.));
#2826=CARTESIAN_POINT('',(-26.5221798295467,11.9823187513645,5.));
#2827=CARTESIAN_POINT('',(-28.9086964337906,3.35994881940986,5.));
#2828=CARTESIAN_POINT('',(-27.9086964337906,3.35994881940986,5.));
#2829=CARTESIAN_POINT('',(-28.9086964337906,3.35994881940986,5.));
#2830=CARTESIAN_POINT('',(-28.1393925699725,3.99883188000431,5.));
#2831=CARTESIAN_POINT('',(-28.5240445018816,3.67939034970709,5.));
#2832=CARTESIAN_POINT('',(-28.8987160172177,4.01048135773325,5.));
#2833=CARTESIAN_POINT('',(-27.4000299558734,2.6861173256286,5.));
#2834=CARTESIAN_POINT('',(-29.1126186903948,1.65314112726271,5.));
#2835=CARTESIAN_POINT('',(-21.8341165686789,6.04328997031772,5.));
#2836=CARTESIAN_POINT('',(-20.8622945279866,-2.40097210053399,5.));
#2837=CARTESIAN_POINT('',(-15.8950815451326,-1.82931207659732,5.));
#2838=CARTESIAN_POINT('',(-11.4137864634806,-1.31357472801024,5.));
#2839=CARTESIAN_POINT('',(-11.3566204610869,-1.81029602629564,5.));
#2840=CARTESIAN_POINT('',(-11.3360410179259,-1.93498683197117,5.));
#2841=CARTESIAN_POINT('',(-10.8360410179259,-1.93498683197117,5.));
#2842=CARTESIAN_POINT('',(-11.3360410179259,-1.93498683197117,5.));
#2843=CARTESIAN_POINT('',(-11.2305615220396,-2.4237342881769,5.));
#2844=CARTESIAN_POINT('',(-15.6399185985832,-3.37534386836229,5.));
#2845=CARTESIAN_POINT('',(-20.5273931606405,-4.43013882722551,5.));
#2846=CARTESIAN_POINT('',(-18.734241730573,-12.7388455827228,5.));
#2847=CARTESIAN_POINT('',(-27.0374404581612,-10.9203597042571,5.));
#2848=CARTESIAN_POINT('',(-25.0837466399051,-11.3482387344844,5.));
#2849=CARTESIAN_POINT('',(-26.0773869756565,-13.0839457613665,5.));
#2850=CARTESIAN_POINT('',(-25.8289768917186,-12.6500190046459,5.));
#2851=CARTESIAN_POINT('',(-25.362077081415,-12.8289172079303,5.));
#2852=CARTESIAN_POINT('',(-26.2958767020223,-12.4711208013615,5.));
#2853=CARTESIAN_POINT('',(-25.2958767020223,-12.4711208013615,5.));
#2854=CARTESIAN_POINT('',(-26.2958767020223,-12.4711208013615,5.));
#2855=CARTESIAN_POINT('',(-21.2652614822682,-19.8693391853095,5.));
#2856=CARTESIAN_POINT('',(-29.7703628291395,-21.608953355868,0.));
#2857=CARTESIAN_POINT('',(-29.7703628291395,28.9119040649304,0.));
#2858=CARTESIAN_POINT('',(29.7673904013848,-21.608953355868,0.));
#2859=CARTESIAN_POINT('',(29.7673904013848,28.9119040649304,0.));
#2860=CARTESIAN_POINT('',(-19.7753857983907,-19.1549206313836,0.));
#2861=CARTESIAN_POINT('',(-20.0957378192577,-21.1290975694331,0.));
#2862=CARTESIAN_POINT('',(-21.7548414854473,-19.4408492640516,0.));
#2863=CARTESIAN_POINT('',(-21.2599775636832,-19.3693671058846,0.));
#2864=CARTESIAN_POINT('',(-21.2546936450982,-18.8693950264598,0.));
#2865=CARTESIAN_POINT('',(-21.2652614822682,-19.8693391853095,0.));
#2866=CARTESIAN_POINT('',(-26.2958767020223,-12.4711208013615,0.));
#2867=CARTESIAN_POINT('',(-25.362077081415,-12.8289172079303,0.));
#2868=CARTESIAN_POINT('',(-25.8289768917186,-12.6500190046459,0.));
#2869=CARTESIAN_POINT('',(-26.0773869756565,-13.0839457613665,0.));
#2870=CARTESIAN_POINT('',(-25.0837466399051,-11.3482387344844,0.));
#2871=CARTESIAN_POINT('',(-27.0374404581612,-10.9203597042571,0.));
#2872=CARTESIAN_POINT('',(-18.734241730573,-12.7388455827228,0.));
#2873=CARTESIAN_POINT('',(-20.5273931606405,-4.43013882722551,0.));
#2874=CARTESIAN_POINT('',(-15.6399185985832,-3.37534386836229,0.));
#2875=CARTESIAN_POINT('',(-11.2305615220396,-2.4237342881769,0.));
#2876=CARTESIAN_POINT('',(-11.3360410179259,-1.93498683197117,0.));
#2877=CARTESIAN_POINT('',(-10.8360410179259,-1.93498683197117,0.));
#2878=CARTESIAN_POINT('',(-11.3360410179259,-1.93498683197117,0.));
#2879=CARTESIAN_POINT('',(-11.3566204610869,-1.81029602629564,0.));
#2880=CARTESIAN_POINT('',(-11.4137864634806,-1.31357472801024,0.));
#2881=CARTESIAN_POINT('',(-15.8950815451326,-1.82931207659732,0.));
#2882=CARTESIAN_POINT('',(-20.8622945279866,-2.40097210053399,0.));
#2883=CARTESIAN_POINT('',(-21.8341165686789,6.04328997031772,0.));
#2884=CARTESIAN_POINT('',(-29.1126186903948,1.65314112726271,0.));
#2885=CARTESIAN_POINT('',(-27.4000299558734,2.6861173256286,0.));
#2886=CARTESIAN_POINT('',(-28.8987160172177,4.01048135773325,0.));
#2887=CARTESIAN_POINT('',(-28.5240445018816,3.67939034970709,0.));
#2888=CARTESIAN_POINT('',(-28.1393925699725,3.99883188000431,0.));
#2889=CARTESIAN_POINT('',(-28.9086964337906,3.35994881940986,0.));
#2890=CARTESIAN_POINT('',(-26.5221798295467,11.9823187513645,0.));
#2891=CARTESIAN_POINT('',(-26.1908557921497,11.0388017233025,0.));
#2892=CARTESIAN_POINT('',(-26.3565178108481,11.5105602373335,0.));
#2893=CARTESIAN_POINT('',(-26.8481066713715,11.4192344895434,0.));
#2894=CARTESIAN_POINT('',(-24.8817512292783,11.7845374807037,0.));
#2895=CARTESIAN_POINT('',(-25.8194849710012,13.5510751762071,0.));
#2896=CARTESIAN_POINT('',(-21.8341165686789,6.04328997031771,0.));
#2897=CARTESIAN_POINT('',(-16.6587786596896,12.7861289516206,0.));
#2898=CARTESIAN_POINT('',(-12.6924027883349,9.7418125345681,0.));
#2899=CARTESIAN_POINT('',(-9.11403786908548,6.99530654945697,0.));
#2900=CARTESIAN_POINT('',(-8.80960622738023,7.39194413659244,0.));
#2901=CARTESIAN_POINT('',(-8.7278427611217,7.48830826937135,0.));
#2902=CARTESIAN_POINT('',(-8.2278427611217,7.48830826937135,0.));
#2903=CARTESIAN_POINT('',(-8.7278427611217,7.48830826937135,0.));
#2904=CARTESIAN_POINT('',(-8.38607325896463,7.85326526326968,0.));
#2905=CARTESIAN_POINT('',(-11.6786238047466,10.9366240690263,0.));
#2906=CARTESIAN_POINT('',(-15.3281937437299,14.3543190905971,0.));
#2907=CARTESIAN_POINT('',(-9.51811220705965,20.5585879868687,0.));
#2908=CARTESIAN_POINT('',(-17.5746668753958,23.2681870118373,0.));
#2909=CARTESIAN_POINT('',(-15.6790069534344,22.6306343000801,0.));
#2910=CARTESIAN_POINT('',(-15.6387828772977,24.6302297650927,0.));
#2911=CARTESIAN_POINT('',(-15.6488388963319,24.1303308988395,0.));
#2912=CARTESIAN_POINT('',(-15.1488388963319,24.1303308988395,0.));
#2913=CARTESIAN_POINT('',(-15.6488388963319,24.1303308988395,0.));
#2914=CARTESIAN_POINT('',(-15.1564007069989,24.0437016330773,0.));
#2915=CARTESIAN_POINT('',(-16.1412770856648,24.2169601646017,0.));
#2916=CARTESIAN_POINT('',(-8.02261790640108,27.9756963719941,0.));
#2917=CARTESIAN_POINT('',(-8.52769928951337,27.1126246505055,0.));
#2918=CARTESIAN_POINT('',(-8.27515859795723,27.5441605112498,0.));
#2919=CARTESIAN_POINT('',(-8.66284214462794,27.8599159033507,0.));
#2920=CARTESIAN_POINT('',(-7.11210795794508,26.596894334947,0.));
#2921=CARTESIAN_POINT('',(-6.37179895821752,28.4548347497403,0.));
#2922=CARTESIAN_POINT('',(-9.51811220705966,20.5585879868687,0.));
#2923=CARTESIAN_POINT('',(-1.0283088702528,20.9748082438758,0.));
#2924=CARTESIAN_POINT('',(-0.78347342495451,15.9808062810482,0.));
#2925=CARTESIAN_POINT('',(-0.562589021443614,11.4753428529587,0.));
#2926=CARTESIAN_POINT('',(-0.0631888251608574,11.4998263974886,0.));
#2927=CARTESIAN_POINT('',(0.0631888251608409,11.4998263974886,0.));
#2928=CARTESIAN_POINT('',(0.562589021443598,11.4753428529587,0.));
#2929=CARTESIAN_POINT('',(0.783473424954494,15.9808062810482,0.));
#2930=CARTESIAN_POINT('',(1.02830887025278,20.9748082438758,0.));
#2931=CARTESIAN_POINT('',(9.51811220705965,20.5585879868687,0.));
#2932=CARTESIAN_POINT('',(6.3717989582175,28.4548347497403,0.));
#2933=CARTESIAN_POINT('',(7.11210795794506,26.596894334947,0.));
#2934=CARTESIAN_POINT('',(8.66284214462793,27.8599159033507,0.));
#2935=CARTESIAN_POINT('',(8.27515859795721,27.5441605112498,0.));
#2936=CARTESIAN_POINT('',(8.77515859795721,27.5441605112498,0.));
#2937=CARTESIAN_POINT('',(8.27515859795721,27.5441605112498,0.));
#2938=CARTESIAN_POINT('',(8.52769928951335,27.1126246505055,0.));
#2939=CARTESIAN_POINT('',(8.02261790640108,27.9756963719942,0.));
#2940=CARTESIAN_POINT('',(16.1412770856648,24.2169601646017,0.));
#2941=CARTESIAN_POINT('',(15.1564007069989,24.0437016330774,0.));
#2942=CARTESIAN_POINT('',(15.6488388963319,24.1303308988395,0.));
#2943=CARTESIAN_POINT('',(15.6387828772977,24.6302297650927,0.));
#2944=CARTESIAN_POINT('',(15.6790069534344,22.6306343000801,0.));
#2945=CARTESIAN_POINT('',(17.5746668753958,23.2681870118373,0.));
#2946=CARTESIAN_POINT('',(9.51811220705964,20.5585879868687,0.));
#2947=CARTESIAN_POINT('',(15.3281937437299,14.3543190905971,0.));
#2948=CARTESIAN_POINT('',(11.6786238047466,10.9366240690264,0.));
#2949=CARTESIAN_POINT('',(8.38607325896463,7.85326526326969,0.));
#2950=CARTESIAN_POINT('',(8.7278427611217,7.48830826937137,0.));
#2951=CARTESIAN_POINT('',(8.80960622738022,7.39194413659247,0.));
#2952=CARTESIAN_POINT('',(9.11403786908547,6.995306549457,0.));
#2953=CARTESIAN_POINT('',(12.6924027883349,9.74181253456812,0.));
#2954=CARTESIAN_POINT('',(16.6587786596896,12.7861289516207,0.));
#2955=CARTESIAN_POINT('',(21.8341165686789,6.04328997031774,0.));
#2956=CARTESIAN_POINT('',(25.8194849710011,13.5510751762071,0.));
#2957=CARTESIAN_POINT('',(24.8817512292783,11.7845374807037,0.));
#2958=CARTESIAN_POINT('',(26.8817512292783,11.7845374807037,0.));
#2959=CARTESIAN_POINT('',(24.8817512292783,11.7845374807037,0.));
#2960=CARTESIAN_POINT('',(26.8481066713715,11.4192344895434,0.));
#2961=CARTESIAN_POINT('',(26.3565178108481,11.5105602373335,0.));
#2962=CARTESIAN_POINT('',(26.1908557921496,11.0388017233025,0.));
#2963=CARTESIAN_POINT('',(26.5221798295467,11.9823187513645,0.));
#2964=CARTESIAN_POINT('',(28.9086964337906,3.35994881940988,0.));
#2965=CARTESIAN_POINT('',(28.1393925699725,3.99883188000436,0.));
#2966=CARTESIAN_POINT('',(28.5240445018816,3.67939034970712,0.));
#2967=CARTESIAN_POINT('',(28.8987160172177,4.01048135773328,0.));
#2968=CARTESIAN_POINT('',(27.4000299558734,2.68611732562864,0.));
#2969=CARTESIAN_POINT('',(29.4000299558734,2.68611732562864,0.));
#2970=CARTESIAN_POINT('',(27.4000299558734,2.68611732562864,0.));
#2971=CARTESIAN_POINT('',(29.1126186903948,1.65314112726276,0.));
#2972=CARTESIAN_POINT('',(21.8341165686789,6.04328997031775,0.));
#2973=CARTESIAN_POINT('',(20.8622945279865,-2.40097210053395,0.));
#2974=CARTESIAN_POINT('',(15.8950815451326,-1.8293120765973,0.));
#2975=CARTESIAN_POINT('',(11.4137864634806,-1.31357472801022,0.));
#2976=CARTESIAN_POINT('',(11.3566204610869,-1.81029602629561,0.));
#2977=CARTESIAN_POINT('',(11.3360410179259,-1.93498683197116,0.));
#2978=CARTESIAN_POINT('',(11.2305615220396,-2.42373428817689,0.));
#2979=CARTESIAN_POINT('',(15.6399185985832,-3.37534386836227,0.));
#2980=CARTESIAN_POINT('',(20.5273931606405,-4.4301388272255,0.));
#2981=CARTESIAN_POINT('',(18.734241730573,-12.7388455827228,0.));
#2982=CARTESIAN_POINT('',(27.0374404581612,-10.9203597042571,0.));
#2983=CARTESIAN_POINT('',(25.0837466399051,-11.3482387344843,0.));
#2984=CARTESIAN_POINT('',(27.0837466399051,-11.3482387344843,0.));
#2985=CARTESIAN_POINT('',(25.0837466399051,-11.3482387344843,0.));
#2986=CARTESIAN_POINT('',(26.0773869756565,-13.0839457613665,0.));
#2987=CARTESIAN_POINT('',(25.8289768917186,-12.6500190046459,0.));
#2988=CARTESIAN_POINT('',(25.362077081415,-12.8289172079303,0.));
#2989=CARTESIAN_POINT('',(26.2958767020223,-12.4711208013615,0.));
#2990=CARTESIAN_POINT('',(21.2652614822682,-19.8693391853095,0.));
#2991=CARTESIAN_POINT('',(21.2546936450982,-18.8693950264598,0.));
#2992=CARTESIAN_POINT('',(21.2599775636832,-19.3693671058846,0.));
#2993=CARTESIAN_POINT('',(21.7599775636832,-19.3693671058846,0.));
#2994=CARTESIAN_POINT('',(21.2599775636832,-19.3693671058846,0.));
#2995=CARTESIAN_POINT('',(21.7548414854474,-19.4408492640516,0.));
#2996=CARTESIAN_POINT('',(19.7753857983907,-19.1549206313836,0.));
#2997=CARTESIAN_POINT('',(20.0957378192577,-21.1290975694331,0.));
#2998=CARTESIAN_POINT('',(18.734241730573,-12.7388455827228,0.));
#2999=CARTESIAN_POINT('',(6.35918740320877,-7.71756020843835,0.));
#3000=CARTESIAN_POINT('',(-6.35918740320877,-7.71756020843835,0.));
#3001=CARTESIAN_POINT('',(-5.35918740320877,-7.71756020843835,0.));
#3002=CARTESIAN_POINT('',(-6.35918740320877,-7.71756020843835,0.));
#3003=CARTESIAN_POINT('',(-18.734241730573,-12.7388455827228,0.));
#3004=CARTESIAN_POINT('',(5.64653650072909,-8.41907905436831,5.25));
#3005=CARTESIAN_POINT('',(5.64653650072909,-8.41907905436831,-0.25));
#3006=CARTESIAN_POINT('',(5.13896253592643,-7.90345064867339,5.25));
#3007=CARTESIAN_POINT('',(5.13896253592643,-7.90345064867339,-0.25));
#3008=CARTESIAN_POINT('',(5.24442678841431,-7.18764252218127,5.25));
#3009=CARTESIAN_POINT('',(5.24442678841431,-7.18764252218127,-0.25));
#3010=CARTESIAN_POINT('',(5.87914518981729,-6.84031481895932,5.25));
#3011=CARTESIAN_POINT('',(5.87914518981729,-6.84031481895932,-0.25));
#3012=CARTESIAN_POINT('',(-5.87914518981729,-6.84031481895933,5.25));
#3013=CARTESIAN_POINT('',(-5.87914518981729,-6.84031481895933,-0.25));
#3014=CARTESIAN_POINT('',(-5.24442678841431,-7.18764252218127,5.25));
#3015=CARTESIAN_POINT('',(-5.24442678841431,-7.18764252218127,-0.250000000000001));
#3016=CARTESIAN_POINT('',(-5.13896253592643,-7.90345064867339,5.25));
#3017=CARTESIAN_POINT('',(-5.13896253592643,-7.90345064867339,-0.250000000000001));
#3018=CARTESIAN_POINT('',(-5.64653650072909,-8.41907905436831,5.25));
#3019=CARTESIAN_POINT('',(-5.64653650072909,-8.41907905436831,-0.25));
#3020=CARTESIAN_POINT('',(-10.9069966439639,-16.0530927603114,5.25));
#3021=CARTESIAN_POINT('',(-10.9069966439639,-16.0530927603114,-0.25));
#3022=CARTESIAN_POINT('',(-12.77056497089,-20.4542750647362,5.25));
#3023=CARTESIAN_POINT('',(-12.77056497089,-20.4542750647362,-0.250000000000001));
#3024=CARTESIAN_POINT('',(-17.1530581886913,-22.3613790948904,5.25));
#3025=CARTESIAN_POINT('',(-17.1530581886913,-22.3613790948904,-0.250000000000001));
#3026=CARTESIAN_POINT('',(-21.6437984273803,-20.7253642127683,5.25));
#3027=CARTESIAN_POINT('',(-21.6437984273803,-20.7253642127683,-0.25));
#3028=CARTESIAN_POINT('',(-20.0957378192577,-21.1290975694331,5.002));
#3029=CARTESIAN_POINT('',(-20.9922347425705,-4.53045905417794,-0.250000000000002));
#3030=CARTESIAN_POINT('',(-20.9922347425705,-4.53045905417794,5.25));
#3031=CARTESIAN_POINT('',(-10.7657199401095,-2.32341406122447,-0.250000000000002));
#3032=CARTESIAN_POINT('',(-10.7657199401095,-2.32341406122447,5.25));
#3033=CARTESIAN_POINT('',(-11.2305615220396,-2.4237342881769,0.));
#3034=CARTESIAN_POINT('',(-20.5273931606405,-4.43013882722551,5.002));
#3035=CARTESIAN_POINT('',(-27.231118255412,-12.5084343815178,5.25));
#3036=CARTESIAN_POINT('',(-27.231118255412,-12.5084343815178,-0.25));
#3037=CARTESIAN_POINT('',(-27.1015603215203,-7.73072495882682,5.25));
#3038=CARTESIAN_POINT('',(-27.1015603215203,-7.73072495882682,-0.249999999999999));
#3039=CARTESIAN_POINT('',(-23.7168174936964,-4.35629040243085,5.25));
#3040=CARTESIAN_POINT('',(-23.7168174936964,-4.35629040243085,-0.249999999999999));
#3041=CARTESIAN_POINT('',(-18.9387351246018,-4.24130579453717,5.25));
#3042=CARTESIAN_POINT('',(-18.9387351246018,-4.24130579453717,-0.25));
#3043=CARTESIAN_POINT('',(-27.0374404581612,-10.9203597042571,5.002));
#3044=CARTESIAN_POINT('',(-21.4422516815459,-18.8851265714096,5.25));
#3045=CARTESIAN_POINT('',(-21.4422516815459,-18.8851265714096,-0.25));
#3046=CARTESIAN_POINT('',(-20.5577306088175,-18.7260638254982,5.25));
#3047=CARTESIAN_POINT('',(-20.5577306088175,-18.7260638254982,-0.25));
#3048=CARTESIAN_POINT('',(-19.9955348868895,-19.4272160596695,5.25));
#3049=CARTESIAN_POINT('',(-19.9955348868895,-19.4272160596695,-0.25));
#3050=CARTESIAN_POINT('',(-20.3430472758901,-20.2560185842365,5.25));
#3051=CARTESIAN_POINT('',(-20.3430472758901,-20.2560185842365,-0.25));
#3052=CARTESIAN_POINT('',(-21.2546936450982,-18.8693950264598,5.002));
#3053=CARTESIAN_POINT('',(-26.3164283913829,-11.4713320096338,5.25));
#3054=CARTESIAN_POINT('',(-26.3164283913829,-11.4713320096338,-0.25));
#3055=CARTESIAN_POINT('',(-25.4179088620947,-11.4528620143676,5.25));
#3056=CARTESIAN_POINT('',(-25.4179088620947,-11.4528620143676,-0.25));
#3057=CARTESIAN_POINT('',(-24.9725491438822,-12.2334599945285,5.25));
#3058=CARTESIAN_POINT('',(-24.9725491438822,-12.2334599945285,-0.25));
#3059=CARTESIAN_POINT('',(-25.4456616009813,-12.9975562503597,5.25));
#3060=CARTESIAN_POINT('',(-25.4456616009813,-12.9975562503597,-0.25));
#3061=CARTESIAN_POINT('',(-25.362077081415,-12.8289172079303,5.002));
#3062=CARTESIAN_POINT('',(-25.7345478090906,-13.2393912503293,5.25));
#3063=CARTESIAN_POINT('',(-25.7345478090906,-13.2393912503293,-0.25));
#3064=CARTESIAN_POINT('',(-26.9072772421094,-12.835820581252,5.25));
#3065=CARTESIAN_POINT('',(-26.9072772421094,-12.835820581252,-0.25));
#3066=CARTESIAN_POINT('',(-27.4103071995512,-11.702187276376,5.25));
#3067=CARTESIAN_POINT('',(-27.4103071995512,-11.702187276376,-0.25));
#3068=CARTESIAN_POINT('',(-26.9226586342378,-10.5618529022752,5.25));
#3069=CARTESIAN_POINT('',(-26.9226586342378,-10.5618529022752,-0.25));
#3070=CARTESIAN_POINT('',(-26.0773869756565,-13.0839457613665,5.002));
#3071=CARTESIAN_POINT('',(-19.720139634357,-21.1541574511125,5.25));
#3072=CARTESIAN_POINT('',(-19.720139634357,-21.1541574511125,-0.25));
#3073=CARTESIAN_POINT('',(-20.9598936163479,-21.1884163498956,5.25));
#3074=CARTESIAN_POINT('',(-20.9598936163479,-21.1884163498956,-0.25));
#3075=CARTESIAN_POINT('',(-21.8291981517761,-20.3038411791543,5.25));
#3076=CARTESIAN_POINT('',(-21.8291981517761,-20.3038411791543,-0.25));
#3077=CARTESIAN_POINT('',(-21.7733575662358,-19.0648716730669,5.25));
#3078=CARTESIAN_POINT('',(-21.7733575662358,-19.0648716730669,-0.25));
#3079=CARTESIAN_POINT('',(-21.7548414854473,-19.4408492640516,5.002));
#3080=CARTESIAN_POINT('',(-21.3347199312119,-2.45534196916018,-0.249999999999999));
#3081=CARTESIAN_POINT('',(-21.3347199312119,-2.45534196916018,5.25));
#3082=CARTESIAN_POINT('',(-10.9413610602553,-1.25920485938406,-0.249999999999999));
#3083=CARTESIAN_POINT('',(-10.9413610602553,-1.25920485938406,5.25));
#3084=CARTESIAN_POINT('',(-11.4137864634806,-1.31357472801024,5.002));
#3085=CARTESIAN_POINT('',(-20.8622945279866,-2.40097210053399,5.002));
#3086=CARTESIAN_POINT('',(-19.2972112405872,-2.06929971216344,5.25));
#3087=CARTESIAN_POINT('',(-19.2972112405872,-2.06929971216344,-0.25));
#3088=CARTESIAN_POINT('',(-23.8588399820558,-3.49577642452553,5.25));
#3089=CARTESIAN_POINT('',(-23.8588399820558,-3.49577642452553,-0.25));
#3090=CARTESIAN_POINT('',(-28.1483979928815,-1.38793756501417,5.25));
#3091=CARTESIAN_POINT('',(-28.1483979928815,-1.38793756501417,-0.25));
#3092=CARTESIAN_POINT('',(-29.8063282686808,3.09475802876559,5.25));
#3093=CARTESIAN_POINT('',(-29.8063282686808,3.09475802876559,-0.25));
#3094=CARTESIAN_POINT('',(-29.1126186903948,1.65314112726271,5.002));
#3095=CARTESIAN_POINT('',(-17.0360156992198,13.0756700717288,-0.250000000000011));
#3096=CARTESIAN_POINT('',(-17.0360156992198,13.0756700717288,5.25));
#3097=CARTESIAN_POINT('',(-8.73680082955527,6.70576542934878,-0.250000000000011));
#3098=CARTESIAN_POINT('',(-8.73680082955527,6.70576542934878,5.25));
#3099=CARTESIAN_POINT('',(-9.11403786908548,6.99530654945698,0.));
#3100=CARTESIAN_POINT('',(-16.6587786596896,12.7861289516206,5.002));
#3101=CARTESIAN_POINT('',(-27.1557118012439,12.6713080889367,5.25));
#3102=CARTESIAN_POINT('',(-27.1557118012439,12.6713080889367,-0.25));
#3103=CARTESIAN_POINT('',(-23.4288429304863,15.6635883241559,5.25));
#3104=CARTESIAN_POINT('',(-23.4288429304863,15.6635883241559,-0.25));
#3105=CARTESIAN_POINT('',(-18.6659535737804,15.2658728961396,5.25));
#3106=CARTESIAN_POINT('',(-18.6659535737804,15.2658728961396,-0.25));
#3107=CARTESIAN_POINT('',(-15.4869660901094,11.6969331145562,5.25));
#3108=CARTESIAN_POINT('',(-15.4869660901094,11.6969331145562,-0.25));
#3109=CARTESIAN_POINT('',(-25.8194849710012,13.5510751762071,5.002));
#3110=CARTESIAN_POINT('',(-28.2727338041865,4.13166867385641,5.25));
#3111=CARTESIAN_POINT('',(-28.2727338041865,4.13166867385641,-0.25));
#3112=CARTESIAN_POINT('',(-27.5791819599401,3.56012311610984,5.25));
#3113=CARTESIAN_POINT('',(-27.5791819599401,3.56012311610984,-0.25));
#3114=CARTESIAN_POINT('',(-27.7500892049821,2.67781410061153,5.25));
#3115=CARTESIAN_POINT('',(-27.7500892049821,2.67781410061153,-0.25));
#3116=CARTESIAN_POINT('',(-28.6068914460562,2.40657913802775,5.25));
#3117=CARTESIAN_POINT('',(-28.6068914460562,2.40657913802775,-0.25));
#3118=CARTESIAN_POINT('',(-28.1393925699725,3.99883188000431,5.002));
#3119=CARTESIAN_POINT('',(-25.7731280606909,12.6448302211324,5.25));
#3120=CARTESIAN_POINT('',(-25.7731280606909,12.6448302211324,-0.25));
#3121=CARTESIAN_POINT('',(-25.1777228122131,11.97165039722,5.25));
#3122=CARTESIAN_POINT('',(-25.1777228122131,11.97165039722,-0.25));
#3123=CARTESIAN_POINT('',(-25.4847984147062,11.127030329029,5.25));
#3124=CARTESIAN_POINT('',(-25.4847984147062,11.127030329029,-0.25));
#3125=CARTESIAN_POINT('',(-26.3735219128039,10.9934300701725,5.25));
#3126=CARTESIAN_POINT('',(-26.3735219128039,10.9934300701725,-0.25));
#3127=CARTESIAN_POINT('',(-26.1908557921497,11.0388017233025,5.002));
#3128=CARTESIAN_POINT('',(-26.7448261557417,11.0572467421517,5.25));
#3129=CARTESIAN_POINT('',(-26.7448261557417,11.0572467421517,-0.25));
#3130=CARTESIAN_POINT('',(-27.1958290485892,12.2125648795715,5.25));
#3131=CARTESIAN_POINT('',(-27.1958290485892,12.2125648795715,-0.25));
#3132=CARTESIAN_POINT('',(-26.6568720638063,13.3295648690799,5.25));
#3133=CARTESIAN_POINT('',(-26.6568720638063,13.3295648690799,-0.25));
#3134=CARTESIAN_POINT('',(-25.4718589727022,13.6954987181837,5.25));
#3135=CARTESIAN_POINT('',(-25.4718589727022,13.6954987181837,-0.25));
#3136=CARTESIAN_POINT('',(-26.8481066713715,11.4192344895434,5.002));
#3137=CARTESIAN_POINT('',(-28.8887235975498,1.35053084724828,5.25));
#3138=CARTESIAN_POINT('',(-28.8887235975498,1.35053084724828,-0.25));
#3139=CARTESIAN_POINT('',(-29.7169389637962,2.27369005081032,5.25));
#3140=CARTESIAN_POINT('',(-29.7169389637962,2.27369005081032,-0.25));
#3141=CARTESIAN_POINT('',(-29.6048624445754,3.50884285991832,5.25));
#3142=CARTESIAN_POINT('',(-29.6048624445754,3.50884285991832,-0.25));
#3143=CARTESIAN_POINT('',(-28.6240090934508,4.26784899401462,5.25));
#3144=CARTESIAN_POINT('',(-28.6240090934508,4.26784899401462,-0.25));
#3145=CARTESIAN_POINT('',(-28.8987160172177,4.01048135773325,5.002));
#3146=CARTESIAN_POINT('',(-15.6752997679682,14.6793717819635,-0.249999999999997));
#3147=CARTESIAN_POINT('',(-15.6752997679682,14.6793717819635,5.25));
#3148=CARTESIAN_POINT('',(-8.03896723472638,7.5282125719033,-0.249999999999997));
#3149=CARTESIAN_POINT('',(-8.03896723472638,7.5282125719033,5.25));
#3150=CARTESIAN_POINT('',(-8.38607325896463,7.85326526326968,5.002));
#3151=CARTESIAN_POINT('',(-15.3281937437299,14.3543190905971,5.002));
#3152=CARTESIAN_POINT('',(-14.0627171643983,13.375513033777,5.25));
#3153=CARTESIAN_POINT('',(-14.0627171643983,13.375513033777,-0.25));
#3154=CARTESIAN_POINT('',(-18.1016889897459,15.9308993411586,5.25));
#3155=CARTESIAN_POINT('',(-18.1016889897459,15.9308993411586,-0.250000000000001));
#3156=CARTESIAN_POINT('',(-19.2696887711301,20.565451001955,5.25));
#3157=CARTESIAN_POINT('',(-19.2696887711301,20.565451001955,-0.250000000000001));
#3158=CARTESIAN_POINT('',(-16.9242349152661,24.7298403684669,5.25));
#3159=CARTESIAN_POINT('',(-16.9242349152661,24.7298403684669,-0.25));
#3160=CARTESIAN_POINT('',(-17.5746668753958,23.2681870118373,5.002));
#3161=CARTESIAN_POINT('',(-1.05159486269325,21.4497815134216,-0.249999999999992));
#3162=CARTESIAN_POINT('',(-1.05159486269325,21.4497815134216,5.25));
#3163=CARTESIAN_POINT('',(-0.539303029003156,11.0003695834129,-0.249999999999992));
#3164=CARTESIAN_POINT('',(-0.539303029003156,11.0003695834129,5.25));
#3165=CARTESIAN_POINT('',(-0.562589021443614,11.4753428529587,0.));
#3166=CARTESIAN_POINT('',(-1.0283088702528,20.9748082438758,5.002));
#3167=CARTESIAN_POINT('',(-7.90713791464342,28.9045308233117,5.25));
#3168=CARTESIAN_POINT('',(-7.90713791464342,28.9045308233117,-0.25));
#3169=CARTESIAN_POINT('',(-3.21429700841761,27.998695951628,5.25));
#3170=CARTESIAN_POINT('',(-3.21429700841761,27.998695951628,-0.250000000000001));
#3171=CARTESIAN_POINT('',(-0.43607760013851,24.1096357174112,5.25));
#3172=CARTESIAN_POINT('',(-0.43607760013851,24.1096357174112,-0.250000000000001));
#3173=CARTESIAN_POINT('',(-1.1006947292052,19.3766053289967,5.25));
#3174=CARTESIAN_POINT('',(-1.1006947292052,19.3766053289967,-0.25));
#3175=CARTESIAN_POINT('',(-6.37179895821752,28.4548347497403,5.002));
#3176=CARTESIAN_POINT('',(-15.1413801639573,24.2313179485442,5.25));
#3177=CARTESIAN_POINT('',(-15.1413801639573,24.2313179485442,-0.25));
#3178=CARTESIAN_POINT('',(-15.1284766893671,23.3327012418327,5.25));
#3179=CARTESIAN_POINT('',(-15.1284766893671,23.3327012418327,-0.250000000000001));
#3180=CARTESIAN_POINT('',(-15.9118186144054,22.8921857327814,5.25));
#3181=CARTESIAN_POINT('',(-15.9118186144054,22.8921857327814,-0.250000000000001));
#3182=CARTESIAN_POINT('',(-16.6729693624381,23.3700225501225,5.25));
#3183=CARTESIAN_POINT('',(-16.6729693624381,23.3700225501225,-0.25));
#3184=CARTESIAN_POINT('',(-15.1564007069989,24.0437016330773,5.002));
#3185=CARTESIAN_POINT('',(-7.03282729112574,27.8331672945648,5.25));
#3186=CARTESIAN_POINT('',(-7.03282729112574,27.8331672945648,-0.25));
#3187=CARTESIAN_POINT('',(-7.16091950482256,26.9436332198786,5.25));
#3188=CARTESIAN_POINT('',(-7.16091950482256,26.9436332198786,-0.25));
#3189=CARTESIAN_POINT('',(-8.00362108845728,26.6313312407349,5.25));
#3190=CARTESIAN_POINT('',(-8.00362108845728,26.6313312407349,-0.25));
#3191=CARTESIAN_POINT('',(-8.68047642336702,27.2225548370517,5.25));
#3192=CARTESIAN_POINT('',(-8.68047642336702,27.2225548370517,-0.25));
#3193=CARTESIAN_POINT('',(-8.52769928951337,27.1126246505055,5.002));
#3194=CARTESIAN_POINT('',(-8.87204102063039,27.5469657085117,5.25));
#3195=CARTESIAN_POINT('',(-8.87204102063039,27.5469657085117,-0.25));
#3196=CARTESIAN_POINT('',(-8.28288882168674,28.6383241713862,5.25));
#3197=CARTESIAN_POINT('',(-8.28288882168674,28.6383241713862,-0.25));
#3198=CARTESIAN_POINT('',(-7.08247303490073,28.9500380575751,5.25));
#3199=CARTESIAN_POINT('',(-7.08247303490073,28.9500380575751,-0.25));
#3200=CARTESIAN_POINT('',(-6.03676854856707,28.2832054434435,5.25));
#3201=CARTESIAN_POINT('',(-6.03676854856707,28.2832054434435,-0.25));
#3202=CARTESIAN_POINT('',(-8.66284214462794,27.8599159033507,5.002));
#3203=CARTESIAN_POINT('',(-17.6605549917412,22.9016829523221,5.25));
#3204=CARTESIAN_POINT('',(-17.6605549917412,22.9016829523221,-0.25));
#3205=CARTESIAN_POINT('',(-17.4924740307393,24.1304678800279,5.25));
#3206=CARTESIAN_POINT('',(-17.4924740307393,24.1304678800279,-0.25));
#3207=CARTESIAN_POINT('',(-16.4781475760973,24.8441242759367,5.25));
#3208=CARTESIAN_POINT('',(-16.4781475760973,24.8441242759367,-0.25));
#3209=CARTESIAN_POINT('',(-15.2648085293993,24.5872741917124,5.25));
#3210=CARTESIAN_POINT('',(-15.2648085293993,24.5872741917124,-0.25));
#3211=CARTESIAN_POINT('',(-15.6387828772977,24.6302297650927,5.002));
#3212=CARTESIAN_POINT('',(1.05159486269324,21.4497815134216,-0.249999999999992));
#3213=CARTESIAN_POINT('',(1.05159486269324,21.4497815134216,5.25));
#3214=CARTESIAN_POINT('',(0.539303029003139,11.0003695834129,-0.249999999999992));
#3215=CARTESIAN_POINT('',(0.539303029003139,11.0003695834129,5.25));
#3216=CARTESIAN_POINT('',(0.562589021443598,11.4753428529587,5.002));
#3217=CARTESIAN_POINT('',(1.02830887025278,20.9748082438758,5.002));
#3218=CARTESIAN_POINT('',(1.10069472920519,19.3766053289966,5.25));
#3219=CARTESIAN_POINT('',(1.10069472920519,19.3766053289966,-0.25));
#3220=CARTESIAN_POINT('',(0.436077600138494,24.1096357174112,5.25));
#3221=CARTESIAN_POINT('',(0.436077600138494,24.1096357174112,-0.25));
#3222=CARTESIAN_POINT('',(3.2142970084176,27.998695951628,5.25));
#3223=CARTESIAN_POINT('',(3.2142970084176,27.998695951628,-0.25));
#3224=CARTESIAN_POINT('',(7.90713791464342,28.9045308233117,5.25));
#3225=CARTESIAN_POINT('',(7.90713791464342,28.9045308233117,-0.25));
#3226=CARTESIAN_POINT('',(6.3717989582175,28.4548347497403,5.002));
#3227=CARTESIAN_POINT('',(15.6752997679682,14.6793717819635,-0.250000000000011));
#3228=CARTESIAN_POINT('',(15.6752997679682,14.6793717819635,5.25));
#3229=CARTESIAN_POINT('',(8.03896723472636,7.52821257190332,-0.250000000000011));
#3230=CARTESIAN_POINT('',(8.03896723472636,7.52821257190332,5.25));
#3231=CARTESIAN_POINT('',(8.38607325896463,7.8532652632697,0.));
#3232=CARTESIAN_POINT('',(15.3281937437299,14.3543190905971,5.002));
#3233=CARTESIAN_POINT('',(16.9242349152661,24.7298403684669,5.25));
#3234=CARTESIAN_POINT('',(16.9242349152661,24.7298403684669,-0.25));
#3235=CARTESIAN_POINT('',(19.2696887711301,20.565451001955,5.25));
#3236=CARTESIAN_POINT('',(19.2696887711301,20.565451001955,-0.249999999999999));
#3237=CARTESIAN_POINT('',(18.1016889897459,15.9308993411586,5.25));
#3238=CARTESIAN_POINT('',(18.1016889897459,15.9308993411586,-0.249999999999999));
#3239=CARTESIAN_POINT('',(14.0627171643983,13.375513033777,5.25));
#3240=CARTESIAN_POINT('',(14.0627171643983,13.375513033777,-0.25));
#3241=CARTESIAN_POINT('',(17.5746668753958,23.2681870118373,5.002));
#3242=CARTESIAN_POINT('',(8.68047642336699,27.2225548370517,5.25));
#3243=CARTESIAN_POINT('',(8.68047642336699,27.2225548370517,-0.25));
#3244=CARTESIAN_POINT('',(8.00362108845725,26.631331240735,5.25));
#3245=CARTESIAN_POINT('',(8.00362108845725,26.631331240735,-0.250000000000001));
#3246=CARTESIAN_POINT('',(7.16091950482256,26.9436332198787,5.25));
#3247=CARTESIAN_POINT('',(7.16091950482256,26.9436332198787,-0.250000000000001));
#3248=CARTESIAN_POINT('',(7.03282729112574,27.8331672945648,5.25));
#3249=CARTESIAN_POINT('',(7.03282729112574,27.8331672945648,-0.25));
#3250=CARTESIAN_POINT('',(8.52769928951335,27.1126246505055,5.002));
#3251=CARTESIAN_POINT('',(16.6729693624381,23.3700225501225,5.25));
#3252=CARTESIAN_POINT('',(16.6729693624381,23.3700225501225,-0.25));
#3253=CARTESIAN_POINT('',(15.9118186144054,22.8921857327813,5.25));
#3254=CARTESIAN_POINT('',(15.9118186144054,22.8921857327813,-0.250000000000001));
#3255=CARTESIAN_POINT('',(15.128476689367,23.3327012418327,5.25));
#3256=CARTESIAN_POINT('',(15.128476689367,23.3327012418327,-0.250000000000001));
#3257=CARTESIAN_POINT('',(15.1413801639573,24.2313179485442,5.25));
#3258=CARTESIAN_POINT('',(15.1413801639573,24.2313179485442,-0.25));
#3259=CARTESIAN_POINT('',(15.1564007069989,24.0437016330774,5.002));
#3260=CARTESIAN_POINT('',(15.2648085293993,24.5872741917124,5.25));
#3261=CARTESIAN_POINT('',(15.2648085293993,24.5872741917124,-0.25));
#3262=CARTESIAN_POINT('',(16.4781475760973,24.8441242759367,5.25));
#3263=CARTESIAN_POINT('',(16.4781475760973,24.8441242759367,-0.249999999999999));
#3264=CARTESIAN_POINT('',(17.4924740307393,24.1304678800279,5.25));
#3265=CARTESIAN_POINT('',(17.4924740307393,24.1304678800279,-0.249999999999999));
#3266=CARTESIAN_POINT('',(17.6605549917412,22.9016829523221,5.25));
#3267=CARTESIAN_POINT('',(17.6605549917412,22.9016829523221,-0.25));
#3268=CARTESIAN_POINT('',(15.6387828772977,24.6302297650927,5.002));
#3269=CARTESIAN_POINT('',(6.03676854856706,28.2832054434435,5.25));
#3270=CARTESIAN_POINT('',(6.03676854856706,28.2832054434435,-0.25));
#3271=CARTESIAN_POINT('',(7.08247303490073,28.9500380575751,5.25));
#3272=CARTESIAN_POINT('',(7.08247303490073,28.9500380575751,-0.250000000000001));
#3273=CARTESIAN_POINT('',(8.28288882168673,28.6383241713862,5.25));
#3274=CARTESIAN_POINT('',(8.28288882168673,28.6383241713862,-0.250000000000001));
#3275=CARTESIAN_POINT('',(8.87204102063037,27.5469657085117,5.25));
#3276=CARTESIAN_POINT('',(8.87204102063037,27.5469657085117,-0.25));
#3277=CARTESIAN_POINT('',(8.66284214462793,27.8599159033507,5.002));
#3278=CARTESIAN_POINT('',(17.0360156992198,13.0756700717289,-0.250000000000011));
#3279=CARTESIAN_POINT('',(17.0360156992198,13.0756700717289,5.25));
#3280=CARTESIAN_POINT('',(8.73680082955526,6.70576542934881,-0.250000000000011));
#3281=CARTESIAN_POINT('',(8.73680082955526,6.70576542934881,5.25));
#3282=CARTESIAN_POINT('',(9.11403786908547,6.995306549457,5.002));
#3283=CARTESIAN_POINT('',(16.6587786596896,12.7861289516207,5.002));
#3284=CARTESIAN_POINT('',(15.4869660901094,11.6969331145563,5.25));
#3285=CARTESIAN_POINT('',(15.4869660901094,11.6969331145563,-0.25));
#3286=CARTESIAN_POINT('',(18.6659535737804,15.2658728961396,5.25));
#3287=CARTESIAN_POINT('',(18.6659535737804,15.2658728961396,-0.25));
#3288=CARTESIAN_POINT('',(23.4288429304863,15.6635883241559,5.25));
#3289=CARTESIAN_POINT('',(23.4288429304863,15.6635883241559,-0.25));
#3290=CARTESIAN_POINT('',(27.1557118012438,12.6713080889368,5.25));
#3291=CARTESIAN_POINT('',(27.1557118012438,12.6713080889368,-0.25));
#3292=CARTESIAN_POINT('',(25.8194849710011,13.5510751762071,5.002));
#3293=CARTESIAN_POINT('',(21.3347199312118,-2.45534196916014,-0.249999999999997));
#3294=CARTESIAN_POINT('',(21.3347199312118,-2.45534196916014,5.25));
#3295=CARTESIAN_POINT('',(10.9413610602553,-1.25920485938403,-0.249999999999997));
#3296=CARTESIAN_POINT('',(10.9413610602553,-1.25920485938403,5.25));
#3297=CARTESIAN_POINT('',(11.4137864634806,-1.31357472801022,0.));
#3298=CARTESIAN_POINT('',(20.8622945279865,-2.40097210053395,5.002));
#3299=CARTESIAN_POINT('',(29.8063282686808,3.09475802876564,5.25));
#3300=CARTESIAN_POINT('',(29.8063282686808,3.09475802876564,-0.25));
#3301=CARTESIAN_POINT('',(28.1483979928815,-1.38793756501415,5.25));
#3302=CARTESIAN_POINT('',(28.1483979928815,-1.38793756501415,-0.25));
#3303=CARTESIAN_POINT('',(23.8588399820558,-3.49577642452552,5.25));
#3304=CARTESIAN_POINT('',(23.8588399820558,-3.49577642452552,-0.25));
#3305=CARTESIAN_POINT('',(19.2972112405871,-2.06929971216339,5.25));
#3306=CARTESIAN_POINT('',(19.2972112405871,-2.06929971216339,-0.25));
#3307=CARTESIAN_POINT('',(29.1126186903948,1.65314112726276,5.002));
#3308=CARTESIAN_POINT('',(26.3735219128038,10.9934300701725,5.25));
#3309=CARTESIAN_POINT('',(26.3735219128038,10.9934300701725,-0.25));
#3310=CARTESIAN_POINT('',(25.4847984147062,11.127030329029,5.25));
#3311=CARTESIAN_POINT('',(25.4847984147062,11.127030329029,-0.25));
#3312=CARTESIAN_POINT('',(25.1777228122131,11.9716503972201,5.25));
#3313=CARTESIAN_POINT('',(25.1777228122131,11.9716503972201,-0.25));
#3314=CARTESIAN_POINT('',(25.7731280606909,12.6448302211324,5.25));
#3315=CARTESIAN_POINT('',(25.7731280606909,12.6448302211324,-0.25));
#3316=CARTESIAN_POINT('',(26.1908557921496,11.0388017233025,5.002));
#3317=CARTESIAN_POINT('',(28.6068914460562,2.40657913802777,5.25));
#3318=CARTESIAN_POINT('',(28.6068914460562,2.40657913802777,-0.25));
#3319=CARTESIAN_POINT('',(27.7500892049821,2.67781410061157,5.25));
#3320=CARTESIAN_POINT('',(27.7500892049821,2.67781410061157,-0.25));
#3321=CARTESIAN_POINT('',(27.5791819599401,3.56012311610991,5.25));
#3322=CARTESIAN_POINT('',(27.5791819599401,3.56012311610991,-0.25));
#3323=CARTESIAN_POINT('',(28.2727338041866,4.13166867385646,5.25));
#3324=CARTESIAN_POINT('',(28.2727338041866,4.13166867385646,-0.25));
#3325=CARTESIAN_POINT('',(28.1393925699725,3.99883188000436,5.002));
#3326=CARTESIAN_POINT('',(28.6240090934508,4.26784899401465,5.25));
#3327=CARTESIAN_POINT('',(28.6240090934508,4.26784899401465,-0.25));
#3328=CARTESIAN_POINT('',(29.6048624445754,3.50884285991836,5.25));
#3329=CARTESIAN_POINT('',(29.6048624445754,3.50884285991836,-0.250000000000001));
#3330=CARTESIAN_POINT('',(29.7169389637962,2.27369005081036,5.25));
#3331=CARTESIAN_POINT('',(29.7169389637962,2.27369005081036,-0.250000000000001));
#3332=CARTESIAN_POINT('',(28.8887235975498,1.35053084724833,5.25));
#3333=CARTESIAN_POINT('',(28.8887235975498,1.35053084724833,-0.25));
#3334=CARTESIAN_POINT('',(28.8987160172177,4.01048135773328,5.002));
#3335=CARTESIAN_POINT('',(25.4718589727021,13.6954987181838,5.25));
#3336=CARTESIAN_POINT('',(25.4718589727021,13.6954987181838,-0.25));
#3337=CARTESIAN_POINT('',(26.6568720638063,13.32956486908,5.25));
#3338=CARTESIAN_POINT('',(26.6568720638063,13.32956486908,-0.250000000000001));
#3339=CARTESIAN_POINT('',(27.1958290485892,12.2125648795716,5.25));
#3340=CARTESIAN_POINT('',(27.1958290485892,12.2125648795716,-0.250000000000001));
#3341=CARTESIAN_POINT('',(26.7448261557417,11.0572467421517,5.25));
#3342=CARTESIAN_POINT('',(26.7448261557417,11.0572467421517,-0.25));
#3343=CARTESIAN_POINT('',(26.8481066713715,11.4192344895434,5.002));
#3344=CARTESIAN_POINT('',(20.9922347425705,-4.53045905417793,-0.250000000000005));
#3345=CARTESIAN_POINT('',(20.9922347425705,-4.53045905417793,5.25));
#3346=CARTESIAN_POINT('',(10.7657199401095,-2.32341406122446,-0.250000000000005));
#3347=CARTESIAN_POINT('',(10.7657199401095,-2.32341406122446,5.25));
#3348=CARTESIAN_POINT('',(11.2305615220396,-2.42373428817689,5.002));
#3349=CARTESIAN_POINT('',(20.5273931606405,-4.4301388272255,5.002));
#3350=CARTESIAN_POINT('',(18.9387351246018,-4.24130579453715,5.25));
#3351=CARTESIAN_POINT('',(18.9387351246018,-4.24130579453715,-0.25));
#3352=CARTESIAN_POINT('',(23.7168174936964,-4.35629040243081,5.25));
#3353=CARTESIAN_POINT('',(23.7168174936964,-4.35629040243081,-0.25));
#3354=CARTESIAN_POINT('',(27.1015603215203,-7.73072495882677,5.25));
#3355=CARTESIAN_POINT('',(27.1015603215203,-7.73072495882677,-0.25));
#3356=CARTESIAN_POINT('',(27.231118255412,-12.5084343815178,5.25));
#3357=CARTESIAN_POINT('',(27.231118255412,-12.5084343815178,-0.25));
#3358=CARTESIAN_POINT('',(27.0374404581612,-10.9203597042571,5.002));
#3359=CARTESIAN_POINT('',(21.6437984273803,-20.7253642127683,5.25));
#3360=CARTESIAN_POINT('',(21.6437984273803,-20.7253642127683,-0.25));
#3361=CARTESIAN_POINT('',(17.1530581886913,-22.3613790948903,5.25));
#3362=CARTESIAN_POINT('',(17.1530581886913,-22.3613790948903,-0.250000000000001));
#3363=CARTESIAN_POINT('',(12.77056497089,-20.4542750647362,5.25));
#3364=CARTESIAN_POINT('',(12.77056497089,-20.4542750647362,-0.250000000000001));
#3365=CARTESIAN_POINT('',(10.9069966439639,-16.0530927603114,5.25));
#3366=CARTESIAN_POINT('',(10.9069966439639,-16.0530927603114,-0.25));
#3367=CARTESIAN_POINT('',(20.0957378192577,-21.1290975694331,5.002));
#3368=CARTESIAN_POINT('',(25.4456616009813,-12.9975562503596,5.25));
#3369=CARTESIAN_POINT('',(25.4456616009813,-12.9975562503596,-0.25));
#3370=CARTESIAN_POINT('',(24.9725491438822,-12.2334599945285,5.25));
#3371=CARTESIAN_POINT('',(24.9725491438822,-12.2334599945285,-0.25));
#3372=CARTESIAN_POINT('',(25.4179088620947,-11.4528620143676,5.25));
#3373=CARTESIAN_POINT('',(25.4179088620947,-11.4528620143676,-0.25));
#3374=CARTESIAN_POINT('',(26.3164283913829,-11.4713320096338,5.25));
#3375=CARTESIAN_POINT('',(26.3164283913829,-11.4713320096338,-0.25));
#3376=CARTESIAN_POINT('',(25.362077081415,-12.8289172079303,5.002));
#3377=CARTESIAN_POINT('',(20.3430472758901,-20.2560185842365,5.25));
#3378=CARTESIAN_POINT('',(20.3430472758901,-20.2560185842365,-0.25));
#3379=CARTESIAN_POINT('',(19.9955348868895,-19.4272160596695,5.25));
#3380=CARTESIAN_POINT('',(19.9955348868895,-19.4272160596695,-0.25));
#3381=CARTESIAN_POINT('',(20.5577306088175,-18.7260638254982,5.25));
#3382=CARTESIAN_POINT('',(20.5577306088175,-18.7260638254982,-0.25));
#3383=CARTESIAN_POINT('',(21.4422516815459,-18.8851265714096,5.25));
#3384=CARTESIAN_POINT('',(21.4422516815459,-18.8851265714096,-0.25));
#3385=CARTESIAN_POINT('',(21.2546936450982,-18.8693950264598,5.002));
#3386=CARTESIAN_POINT('',(21.7733575662358,-19.0648716730669,5.25));
#3387=CARTESIAN_POINT('',(21.7733575662358,-19.0648716730669,-0.25));
#3388=CARTESIAN_POINT('',(21.8291981517761,-20.3038411791543,5.25));
#3389=CARTESIAN_POINT('',(21.8291981517761,-20.3038411791543,-0.25));
#3390=CARTESIAN_POINT('',(20.9598936163479,-21.1884163498956,5.25));
#3391=CARTESIAN_POINT('',(20.9598936163479,-21.1884163498956,-0.25));
#3392=CARTESIAN_POINT('',(19.720139634357,-21.1541574511125,5.25));
#3393=CARTESIAN_POINT('',(19.720139634357,-21.1541574511125,-0.25));
#3394=CARTESIAN_POINT('',(21.7548414854474,-19.4408492640516,5.002));
#3395=CARTESIAN_POINT('',(26.9226586342378,-10.5618529022752,5.25));
#3396=CARTESIAN_POINT('',(26.9226586342378,-10.5618529022752,-0.25));
#3397=CARTESIAN_POINT('',(27.4103071995512,-11.702187276376,5.25));
#3398=CARTESIAN_POINT('',(27.4103071995512,-11.702187276376,-0.25));
#3399=CARTESIAN_POINT('',(26.9072772421094,-12.835820581252,5.25));
#3400=CARTESIAN_POINT('',(26.9072772421094,-12.835820581252,-0.25));
#3401=CARTESIAN_POINT('',(25.7345478090906,-13.2393912503293,5.25));
#3402=CARTESIAN_POINT('',(25.7345478090906,-13.2393912503293,-0.25));
#3403=CARTESIAN_POINT('',(26.0773869756565,-13.0839457613665,5.002));
#3404=CARTESIAN_POINT('',(-21.1611018123245,-18.879241014156,-0.25));
#3405=CARTESIAN_POINT('',(-21.1611018123245,-18.879241014156,5.25));
#3406=CARTESIAN_POINT('',(-21.5878411217046,-18.7931526165756,-0.25));
#3407=CARTESIAN_POINT('',(-21.5878411217046,-18.7931526165756,5.25));
#3408=CARTESIAN_POINT('',(-21.8745527544519,-19.1207409100409,-0.25));
#3409=CARTESIAN_POINT('',(-21.8745527544519,-19.1207409100409,5.25));
#3410=CARTESIAN_POINT('',(-21.732681664111,-19.5323113707079,-0.25));
#3411=CARTESIAN_POINT('',(-21.732681664111,-19.5323113707079,5.25));
#3412=CARTESIAN_POINT('',(-25.3368249801812,-12.7382601286759,5.25));
#3413=CARTESIAN_POINT('',(-25.3368249801812,-12.7382601286759,-0.25));
#3414=CARTESIAN_POINT('',(-25.4136541002036,-13.1667632636525,5.25));
#3415=CARTESIAN_POINT('',(-25.4136541002036,-13.1667632636525,-0.25));
#3416=CARTESIAN_POINT('',(-25.8237081905204,-13.3129593421996,5.25));
#3417=CARTESIAN_POINT('',(-25.8237081905204,-13.3129593421996,-0.25));
#3418=CARTESIAN_POINT('',(-26.1542967162314,-13.0297123174379,5.25));
#3419=CARTESIAN_POINT('',(-26.1542967162314,-13.0297123174379,-0.25));
#3420=CARTESIAN_POINT('',(-26.1053913914245,11.0781998304188,5.25));
#3421=CARTESIAN_POINT('',(-26.1053913914245,11.0781998304188,-0.25));
#3422=CARTESIAN_POINT('',(-26.4818357076194,10.8595509631161,5.25));
#3423=CARTESIAN_POINT('',(-26.4818357076194,10.8595509631161,-0.25));
#3424=CARTESIAN_POINT('',(-26.8586072489595,11.0776354788533,5.25));
#3425=CARTESIAN_POINT('',(-26.8586072489595,11.0776354788533,-0.25));
#3426=CARTESIAN_POINT('',(-26.8565120198168,11.5129666865366,5.25));
#3427=CARTESIAN_POINT('',(-26.8565120198168,11.5129666865366,-0.25));
#3428=CARTESIAN_POINT('',(-28.0863484393188,3.92109710761222,-0.25));
#3429=CARTESIAN_POINT('',(-28.0863484393188,3.92109710761222,5.25));
#3430=CARTESIAN_POINT('',(-28.2967958663822,4.302187032447,-0.25));
#3431=CARTESIAN_POINT('',(-28.2967958663822,4.302187032447,5.25));
#3432=CARTESIAN_POINT('',(-28.732080891688,4.30886513942032,-0.25));
#3433=CARTESIAN_POINT('',(-28.732080891688,4.30886513942032,5.25));
#3434=CARTESIAN_POINT('',(-28.9541198229389,3.9344103846406,-0.25));
#3435=CARTESIAN_POINT('',(-28.9541198229389,3.9344103846406,5.25));
#3436=CARTESIAN_POINT('',(-15.1813558468783,23.9529623602719,-0.25));
#3437=CARTESIAN_POINT('',(-15.1813558468783,23.9529623602719,5.25));
#3438=CARTESIAN_POINT('',(-15.0269259380622,24.3599869954369,-0.25));
#3439=CARTESIAN_POINT('',(-15.0269259380622,24.3599869954369,5.25));
#3440=CARTESIAN_POINT('',(-15.3034533335579,24.6962164556401,-0.25));
#3441=CARTESIAN_POINT('',(-15.3034533335579,24.6962164556401,5.25));
#3442=CARTESIAN_POINT('',(-15.73263270376,24.6232594918798,-0.25));
#3443=CARTESIAN_POINT('',(-15.73263270376,24.6232594918798,5.25));
#3444=CARTESIAN_POINT('',(-8.44236434268589,27.0729469302382,5.25));
#3445=CARTESIAN_POINT('',(-8.44236434268589,27.0729469302382,-0.25));
#3446=CARTESIAN_POINT('',(-8.85263704908714,27.2185283739403,5.25));
#3447=CARTESIAN_POINT('',(-8.85263704908714,27.2185283739403,-0.25));
#3448=CARTESIAN_POINT('',(-8.93010819965131,27.6469158985,5.25));
#3449=CARTESIAN_POINT('',(-8.93010819965131,27.6469158985,-0.25));
#3450=CARTESIAN_POINT('',(-8.59680854270974,27.9269676598778,5.25));
#3451=CARTESIAN_POINT('',(-8.59680854270974,27.9269676598778,-0.25));
#3452=CARTESIAN_POINT('',(8.44236434268587,27.0729469302382,-0.25));
#3453=CARTESIAN_POINT('',(8.44236434268587,27.0729469302382,5.25));
#3454=CARTESIAN_POINT('',(8.85263704908711,27.2185283739403,-0.25));
#3455=CARTESIAN_POINT('',(8.85263704908711,27.2185283739403,5.25));
#3456=CARTESIAN_POINT('',(8.93010819965128,27.6469158985,-0.25));
#3457=CARTESIAN_POINT('',(8.93010819965128,27.6469158985,5.25));
#3458=CARTESIAN_POINT('',(8.59680854270972,27.9269676598778,-0.25));
#3459=CARTESIAN_POINT('',(8.59680854270972,27.9269676598778,5.25));
#3460=CARTESIAN_POINT('',(15.1813558468783,23.9529623602719,5.25));
#3461=CARTESIAN_POINT('',(15.1813558468783,23.9529623602719,-0.25));
#3462=CARTESIAN_POINT('',(15.0269259380622,24.3599869954369,5.25));
#3463=CARTESIAN_POINT('',(15.0269259380622,24.3599869954369,-0.25));
#3464=CARTESIAN_POINT('',(15.3034533335579,24.69621645564,5.25));
#3465=CARTESIAN_POINT('',(15.3034533335579,24.69621645564,-0.25));
#3466=CARTESIAN_POINT('',(15.73263270376,24.6232594918798,5.25));
#3467=CARTESIAN_POINT('',(15.73263270376,24.6232594918798,-0.25));
#3468=CARTESIAN_POINT('',(26.1053913914245,11.0781998304188,-0.25));
#3469=CARTESIAN_POINT('',(26.1053913914245,11.0781998304188,5.25));
#3470=CARTESIAN_POINT('',(26.4818357076194,10.8595509631161,-0.25));
#3471=CARTESIAN_POINT('',(26.4818357076194,10.8595509631161,5.25));
#3472=CARTESIAN_POINT('',(26.8586072489596,11.0776354788533,-0.25));
#3473=CARTESIAN_POINT('',(26.8586072489596,11.0776354788533,5.25));
#3474=CARTESIAN_POINT('',(26.8565120198168,11.5129666865366,-0.25));
#3475=CARTESIAN_POINT('',(26.8565120198168,11.5129666865366,5.25));
#3476=CARTESIAN_POINT('',(28.0863484393188,3.9210971076123,5.25));
#3477=CARTESIAN_POINT('',(28.0863484393188,3.9210971076123,-0.25));
#3478=CARTESIAN_POINT('',(28.2967958663822,4.30218703244703,5.25));
#3479=CARTESIAN_POINT('',(28.2967958663822,4.30218703244703,-0.25));
#3480=CARTESIAN_POINT('',(28.732080891688,4.30886513942033,5.25));
#3481=CARTESIAN_POINT('',(28.732080891688,4.30886513942033,-0.25));
#3482=CARTESIAN_POINT('',(28.9541198229389,3.93441038464064,5.25));
#3483=CARTESIAN_POINT('',(28.9541198229389,3.93441038464064,-0.25));
#3484=CARTESIAN_POINT('',(21.1611018123245,-18.879241014156,5.25));
#3485=CARTESIAN_POINT('',(21.1611018123245,-18.879241014156,-0.25));
#3486=CARTESIAN_POINT('',(21.5878411217046,-18.7931526165756,5.25));
#3487=CARTESIAN_POINT('',(21.5878411217046,-18.7931526165756,-0.25));
#3488=CARTESIAN_POINT('',(21.8745527544519,-19.1207409100409,5.25));
#3489=CARTESIAN_POINT('',(21.8745527544519,-19.1207409100409,-0.25));
#3490=CARTESIAN_POINT('',(21.732681664111,-19.5323113707079,5.25));
#3491=CARTESIAN_POINT('',(21.732681664111,-19.5323113707079,-0.25));
#3492=CARTESIAN_POINT('',(25.3368249801812,-12.7382601286759,-0.25));
#3493=CARTESIAN_POINT('',(25.3368249801812,-12.7382601286759,5.25));
#3494=CARTESIAN_POINT('',(25.4136541002035,-13.1667632636525,-0.25));
#3495=CARTESIAN_POINT('',(25.4136541002035,-13.1667632636525,5.25));
#3496=CARTESIAN_POINT('',(25.8237081905204,-13.3129593421997,-0.25));
#3497=CARTESIAN_POINT('',(25.8237081905204,-13.3129593421997,5.25));
#3498=CARTESIAN_POINT('',(26.1542967162314,-13.0297123174379,-0.25));
#3499=CARTESIAN_POINT('',(26.1542967162314,-13.0297123174379,5.25));
#3500=CARTESIAN_POINT('',(10.8568518028484,-1.82550418997277,5.25));
#3501=CARTESIAN_POINT('',(10.8568518028484,-1.82550418997277,-0.25));
#3502=CARTESIAN_POINT('',(10.8453793252522,-1.44849715239605,5.25));
#3503=CARTESIAN_POINT('',(10.8453793252522,-1.44849715239605,-0.250000000000001));
#3504=CARTESIAN_POINT('',(11.1458596948038,-1.22051146942733,5.25));
#3505=CARTESIAN_POINT('',(11.1458596948038,-1.22051146942733,-0.250000000000001));
#3506=CARTESIAN_POINT('',(11.5058501862688,-1.3330848685026,5.25));
#3507=CARTESIAN_POINT('',(11.5058501862688,-1.3330848685026,-0.25));
#3508=CARTESIAN_POINT('',(11.3240119947477,-2.43484211362914,5.25));
#3509=CARTESIAN_POINT('',(11.3240119947477,-2.43484211362914,-0.25));
#3510=CARTESIAN_POINT('',(10.9469396116592,-2.4257678623359,5.25));
#3511=CARTESIAN_POINT('',(10.9469396116592,-2.4257678623359,-0.250000000000001));
#3512=CARTESIAN_POINT('',(10.7356546909207,-2.113318496209,5.25));
#3513=CARTESIAN_POINT('',(10.7356546909207,-2.113318496209,-0.250000000000001));
#3514=CARTESIAN_POINT('',(10.8676641401274,-1.75999225964465,5.25));
#3515=CARTESIAN_POINT('',(10.8676641401274,-1.75999225964465,-0.25));
#3516=CARTESIAN_POINT('',(9.18296802023725,7.05937689281373,5.25));
#3517=CARTESIAN_POINT('',(9.18296802023725,7.05937689281373,-0.25));
#3518=CARTESIAN_POINT('',(8.93209156108916,6.77772653089333,5.25));
#3519=CARTESIAN_POINT('',(8.93209156108916,6.77772653089333,-0.250000000000001));
#3520=CARTESIAN_POINT('',(8.55714947622489,6.81876745098787,5.25));
#3521=CARTESIAN_POINT('',(8.55714947622489,6.81876745098787,-0.250000000000001));
#3522=CARTESIAN_POINT('',(8.37314204952133,7.14801992408793,5.25));
#3523=CARTESIAN_POINT('',(8.37314204952133,7.14801992408793,-0.25));
#3524=CARTESIAN_POINT('',(8.41610016881403,7.09739068708414,5.25));
#3525=CARTESIAN_POINT('',(8.41610016881403,7.09739068708414,-0.25));
#3526=CARTESIAN_POINT('',(8.12120636704141,7.33255779745605,5.25));
#3527=CARTESIAN_POINT('',(8.12120636704141,7.33255779745605,-0.25));
#3528=CARTESIAN_POINT('',(8.1417691320974,7.70917842463654,5.25));
#3529=CARTESIAN_POINT('',(8.1417691320974,7.70917842463654,-0.25));
#3530=CARTESIAN_POINT('',(8.46051305774884,7.91084209014147,5.25));
#3531=CARTESIAN_POINT('',(8.46051305774884,7.91084209014147,-0.25));
#3532=CARTESIAN_POINT('',(0.558331029740516,11.5693547891281,5.25));
#3533=CARTESIAN_POINT('',(0.558331029740516,11.5693547891281,-0.25));
#3534=CARTESIAN_POINT('',(0.610780683249957,11.1958377775057,5.25));
#3535=CARTESIAN_POINT('',(0.610780683249957,11.1958377775057,-0.25));
#3536=CARTESIAN_POINT('',(0.336907596593037,10.9364934956532,5.25));
#3537=CARTESIAN_POINT('',(0.336907596593037,10.9364934956532,-0.25));
#3538=CARTESIAN_POINT('',(-0.0331990950658127,11.0092049865877,5.25));
#3539=CARTESIAN_POINT('',(-0.0331990950658127,11.0092049865877,-0.25));
#3540=CARTESIAN_POINT('',(0.0331990950657977,11.0092049865877,5.25));
#3541=CARTESIAN_POINT('',(0.0331990950657977,11.0092049865877,-0.25));
#3542=CARTESIAN_POINT('',(-0.336907596593052,10.9364934956532,5.25));
#3543=CARTESIAN_POINT('',(-0.336907596593052,10.9364934956532,-0.25));
#3544=CARTESIAN_POINT('',(-0.610780683249973,11.1958377775057,5.25));
#3545=CARTESIAN_POINT('',(-0.610780683249973,11.1958377775057,-0.25));
#3546=CARTESIAN_POINT('',(-0.558331029740533,11.5693547891281,5.25));
#3547=CARTESIAN_POINT('',(-0.558331029740533,11.5693547891281,-0.25));
#3548=CARTESIAN_POINT('',(-8.46051305774884,7.91084209014145,5.25));
#3549=CARTESIAN_POINT('',(-8.46051305774884,7.91084209014145,-0.25));
#3550=CARTESIAN_POINT('',(-8.1417691320974,7.70917842463652,5.25));
#3551=CARTESIAN_POINT('',(-8.1417691320974,7.70917842463652,-0.250000000000001));
#3552=CARTESIAN_POINT('',(-8.12120636704141,7.33255779745603,5.25));
#3553=CARTESIAN_POINT('',(-8.12120636704141,7.33255779745603,-0.250000000000001));
#3554=CARTESIAN_POINT('',(-8.41610016881403,7.09739068708412,5.25));
#3555=CARTESIAN_POINT('',(-8.41610016881403,7.09739068708412,-0.25));
#3556=CARTESIAN_POINT('',(-8.37314204952133,7.14801992408791,5.25));
#3557=CARTESIAN_POINT('',(-8.37314204952133,7.14801992408791,-0.25));
#3558=CARTESIAN_POINT('',(-8.5571494762249,6.81876745098784,5.25));
#3559=CARTESIAN_POINT('',(-8.5571494762249,6.81876745098784,-0.25));
#3560=CARTESIAN_POINT('',(-8.93209156108917,6.7777265308933,5.25));
#3561=CARTESIAN_POINT('',(-8.93209156108917,6.7777265308933,-0.25));
#3562=CARTESIAN_POINT('',(-9.18296802023726,7.0593768928137,5.25));
#3563=CARTESIAN_POINT('',(-9.18296802023726,7.0593768928137,-0.25));
#3564=CARTESIAN_POINT('',(-11.5058501862688,-1.33308486850263,5.25));
#3565=CARTESIAN_POINT('',(-11.5058501862688,-1.33308486850263,-0.25));
#3566=CARTESIAN_POINT('',(-11.1458596948038,-1.22051146942734,5.25));
#3567=CARTESIAN_POINT('',(-11.1458596948038,-1.22051146942734,-0.25));
#3568=CARTESIAN_POINT('',(-10.8453793252522,-1.44849715239606,5.25));
#3569=CARTESIAN_POINT('',(-10.8453793252522,-1.44849715239606,-0.25));
#3570=CARTESIAN_POINT('',(-10.8568518028484,-1.82550418997279,5.25));
#3571=CARTESIAN_POINT('',(-10.8568518028484,-1.82550418997279,-0.25));
#3572=CARTESIAN_POINT('',(-10.8676641401274,-1.75999225964467,5.25));
#3573=CARTESIAN_POINT('',(-10.8676641401274,-1.75999225964467,-0.25));
#3574=CARTESIAN_POINT('',(-10.7356546909208,-2.113318496209,5.25));
#3575=CARTESIAN_POINT('',(-10.7356546909208,-2.113318496209,-0.25));
#3576=CARTESIAN_POINT('',(-10.9469396116592,-2.4257678623359,5.25));
#3577=CARTESIAN_POINT('',(-10.9469396116592,-2.4257678623359,-0.25));
#3578=CARTESIAN_POINT('',(-11.3240119947477,-2.43484211362916,5.25));
#3579=CARTESIAN_POINT('',(-11.3240119947477,-2.43484211362916,-0.25));
#3580=MECHANICAL_DESIGN_GEOMETRIC_PRESENTATION_REPRESENTATION('',(#1786),
#3581);
#3581=(
GEOMETRIC_REPRESENTATION_CONTEXT(3)
GLOBAL_UNCERTAINTY_ASSIGNED_CONTEXT((#3582))
GLOBAL_UNIT_ASSIGNED_CONTEXT((#3585,#3584,#3583))
REPRESENTATION_CONTEXT('Nerf Dart Holder','TOP_LEVEL_ASSEMBLY_PART')
);
#3582=UNCERTAINTY_MEASURE_WITH_UNIT(LENGTH_MEASURE(1.E-5),#3585,
'DISTANCE_ACCURACY_VALUE','Maximum Tolerance applied to model');
#3583=(
NAMED_UNIT(*)
SI_UNIT($,.STERADIAN.)
SOLID_ANGLE_UNIT()
);
#3584=(
NAMED_UNIT(*)
PLANE_ANGLE_UNIT()
SI_UNIT($,.RADIAN.)
);
#3585=(
LENGTH_UNIT()
NAMED_UNIT(*)
SI_UNIT(.MILLI.,.METRE.)
);
#3586=PRODUCT_DEFINITION_SHAPE('','',#3587);
#3587=PRODUCT_DEFINITION('','',#3589,#3588);
#3588=PRODUCT_DEFINITION_CONTEXT('',#3595,'design');
#3589=PRODUCT_DEFINITION_FORMATION_WITH_SPECIFIED_SOURCE('','',#3591,
 .NOT_KNOWN.);
#3590=PRODUCT_RELATED_PRODUCT_CATEGORY('','',(#3591));
#3591=PRODUCT('Nerf Dart Holder','Nerf Dart Holder','Nerf Dart Holder',
(#3593));
#3592=PRODUCT_CATEGORY('','');
#3593=PRODUCT_CONTEXT('',#3595,'mechanical');
#3594=APPLICATION_PROTOCOL_DEFINITION('international standard',
'ap242_managed_model_based_3d_engineering',2020,#3595);
#3595=APPLICATION_CONTEXT('managed model based 3d engineering');
ENDSEC;
END-ISO-10303-21;
