ISO-10303-21;
HEADER;
/* Generated by software containing ST-Developer
 * from STEP Tools, Inc. (www.steptools.com) 
 */
/* OPTION: using custom renumber hook */

FILE_DESCRIPTION(
/* description */ ('STEP AP242 Edition 2',
'CAx-IF Rec.Pracs.---Representation and Presentation of Product Manufa
cturing Information (PMI)---4.0---2014-10-13',
'CAx-IF Rec.Pracs.---3D Tessellated Geometry---0.4---2014-09-14','2;1',
'CAx-IF Rec.Pracs.---User Defined Attributes---1.5---2016-08-15'),
/* implementation_level */ '2;1');

FILE_NAME(
/* name */ '6997d97e8837cd6b8597a6af',
/* time_stamp */ '2026-02-20T03:48:17Z',
/* author */ (''),
/* organization */ (''),
/* preprocessor_version */ 'ST-DEVELOPER v20',
/* originating_system */ 'ONSHAPE BY PTC INC, 1.210',
/* authorisation */ '  ');

FILE_SCHEMA (('AP242_MANAGED_MODEL_BASED_3D_ENGINEERING_MIM_LF { 1 0 10303 442 3 1 4 }'));
ENDSEC;

DATA;
#10=SHAPE_REPRESENTATION_RELATIONSHIP('','',#1412,#11);
#11=ADVANCED_BREP_SHAPE_REPRESENTATION('',(#1410),#3488);
#12=B_SPLINE_SURFACE_WITH_KNOTS('',1,3,((#1709,#1710,#1711,#1712,#1713,
#1714,#1715,#1716),(#1717,#1718,#1719,#1720,#1721,#1722,#1723,#1724)),
 .RULED_SURF.,.F.,.F.,.F.,(2,2),(4,2,2,4),(0.,1.),(0.,0.00175930164840951,
0.00263895247261426,0.00314524219388868),.UNSPECIFIED.);
#13=B_SPLINE_SURFACE_WITH_KNOTS('',1,3,((#1877,#1878,#1879,#1880,#1881,
#1882,#1883,#1884,#1885,#1886,#1887,#1888,#1889,#1890,#1891,#1892,#1893,
#1894,#1895,#1896,#1897,#1898,#1899,#1900,#1901,#1902,#1903,#1904,#1905,
#1906,#1907,#1908,#1909,#1910),(#1911,#1912,#1913,#1914,#1915,#1916,#1917,
#1918,#1919,#1920,#1921,#1922,#1923,#1924,#1925,#1926,#1927,#1928,#1929,
#1930,#1931,#1932,#1933,#1934,#1935,#1936,#1937,#1938,#1939,#1940,#1941,
#1942,#1943,#1944)),.RULED_SURF.,.F.,.F.,.F.,(2,2),(4,2,2,2,2,2,2,2,2,2,
2,2,2,2,2,2,4),(0.,1.),(0.0344058899398546,0.0365570272005072,0.0387081644611598,
0.0408593017218125,0.0430104389824651,0.0451615762431178,0.0473127135037704,
0.049463850764423,0.0516149880250757,0.0537661252857283,0.055917262546381,
0.0580683998070336,0.0602195370676863,0.0623706743283389,0.0645218115889915,
0.0666729488496442,0.0688240861102968),.UNSPECIFIED.);
#14=B_SPLINE_SURFACE_WITH_KNOTS('',1,1,((#2061,#2062),(#2063,#2064)),
 .PLANE_SURF.,.F.,.F.,.F.,(2,2),(2,2),(0.,1.),(0.,1.),.UNSPECIFIED.);
#15=B_SPLINE_SURFACE_WITH_KNOTS('',1,1,((#2088,#2089),(#2090,#2091)),
 .PLANE_SURF.,.F.,.F.,.F.,(2,2),(2,2),(0.,1.),(0.,1.),.UNSPECIFIED.);
#16=B_SPLINE_SURFACE_WITH_KNOTS('',1,1,((#2141,#2142),(#2143,#2144)),
 .PLANE_SURF.,.F.,.F.,.F.,(2,2),(2,2),(0.0453918815187554,0.954603907498014),
(0.0454545454545455,0.954723805952564),.PIECEWISE_BEZIER_KNOTS.);
#17=B_SPLINE_SURFACE_WITH_KNOTS('',1,1,((#2175,#2176),(#2177,#2178)),
 .PLANE_SURF.,.F.,.F.,.F.,(2,2),(2,2),(0.045396092501986,0.954608118481245),
(0.0454545454545455,0.954723805952564),.PIECEWISE_BEZIER_KNOTS.);
#18=B_SPLINE_SURFACE_WITH_KNOTS('',1,1,((#2209,#2210),(#2211,#2212)),
 .PLANE_SURF.,.F.,.F.,.F.,(2,2),(2,2),(0.,1.),(0.,1.),.UNSPECIFIED.);
#19=B_SPLINE_SURFACE_WITH_KNOTS('',1,1,((#2221,#2222),(#2223,#2224)),
 .PLANE_SURF.,.F.,.F.,.F.,(2,2),(2,2),(0.,1.),(0.,1.),.UNSPECIFIED.);
#20=B_SPLINE_SURFACE_WITH_KNOTS('',1,3,((#2332,#2333,#2334,#2335,#2336,
#2337,#2338,#2339,#2340,#2341,#2342,#2343,#2344,#2345,#2346,#2347,#2348,
#2349,#2350,#2351,#2352,#2353,#2354,#2355,#2356,#2357,#2358,#2359,#2360,
#2361,#2362,#2363,#2364,#2365,#2366,#2367),(#2368,#2369,#2370,#2371,#2372,
#2373,#2374,#2375,#2376,#2377,#2378,#2379,#2380,#2381,#2382,#2383,#2384,
#2385,#2386,#2387,#2388,#2389,#2390,#2391,#2392,#2393,#2394,#2395,#2396,
#2397,#2398,#2399,#2400,#2401,#2402,#2403)),.RULED_SURF.,.F.,.F.,.F.,(2,
2),(4,2,2,2,2,2,2,2,2,2,2,2,2,2,2,2,2,4),(0.,1.),(-1.23062305877469E-5,
0.0021388310300649,0.00428996829071754,0.00644110555137018,0.00859224281202282,
0.0107433800726755,0.0128945173333281,0.0150456545939808,0.0171967918546334,
0.019347929115286,0.0214990663759387,0.0236502036365914,0.0258013408972439,
0.0279524781578966,0.0301036154185492,0.0322547526792019,0.0344058899398546,
0.0346127390672062),.UNSPECIFIED.);
#21=B_SPLINE_SURFACE_WITH_KNOTS('',1,1,((#2481,#2482),(#2483,#2484)),
 .PLANE_SURF.,.F.,.F.,.F.,(2,2),(2,2),(0.,1.),(0.,1.),.UNSPECIFIED.);
#22=B_SPLINE_SURFACE_WITH_KNOTS('',1,3,((#2652,#2653,#2654,#2655,#2656,
#2657,#2658,#2659,#2660,#2661,#2662,#2663,#2664,#2665,#2666,#2667),(#2668,
#2669,#2670,#2671,#2672,#2673,#2674,#2675,#2676,#2677,#2678,#2679,#2680,
#2681,#2682,#2683)),.RULED_SURF.,.F.,.F.,.F.,(2,2),(4,2,2,2,2,2,2,4),(0.,
1.),(0.046885690301982,0.0475011445070568,0.0483807953312615,0.0492604461554663,
0.0510197478038758,0.0518993986280806,0.0527790494522853,0.0532209628932269),
 .UNSPECIFIED.);
#23=B_SPLINE_SURFACE_WITH_KNOTS('',1,3,((#2709,#2710,#2711,#2712,#2713,
#2714,#2715,#2716),(#2717,#2718,#2719,#2720,#2721,#2722,#2723,#2724),(#2725,
#2726,#2727,#2728,#2729,#2730,#2731,#2732)),.RULED_SURF.,.F.,.F.,.F.,(2,
1,2),(4,2,2,4),(0.,1.,1.00600631596276),(0.0531647164842803,0.0536587002764901,
0.0545383511006948,0.0562976527491043),.UNSPECIFIED.);
#24=B_SPLINE_SURFACE_WITH_KNOTS('',1,3,((#2765,#2766,#2767,#2768,#2769,
#2770,#2771,#2772,#2773,#2774,#2775,#2776,#2777,#2778,#2779,#2780),(#2781,
#2782,#2783,#2784,#2785,#2786,#2787,#2788,#2789,#2790,#2791,#2792,#2793,
#2794,#2795,#2796),(#2797,#2798,#2799,#2800,#2801,#2802,#2803,#2804,#2805,
#2806,#2807,#2808,#2809,#2810,#2811,#2812)),.RULED_SURF.,.F.,.F.,.F.,(2,
1,2),(4,2,2,2,2,2,2,4),(0.,1.,1.00600002718986),(0.00311025791030499,0.00351860329681902,
0.00527790494522853,0.00615755576943329,0.00703720659363804,0.00879650824204755,
0.00923633365414993,0.00942027457955043),.UNSPECIFIED.);
#25=B_SPLINE_SURFACE_WITH_KNOTS('',1,3,((#2845,#2846,#2847,#2848,#2849,
#2850,#2851,#2852,#2853,#2854,#2855,#2856,#2857,#2858,#2859,#2860,#2861,
#2862),(#2863,#2864,#2865,#2866,#2867,#2868,#2869,#2870,#2871,#2872,#2873,
#2874,#2875,#2876,#2877,#2878,#2879,#2880),(#2881,#2882,#2883,#2884,#2885,
#2886,#2887,#2888,#2889,#2890,#2891,#2892,#2893,#2894,#2895,#2896,#2897,
#2898)),.RULED_SURF.,.F.,.F.,.F.,(2,1,2),(4,2,2,2,2,2,2,2,4),(0.,1.,1.00600033979793),
(0.00934533100451015,0.00967615906625231,0.0105558098904571,0.0114354607146618,
0.0118752861267642,0.0123151115388666,0.0140744131872761,0.0149540640114808,
0.0156757973251476),.UNSPECIFIED.);
#26=B_SPLINE_SURFACE_WITH_KNOTS('',1,3,((#2931,#2932,#2933,#2934,#2935,
#2936,#2937,#2938,#2939,#2940,#2941,#2942,#2943,#2944),(#2945,#2946,#2947,
#2948,#2949,#2950,#2951,#2952,#2953,#2954,#2955,#2956,#2957,#2958),(#2959,
#2960,#2961,#2962,#2963,#2964,#2965,#2966,#2967,#2968,#2969,#2970,#2971,
#2972)),.RULED_SURF.,.F.,.F.,.F.,(2,1,2),(4,2,2,2,2,2,4),(0.,1.,1.00609521256719),
(0.0156007215933786,0.0158337148356856,0.0175930164840951,0.0184726673082998,
0.0193523181325046,0.0211116197809141,0.0219330286971758),.UNSPECIFIED.);
#27=B_SPLINE_SURFACE_WITH_KNOTS('',1,3,((#3006,#3007,#3008,#3009,#3010,
#3011,#3012,#3013,#3014,#3015,#3016,#3017,#3018,#3019,#3020,#3021),(#3022,
#3023,#3024,#3025,#3026,#3027,#3028,#3029,#3030,#3031,#3032,#3033,#3034,
#3035,#3036,#3037),(#3038,#3039,#3040,#3041,#3042,#3043,#3044,#3045,#3046,
#3047,#3048,#3049,#3050,#3051,#3052,#3053)),.RULED_SURF.,.F.,.F.,.F.,(2,
1,2),(4,2,2,2,2,2,2,4),(0.,1.,1.00600014138925),(0.0218641564375639,0.0228709214293237,
0.0237505722535284,0.0246302230777331,0.0263895247261427,0.0272691755503474,
0.0281488263745521,0.0281901283155507),.UNSPECIFIED.);
#28=B_SPLINE_SURFACE_WITH_KNOTS('',1,3,((#3059,#3060,#3061,#3062,#3063,
#3064,#3065,#3066,#3067,#3068,#3069,#3070,#3071,#3072,#3073,#3074),(#3075,
#3076,#3077,#3078,#3079,#3080,#3081,#3082,#3083,#3084,#3085,#3086,#3087,
#3088,#3089,#3090)),.RULED_SURF.,.F.,.F.,.F.,(2,2),(4,2,2,2,2,2,2,4),(0.,
1.),(0.0281888267907108,0.0299081280229617,0.0307877788471664,0.0316674296713712,
0.0325470804955759,0.0329869059076783,0.0334267313197807,0.0344322371733671),
 .UNSPECIFIED.);
#29=B_SPLINE_SURFACE_WITH_KNOTS('',1,3,((#3095,#3096,#3097,#3098,#3099,
#3100,#3101,#3102,#3103,#3104,#3105,#3106,#3107,#3108,#3109,#3110,#3111,
#3112),(#3113,#3114,#3115,#3116,#3117,#3118,#3119,#3120,#3121,#3122,#3123,
#3124,#3125,#3126,#3127,#3128,#3129,#3130),(#3131,#3132,#3133,#3134,#3135,
#3136,#3137,#3138,#3139,#3140,#3141,#3142,#3143,#3144,#3145,#3146,#3147,
#3148)),.RULED_SURF.,.F.,.F.,.F.,(2,1,2),(4,2,2,2,2,2,2,2,4),(0.,1.,1.00610309260247),
(0.0343743002988561,0.0351860329681902,0.0360656837923949,0.0365055092044973,
0.0369453346165997,0.0387046362650093,0.039584287089214,0.0404639379134187,
0.0407052440861133),.UNSPECIFIED.);
#30=B_SPLINE_SURFACE_WITH_KNOTS('',1,3,((#3149,#3150,#3151,#3152,#3153,
#3154,#3155,#3156,#3157,#3158,#3159,#3160,#3161,#3162),(#3163,#3164,#3165,
#3166,#3167,#3168,#3169,#3170,#3171,#3172,#3173,#3174,#3175,#3176),(#3177,
#3178,#3179,#3180,#3181,#3182,#3183,#3184,#3185,#3186,#3187,#3188,#3189,
#3190)),.RULED_SURF.,.F.,.F.,.F.,(2,1,2),(4,2,2,2,2,2,4),(0.,1.,1.00608140882964),
(0.0406301755920902,0.0422232395618283,0.043102890386033,0.0439825412102378,
0.0448621920344425,0.0457418428586473,0.0469607844608173),.UNSPECIFIED.);
#31=B_SPLINE_SURFACE_WITH_KNOTS('',1,1,((#3259,#3260),(#3261,#3262)),
 .PLANE_SURF.,.F.,.F.,.F.,(2,2),(2,2),(0.,1.),(0.,1.),.UNSPECIFIED.);
#32=B_SPLINE_SURFACE_WITH_KNOTS('',1,1,((#3328,#3329),(#3330,#3331)),
 .PLANE_SURF.,.F.,.F.,.F.,(2,2),(2,2),(0.,1.),(0.,1.),.UNSPECIFIED.);
#33=B_SPLINE_SURFACE_WITH_KNOTS('',1,1,((#3333,#3334),(#3335,#3336)),
 .PLANE_SURF.,.F.,.F.,.F.,(2,2),(2,2),(0.,1.),(0.,1.),.UNSPECIFIED.);
#34=B_SPLINE_SURFACE_WITH_KNOTS('',1,1,((#3373,#3374),(#3375,#3376)),
 .PLANE_SURF.,.F.,.F.,.F.,(2,2),(2,2),(0.,1.),(0.,1.),.UNSPECIFIED.);
#35=B_SPLINE_SURFACE_WITH_KNOTS('',1,1,((#3433,#3434),(#3435,#3436)),
 .PLANE_SURF.,.F.,.F.,.F.,(2,2),(2,2),(0.,1.),(0.,1.),.UNSPECIFIED.);
#36=B_SPLINE_SURFACE_WITH_KNOTS('',1,1,((#3456,#3457),(#3458,#3459)),
 .PLANE_SURF.,.F.,.F.,.F.,(2,2),(2,2),(0.,1.),(0.,1.),.UNSPECIFIED.);
#37=LINE('',#1708,#111);
#38=LINE('',#2065,#112);
#39=LINE('',#2067,#113);
#40=LINE('',#2069,#114);
#41=LINE('',#2080,#115);
#42=LINE('',#2085,#116);
#43=LINE('',#2092,#117);
#44=LINE('',#2094,#118);
#45=LINE('',#2096,#119);
#46=LINE('',#2106,#120);
#47=LINE('',#2111,#121);
#48=LINE('',#2133,#122);
#49=LINE('',#2138,#123);
#50=LINE('',#2156,#124);
#51=LINE('',#2164,#125);
#52=LINE('',#2174,#126);
#53=LINE('',#2186,#127);
#54=LINE('',#2196,#128);
#55=LINE('',#2204,#129);
#56=LINE('',#2213,#130);
#57=LINE('',#2216,#131);
#58=LINE('',#2218,#132);
#59=LINE('',#2220,#133);
#60=LINE('',#2225,#134);
#61=LINE('',#2228,#135);
#62=LINE('',#2230,#136);
#63=LINE('',#2232,#137);
#64=LINE('',#2296,#138);
#65=LINE('',#2307,#139);
#66=LINE('',#2538,#140);
#67=LINE('',#2551,#141);
#68=LINE('',#2566,#142);
#69=LINE('',#2579,#143);
#70=LINE('',#2610,#144);
#71=LINE('',#2623,#145);
#72=LINE('',#2638,#146);
#73=LINE('',#2651,#147);
#74=LINE('',#2708,#148);
#75=LINE('',#2751,#149);
#76=LINE('',#2764,#150);
#77=LINE('',#2831,#151);
#78=LINE('',#2844,#152);
#79=LINE('',#2917,#153);
#80=LINE('',#2930,#154);
#81=LINE('',#2992,#155);
#82=LINE('',#3005,#156);
#83=LINE('',#3263,#157);
#84=LINE('',#3264,#158);
#85=LINE('',#3273,#159);
#86=LINE('',#3282,#160);
#87=LINE('',#3291,#161);
#88=LINE('',#3300,#162);
#89=LINE('',#3309,#163);
#90=LINE('',#3318,#164);
#91=LINE('',#3327,#165);
#92=LINE('',#3332,#166);
#93=LINE('',#3337,#167);
#94=LINE('',#3346,#168);
#95=LINE('',#3355,#169);
#96=LINE('',#3364,#170);
#97=LINE('',#3377,#171);
#98=LINE('',#3378,#172);
#99=LINE('',#3387,#173);
#100=LINE('',#3396,#174);
#101=LINE('',#3405,#175);
#102=LINE('',#3414,#176);
#103=LINE('',#3423,#177);
#104=LINE('',#3432,#178);
#105=LINE('',#3437,#179);
#106=LINE('',#3446,#180);
#107=LINE('',#3455,#181);
#108=LINE('',#3460,#182);
#109=LINE('',#3469,#183);
#110=LINE('',#3478,#184);
#111=VECTOR('',#1484,1000.);
#112=VECTOR('',#1503,1000.);
#113=VECTOR('',#1504,1000.);
#114=VECTOR('',#1505,1000.);
#115=VECTOR('',#1508,1000.);
#116=VECTOR('',#1511,1000.);
#117=VECTOR('',#1514,1000.);
#118=VECTOR('',#1515,1000.);
#119=VECTOR('',#1516,1000.);
#120=VECTOR('',#1519,1000.);
#121=VECTOR('',#1522,1000.);
#122=VECTOR('',#1525,1000.);
#123=VECTOR('',#1528,1000.);
#124=VECTOR('',#1541,1000.);
#125=VECTOR('',#1548,1000.);
#126=VECTOR('',#1557,1000.);
#127=VECTOR('',#1564,1000.);
#128=VECTOR('',#1573,1000.);
#129=VECTOR('',#1580,1000.);
#130=VECTOR('',#1585,1000.);
#131=VECTOR('',#1586,1000.);
#132=VECTOR('',#1587,1000.);
#133=VECTOR('',#1588,1000.);
#134=VECTOR('',#1589,1000.);
#135=VECTOR('',#1590,1000.);
#136=VECTOR('',#1591,1000.);
#137=VECTOR('',#1592,1000.);
#138=VECTOR('',#1617,1000.);
#139=VECTOR('',#1620,1000.);
#140=VECTOR('',#1643,1000.);
#141=VECTOR('',#1644,1000.);
#142=VECTOR('',#1645,1000.);
#143=VECTOR('',#1646,1000.);
#144=VECTOR('',#1647,1000.);
#145=VECTOR('',#1648,1000.);
#146=VECTOR('',#1649,1000.);
#147=VECTOR('',#1650,1000.);
#148=VECTOR('',#1651,1000.);
#149=VECTOR('',#1652,1000.);
#150=VECTOR('',#1653,1000.);
#151=VECTOR('',#1654,1000.);
#152=VECTOR('',#1655,1000.);
#153=VECTOR('',#1656,1000.);
#154=VECTOR('',#1657,1000.);
#155=VECTOR('',#1658,1000.);
#156=VECTOR('',#1659,1000.);
#157=VECTOR('',#1660,1000.);
#158=VECTOR('',#1661,1000.);
#159=VECTOR('',#1662,1000.);
#160=VECTOR('',#1663,1000.);
#161=VECTOR('',#1664,1000.);
#162=VECTOR('',#1665,1000.);
#163=VECTOR('',#1666,1000.);
#164=VECTOR('',#1667,1000.);
#165=VECTOR('',#1668,1000.);
#166=VECTOR('',#1669,1000.);
#167=VECTOR('',#1670,1000.);
#168=VECTOR('',#1671,1000.);
#169=VECTOR('',#1672,1000.);
#170=VECTOR('',#1673,1000.);
#171=VECTOR('',#1674,1000.);
#172=VECTOR('',#1675,1000.);
#173=VECTOR('',#1676,1000.);
#174=VECTOR('',#1677,1000.);
#175=VECTOR('',#1678,1000.);
#176=VECTOR('',#1679,1000.);
#177=VECTOR('',#1680,1000.);
#178=VECTOR('',#1681,1000.);
#179=VECTOR('',#1682,1000.);
#180=VECTOR('',#1683,1000.);
#181=VECTOR('',#1684,1000.);
#182=VECTOR('',#1685,1000.);
#183=VECTOR('',#1686,1000.);
#184=VECTOR('',#1687,1000.);
#185=B_SPLINE_CURVE_WITH_KNOTS('',3,(#1703,#1704,#1705,#1706),
 .UNSPECIFIED.,.F.,.F.,(4,4),(0.,0.0404824882961183),.UNSPECIFIED.);
#186=B_SPLINE_CURVE_WITH_KNOTS('',1,(#1725,#1726,#1727),.UNSPECIFIED.,.F.,
 .F.,(2,1,2),(0.,1.,1.01),.PIECEWISE_BEZIER_KNOTS.);
#187=B_SPLINE_CURVE_WITH_KNOTS('',3,(#1729,#1730,#1731,#1732),
 .UNSPECIFIED.,.F.,.F.,(4,4),(0.,0.00312622253632483),.UNSPECIFIED.);
#188=B_SPLINE_CURVE_WITH_KNOTS('',3,(#1734,#1735,#1736,#1737,#1738),
 .UNSPECIFIED.,.F.,.F.,(4,1,4),(5.40212398192199E-9,0.000756319201715084,
0.00151263300130619),.UNSPECIFIED.);
#189=B_SPLINE_CURVE_WITH_KNOTS('',3,(#1747,#1748,#1749,#1750),
 .UNSPECIFIED.,.F.,.F.,(4,4),(0.0031269964121643,0.00320031913219616),
 .UNSPECIFIED.);
#190=B_SPLINE_CURVE_WITH_KNOTS('',3,(#1760,#1761,#1762,#1763),
 .UNSPECIFIED.,.F.,.F.,(4,4),(0.0531834017374341,0.0562976527491043),
 .UNSPECIFIED.);
#191=B_SPLINE_CURVE_WITH_KNOTS('',3,(#1765,#1766,#1767,#1768),
 .UNSPECIFIED.,.F.,.F.,(4,4),(0.0469232500059318,0.0531834017374341),
 .UNSPECIFIED.);
#192=B_SPLINE_CURVE_WITH_KNOTS('',3,(#1770,#1771,#1772,#1773),
 .UNSPECIFIED.,.F.,.F.,(4,4),(0.040667709029031,0.0469232500059318),
 .UNSPECIFIED.);
#193=B_SPLINE_CURVE_WITH_KNOTS('',3,(#1775,#1776,#1777,#1778),
 .UNSPECIFIED.,.F.,.F.,(4,4),(0.0344118389469263,0.040667709029031),
 .UNSPECIFIED.);
#194=B_SPLINE_CURVE_WITH_KNOTS('',3,(#1780,#1781,#1782,#1783),
 .UNSPECIFIED.,.F.,.F.,(4,4),(0.0282259767129141,0.0344118389469263),
 .UNSPECIFIED.);
#195=B_SPLINE_CURVE_WITH_KNOTS('',3,(#1808,#1809,#1810,#1811,#1812),
 .UNSPECIFIED.,.F.,.F.,(4,1,4),(0.,0.00168251675762337,0.00336503351524675),
 .UNSPECIFIED.);
#196=B_SPLINE_CURVE_WITH_KNOTS('',3,(#1816,#1817,#1818,#1819,#1820),
 .UNSPECIFIED.,.F.,.F.,(4,1,4),(0.00126163978441767,0.00293896766622287,
0.00461629554802806),.UNSPECIFIED.);
#197=B_SPLINE_CURVE_WITH_KNOTS('',3,(#1822,#1823,#1824,#1825,#1826),
 .UNSPECIFIED.,.F.,.F.,(4,1,4),(-1.41421438507047E-5,0.00166111948225793,
0.00333638110836656),.UNSPECIFIED.);
#198=B_SPLINE_CURVE_WITH_KNOTS('',3,(#1830,#1831,#1832,#1833,#1834),
 .UNSPECIFIED.,.F.,.F.,(4,1,4),(4.33680868994202E-19,0.00168251675762342,
0.00336503351524683),.UNSPECIFIED.);
#199=B_SPLINE_CURVE_WITH_KNOTS('',3,(#1836,#1837,#1838,#1839,#1840),
 .UNSPECIFIED.,.F.,.F.,(4,1,4),(0.,0.00168251675762337,0.00336503351524675),
 .UNSPECIFIED.);
#200=B_SPLINE_CURVE_WITH_KNOTS('',3,(#1844,#1845,#1846,#1847,#1848),
 .UNSPECIFIED.,.F.,.F.,(4,1,4),(0.00126160969706532,0.00293893740126855,
0.00461626510547179),.UNSPECIFIED.);
#201=B_SPLINE_CURVE_WITH_KNOTS('',3,(#1850,#1851,#1852,#1853,#1854),
 .UNSPECIFIED.,.F.,.F.,(4,1,4),(-1.41421438507077E-5,0.00166119212328529,
0.00333652639042129),.UNSPECIFIED.);
#202=B_SPLINE_CURVE_WITH_KNOTS('',3,(#1858,#1859,#1860,#1861,#1862),
 .UNSPECIFIED.,.F.,.F.,(4,1,4),(4.24918736097037E-18,0.00168251675762341,
0.00336503351524683),.UNSPECIFIED.);
#203=B_SPLINE_CURVE_WITH_KNOTS('',3,(#1864,#1865,#1866,#1867,#1868),
 .UNSPECIFIED.,.F.,.F.,(4,1,4),(0.,0.00168251675763032,0.00336503351526063),
 .UNSPECIFIED.);
#204=B_SPLINE_CURVE_WITH_KNOTS('',3,(#1945,#1946,#1947,#1948,#1949,#1950,
#1951,#1952,#1953,#1954,#1955),.UNSPECIFIED.,.F.,.F.,(4,1,1,1,1,1,1,1,4),
(0.,0.0625,0.125,0.1875,0.25,0.3125,0.375,0.4375,0.5),.UNSPECIFIED.);
#205=B_SPLINE_CURVE_WITH_KNOTS('',1,(#1958,#1959),.UNSPECIFIED.,.F.,.F.,
(2,2),(0.,1.),.PIECEWISE_BEZIER_KNOTS.);
#206=B_SPLINE_CURVE_WITH_KNOTS('',3,(#1961,#1962,#1963,#1964,#1965,#1966,
#1967,#1968,#1969,#1970,#1971),.UNSPECIFIED.,.F.,.F.,(4,1,1,1,1,1,1,1,4),
(0.500004909071797,0.562504295437822,0.625003681803847,0.687503068169873,
0.750002454535898,0.812501840901924,0.875001227267949,0.937500613633975,
1.),.UNSPECIFIED.);
#207=B_SPLINE_CURVE_WITH_KNOTS('',1,(#1973,#1974),.UNSPECIFIED.,.F.,.F.,
(2,2),(0.,1.),.PIECEWISE_BEZIER_KNOTS.);
#208=B_SPLINE_CURVE_WITH_KNOTS('',3,(#1989,#1990,#1991,#1992,#1993,#1994,
#1995,#1996,#1997,#1998,#1999,#2000,#2001,#2002,#2003,#2004,#2005,#2006,
#2007,#2008,#2009,#2010,#2011,#2012,#2013,#2014,#2015,#2016,#2017,#2018,
#2019,#2020,#2021,#2022,#2023,#2024,#2025,#2026,#2027,#2028,#2029,#2030,
#2031,#2032,#2033,#2034,#2035,#2036,#2037,#2038,#2039,#2040,#2041,#2042,
#2043,#2044,#2045,#2046,#2047,#2048,#2049,#2050,#2051,#2052,#2053),
 .UNSPECIFIED.,.F.,.F.,(4,1,1,1,1,1,1,1,1,1,1,1,1,1,1,1,1,1,1,1,1,1,1,1,
1,1,1,1,1,1,1,1,1,1,1,1,1,1,1,1,1,1,1,1,1,1,1,1,1,1,1,1,1,1,1,1,1,1,1,1,
1,1,4),(0.499995984402335,0.531246235377189,0.546871360864616,0.562496486352043,
0.57812161183947,0.585934174583184,0.593746737326897,0.601559300070611,
0.609371862814324,0.617184425558038,0.621090706929895,0.623043847615823,
0.624996988301751,0.62695012898768,0.628903269673608,0.632809551045465,
0.636715832417322,0.640622113789178,0.648434676532892,0.652340957904749,
0.656247239276605,0.660153520648462,0.664059802020319,0.671872364764032,
0.679684927507746,0.687497490251459,0.695310052995173,0.703122615738886,
0.718747741226313,0.734372866713741,0.749997992201168,0.765623117688595,
0.781248243176022,0.796873368663449,0.804685931407162,0.812498494150876,
0.820311056894589,0.828123619638303,0.835936182382016,0.839842463753873,
0.84374874512573,0.847655026497587,0.851561307869443,0.859373870613157,
0.863280151985014,0.86718643335687,0.871092714728727,0.873045855414655,
0.874998996100584,0.876952136786512,0.878905277472441,0.882811558844297,
0.890624121588011,0.898436684331724,0.906249247075438,0.914061809819151,
0.921874372562865,0.929686935306578,0.937499498050292,0.945312060794005,
0.953124623537719,0.968749749025146,1.),.UNSPECIFIED.);
#209=B_SPLINE_CURVE_WITH_KNOTS('',3,(#2122,#2123,#2124,#2125,#2126,#2127,
#2128,#2129,#2130,#2131,#2132),.UNSPECIFIED.,.F.,.F.,(4,1,1,1,1,1,1,1,4),
(0.,0.0625,0.125,0.1875,0.25,0.3125,0.375,0.4375,0.5),.UNSPECIFIED.);
#210=B_SPLINE_CURVE_WITH_KNOTS('',3,(#2420,#2421,#2422,#2423,#2424),
 .UNSPECIFIED.,.F.,.F.,(4,1,4),(0.00126161300102515,0.00293894072473088,
0.0046162684484366),.UNSPECIFIED.);
#211=B_SPLINE_CURVE_WITH_KNOTS('',3,(#2426,#2427,#2428,#2429,#2430),
 .UNSPECIFIED.,.F.,.F.,(4,1,4),(-1.41421438506954E-5,0.00165814668931043,
0.00333043552247156),.UNSPECIFIED.);
#212=B_SPLINE_CURVE_WITH_KNOTS('',3,(#2434,#2435,#2436,#2437,#2438),
 .UNSPECIFIED.,.F.,.F.,(4,1,4),(0.00126160545461243,0.00293893313377361,
0.00461626081293479),.UNSPECIFIED.);
#213=B_SPLINE_CURVE_WITH_KNOTS('',3,(#2440,#2441,#2442,#2443,#2444),
 .UNSPECIFIED.,.F.,.F.,(4,1,4),(-1.41421438506935E-5,0.00166106264700872,
0.00333626743786814),.UNSPECIFIED.);
#214=B_SPLINE_CURVE_WITH_KNOTS('',3,(#2448,#2449,#2450,#2451,#2452),
 .UNSPECIFIED.,.F.,.F.,(4,1,4),(3.88501576117243E-18,0.00168251675762329,
0.00336503351524658),.UNSPECIFIED.);
#215=B_SPLINE_CURVE_WITH_KNOTS('',3,(#2454,#2455,#2456,#2457,#2458),
 .UNSPECIFIED.,.F.,.F.,(4,1,4),(0.,0.00168251675762337,0.00336503351524675),
 .UNSPECIFIED.);
#216=B_SPLINE_CURVE_WITH_KNOTS('',3,(#2462,#2463,#2464,#2465,#2466),
 .UNSPECIFIED.,.F.,.F.,(4,1,4),(0.00132581703697706,0.00300353737107248,
0.0046812577051679),.UNSPECIFIED.);
#217=B_SPLINE_CURVE_WITH_KNOTS('',3,(#2468,#2469,#2470,#2471,#2472),
 .UNSPECIFIED.,.F.,.F.,(4,1,4),(-1.41421438506824E-5,0.00166108370196919,
0.00333630954778905),.UNSPECIFIED.);
#218=B_SPLINE_CURVE_WITH_KNOTS('',3,(#2476,#2477,#2478,#2479,#2480),
 .UNSPECIFIED.,.F.,.F.,(4,1,4),(1.17654670435488E-17,0.00168251675762321,
0.00336503351524641),.UNSPECIFIED.);
#219=B_SPLINE_CURVE_WITH_KNOTS('',3,(#2500,#2501,#2502,#2503),
 .UNSPECIFIED.,.F.,.F.,(4,4),(0.0218953736496124,0.0281526225538837),
 .UNSPECIFIED.);
#220=B_SPLINE_CURVE_WITH_KNOTS('',3,(#2505,#2506,#2507,#2508),
 .UNSPECIFIED.,.F.,.F.,(4,4),(0.0156381265409002,0.0218953736496124),
 .UNSPECIFIED.);
#221=B_SPLINE_CURVE_WITH_KNOTS('',3,(#2510,#2511,#2512,#2513),
 .UNSPECIFIED.,.F.,.F.,(4,4),(0.00938286345977224,0.0156381265409002),
 .UNSPECIFIED.);
#222=B_SPLINE_CURVE_WITH_KNOTS('',3,(#2515,#2516,#2517,#2518),
 .UNSPECIFIED.,.F.,.F.,(4,4),(0.00314740940421311,0.00938286345977224),
 .UNSPECIFIED.);
#223=B_SPLINE_CURVE_WITH_KNOTS('',3,(#2520,#2521,#2522,#2523),
 .UNSPECIFIED.,.F.,.F.,(4,4),(0.00312622253632483,0.00314740940421311),
 .UNSPECIFIED.);
#224=B_SPLINE_CURVE_WITH_KNOTS('',3,(#2540,#2541,#2542,#2543,#2544),
 .UNSPECIFIED.,.F.,.F.,(4,1,4),(0.,0.000753507588604903,0.00150701517720981),
 .UNSPECIFIED.);
#225=B_SPLINE_CURVE_WITH_KNOTS('',3,(#2545,#2546,#2547,#2548,#2549),
 .UNSPECIFIED.,.F.,.F.,(4,1,4),(5.20417042793042E-18,0.000757632483107177,
0.00151526496621435),.UNSPECIFIED.);
#226=B_SPLINE_CURVE_WITH_KNOTS('',3,(#2568,#2569,#2570,#2571,#2572),
 .UNSPECIFIED.,.F.,.F.,(4,1,4),(0.,0.000749733840384,0.001499467680768),
 .UNSPECIFIED.);
#227=B_SPLINE_CURVE_WITH_KNOTS('',3,(#2573,#2574,#2575,#2576,#2577),
 .UNSPECIFIED.,.F.,.F.,(4,1,4),(0.,0.000754023657725414,0.00150804731545083),
 .UNSPECIFIED.);
#228=B_SPLINE_CURVE_WITH_KNOTS('',3,(#2588,#2589,#2590,#2591,#2592,#2593,
#2594,#2595),.UNSPECIFIED.,.F.,.F.,(4,1,1,1,1,4),(0.,0.25,0.5,0.625,0.75,
1.),.UNSPECIFIED.);
#229=B_SPLINE_CURVE_WITH_KNOTS('',3,(#2612,#2613,#2614,#2615,#2616),
 .UNSPECIFIED.,.F.,.F.,(4,1,4),(0.,0.000750361084957961,0.00150072216991592),
 .UNSPECIFIED.);
#230=B_SPLINE_CURVE_WITH_KNOTS('',3,(#2617,#2618,#2619,#2620,#2621),
 .UNSPECIFIED.,.F.,.F.,(4,1,4),(0.,0.000754766362302857,0.00150953272460571),
 .UNSPECIFIED.);
#231=B_SPLINE_CURVE_WITH_KNOTS('',3,(#2640,#2641,#2642,#2643,#2644),
 .UNSPECIFIED.,.F.,.F.,(4,1,4),(0.,0.000756359702556239,0.00151271940511248),
 .UNSPECIFIED.);
#232=B_SPLINE_CURVE_WITH_KNOTS('',3,(#2645,#2646,#2647,#2648,#2649),
 .UNSPECIFIED.,.F.,.F.,(4,1,4),(0.,0.000760343220033212,0.00152068644006642),
 .UNSPECIFIED.);
#233=B_SPLINE_CURVE_WITH_KNOTS('',3,(#2684,#2685,#2686,#2687),
 .UNSPECIFIED.,.F.,.F.,(4,4),(0.,1.),.UNSPECIFIED.);
#234=B_SPLINE_CURVE_WITH_KNOTS('',3,(#2702,#2703,#2704,#2705,#2706),
 .UNSPECIFIED.,.F.,.F.,(4,1,4),(0.,0.000749880144571355,0.00149976028914271),
 .UNSPECIFIED.);
#235=B_SPLINE_CURVE_WITH_KNOTS('',3,(#2733,#2734,#2735,#2736),
 .UNSPECIFIED.,.F.,.F.,(4,4),(0.,0.0394046193310762),.UNSPECIFIED.);
#236=B_SPLINE_CURVE_WITH_KNOTS('',3,(#2753,#2754,#2755,#2756,#2757),
 .UNSPECIFIED.,.F.,.F.,(4,1,4),(0.,0.000756214767064239,0.00151242953412848),
 .UNSPECIFIED.);
#237=B_SPLINE_CURVE_WITH_KNOTS('',3,(#2758,#2759,#2760,#2761,#2762),
 .UNSPECIFIED.,.F.,.F.,(4,1,4),(0.,0.00076074501334562,0.00152149002669124),
 .UNSPECIFIED.);
#238=B_SPLINE_CURVE_WITH_KNOTS('',3,(#2813,#2814,#2815,#2816),
 .UNSPECIFIED.,.F.,.F.,(4,4),(0.,1.),.UNSPECIFIED.);
#239=B_SPLINE_CURVE_WITH_KNOTS('',3,(#2833,#2834,#2835,#2836,#2837),
 .UNSPECIFIED.,.F.,.F.,(4,1,4),(0.,0.000756237480764125,0.00151247496152825),
 .UNSPECIFIED.);
#240=B_SPLINE_CURVE_WITH_KNOTS('',3,(#2838,#2839,#2840,#2841,#2842),
 .UNSPECIFIED.,.F.,.F.,(4,1,4),(1.78811203067275E-18,0.000760510280004273,
0.00152102056000854),.UNSPECIFIED.);
#241=B_SPLINE_CURVE_WITH_KNOTS('',3,(#2899,#2900,#2901,#2902),
 .UNSPECIFIED.,.F.,.F.,(4,4),(0.,1.),.UNSPECIFIED.);
#242=B_SPLINE_CURVE_WITH_KNOTS('',3,(#2919,#2920,#2921,#2922,#2923),
 .UNSPECIFIED.,.F.,.F.,(4,1,4),(0.,0.000750066481738609,0.00150013296347722),
 .UNSPECIFIED.);
#243=B_SPLINE_CURVE_WITH_KNOTS('',3,(#2924,#2925,#2926,#2927,#2928),
 .UNSPECIFIED.,.F.,.F.,(4,1,4),(0.,0.000754229649456039,0.00150845929891208),
 .UNSPECIFIED.);
#244=B_SPLINE_CURVE_WITH_KNOTS('',3,(#2973,#2974,#2975,#2976,#2977),
 .UNSPECIFIED.,.F.,.F.,(4,1,4),(0.,0.5,1.),.UNSPECIFIED.);
#245=B_SPLINE_CURVE_WITH_KNOTS('',3,(#2994,#2995,#2996,#2997,#2998),
 .UNSPECIFIED.,.F.,.F.,(4,1,4),(0.00161345935078925,0.00237022788147678,
0.0031269964121643),.UNSPECIFIED.);
#246=B_SPLINE_CURVE_WITH_KNOTS('',3,(#2999,#3000,#3001,#3002,#3003),
 .UNSPECIFIED.,.F.,.F.,(4,1,4),(0.00320031913219616,0.00392049728173015,
0.00464067543126414),.UNSPECIFIED.);
#247=B_SPLINE_CURVE_WITH_KNOTS('',3,(#3054,#3055,#3056,#3057,#3058),
 .UNSPECIFIED.,.F.,.F.,(4,1,4),(0.515833838340284,0.555460152178353,0.595086466016423),
 .UNSPECIFIED.);
#248=B_SPLINE_CURVE_WITH_KNOTS('',3,(#3091,#3092,#3093,#3094),
 .UNSPECIFIED.,.F.,.F.,(4,4),(0.404748832464189,0.483954576581613),
 .UNSPECIFIED.);
#249=B_SPLINE_CURVE_WITH_KNOTS('',3,(#3191,#3192,#3193,#3194),
 .UNSPECIFIED.,.F.,.F.,(4,4),(0.,1.),.UNSPECIFIED.);
#250=(
BOUNDED_CURVE()
B_SPLINE_CURVE(1,(#1700,#1701),.UNSPECIFIED.,.F.,.F.)
B_SPLINE_CURVE_WITH_KNOTS((2,2),(0.,1.),.PIECEWISE_BEZIER_KNOTS.)
CURVE()
GEOMETRIC_REPRESENTATION_ITEM()
RATIONAL_B_SPLINE_CURVE((1.,1.))
REPRESENTATION_ITEM('')
);
#251=(
BOUNDED_CURVE()
B_SPLINE_CURVE(1,(#1753,#1754),.UNSPECIFIED.,.F.,.F.)
B_SPLINE_CURVE_WITH_KNOTS((2,2),(0.,1.),.PIECEWISE_BEZIER_KNOTS.)
CURVE()
GEOMETRIC_REPRESENTATION_ITEM()
RATIONAL_B_SPLINE_CURVE((1.,1.))
REPRESENTATION_ITEM('')
);
#252=(
BOUNDED_CURVE()
B_SPLINE_CURVE(1,(#1758,#1759),.UNSPECIFIED.,.F.,.F.)
B_SPLINE_CURVE_WITH_KNOTS((2,2),(0.,1.),.PIECEWISE_BEZIER_KNOTS.)
CURVE()
GEOMETRIC_REPRESENTATION_ITEM()
RATIONAL_B_SPLINE_CURVE((1.,1.))
REPRESENTATION_ITEM('')
);
#253=(
BOUNDED_CURVE()
B_SPLINE_CURVE(3,(#1803,#1804,#1805,#1806),.UNSPECIFIED.,.F.,.F.)
B_SPLINE_CURVE_WITH_KNOTS((4,4),(0.,1.),.PIECEWISE_BEZIER_KNOTS.)
CURVE()
GEOMETRIC_REPRESENTATION_ITEM()
RATIONAL_B_SPLINE_CURVE((1.,0.884958369139405,0.884958369139405,1.))
REPRESENTATION_ITEM('')
);
#254=(
BOUNDED_CURVE()
B_SPLINE_CURVE(3,(#1871,#1872,#1873,#1874),.UNSPECIFIED.,.F.,.F.)
B_SPLINE_CURVE_WITH_KNOTS((4,4),(0.,1.),.PIECEWISE_BEZIER_KNOTS.)
CURVE()
GEOMETRIC_REPRESENTATION_ITEM()
RATIONAL_B_SPLINE_CURVE((1.,0.884958369139405,0.884958369139405,1.))
REPRESENTATION_ITEM('')
);
#255=(
BOUNDED_CURVE()
B_SPLINE_CURVE(1,(#2054,#2055),.UNSPECIFIED.,.F.,.F.)
B_SPLINE_CURVE_WITH_KNOTS((2,2),(0.,1.),.PIECEWISE_BEZIER_KNOTS.)
CURVE()
GEOMETRIC_REPRESENTATION_ITEM()
RATIONAL_B_SPLINE_CURVE((1.,1.))
REPRESENTATION_ITEM('')
);
#256=(
BOUNDED_CURVE()
B_SPLINE_CURVE(1,(#2059,#2060),.UNSPECIFIED.,.F.,.F.)
B_SPLINE_CURVE_WITH_KNOTS((2,2),(0.,1.),.PIECEWISE_BEZIER_KNOTS.)
CURVE()
GEOMETRIC_REPRESENTATION_ITEM()
RATIONAL_B_SPLINE_CURVE((1.,1.))
REPRESENTATION_ITEM('')
);
#257=ORIENTED_EDGE('',*,*,#681,.F.);
#258=ORIENTED_EDGE('',*,*,#682,.T.);
#259=ORIENTED_EDGE('',*,*,#683,.T.);
#260=ORIENTED_EDGE('',*,*,#684,.F.);
#261=ORIENTED_EDGE('',*,*,#683,.F.);
#262=ORIENTED_EDGE('',*,*,#685,.T.);
#263=ORIENTED_EDGE('',*,*,#686,.T.);
#264=ORIENTED_EDGE('',*,*,#687,.T.);
#265=ORIENTED_EDGE('',*,*,#688,.F.);
#266=ORIENTED_EDGE('',*,*,#689,.T.);
#267=ORIENTED_EDGE('',*,*,#690,.T.);
#268=ORIENTED_EDGE('',*,*,#691,.F.);
#269=ORIENTED_EDGE('',*,*,#692,.F.);
#270=ORIENTED_EDGE('',*,*,#693,.F.);
#271=ORIENTED_EDGE('',*,*,#694,.F.);
#272=ORIENTED_EDGE('',*,*,#695,.F.);
#273=ORIENTED_EDGE('',*,*,#696,.F.);
#274=ORIENTED_EDGE('',*,*,#697,.F.);
#275=ORIENTED_EDGE('',*,*,#698,.T.);
#276=ORIENTED_EDGE('',*,*,#699,.T.);
#277=ORIENTED_EDGE('',*,*,#700,.T.);
#278=ORIENTED_EDGE('',*,*,#701,.T.);
#279=ORIENTED_EDGE('',*,*,#702,.T.);
#280=ORIENTED_EDGE('',*,*,#703,.T.);
#281=ORIENTED_EDGE('',*,*,#704,.T.);
#282=ORIENTED_EDGE('',*,*,#705,.T.);
#283=ORIENTED_EDGE('',*,*,#706,.T.);
#284=ORIENTED_EDGE('',*,*,#707,.T.);
#285=ORIENTED_EDGE('',*,*,#708,.T.);
#286=ORIENTED_EDGE('',*,*,#709,.T.);
#287=ORIENTED_EDGE('',*,*,#710,.T.);
#288=ORIENTED_EDGE('',*,*,#711,.T.);
#289=ORIENTED_EDGE('',*,*,#712,.T.);
#290=ORIENTED_EDGE('',*,*,#713,.F.);
#291=ORIENTED_EDGE('',*,*,#714,.F.);
#292=ORIENTED_EDGE('',*,*,#715,.F.);
#293=ORIENTED_EDGE('',*,*,#716,.T.);
#294=ORIENTED_EDGE('',*,*,#717,.F.);
#295=ORIENTED_EDGE('',*,*,#718,.F.);
#296=ORIENTED_EDGE('',*,*,#719,.T.);
#297=ORIENTED_EDGE('',*,*,#720,.T.);
#298=ORIENTED_EDGE('',*,*,#721,.T.);
#299=ORIENTED_EDGE('',*,*,#722,.F.);
#300=ORIENTED_EDGE('',*,*,#723,.T.);
#301=ORIENTED_EDGE('',*,*,#724,.T.);
#302=ORIENTED_EDGE('',*,*,#725,.T.);
#303=ORIENTED_EDGE('',*,*,#726,.T.);
#304=ORIENTED_EDGE('',*,*,#697,.T.);
#305=ORIENTED_EDGE('',*,*,#727,.T.);
#306=ORIENTED_EDGE('',*,*,#728,.T.);
#307=ORIENTED_EDGE('',*,*,#729,.T.);
#308=ORIENTED_EDGE('',*,*,#730,.T.);
#309=ORIENTED_EDGE('',*,*,#731,.T.);
#310=ORIENTED_EDGE('',*,*,#732,.T.);
#311=ORIENTED_EDGE('',*,*,#733,.T.);
#312=ORIENTED_EDGE('',*,*,#714,.T.);
#313=ORIENTED_EDGE('',*,*,#734,.T.);
#314=ORIENTED_EDGE('',*,*,#735,.T.);
#315=ORIENTED_EDGE('',*,*,#736,.T.);
#316=ORIENTED_EDGE('',*,*,#737,.T.);
#317=ORIENTED_EDGE('',*,*,#738,.T.);
#318=ORIENTED_EDGE('',*,*,#739,.T.);
#319=ORIENTED_EDGE('',*,*,#715,.T.);
#320=ORIENTED_EDGE('',*,*,#740,.T.);
#321=ORIENTED_EDGE('',*,*,#741,.T.);
#322=ORIENTED_EDGE('',*,*,#742,.T.);
#323=ORIENTED_EDGE('',*,*,#743,.T.);
#324=ORIENTED_EDGE('',*,*,#744,.T.);
#325=ORIENTED_EDGE('',*,*,#745,.T.);
#326=ORIENTED_EDGE('',*,*,#746,.T.);
#327=ORIENTED_EDGE('',*,*,#747,.T.);
#328=ORIENTED_EDGE('',*,*,#748,.T.);
#329=ORIENTED_EDGE('',*,*,#749,.T.);
#330=ORIENTED_EDGE('',*,*,#750,.T.);
#331=ORIENTED_EDGE('',*,*,#751,.T.);
#332=ORIENTED_EDGE('',*,*,#752,.T.);
#333=ORIENTED_EDGE('',*,*,#753,.T.);
#334=ORIENTED_EDGE('',*,*,#754,.T.);
#335=ORIENTED_EDGE('',*,*,#755,.T.);
#336=ORIENTED_EDGE('',*,*,#756,.T.);
#337=ORIENTED_EDGE('',*,*,#757,.T.);
#338=ORIENTED_EDGE('',*,*,#758,.T.);
#339=ORIENTED_EDGE('',*,*,#759,.T.);
#340=ORIENTED_EDGE('',*,*,#760,.T.);
#341=ORIENTED_EDGE('',*,*,#761,.T.);
#342=ORIENTED_EDGE('',*,*,#762,.T.);
#343=ORIENTED_EDGE('',*,*,#763,.T.);
#344=ORIENTED_EDGE('',*,*,#764,.T.);
#345=ORIENTED_EDGE('',*,*,#765,.T.);
#346=ORIENTED_EDGE('',*,*,#766,.T.);
#347=ORIENTED_EDGE('',*,*,#767,.T.);
#348=ORIENTED_EDGE('',*,*,#768,.T.);
#349=ORIENTED_EDGE('',*,*,#769,.T.);
#350=ORIENTED_EDGE('',*,*,#770,.T.);
#351=ORIENTED_EDGE('',*,*,#771,.T.);
#352=ORIENTED_EDGE('',*,*,#772,.T.);
#353=ORIENTED_EDGE('',*,*,#773,.T.);
#354=ORIENTED_EDGE('',*,*,#774,.T.);
#355=ORIENTED_EDGE('',*,*,#775,.T.);
#356=ORIENTED_EDGE('',*,*,#776,.T.);
#357=ORIENTED_EDGE('',*,*,#777,.T.);
#358=ORIENTED_EDGE('',*,*,#778,.T.);
#359=ORIENTED_EDGE('',*,*,#779,.T.);
#360=ORIENTED_EDGE('',*,*,#780,.T.);
#361=ORIENTED_EDGE('',*,*,#781,.T.);
#362=ORIENTED_EDGE('',*,*,#720,.F.);
#363=ORIENTED_EDGE('',*,*,#717,.T.);
#364=ORIENTED_EDGE('',*,*,#722,.T.);
#365=ORIENTED_EDGE('',*,*,#782,.T.);
#366=ORIENTED_EDGE('',*,*,#776,.F.);
#367=ORIENTED_EDGE('',*,*,#783,.T.);
#368=ORIENTED_EDGE('',*,*,#740,.F.);
#369=ORIENTED_EDGE('',*,*,#784,.T.);
#370=ORIENTED_EDGE('',*,*,#729,.F.);
#371=ORIENTED_EDGE('',*,*,#785,.T.);
#372=ORIENTED_EDGE('',*,*,#774,.F.);
#373=ORIENTED_EDGE('',*,*,#786,.T.);
#374=ORIENTED_EDGE('',*,*,#780,.F.);
#375=ORIENTED_EDGE('',*,*,#787,.T.);
#376=ORIENTED_EDGE('',*,*,#788,.T.);
#377=ORIENTED_EDGE('',*,*,#735,.F.);
#378=ORIENTED_EDGE('',*,*,#789,.T.);
#379=ORIENTED_EDGE('',*,*,#790,.T.);
#380=ORIENTED_EDGE('',*,*,#742,.F.);
#381=ORIENTED_EDGE('',*,*,#791,.T.);
#382=ORIENTED_EDGE('',*,*,#778,.F.);
#383=ORIENTED_EDGE('',*,*,#792,.T.);
#384=ORIENTED_EDGE('',*,*,#737,.F.);
#385=ORIENTED_EDGE('',*,*,#793,.T.);
#386=ORIENTED_EDGE('',*,*,#794,.T.);
#387=ORIENTED_EDGE('',*,*,#795,.T.);
#388=ORIENTED_EDGE('',*,*,#796,.T.);
#389=ORIENTED_EDGE('',*,*,#797,.T.);
#390=ORIENTED_EDGE('',*,*,#727,.F.);
#391=ORIENTED_EDGE('',*,*,#798,.T.);
#392=ORIENTED_EDGE('',*,*,#794,.F.);
#393=ORIENTED_EDGE('',*,*,#799,.T.);
#394=ORIENTED_EDGE('',*,*,#731,.F.);
#395=ORIENTED_EDGE('',*,*,#725,.F.);
#396=ORIENTED_EDGE('',*,*,#800,.T.);
#397=ORIENTED_EDGE('',*,*,#733,.F.);
#398=ORIENTED_EDGE('',*,*,#801,.T.);
#399=ORIENTED_EDGE('',*,*,#796,.F.);
#400=ORIENTED_EDGE('',*,*,#802,.T.);
#401=ORIENTED_EDGE('',*,*,#723,.F.);
#402=ORIENTED_EDGE('',*,*,#716,.F.);
#403=ORIENTED_EDGE('',*,*,#739,.F.);
#404=ORIENTED_EDGE('',*,*,#718,.T.);
#405=ORIENTED_EDGE('',*,*,#719,.F.);
#406=ORIENTED_EDGE('',*,*,#698,.F.);
#407=ORIENTED_EDGE('',*,*,#726,.F.);
#408=ORIENTED_EDGE('',*,*,#734,.F.);
#409=ORIENTED_EDGE('',*,*,#713,.T.);
#410=ORIENTED_EDGE('',*,*,#681,.T.);
#411=ORIENTED_EDGE('',*,*,#803,.T.);
#412=ORIENTED_EDGE('',*,*,#804,.T.);
#413=ORIENTED_EDGE('',*,*,#805,.T.);
#414=ORIENTED_EDGE('',*,*,#806,.T.);
#415=ORIENTED_EDGE('',*,*,#807,.T.);
#416=ORIENTED_EDGE('',*,*,#808,.T.);
#417=ORIENTED_EDGE('',*,*,#809,.T.);
#418=ORIENTED_EDGE('',*,*,#810,.T.);
#419=ORIENTED_EDGE('',*,*,#811,.T.);
#420=ORIENTED_EDGE('',*,*,#812,.T.);
#421=ORIENTED_EDGE('',*,*,#813,.T.);
#422=ORIENTED_EDGE('',*,*,#814,.T.);
#423=ORIENTED_EDGE('',*,*,#815,.T.);
#424=ORIENTED_EDGE('',*,*,#816,.F.);
#425=ORIENTED_EDGE('',*,*,#690,.F.);
#426=ORIENTED_EDGE('',*,*,#782,.F.);
#427=ORIENTED_EDGE('',*,*,#721,.F.);
#428=ORIENTED_EDGE('',*,*,#689,.F.);
#429=ORIENTED_EDGE('',*,*,#817,.F.);
#430=ORIENTED_EDGE('',*,*,#818,.F.);
#431=ORIENTED_EDGE('',*,*,#819,.F.);
#432=ORIENTED_EDGE('',*,*,#820,.F.);
#433=ORIENTED_EDGE('',*,*,#821,.F.);
#434=ORIENTED_EDGE('',*,*,#686,.F.);
#435=ORIENTED_EDGE('',*,*,#691,.T.);
#436=ORIENTED_EDGE('',*,*,#816,.T.);
#437=ORIENTED_EDGE('',*,*,#704,.F.);
#438=ORIENTED_EDGE('',*,*,#822,.T.);
#439=ORIENTED_EDGE('',*,*,#823,.F.);
#440=ORIENTED_EDGE('',*,*,#824,.F.);
#441=ORIENTED_EDGE('',*,*,#825,.T.);
#442=ORIENTED_EDGE('',*,*,#705,.F.);
#443=ORIENTED_EDGE('',*,*,#701,.F.);
#444=ORIENTED_EDGE('',*,*,#826,.T.);
#445=ORIENTED_EDGE('',*,*,#827,.F.);
#446=ORIENTED_EDGE('',*,*,#828,.F.);
#447=ORIENTED_EDGE('',*,*,#829,.T.);
#448=ORIENTED_EDGE('',*,*,#702,.F.);
#449=ORIENTED_EDGE('',*,*,#703,.F.);
#450=ORIENTED_EDGE('',*,*,#829,.F.);
#451=ORIENTED_EDGE('',*,*,#830,.T.);
#452=ORIENTED_EDGE('',*,*,#822,.F.);
#453=ORIENTED_EDGE('',*,*,#707,.F.);
#454=ORIENTED_EDGE('',*,*,#831,.T.);
#455=ORIENTED_EDGE('',*,*,#832,.F.);
#456=ORIENTED_EDGE('',*,*,#833,.F.);
#457=ORIENTED_EDGE('',*,*,#834,.T.);
#458=ORIENTED_EDGE('',*,*,#708,.F.);
#459=ORIENTED_EDGE('',*,*,#710,.F.);
#460=ORIENTED_EDGE('',*,*,#835,.T.);
#461=ORIENTED_EDGE('',*,*,#836,.F.);
#462=ORIENTED_EDGE('',*,*,#837,.F.);
#463=ORIENTED_EDGE('',*,*,#838,.T.);
#464=ORIENTED_EDGE('',*,*,#711,.F.);
#465=ORIENTED_EDGE('',*,*,#693,.T.);
#466=ORIENTED_EDGE('',*,*,#836,.T.);
#467=ORIENTED_EDGE('',*,*,#839,.F.);
#468=ORIENTED_EDGE('',*,*,#833,.T.);
#469=ORIENTED_EDGE('',*,*,#803,.F.);
#470=ORIENTED_EDGE('',*,*,#684,.T.);
#471=ORIENTED_EDGE('',*,*,#687,.F.);
#472=ORIENTED_EDGE('',*,*,#821,.T.);
#473=ORIENTED_EDGE('',*,*,#840,.F.);
#474=ORIENTED_EDGE('',*,*,#841,.T.);
#475=ORIENTED_EDGE('',*,*,#804,.F.);
#476=ORIENTED_EDGE('',*,*,#685,.F.);
#477=ORIENTED_EDGE('',*,*,#842,.F.);
#478=ORIENTED_EDGE('',*,*,#837,.T.);
#479=ORIENTED_EDGE('',*,*,#692,.T.);
#480=ORIENTED_EDGE('',*,*,#806,.F.);
#481=ORIENTED_EDGE('',*,*,#843,.T.);
#482=ORIENTED_EDGE('',*,*,#844,.F.);
#483=ORIENTED_EDGE('',*,*,#845,.F.);
#484=ORIENTED_EDGE('',*,*,#846,.T.);
#485=ORIENTED_EDGE('',*,*,#807,.F.);
#486=ORIENTED_EDGE('',*,*,#820,.T.);
#487=ORIENTED_EDGE('',*,*,#844,.T.);
#488=ORIENTED_EDGE('',*,*,#847,.F.);
#489=ORIENTED_EDGE('',*,*,#840,.T.);
#490=ORIENTED_EDGE('',*,*,#809,.F.);
#491=ORIENTED_EDGE('',*,*,#848,.T.);
#492=ORIENTED_EDGE('',*,*,#849,.F.);
#493=ORIENTED_EDGE('',*,*,#850,.F.);
#494=ORIENTED_EDGE('',*,*,#851,.T.);
#495=ORIENTED_EDGE('',*,*,#810,.F.);
#496=ORIENTED_EDGE('',*,*,#819,.T.);
#497=ORIENTED_EDGE('',*,*,#849,.T.);
#498=ORIENTED_EDGE('',*,*,#852,.F.);
#499=ORIENTED_EDGE('',*,*,#845,.T.);
#500=ORIENTED_EDGE('',*,*,#812,.F.);
#501=ORIENTED_EDGE('',*,*,#853,.T.);
#502=ORIENTED_EDGE('',*,*,#854,.F.);
#503=ORIENTED_EDGE('',*,*,#855,.F.);
#504=ORIENTED_EDGE('',*,*,#856,.T.);
#505=ORIENTED_EDGE('',*,*,#813,.F.);
#506=ORIENTED_EDGE('',*,*,#818,.T.);
#507=ORIENTED_EDGE('',*,*,#854,.T.);
#508=ORIENTED_EDGE('',*,*,#857,.F.);
#509=ORIENTED_EDGE('',*,*,#850,.T.);
#510=ORIENTED_EDGE('',*,*,#815,.F.);
#511=ORIENTED_EDGE('',*,*,#858,.T.);
#512=ORIENTED_EDGE('',*,*,#859,.T.);
#513=ORIENTED_EDGE('',*,*,#688,.T.);
#514=ORIENTED_EDGE('',*,*,#860,.T.);
#515=ORIENTED_EDGE('',*,*,#861,.T.);
#516=ORIENTED_EDGE('',*,*,#699,.F.);
#517=ORIENTED_EDGE('',*,*,#859,.F.);
#518=ORIENTED_EDGE('',*,*,#862,.F.);
#519=ORIENTED_EDGE('',*,*,#855,.T.);
#520=ORIENTED_EDGE('',*,*,#817,.T.);
#521=ORIENTED_EDGE('',*,*,#860,.F.);
#522=ORIENTED_EDGE('',*,*,#696,.T.);
#523=ORIENTED_EDGE('',*,*,#827,.T.);
#524=ORIENTED_EDGE('',*,*,#863,.F.);
#525=ORIENTED_EDGE('',*,*,#695,.T.);
#526=ORIENTED_EDGE('',*,*,#823,.T.);
#527=ORIENTED_EDGE('',*,*,#830,.F.);
#528=ORIENTED_EDGE('',*,*,#828,.T.);
#529=ORIENTED_EDGE('',*,*,#694,.T.);
#530=ORIENTED_EDGE('',*,*,#832,.T.);
#531=ORIENTED_EDGE('',*,*,#864,.F.);
#532=ORIENTED_EDGE('',*,*,#824,.T.);
#533=ORIENTED_EDGE('',*,*,#706,.F.);
#534=ORIENTED_EDGE('',*,*,#825,.F.);
#535=ORIENTED_EDGE('',*,*,#864,.T.);
#536=ORIENTED_EDGE('',*,*,#831,.F.);
#537=ORIENTED_EDGE('',*,*,#709,.F.);
#538=ORIENTED_EDGE('',*,*,#834,.F.);
#539=ORIENTED_EDGE('',*,*,#839,.T.);
#540=ORIENTED_EDGE('',*,*,#835,.F.);
#541=ORIENTED_EDGE('',*,*,#682,.F.);
#542=ORIENTED_EDGE('',*,*,#712,.F.);
#543=ORIENTED_EDGE('',*,*,#838,.F.);
#544=ORIENTED_EDGE('',*,*,#842,.T.);
#545=ORIENTED_EDGE('',*,*,#805,.F.);
#546=ORIENTED_EDGE('',*,*,#841,.F.);
#547=ORIENTED_EDGE('',*,*,#847,.T.);
#548=ORIENTED_EDGE('',*,*,#843,.F.);
#549=ORIENTED_EDGE('',*,*,#808,.F.);
#550=ORIENTED_EDGE('',*,*,#846,.F.);
#551=ORIENTED_EDGE('',*,*,#852,.T.);
#552=ORIENTED_EDGE('',*,*,#848,.F.);
#553=ORIENTED_EDGE('',*,*,#811,.F.);
#554=ORIENTED_EDGE('',*,*,#851,.F.);
#555=ORIENTED_EDGE('',*,*,#857,.T.);
#556=ORIENTED_EDGE('',*,*,#853,.F.);
#557=ORIENTED_EDGE('',*,*,#814,.F.);
#558=ORIENTED_EDGE('',*,*,#856,.F.);
#559=ORIENTED_EDGE('',*,*,#862,.T.);
#560=ORIENTED_EDGE('',*,*,#858,.F.);
#561=ORIENTED_EDGE('',*,*,#700,.F.);
#562=ORIENTED_EDGE('',*,*,#861,.F.);
#563=ORIENTED_EDGE('',*,*,#863,.T.);
#564=ORIENTED_EDGE('',*,*,#826,.F.);
#565=ORIENTED_EDGE('',*,*,#865,.F.);
#566=ORIENTED_EDGE('',*,*,#775,.F.);
#567=ORIENTED_EDGE('',*,*,#866,.F.);
#568=ORIENTED_EDGE('',*,*,#753,.F.);
#569=ORIENTED_EDGE('',*,*,#866,.T.);
#570=ORIENTED_EDGE('',*,*,#785,.F.);
#571=ORIENTED_EDGE('',*,*,#867,.F.);
#572=ORIENTED_EDGE('',*,*,#754,.F.);
#573=ORIENTED_EDGE('',*,*,#865,.T.);
#574=ORIENTED_EDGE('',*,*,#752,.F.);
#575=ORIENTED_EDGE('',*,*,#868,.F.);
#576=ORIENTED_EDGE('',*,*,#783,.F.);
#577=ORIENTED_EDGE('',*,*,#867,.T.);
#578=ORIENTED_EDGE('',*,*,#728,.F.);
#579=ORIENTED_EDGE('',*,*,#869,.F.);
#580=ORIENTED_EDGE('',*,*,#755,.F.);
#581=ORIENTED_EDGE('',*,*,#868,.T.);
#582=ORIENTED_EDGE('',*,*,#751,.F.);
#583=ORIENTED_EDGE('',*,*,#870,.F.);
#584=ORIENTED_EDGE('',*,*,#741,.F.);
#585=ORIENTED_EDGE('',*,*,#869,.T.);
#586=ORIENTED_EDGE('',*,*,#797,.F.);
#587=ORIENTED_EDGE('',*,*,#871,.F.);
#588=ORIENTED_EDGE('',*,*,#756,.F.);
#589=ORIENTED_EDGE('',*,*,#870,.T.);
#590=ORIENTED_EDGE('',*,*,#750,.F.);
#591=ORIENTED_EDGE('',*,*,#872,.F.);
#592=ORIENTED_EDGE('',*,*,#791,.F.);
#593=ORIENTED_EDGE('',*,*,#871,.T.);
#594=ORIENTED_EDGE('',*,*,#801,.F.);
#595=ORIENTED_EDGE('',*,*,#873,.F.);
#596=ORIENTED_EDGE('',*,*,#757,.F.);
#597=ORIENTED_EDGE('',*,*,#872,.T.);
#598=ORIENTED_EDGE('',*,*,#749,.F.);
#599=ORIENTED_EDGE('',*,*,#874,.F.);
#600=ORIENTED_EDGE('',*,*,#779,.F.);
#601=ORIENTED_EDGE('',*,*,#873,.T.);
#602=ORIENTED_EDGE('',*,*,#732,.F.);
#603=ORIENTED_EDGE('',*,*,#875,.F.);
#604=ORIENTED_EDGE('',*,*,#758,.F.);
#605=ORIENTED_EDGE('',*,*,#874,.T.);
#606=ORIENTED_EDGE('',*,*,#748,.F.);
#607=ORIENTED_EDGE('',*,*,#747,.F.);
#608=ORIENTED_EDGE('',*,*,#876,.F.);
#609=ORIENTED_EDGE('',*,*,#788,.F.);
#610=ORIENTED_EDGE('',*,*,#787,.F.);
#611=ORIENTED_EDGE('',*,*,#875,.T.);
#612=ORIENTED_EDGE('',*,*,#799,.F.);
#613=ORIENTED_EDGE('',*,*,#877,.F.);
#614=ORIENTED_EDGE('',*,*,#744,.F.);
#615=ORIENTED_EDGE('',*,*,#876,.T.);
#616=ORIENTED_EDGE('',*,*,#746,.F.);
#617=ORIENTED_EDGE('',*,*,#878,.F.);
#618=ORIENTED_EDGE('',*,*,#736,.F.);
#619=ORIENTED_EDGE('',*,*,#877,.T.);
#620=ORIENTED_EDGE('',*,*,#793,.F.);
#621=ORIENTED_EDGE('',*,*,#878,.T.);
#622=ORIENTED_EDGE('',*,*,#745,.F.);
#623=ORIENTED_EDGE('',*,*,#879,.F.);
#624=ORIENTED_EDGE('',*,*,#777,.F.);
#625=ORIENTED_EDGE('',*,*,#880,.F.);
#626=ORIENTED_EDGE('',*,*,#767,.F.);
#627=ORIENTED_EDGE('',*,*,#880,.T.);
#628=ORIENTED_EDGE('',*,*,#784,.F.);
#629=ORIENTED_EDGE('',*,*,#881,.F.);
#630=ORIENTED_EDGE('',*,*,#768,.F.);
#631=ORIENTED_EDGE('',*,*,#879,.T.);
#632=ORIENTED_EDGE('',*,*,#766,.F.);
#633=ORIENTED_EDGE('',*,*,#882,.F.);
#634=ORIENTED_EDGE('',*,*,#786,.F.);
#635=ORIENTED_EDGE('',*,*,#881,.T.);
#636=ORIENTED_EDGE('',*,*,#743,.F.);
#637=ORIENTED_EDGE('',*,*,#883,.F.);
#638=ORIENTED_EDGE('',*,*,#769,.F.);
#639=ORIENTED_EDGE('',*,*,#882,.T.);
#640=ORIENTED_EDGE('',*,*,#765,.F.);
#641=ORIENTED_EDGE('',*,*,#884,.F.);
#642=ORIENTED_EDGE('',*,*,#730,.F.);
#643=ORIENTED_EDGE('',*,*,#883,.T.);
#644=ORIENTED_EDGE('',*,*,#792,.F.);
#645=ORIENTED_EDGE('',*,*,#885,.F.);
#646=ORIENTED_EDGE('',*,*,#770,.F.);
#647=ORIENTED_EDGE('',*,*,#884,.T.);
#648=ORIENTED_EDGE('',*,*,#764,.F.);
#649=ORIENTED_EDGE('',*,*,#886,.F.);
#650=ORIENTED_EDGE('',*,*,#798,.F.);
#651=ORIENTED_EDGE('',*,*,#885,.T.);
#652=ORIENTED_EDGE('',*,*,#781,.F.);
#653=ORIENTED_EDGE('',*,*,#887,.F.);
#654=ORIENTED_EDGE('',*,*,#771,.F.);
#655=ORIENTED_EDGE('',*,*,#886,.T.);
#656=ORIENTED_EDGE('',*,*,#763,.F.);
#657=ORIENTED_EDGE('',*,*,#888,.F.);
#658=ORIENTED_EDGE('',*,*,#802,.F.);
#659=ORIENTED_EDGE('',*,*,#887,.T.);
#660=ORIENTED_EDGE('',*,*,#790,.F.);
#661=ORIENTED_EDGE('',*,*,#789,.F.);
#662=ORIENTED_EDGE('',*,*,#889,.F.);
#663=ORIENTED_EDGE('',*,*,#773,.F.);
#664=ORIENTED_EDGE('',*,*,#772,.F.);
#665=ORIENTED_EDGE('',*,*,#888,.T.);
#666=ORIENTED_EDGE('',*,*,#762,.F.);
#667=ORIENTED_EDGE('',*,*,#890,.F.);
#668=ORIENTED_EDGE('',*,*,#724,.F.);
#669=ORIENTED_EDGE('',*,*,#889,.T.);
#670=ORIENTED_EDGE('',*,*,#738,.F.);
#671=ORIENTED_EDGE('',*,*,#891,.F.);
#672=ORIENTED_EDGE('',*,*,#759,.F.);
#673=ORIENTED_EDGE('',*,*,#890,.T.);
#674=ORIENTED_EDGE('',*,*,#761,.F.);
#675=ORIENTED_EDGE('',*,*,#892,.F.);
#676=ORIENTED_EDGE('',*,*,#800,.F.);
#677=ORIENTED_EDGE('',*,*,#891,.T.);
#678=ORIENTED_EDGE('',*,*,#795,.F.);
#679=ORIENTED_EDGE('',*,*,#892,.T.);
#680=ORIENTED_EDGE('',*,*,#760,.F.);
#681=EDGE_CURVE('',#893,#894,#1024,.T.);
#682=EDGE_CURVE('',#893,#895,#250,.T.);
#683=EDGE_CURVE('',#895,#896,#185,.T.);
#684=EDGE_CURVE('',#894,#896,#37,.F.);
#685=EDGE_CURVE('',#895,#897,#186,.T.);
#686=EDGE_CURVE('',#897,#898,#187,.T.);
#687=EDGE_CURVE('',#898,#896,#188,.T.);
#688=EDGE_CURVE('',#899,#900,#189,.T.);
#689=EDGE_CURVE('',#899,#901,#251,.T.);
#690=EDGE_CURVE('',#901,#902,#1025,.T.);
#691=EDGE_CURVE('',#897,#902,#252,.T.);
#692=EDGE_CURVE('',#903,#897,#190,.T.);
#693=EDGE_CURVE('',#904,#903,#191,.T.);
#694=EDGE_CURVE('',#905,#904,#192,.T.);
#695=EDGE_CURVE('',#906,#905,#193,.T.);
#696=EDGE_CURVE('',#900,#906,#194,.T.);
#697=EDGE_CURVE('',#907,#908,#1026,.T.);
#698=EDGE_CURVE('',#907,#909,#253,.T.);
#699=EDGE_CURVE('',#909,#910,#195,.F.);
#700=EDGE_CURVE('',#910,#911,#1027,.T.);
#701=EDGE_CURVE('',#911,#912,#196,.T.);
#702=EDGE_CURVE('',#912,#913,#197,.T.);
#703=EDGE_CURVE('',#913,#914,#1028,.T.);
#704=EDGE_CURVE('',#914,#915,#198,.T.);
#705=EDGE_CURVE('',#915,#916,#199,.F.);
#706=EDGE_CURVE('',#916,#917,#1029,.T.);
#707=EDGE_CURVE('',#917,#918,#200,.T.);
#708=EDGE_CURVE('',#918,#919,#201,.T.);
#709=EDGE_CURVE('',#919,#920,#1030,.T.);
#710=EDGE_CURVE('',#920,#921,#202,.T.);
#711=EDGE_CURVE('',#921,#922,#203,.F.);
#712=EDGE_CURVE('',#922,#893,#1031,.T.);
#713=EDGE_CURVE('',#923,#893,#254,.T.);
#714=EDGE_CURVE('',#908,#923,#1032,.T.);
#715=EDGE_CURVE('',#924,#925,#204,.F.);
#716=EDGE_CURVE('',#924,#926,#205,.T.);
#717=EDGE_CURVE('',#927,#926,#206,.F.);
#718=EDGE_CURVE('',#925,#927,#207,.T.);
#719=EDGE_CURVE('',#926,#927,#208,.T.);
#720=EDGE_CURVE('',#927,#928,#255,.T.);
#721=EDGE_CURVE('',#928,#929,#1033,.F.);
#722=EDGE_CURVE('',#926,#929,#256,.T.);
#723=EDGE_CURVE('',#908,#930,#38,.F.);
#724=EDGE_CURVE('',#930,#931,#39,.T.);
#725=EDGE_CURVE('',#931,#932,#40,.T.);
#726=EDGE_CURVE('',#932,#907,#1034,.T.);
#727=EDGE_CURVE('',#933,#934,#41,.F.);
#728=EDGE_CURVE('',#934,#935,#1035,.F.);
#729=EDGE_CURVE('',#935,#936,#42,.T.);
#730=EDGE_CURVE('',#936,#933,#1036,.T.);
#731=EDGE_CURVE('',#932,#937,#43,.T.);
#732=EDGE_CURVE('',#937,#938,#44,.T.);
#733=EDGE_CURVE('',#938,#908,#45,.F.);
#734=EDGE_CURVE('',#923,#932,#1037,.T.);
#735=EDGE_CURVE('',#939,#940,#46,.F.);
#736=EDGE_CURVE('',#940,#941,#1038,.F.);
#737=EDGE_CURVE('',#941,#942,#47,.T.);
#738=EDGE_CURVE('',#942,#939,#1039,.T.);
#739=EDGE_CURVE('',#925,#924,#209,.T.);
#740=EDGE_CURVE('',#943,#944,#48,.F.);
#741=EDGE_CURVE('',#944,#945,#1040,.T.);
#742=EDGE_CURVE('',#945,#946,#49,.T.);
#743=EDGE_CURVE('',#946,#943,#1041,.F.);
#744=EDGE_CURVE('',#947,#948,#1042,.T.);
#745=EDGE_CURVE('',#948,#949,#1043,.F.);
#746=EDGE_CURVE('',#949,#950,#1044,.T.);
#747=EDGE_CURVE('',#950,#951,#1045,.T.);
#748=EDGE_CURVE('',#951,#952,#1046,.T.);
#749=EDGE_CURVE('',#952,#953,#50,.T.);
#750=EDGE_CURVE('',#953,#954,#1047,.T.);
#751=EDGE_CURVE('',#954,#955,#1048,.F.);
#752=EDGE_CURVE('',#955,#956,#1049,.T.);
#753=EDGE_CURVE('',#956,#957,#51,.T.);
#754=EDGE_CURVE('',#957,#958,#1050,.T.);
#755=EDGE_CURVE('',#958,#959,#1051,.T.);
#756=EDGE_CURVE('',#959,#960,#1052,.F.);
#757=EDGE_CURVE('',#960,#961,#1053,.T.);
#758=EDGE_CURVE('',#961,#947,#52,.T.);
#759=EDGE_CURVE('',#962,#963,#1054,.F.);
#760=EDGE_CURVE('',#963,#964,#1055,.T.);
#761=EDGE_CURVE('',#964,#965,#1056,.F.);
#762=EDGE_CURVE('',#965,#966,#53,.T.);
#763=EDGE_CURVE('',#966,#967,#1057,.F.);
#764=EDGE_CURVE('',#967,#968,#1058,.T.);
#765=EDGE_CURVE('',#968,#969,#1059,.F.);
#766=EDGE_CURVE('',#969,#970,#1060,.F.);
#767=EDGE_CURVE('',#970,#971,#54,.T.);
#768=EDGE_CURVE('',#971,#972,#1061,.F.);
#769=EDGE_CURVE('',#972,#973,#1062,.T.);
#770=EDGE_CURVE('',#973,#974,#1063,.F.);
#771=EDGE_CURVE('',#974,#975,#55,.T.);
#772=EDGE_CURVE('',#975,#976,#1064,.F.);
#773=EDGE_CURVE('',#976,#962,#1065,.F.);
#774=EDGE_CURVE('',#977,#978,#56,.F.);
#775=EDGE_CURVE('',#978,#979,#57,.T.);
#776=EDGE_CURVE('',#979,#980,#58,.F.);
#777=EDGE_CURVE('',#980,#977,#59,.T.);
#778=EDGE_CURVE('',#981,#982,#60,.F.);
#779=EDGE_CURVE('',#982,#983,#61,.T.);
#780=EDGE_CURVE('',#983,#984,#62,.F.);
#781=EDGE_CURVE('',#984,#981,#63,.T.);
#782=EDGE_CURVE('',#929,#928,#1066,.F.);
#783=EDGE_CURVE('',#979,#944,#1067,.F.);
#784=EDGE_CURVE('',#943,#980,#1068,.T.);
#785=EDGE_CURVE('',#935,#978,#1069,.F.);
#786=EDGE_CURVE('',#977,#936,#1070,.T.);
#787=EDGE_CURVE('',#983,#985,#1071,.F.);
#788=EDGE_CURVE('',#985,#940,#1072,.F.);
#789=EDGE_CURVE('',#939,#986,#1073,.T.);
#790=EDGE_CURVE('',#986,#984,#1074,.T.);
#791=EDGE_CURVE('',#945,#982,#1075,.F.);
#792=EDGE_CURVE('',#981,#946,#1076,.T.);
#793=EDGE_CURVE('',#941,#987,#1077,.T.);
#794=EDGE_CURVE('',#987,#988,#64,.T.);
#795=EDGE_CURVE('',#988,#942,#1078,.F.);
#796=EDGE_CURVE('',#989,#990,#65,.F.);
#797=EDGE_CURVE('',#990,#934,#1079,.T.);
#798=EDGE_CURVE('',#933,#989,#1080,.F.);
#799=EDGE_CURVE('',#987,#937,#1081,.F.);
#800=EDGE_CURVE('',#931,#988,#1082,.T.);
#801=EDGE_CURVE('',#938,#990,#1083,.F.);
#802=EDGE_CURVE('',#989,#930,#1084,.T.);
#803=EDGE_CURVE('',#894,#991,#210,.T.);
#804=EDGE_CURVE('',#991,#992,#211,.T.);
#805=EDGE_CURVE('',#992,#993,#1085,.T.);
#806=EDGE_CURVE('',#993,#994,#212,.T.);
#807=EDGE_CURVE('',#994,#995,#213,.T.);
#808=EDGE_CURVE('',#995,#996,#1086,.T.);
#809=EDGE_CURVE('',#996,#997,#214,.T.);
#810=EDGE_CURVE('',#997,#998,#215,.F.);
#811=EDGE_CURVE('',#998,#999,#1087,.T.);
#812=EDGE_CURVE('',#999,#1000,#216,.T.);
#813=EDGE_CURVE('',#1000,#1001,#217,.T.);
#814=EDGE_CURVE('',#1001,#1002,#1088,.T.);
#815=EDGE_CURVE('',#1002,#909,#218,.T.);
#816=EDGE_CURVE('',#902,#901,#1089,.T.);
#817=EDGE_CURVE('',#1003,#899,#219,.T.);
#818=EDGE_CURVE('',#1004,#1003,#220,.T.);
#819=EDGE_CURVE('',#1005,#1004,#221,.T.);
#820=EDGE_CURVE('',#1006,#1005,#222,.T.);
#821=EDGE_CURVE('',#898,#1006,#223,.T.);
#822=EDGE_CURVE('',#914,#1007,#66,.F.);
#823=EDGE_CURVE('',#905,#1007,#224,.T.);
#824=EDGE_CURVE('',#1008,#905,#225,.T.);
#825=EDGE_CURVE('',#1008,#916,#67,.T.);
#826=EDGE_CURVE('',#911,#1009,#68,.F.);
#827=EDGE_CURVE('',#906,#1009,#226,.T.);
#828=EDGE_CURVE('',#1010,#906,#227,.T.);
#829=EDGE_CURVE('',#1010,#913,#69,.T.);
#830=EDGE_CURVE('',#1010,#1007,#228,.T.);
#831=EDGE_CURVE('',#917,#1011,#70,.F.);
#832=EDGE_CURVE('',#904,#1011,#229,.T.);
#833=EDGE_CURVE('',#1012,#904,#230,.T.);
#834=EDGE_CURVE('',#1012,#919,#71,.T.);
#835=EDGE_CURVE('',#920,#1013,#72,.F.);
#836=EDGE_CURVE('',#903,#1013,#231,.T.);
#837=EDGE_CURVE('',#1014,#903,#232,.T.);
#838=EDGE_CURVE('',#1014,#922,#73,.T.);
#839=EDGE_CURVE('',#1012,#1013,#233,.F.);
#840=EDGE_CURVE('',#1015,#1006,#234,.T.);
#841=EDGE_CURVE('',#1015,#992,#74,.T.);
#842=EDGE_CURVE('',#1014,#895,#235,.F.);
#843=EDGE_CURVE('',#993,#1016,#75,.F.);
#844=EDGE_CURVE('',#1005,#1016,#236,.T.);
#845=EDGE_CURVE('',#1017,#1005,#237,.T.);
#846=EDGE_CURVE('',#1017,#995,#76,.T.);
#847=EDGE_CURVE('',#1015,#1016,#238,.F.);
#848=EDGE_CURVE('',#996,#1018,#77,.F.);
#849=EDGE_CURVE('',#1004,#1018,#239,.T.);
#850=EDGE_CURVE('',#1019,#1004,#240,.T.);
#851=EDGE_CURVE('',#1019,#998,#78,.T.);
#852=EDGE_CURVE('',#1017,#1018,#241,.F.);
#853=EDGE_CURVE('',#999,#1020,#79,.F.);
#854=EDGE_CURVE('',#1003,#1020,#242,.T.);
#855=EDGE_CURVE('',#1021,#1003,#243,.T.);
#856=EDGE_CURVE('',#1021,#1001,#80,.T.);
#857=EDGE_CURVE('',#1019,#1020,#244,.F.);
#858=EDGE_CURVE('',#1002,#1022,#81,.F.);
#859=EDGE_CURVE('',#1022,#899,#245,.T.);
#860=EDGE_CURVE('',#900,#1023,#246,.T.);
#861=EDGE_CURVE('',#1023,#910,#82,.T.);
#862=EDGE_CURVE('',#1021,#1022,#247,.F.);
#863=EDGE_CURVE('',#1023,#1009,#248,.F.);
#864=EDGE_CURVE('',#1008,#1011,#249,.F.);
#865=EDGE_CURVE('',#979,#956,#83,.T.);
#866=EDGE_CURVE('',#957,#978,#84,.T.);
#867=EDGE_CURVE('',#958,#935,#85,.T.);
#868=EDGE_CURVE('',#944,#955,#86,.T.);
#869=EDGE_CURVE('',#959,#934,#87,.T.);
#870=EDGE_CURVE('',#945,#954,#88,.T.);
#871=EDGE_CURVE('',#960,#990,#89,.T.);
#872=EDGE_CURVE('',#982,#953,#90,.T.);
#873=EDGE_CURVE('',#961,#938,#91,.T.);
#874=EDGE_CURVE('',#983,#952,#92,.T.);
#875=EDGE_CURVE('',#947,#937,#93,.T.);
#876=EDGE_CURVE('',#940,#950,#94,.T.);
#877=EDGE_CURVE('',#948,#987,#95,.T.);
#878=EDGE_CURVE('',#941,#949,#96,.T.);
#879=EDGE_CURVE('',#977,#970,#97,.T.);
#880=EDGE_CURVE('',#971,#980,#98,.T.);
#881=EDGE_CURVE('',#972,#943,#99,.T.);
#882=EDGE_CURVE('',#936,#969,#100,.T.);
#883=EDGE_CURVE('',#973,#946,#101,.T.);
#884=EDGE_CURVE('',#933,#968,#102,.T.);
#885=EDGE_CURVE('',#974,#981,#103,.T.);
#886=EDGE_CURVE('',#989,#967,#104,.T.);
#887=EDGE_CURVE('',#975,#984,#105,.T.);
#888=EDGE_CURVE('',#930,#966,#106,.T.);
#889=EDGE_CURVE('',#962,#939,#107,.T.);
#890=EDGE_CURVE('',#931,#965,#108,.T.);
#891=EDGE_CURVE('',#963,#942,#109,.T.);
#892=EDGE_CURVE('',#988,#964,#110,.T.);
#893=VERTEX_POINT('',#1698);
#894=VERTEX_POINT('',#1699);
#895=VERTEX_POINT('',#1702);
#896=VERTEX_POINT('',#1707);
#897=VERTEX_POINT('',#1728);
#898=VERTEX_POINT('',#1733);
#899=VERTEX_POINT('',#1751);
#900=VERTEX_POINT('',#1752);
#901=VERTEX_POINT('',#1755);
#902=VERTEX_POINT('',#1757);
#903=VERTEX_POINT('',#1764);
#904=VERTEX_POINT('',#1769);
#905=VERTEX_POINT('',#1774);
#906=VERTEX_POINT('',#1779);
#907=VERTEX_POINT('',#1801);
#908=VERTEX_POINT('',#1802);
#909=VERTEX_POINT('',#1807);
#910=VERTEX_POINT('',#1813);
#911=VERTEX_POINT('',#1815);
#912=VERTEX_POINT('',#1821);
#913=VERTEX_POINT('',#1827);
#914=VERTEX_POINT('',#1829);
#915=VERTEX_POINT('',#1835);
#916=VERTEX_POINT('',#1841);
#917=VERTEX_POINT('',#1843);
#918=VERTEX_POINT('',#1849);
#919=VERTEX_POINT('',#1855);
#920=VERTEX_POINT('',#1857);
#921=VERTEX_POINT('',#1863);
#922=VERTEX_POINT('',#1869);
#923=VERTEX_POINT('',#1875);
#924=VERTEX_POINT('',#1956);
#925=VERTEX_POINT('',#1957);
#926=VERTEX_POINT('',#1960);
#927=VERTEX_POINT('',#1972);
#928=VERTEX_POINT('',#2056);
#929=VERTEX_POINT('',#2058);
#930=VERTEX_POINT('',#2066);
#931=VERTEX_POINT('',#2068);
#932=VERTEX_POINT('',#2070);
#933=VERTEX_POINT('',#2081);
#934=VERTEX_POINT('',#2082);
#935=VERTEX_POINT('',#2084);
#936=VERTEX_POINT('',#2086);
#937=VERTEX_POINT('',#2093);
#938=VERTEX_POINT('',#2095);
#939=VERTEX_POINT('',#2107);
#940=VERTEX_POINT('',#2108);
#941=VERTEX_POINT('',#2110);
#942=VERTEX_POINT('',#2112);
#943=VERTEX_POINT('',#2134);
#944=VERTEX_POINT('',#2135);
#945=VERTEX_POINT('',#2137);
#946=VERTEX_POINT('',#2139);
#947=VERTEX_POINT('',#2146);
#948=VERTEX_POINT('',#2147);
#949=VERTEX_POINT('',#2149);
#950=VERTEX_POINT('',#2151);
#951=VERTEX_POINT('',#2153);
#952=VERTEX_POINT('',#2155);
#953=VERTEX_POINT('',#2157);
#954=VERTEX_POINT('',#2159);
#955=VERTEX_POINT('',#2161);
#956=VERTEX_POINT('',#2163);
#957=VERTEX_POINT('',#2165);
#958=VERTEX_POINT('',#2167);
#959=VERTEX_POINT('',#2169);
#960=VERTEX_POINT('',#2171);
#961=VERTEX_POINT('',#2173);
#962=VERTEX_POINT('',#2180);
#963=VERTEX_POINT('',#2181);
#964=VERTEX_POINT('',#2183);
#965=VERTEX_POINT('',#2185);
#966=VERTEX_POINT('',#2187);
#967=VERTEX_POINT('',#2189);
#968=VERTEX_POINT('',#2191);
#969=VERTEX_POINT('',#2193);
#970=VERTEX_POINT('',#2195);
#971=VERTEX_POINT('',#2197);
#972=VERTEX_POINT('',#2199);
#973=VERTEX_POINT('',#2201);
#974=VERTEX_POINT('',#2203);
#975=VERTEX_POINT('',#2205);
#976=VERTEX_POINT('',#2207);
#977=VERTEX_POINT('',#2214);
#978=VERTEX_POINT('',#2215);
#979=VERTEX_POINT('',#2217);
#980=VERTEX_POINT('',#2219);
#981=VERTEX_POINT('',#2226);
#982=VERTEX_POINT('',#2227);
#983=VERTEX_POINT('',#2229);
#984=VERTEX_POINT('',#2231);
#985=VERTEX_POINT('',#2271);
#986=VERTEX_POINT('',#2274);
#987=VERTEX_POINT('',#2295);
#988=VERTEX_POINT('',#2297);
#989=VERTEX_POINT('',#2308);
#990=VERTEX_POINT('',#2309);
#991=VERTEX_POINT('',#2425);
#992=VERTEX_POINT('',#2431);
#993=VERTEX_POINT('',#2433);
#994=VERTEX_POINT('',#2439);
#995=VERTEX_POINT('',#2445);
#996=VERTEX_POINT('',#2447);
#997=VERTEX_POINT('',#2453);
#998=VERTEX_POINT('',#2459);
#999=VERTEX_POINT('',#2461);
#1000=VERTEX_POINT('',#2467);
#1001=VERTEX_POINT('',#2473);
#1002=VERTEX_POINT('',#2475);
#1003=VERTEX_POINT('',#2504);
#1004=VERTEX_POINT('',#2509);
#1005=VERTEX_POINT('',#2514);
#1006=VERTEX_POINT('',#2519);
#1007=VERTEX_POINT('',#2539);
#1008=VERTEX_POINT('',#2550);
#1009=VERTEX_POINT('',#2567);
#1010=VERTEX_POINT('',#2578);
#1011=VERTEX_POINT('',#2611);
#1012=VERTEX_POINT('',#2622);
#1013=VERTEX_POINT('',#2639);
#1014=VERTEX_POINT('',#2650);
#1015=VERTEX_POINT('',#2707);
#1016=VERTEX_POINT('',#2752);
#1017=VERTEX_POINT('',#2763);
#1018=VERTEX_POINT('',#2832);
#1019=VERTEX_POINT('',#2843);
#1020=VERTEX_POINT('',#2918);
#1021=VERTEX_POINT('',#2929);
#1022=VERTEX_POINT('',#2993);
#1023=VERTEX_POINT('',#3004);
#1024=CIRCLE('',#1414,10.);
#1025=CIRCLE('',#1415,9.);
#1026=CIRCLE('',#1416,10.5726353863185);
#1027=CIRCLE('',#1417,10.);
#1028=CIRCLE('',#1418,10.);
#1029=CIRCLE('',#1419,10.);
#1030=CIRCLE('',#1420,10.);
#1031=CIRCLE('',#1421,10.);
#1032=CIRCLE('',#1422,10.5726353863185);
#1033=CIRCLE('',#1423,8.);
#1034=CIRCLE('',#1424,10.5726353863185);
#1035=CIRCLE('',#1425,100.833333333333);
#1036=CIRCLE('',#1426,100.833333333333);
#1037=CIRCLE('',#1427,10.5726353863185);
#1038=CIRCLE('',#1428,100.833333333333);
#1039=CIRCLE('',#1429,100.833333333333);
#1040=CIRCLE('',#1430,90.8333333333334);
#1041=CIRCLE('',#1431,90.8333333333334);
#1042=CIRCLE('',#1432,1.);
#1043=CIRCLE('',#1433,27.);
#1044=CIRCLE('',#1434,99.8333333333334);
#1045=CIRCLE('',#1435,1.);
#1046=CIRCLE('',#1436,1.);
#1047=CIRCLE('',#1437,1.);
#1048=CIRCLE('',#1438,91.8333333333334);
#1049=CIRCLE('',#1439,1.);
#1050=CIRCLE('',#1440,1.);
#1051=CIRCLE('',#1441,99.8333333333334);
#1052=CIRCLE('',#1442,27.);
#1053=CIRCLE('',#1443,1.);
#1054=CIRCLE('',#1444,99.8333333333334);
#1055=CIRCLE('',#1445,27.);
#1056=CIRCLE('',#1446,1.);
#1057=CIRCLE('',#1447,1.);
#1058=CIRCLE('',#1448,27.);
#1059=CIRCLE('',#1449,99.8333333333334);
#1060=CIRCLE('',#1450,1.);
#1061=CIRCLE('',#1451,1.);
#1062=CIRCLE('',#1452,91.8333333333334);
#1063=CIRCLE('',#1453,1.);
#1064=CIRCLE('',#1454,1.);
#1065=CIRCLE('',#1455,1.);
#1066=CIRCLE('',#1456,8.);
#1067=CIRCLE('',#1457,2.);
#1068=CIRCLE('',#1458,2.);
#1069=CIRCLE('',#1459,2.);
#1070=CIRCLE('',#1460,2.);
#1071=CIRCLE('',#1461,2.);
#1072=CIRCLE('',#1462,2.);
#1073=CIRCLE('',#1463,2.);
#1074=CIRCLE('',#1464,2.);
#1075=CIRCLE('',#1465,2.);
#1076=CIRCLE('',#1466,2.);
#1077=CIRCLE('',#1467,26.);
#1078=CIRCLE('',#1468,26.);
#1079=CIRCLE('',#1469,26.);
#1080=CIRCLE('',#1470,26.);
#1081=CIRCLE('',#1471,2.);
#1082=CIRCLE('',#1472,2.);
#1083=CIRCLE('',#1473,2.);
#1084=CIRCLE('',#1474,2.);
#1085=CIRCLE('',#1475,10.);
#1086=CIRCLE('',#1476,10.);
#1087=CIRCLE('',#1477,10.);
#1088=CIRCLE('',#1478,10.);
#1089=CIRCLE('',#1479,9.);
#1090=EDGE_LOOP('',(#257,#258,#259,#260));
#1091=EDGE_LOOP('',(#261,#262,#263,#264));
#1092=EDGE_LOOP('',(#265,#266,#267,#268,#269,#270,#271,#272,#273));
#1093=EDGE_LOOP('',(#274,#275,#276,#277,#278,#279,#280,#281,#282,#283,#284,
#285,#286,#287,#288,#289,#290,#291));
#1094=EDGE_LOOP('',(#292,#293,#294,#295));
#1095=EDGE_LOOP('',(#296,#297,#298,#299));
#1096=EDGE_LOOP('',(#300,#301,#302,#303,#304));
#1097=EDGE_LOOP('',(#305,#306,#307,#308));
#1098=EDGE_LOOP('',(#309,#310,#311,#312,#313));
#1099=EDGE_LOOP('',(#314,#315,#316,#317));
#1100=EDGE_LOOP('',(#318,#319));
#1101=EDGE_LOOP('',(#320,#321,#322,#323));
#1102=EDGE_LOOP('',(#324,#325,#326,#327,#328,#329,#330,#331,#332,#333,#334,
#335,#336,#337,#338));
#1103=EDGE_LOOP('',(#339,#340,#341,#342,#343,#344,#345,#346,#347,#348,#349,
#350,#351,#352,#353));
#1104=EDGE_LOOP('',(#354,#355,#356,#357));
#1105=EDGE_LOOP('',(#358,#359,#360,#361));
#1106=EDGE_LOOP('',(#362,#363,#364,#365));
#1107=EDGE_LOOP('',(#366,#367,#368,#369));
#1108=EDGE_LOOP('',(#370,#371,#372,#373));
#1109=EDGE_LOOP('',(#374,#375,#376,#377,#378,#379));
#1110=EDGE_LOOP('',(#380,#381,#382,#383));
#1111=EDGE_LOOP('',(#384,#385,#386,#387));
#1112=EDGE_LOOP('',(#388,#389,#390,#391));
#1113=EDGE_LOOP('',(#392,#393,#394,#395,#396));
#1114=EDGE_LOOP('',(#397,#398,#399,#400,#401));
#1115=EDGE_LOOP('',(#402,#403,#404,#405));
#1116=EDGE_LOOP('',(#406,#407,#408,#409,#410,#411,#412,#413,#414,#415,#416,
#417,#418,#419,#420,#421,#422,#423));
#1117=EDGE_LOOP('',(#424,#425));
#1118=EDGE_LOOP('',(#426,#427));
#1119=EDGE_LOOP('',(#428,#429,#430,#431,#432,#433,#434,#435,#436));
#1120=EDGE_LOOP('',(#437,#438,#439,#440,#441,#442));
#1121=EDGE_LOOP('',(#443,#444,#445,#446,#447,#448));
#1122=EDGE_LOOP('',(#449,#450,#451,#452));
#1123=EDGE_LOOP('',(#453,#454,#455,#456,#457,#458));
#1124=EDGE_LOOP('',(#459,#460,#461,#462,#463,#464));
#1125=EDGE_LOOP('',(#465,#466,#467,#468));
#1126=EDGE_LOOP('',(#469,#470,#471,#472,#473,#474,#475));
#1127=EDGE_LOOP('',(#476,#477,#478,#479));
#1128=EDGE_LOOP('',(#480,#481,#482,#483,#484,#485));
#1129=EDGE_LOOP('',(#486,#487,#488,#489));
#1130=EDGE_LOOP('',(#490,#491,#492,#493,#494,#495));
#1131=EDGE_LOOP('',(#496,#497,#498,#499));
#1132=EDGE_LOOP('',(#500,#501,#502,#503,#504,#505));
#1133=EDGE_LOOP('',(#506,#507,#508,#509));
#1134=EDGE_LOOP('',(#510,#511,#512,#513,#514,#515,#516));
#1135=EDGE_LOOP('',(#517,#518,#519,#520));
#1136=EDGE_LOOP('',(#521,#522,#523,#524));
#1137=EDGE_LOOP('',(#525,#526,#527,#528));
#1138=EDGE_LOOP('',(#529,#530,#531,#532));
#1139=EDGE_LOOP('',(#533,#534,#535,#536));
#1140=EDGE_LOOP('',(#537,#538,#539,#540));
#1141=EDGE_LOOP('',(#541,#542,#543,#544));
#1142=EDGE_LOOP('',(#545,#546,#547,#548));
#1143=EDGE_LOOP('',(#549,#550,#551,#552));
#1144=EDGE_LOOP('',(#553,#554,#555,#556));
#1145=EDGE_LOOP('',(#557,#558,#559,#560));
#1146=EDGE_LOOP('',(#561,#562,#563,#564));
#1147=EDGE_LOOP('',(#565,#566,#567,#568));
#1148=EDGE_LOOP('',(#569,#570,#571,#572));
#1149=EDGE_LOOP('',(#573,#574,#575,#576));
#1150=EDGE_LOOP('',(#577,#578,#579,#580));
#1151=EDGE_LOOP('',(#581,#582,#583,#584));
#1152=EDGE_LOOP('',(#585,#586,#587,#588));
#1153=EDGE_LOOP('',(#589,#590,#591,#592));
#1154=EDGE_LOOP('',(#593,#594,#595,#596));
#1155=EDGE_LOOP('',(#597,#598,#599,#600));
#1156=EDGE_LOOP('',(#601,#602,#603,#604));
#1157=EDGE_LOOP('',(#605,#606,#607,#608,#609,#610));
#1158=EDGE_LOOP('',(#611,#612,#613,#614));
#1159=EDGE_LOOP('',(#615,#616,#617,#618));
#1160=EDGE_LOOP('',(#619,#620,#621,#622));
#1161=EDGE_LOOP('',(#623,#624,#625,#626));
#1162=EDGE_LOOP('',(#627,#628,#629,#630));
#1163=EDGE_LOOP('',(#631,#632,#633,#634));
#1164=EDGE_LOOP('',(#635,#636,#637,#638));
#1165=EDGE_LOOP('',(#639,#640,#641,#642));
#1166=EDGE_LOOP('',(#643,#644,#645,#646));
#1167=EDGE_LOOP('',(#647,#648,#649,#650));
#1168=EDGE_LOOP('',(#651,#652,#653,#654));
#1169=EDGE_LOOP('',(#655,#656,#657,#658));
#1170=EDGE_LOOP('',(#659,#660,#661,#662,#663,#664));
#1171=EDGE_LOOP('',(#665,#666,#667,#668));
#1172=EDGE_LOOP('',(#669,#670,#671,#672));
#1173=EDGE_LOOP('',(#673,#674,#675,#676));
#1174=EDGE_LOOP('',(#677,#678,#679,#680));
#1175=FACE_BOUND('',#1090,.T.);
#1176=FACE_BOUND('',#1091,.T.);
#1177=FACE_BOUND('',#1092,.T.);
#1178=FACE_BOUND('',#1093,.T.);
#1179=FACE_BOUND('',#1094,.T.);
#1180=FACE_BOUND('',#1095,.T.);
#1181=FACE_BOUND('',#1096,.T.);
#1182=FACE_BOUND('',#1097,.T.);
#1183=FACE_BOUND('',#1098,.T.);
#1184=FACE_BOUND('',#1099,.T.);
#1185=FACE_BOUND('',#1100,.T.);
#1186=FACE_BOUND('',#1101,.T.);
#1187=FACE_BOUND('',#1102,.T.);
#1188=FACE_BOUND('',#1103,.T.);
#1189=FACE_BOUND('',#1104,.T.);
#1190=FACE_BOUND('',#1105,.T.);
#1191=FACE_BOUND('',#1106,.T.);
#1192=FACE_BOUND('',#1107,.T.);
#1193=FACE_BOUND('',#1108,.T.);
#1194=FACE_BOUND('',#1109,.T.);
#1195=FACE_BOUND('',#1110,.T.);
#1196=FACE_BOUND('',#1111,.T.);
#1197=FACE_BOUND('',#1112,.T.);
#1198=FACE_BOUND('',#1113,.T.);
#1199=FACE_BOUND('',#1114,.T.);
#1200=FACE_BOUND('',#1115,.T.);
#1201=FACE_BOUND('',#1116,.T.);
#1202=FACE_BOUND('',#1117,.T.);
#1203=FACE_BOUND('',#1118,.T.);
#1204=FACE_BOUND('',#1119,.T.);
#1205=FACE_BOUND('',#1120,.T.);
#1206=FACE_BOUND('',#1121,.T.);
#1207=FACE_BOUND('',#1122,.T.);
#1208=FACE_BOUND('',#1123,.T.);
#1209=FACE_BOUND('',#1124,.T.);
#1210=FACE_BOUND('',#1125,.T.);
#1211=FACE_BOUND('',#1126,.T.);
#1212=FACE_BOUND('',#1127,.T.);
#1213=FACE_BOUND('',#1128,.T.);
#1214=FACE_BOUND('',#1129,.T.);
#1215=FACE_BOUND('',#1130,.T.);
#1216=FACE_BOUND('',#1131,.T.);
#1217=FACE_BOUND('',#1132,.T.);
#1218=FACE_BOUND('',#1133,.T.);
#1219=FACE_BOUND('',#1134,.T.);
#1220=FACE_BOUND('',#1135,.T.);
#1221=FACE_BOUND('',#1136,.T.);
#1222=FACE_BOUND('',#1137,.T.);
#1223=FACE_BOUND('',#1138,.T.);
#1224=FACE_BOUND('',#1139,.T.);
#1225=FACE_BOUND('',#1140,.T.);
#1226=FACE_BOUND('',#1141,.T.);
#1227=FACE_BOUND('',#1142,.T.);
#1228=FACE_BOUND('',#1143,.T.);
#1229=FACE_BOUND('',#1144,.T.);
#1230=FACE_BOUND('',#1145,.T.);
#1231=FACE_BOUND('',#1146,.T.);
#1232=FACE_BOUND('',#1147,.T.);
#1233=FACE_BOUND('',#1148,.T.);
#1234=FACE_BOUND('',#1149,.T.);
#1235=FACE_BOUND('',#1150,.T.);
#1236=FACE_BOUND('',#1151,.T.);
#1237=FACE_BOUND('',#1152,.T.);
#1238=FACE_BOUND('',#1153,.T.);
#1239=FACE_BOUND('',#1154,.T.);
#1240=FACE_BOUND('',#1155,.T.);
#1241=FACE_BOUND('',#1156,.T.);
#1242=FACE_BOUND('',#1157,.T.);
#1243=FACE_BOUND('',#1158,.T.);
#1244=FACE_BOUND('',#1159,.T.);
#1245=FACE_BOUND('',#1160,.T.);
#1246=FACE_BOUND('',#1161,.T.);
#1247=FACE_BOUND('',#1162,.T.);
#1248=FACE_BOUND('',#1163,.T.);
#1249=FACE_BOUND('',#1164,.T.);
#1250=FACE_BOUND('',#1165,.T.);
#1251=FACE_BOUND('',#1166,.T.);
#1252=FACE_BOUND('',#1167,.T.);
#1253=FACE_BOUND('',#1168,.T.);
#1254=FACE_BOUND('',#1169,.T.);
#1255=FACE_BOUND('',#1170,.T.);
#1256=FACE_BOUND('',#1171,.T.);
#1257=FACE_BOUND('',#1172,.T.);
#1258=FACE_BOUND('',#1173,.T.);
#1259=FACE_BOUND('',#1174,.T.);
#1260=(
BOUNDED_SURFACE()
B_SPLINE_SURFACE(3,1,((#1689,#1690),(#1691,#1692),(#1693,#1694),(#1695,
#1696)),.CYLINDRICAL_SURF.,.F.,.F.,.F.)
B_SPLINE_SURFACE_WITH_KNOTS((4,4),(2,2),(0.,0.0556185713146203),(0.0454545454550231,
0.937167426458286),.PIECEWISE_BEZIER_KNOTS.)
GEOMETRIC_REPRESENTATION_ITEM()
RATIONAL_B_SPLINE_SURFACE(((1.,1.),(0.92584190491384,0.92584190491384),
(0.859932944427891,0.859932944427891),(0.802273118542155,0.802273118542155)))
REPRESENTATION_ITEM('')
SURFACE()
);
#1261=(
BOUNDED_SURFACE()
B_SPLINE_SURFACE(3,1,((#1739,#1740),(#1741,#1742),(#1743,#1744),(#1745,
#1746)),.CYLINDRICAL_SURF.,.F.,.F.,.F.)
B_SPLINE_SURFACE_WITH_KNOTS((4,4),(2,2),(0.5,1.),(0.0454559445330563,0.954545454545454),
 .PIECEWISE_BEZIER_KNOTS.)
GEOMETRIC_REPRESENTATION_ITEM()
RATIONAL_B_SPLINE_SURFACE(((1.,1.),(0.333333333333333,0.333333333333333),
(0.333333333333333,0.333333333333333),(1.,1.)))
REPRESENTATION_ITEM('')
SURFACE()
);
#1262=(
BOUNDED_SURFACE()
B_SPLINE_SURFACE(3,3,((#1784,#1785,#1786,#1787),(#1788,#1789,#1790,#1791),
(#1792,#1793,#1794,#1795),(#1796,#1797,#1798,#1799)),.TOROIDAL_SURF.,.F.,
 .F.,.F.)
B_SPLINE_SURFACE_WITH_KNOTS((4,4),(4,4),(0.163579838653039,0.840457203283126),
(0.5,1.),.PIECEWISE_BEZIER_KNOTS.)
GEOMETRIC_REPRESENTATION_ITEM()
RATIONAL_B_SPLINE_SURFACE(((0.952779503124186,0.317593167708062,0.317593167708062,
0.952779503124186),(0.900386048954519,0.30012868298484,0.30012868298484,
0.900386048954519),(0.900700409679537,0.300233469893179,0.300233469893179,
0.900700409679537),(0.95372258529924,0.31790752843308,0.31790752843308,
0.95372258529924)))
REPRESENTATION_ITEM('')
SURFACE()
);
#1263=(
BOUNDED_SURFACE()
B_SPLINE_SURFACE(3,1,((#1975,#1976),(#1977,#1978),(#1979,#1980),(#1981,
#1982),(#1983,#1984),(#1985,#1986),(#1987,#1988)),.UNSPECIFIED.,.F.,.F.,
 .F.)
B_SPLINE_SURFACE_WITH_KNOTS((4,3,4),(2,2),(0.5,1.,1.00300031281092),(0.0454746463777343,
0.954545454545455),.PIECEWISE_BEZIER_KNOTS.)
GEOMETRIC_REPRESENTATION_ITEM()
RATIONAL_B_SPLINE_SURFACE(((1.,1.),(0.333333333333333,0.333333333333333),
(0.333333333333333,0.333333333333333),(1.,1.),(0.995999582918771,0.995999582918771),
(0.992023170842777,0.992023170842777),(0.988070763772019,0.988070763772019)))
REPRESENTATION_ITEM('')
SURFACE()
);
#1264=(
BOUNDED_SURFACE()
B_SPLINE_SURFACE(3,1,((#2072,#2073),(#2074,#2075),(#2076,#2077),(#2078,
#2079)),.CYLINDRICAL_SURF.,.F.,.F.,.F.)
B_SPLINE_SURFACE_WITH_KNOTS((4,4),(2,2),(0.697108570551011,0.866473668490354),
(0.0454545454545455,0.954545454545455),.PIECEWISE_BEZIER_KNOTS.)
GEOMETRIC_REPRESENTATION_ITEM()
RATIONAL_B_SPLINE_SURFACE(((0.886355685038122,0.886355685038122),(0.898334075756919,
0.898334075756919),(0.915458669179064,0.915458669179064),(0.937729465304556,
0.937729465304556)))
REPRESENTATION_ITEM('')
SURFACE()
);
#1265=(
BOUNDED_SURFACE()
B_SPLINE_SURFACE(3,1,((#2098,#2099),(#2100,#2101),(#2102,#2103),(#2104,
#2105)),.CYLINDRICAL_SURF.,.F.,.F.,.F.)
B_SPLINE_SURFACE_WITH_KNOTS((4,4),(2,2),(0.133526331509646,0.302891429448991),
(0.0454545454545454,0.954545454545455),.PIECEWISE_BEZIER_KNOTS.)
GEOMETRIC_REPRESENTATION_ITEM()
RATIONAL_B_SPLINE_SURFACE(((0.937729465304556,0.937729465304556),(0.915458669179064,
0.915458669179064),(0.898334075756919,0.898334075756919),(0.886355685038121,
0.886355685038121)))
REPRESENTATION_ITEM('')
SURFACE()
);
#1266=(
BOUNDED_SURFACE()
B_SPLINE_SURFACE(3,1,((#2114,#2115),(#2116,#2117),(#2118,#2119),(#2120,
#2121)),.CYLINDRICAL_SURF.,.F.,.F.,.F.)
B_SPLINE_SURFACE_WITH_KNOTS((4,4),(2,2),(0.,1.),(0.,1.),
 .PIECEWISE_BEZIER_KNOTS.)
GEOMETRIC_REPRESENTATION_ITEM()
RATIONAL_B_SPLINE_SURFACE(((1.,1.),(0.821187939163104,0.821187939163104),
(0.821187939163104,0.821187939163104),(1.,1.)))
REPRESENTATION_ITEM('')
SURFACE()
);
#1267=(
BOUNDED_SURFACE()
B_SPLINE_SURFACE(3,1,((#2233,#2234),(#2235,#2236),(#2237,#2238),(#2239,
#2240)),.CYLINDRICAL_SURF.,.F.,.F.,.F.)
B_SPLINE_SURFACE_WITH_KNOTS((4,4),(2,2),(0.,0.5),(0.0454750762091587,0.954545454545455),
 .PIECEWISE_BEZIER_KNOTS.)
GEOMETRIC_REPRESENTATION_ITEM()
RATIONAL_B_SPLINE_SURFACE(((1.,1.),(0.333333333333333,0.333333333333333),
(0.333333333333333,0.333333333333333),(1.,1.)))
REPRESENTATION_ITEM('')
SURFACE()
);
#1268=(
BOUNDED_SURFACE()
B_SPLINE_SURFACE(3,1,((#2242,#2243),(#2244,#2245),(#2246,#2247),(#2248,
#2249)),.CYLINDRICAL_SURF.,.F.,.F.,.F.)
B_SPLINE_SURFACE_WITH_KNOTS((4,4),(2,2),(0.,1.),(0.,1.),
 .PIECEWISE_BEZIER_KNOTS.)
GEOMETRIC_REPRESENTATION_ITEM()
RATIONAL_B_SPLINE_SURFACE(((1.,1.),(0.713973723484254,0.713973723484254),
(0.713973723484254,0.713973723484254),(1.,1.)))
REPRESENTATION_ITEM('')
SURFACE()
);
#1269=(
BOUNDED_SURFACE()
B_SPLINE_SURFACE(3,1,((#2252,#2253),(#2254,#2255),(#2256,#2257),(#2258,
#2259)),.CYLINDRICAL_SURF.,.F.,.F.,.F.)
B_SPLINE_SURFACE_WITH_KNOTS((4,4),(2,2),(0.,1.),(0.,1.),
 .PIECEWISE_BEZIER_KNOTS.)
GEOMETRIC_REPRESENTATION_ITEM()
RATIONAL_B_SPLINE_SURFACE(((1.,1.),(0.702457157753673,0.702457157753673),
(0.702457157753673,0.702457157753673),(1.,1.)))
REPRESENTATION_ITEM('')
SURFACE()
);
#1270=(
BOUNDED_SURFACE()
B_SPLINE_SURFACE(3,1,((#2262,#2263),(#2264,#2265),(#2266,#2267),(#2268,
#2269)),.CYLINDRICAL_SURF.,.F.,.F.,.F.)
B_SPLINE_SURFACE_WITH_KNOTS((4,4),(2,2),(0.,1.),(0.,1.),
 .PIECEWISE_BEZIER_KNOTS.)
GEOMETRIC_REPRESENTATION_ITEM()
RATIONAL_B_SPLINE_SURFACE(((1.,1.),(0.702457157753686,0.702457157753686),
(0.702457157753686,0.702457157753686),(1.,1.)))
REPRESENTATION_ITEM('')
SURFACE()
);
#1271=(
BOUNDED_SURFACE()
B_SPLINE_SURFACE(3,1,((#2276,#2277),(#2278,#2279),(#2280,#2281),(#2282,
#2283)),.CYLINDRICAL_SURF.,.F.,.F.,.F.)
B_SPLINE_SURFACE_WITH_KNOTS((4,4),(2,2),(0.,1.),(0.,1.),
 .PIECEWISE_BEZIER_KNOTS.)
GEOMETRIC_REPRESENTATION_ITEM()
RATIONAL_B_SPLINE_SURFACE(((1.,1.),(0.713973723484275,0.713973723484275),
(0.713973723484275,0.713973723484275),(1.,1.)))
REPRESENTATION_ITEM('')
SURFACE()
);
#1272=(
BOUNDED_SURFACE()
B_SPLINE_SURFACE(3,1,((#2286,#2287),(#2288,#2289),(#2290,#2291),(#2292,
#2293)),.CYLINDRICAL_SURF.,.F.,.F.,.F.)
B_SPLINE_SURFACE_WITH_KNOTS((4,4),(2,2),(0.,1.),(0.,1.),
 .PIECEWISE_BEZIER_KNOTS.)
GEOMETRIC_REPRESENTATION_ITEM()
RATIONAL_B_SPLINE_SURFACE(((1.,1.),(0.805554567411189,0.805554567411189),
(0.805554567411189,0.805554567411189),(1.,1.)))
REPRESENTATION_ITEM('')
SURFACE()
);
#1273=(
BOUNDED_SURFACE()
B_SPLINE_SURFACE(3,1,((#2299,#2300),(#2301,#2302),(#2303,#2304),(#2305,
#2306)),.CYLINDRICAL_SURF.,.F.,.F.,.F.)
B_SPLINE_SURFACE_WITH_KNOTS((4,4),(2,2),(0.,1.),(0.,1.),
 .PIECEWISE_BEZIER_KNOTS.)
GEOMETRIC_REPRESENTATION_ITEM()
RATIONAL_B_SPLINE_SURFACE(((1.,1.),(0.80555456741119,0.80555456741119),
(0.80555456741119,0.80555456741119),(1.,1.)))
REPRESENTATION_ITEM('')
SURFACE()
);
#1274=(
BOUNDED_SURFACE()
B_SPLINE_SURFACE(3,1,((#2312,#2313),(#2314,#2315),(#2316,#2317),(#2318,
#2319)),.CYLINDRICAL_SURF.,.F.,.F.,.F.)
B_SPLINE_SURFACE_WITH_KNOTS((4,4),(2,2),(0.,1.),(0.,1.),
 .PIECEWISE_BEZIER_KNOTS.)
GEOMETRIC_REPRESENTATION_ITEM()
RATIONAL_B_SPLINE_SURFACE(((1.,1.),(0.727670541034773,0.727670541034773),
(0.727670541034773,0.727670541034773),(1.,1.)))
REPRESENTATION_ITEM('')
SURFACE()
);
#1275=(
BOUNDED_SURFACE()
B_SPLINE_SURFACE(3,1,((#2322,#2323),(#2324,#2325),(#2326,#2327),(#2328,
#2329)),.CYLINDRICAL_SURF.,.F.,.F.,.F.)
B_SPLINE_SURFACE_WITH_KNOTS((4,4),(2,2),(0.,1.),(0.,1.),
 .PIECEWISE_BEZIER_KNOTS.)
GEOMETRIC_REPRESENTATION_ITEM()
RATIONAL_B_SPLINE_SURFACE(((1.,1.),(0.727670541034773,0.727670541034773),
(0.727670541034773,0.727670541034773),(1.,1.)))
REPRESENTATION_ITEM('')
SURFACE()
);
#1276=(
BOUNDED_SURFACE()
B_SPLINE_SURFACE(3,3,((#2404,#2405,#2406,#2407),(#2408,#2409,#2410,#2411),
(#2412,#2413,#2414,#2415),(#2416,#2417,#2418,#2419)),.TOROIDAL_SURF.,.F.,
 .F.,.F.)
B_SPLINE_SURFACE_WITH_KNOTS((4,4),(4,4),(0.163579838653038,0.840457203283126),
(0.,0.5),.PIECEWISE_BEZIER_KNOTS.)
GEOMETRIC_REPRESENTATION_ITEM()
RATIONAL_B_SPLINE_SURFACE(((0.952779503124186,0.317593167708062,0.317593167708062,
0.952779503124186),(0.900386048954519,0.30012868298484,0.30012868298484,
0.900386048954519),(0.900700409679537,0.300233469893179,0.300233469893179,
0.900700409679537),(0.95372258529924,0.31790752843308,0.31790752843308,
0.95372258529924)))
REPRESENTATION_ITEM('')
SURFACE()
);
#1277=(
BOUNDED_SURFACE()
B_SPLINE_SURFACE(3,1,((#2486,#2487),(#2488,#2489),(#2490,#2491),(#2492,
#2493),(#2494,#2495),(#2496,#2497),(#2498,#2499)),.CYLINDRICAL_SURF.,.F.,
 .F.,.F.)
B_SPLINE_SURFACE_WITH_KNOTS((4,3,4),(2,2),(0.,0.5,0.503014559474296),(0.0454559445330564,
0.954545454545454),.PIECEWISE_BEZIER_KNOTS.)
GEOMETRIC_REPRESENTATION_ITEM()
RATIONAL_B_SPLINE_SURFACE(((1.,1.),(0.333333333333333,0.333333333333333),
(0.333333333333333,0.333333333333333),(1.,1.),(0.995980587367606,0.995980587367606),
(0.991985408252076,0.991985408252076),(0.98801446265341,0.98801446265341)))
REPRESENTATION_ITEM('')
SURFACE()
);
#1278=(
BOUNDED_SURFACE()
B_SPLINE_SURFACE(3,1,((#2524,#2525),(#2526,#2527),(#2528,#2529),(#2530,
#2531),(#2532,#2533),(#2534,#2535),(#2536,#2537)),.CYLINDRICAL_SURF.,.F.,
 .F.,.F.)
B_SPLINE_SURFACE_WITH_KNOTS((4,3,4),(2,2),(0.0598186099329765,0.5,0.939863682239523),
(0.0454545454545453,0.954545454545454),.PIECEWISE_BEZIER_KNOTS.)
GEOMETRIC_REPRESENTATION_ITEM()
RATIONAL_B_SPLINE_SURFACE(((0.926913506052514,0.926913506052514),(0.772004177894919,
0.772004177894919),(0.796366342544081,0.796366342544081),(1.,1.),(0.796513318332645,
0.796513318332645),(0.772039438835099,0.772039438835099),(0.926578361507362,
0.926578361507361)))
REPRESENTATION_ITEM('')
SURFACE()
);
#1279=(
BOUNDED_SURFACE()
B_SPLINE_SURFACE(3,1,((#2552,#2553),(#2554,#2555),(#2556,#2557),(#2558,
#2559),(#2560,#2561),(#2562,#2563),(#2564,#2565)),.CYLINDRICAL_SURF.,.F.,
 .F.,.F.)
B_SPLINE_SURFACE_WITH_KNOTS((4,3,4),(2,2),(0.0651120629698476,0.5,0.940106592274241),
(0.0454545455640003,0.954545454544737),.PIECEWISE_BEZIER_KNOTS.)
GEOMETRIC_REPRESENTATION_ITEM()
RATIONAL_B_SPLINE_SURFACE(((0.920619490588053,0.920619490588053),(0.770350370385509,
0.770350370385509),(0.796810540189492,0.796810540189492),(1.,1.),(0.794372266671893,
0.794372266671893),(0.769740775328005,0.769740775328005),(0.926105525968336,
0.926105525968336)))
REPRESENTATION_ITEM('')
SURFACE()
);
#1280=(
BOUNDED_SURFACE()
B_SPLINE_SURFACE(3,1,((#2580,#2581),(#2582,#2583),(#2584,#2585),(#2586,
#2587)),.CYLINDRICAL_SURF.,.F.,.F.,.F.)
B_SPLINE_SURFACE_WITH_KNOTS((4,4),(2,2),(0.648312586865252,0.715460901566331),
(0.0454545454550713,0.953180155924524),.PIECEWISE_BEZIER_KNOTS.)
GEOMETRIC_REPRESENTATION_ITEM()
RATIONAL_B_SPLINE_SURFACE(((0.582722639920295,0.582722639920295),(0.546305901689305,
0.546305901689305),(0.521912886570835,0.521912886570835),(0.509543594564886,
0.509543594564886)))
REPRESENTATION_ITEM('')
SURFACE()
);
#1281=(
BOUNDED_SURFACE()
B_SPLINE_SURFACE(3,1,((#2596,#2597),(#2598,#2599),(#2600,#2601),(#2602,
#2603),(#2604,#2605),(#2606,#2607),(#2608,#2609)),.CYLINDRICAL_SURF.,.F.,
 .F.,.F.)
B_SPLINE_SURFACE_WITH_KNOTS((4,3,4),(2,2),(0.0601365559009196,0.5,0.940181146745373),
(0.0454545454545461,0.954545454545466),.PIECEWISE_BEZIER_KNOTS.)
GEOMETRIC_REPRESENTATION_ITEM()
RATIONAL_B_SPLINE_SURFACE(((0.926578821306036,0.926578821306036),(0.772041672225782,
0.772041672225782),(0.796515398457104,0.796515398457104),(1.,1.),(0.796368426488287,
0.796368426488287),(0.772006412060475,0.772006412060475),(0.926913956716565,
0.926913956716565)))
REPRESENTATION_ITEM('')
SURFACE()
);
#1282=(
BOUNDED_SURFACE()
B_SPLINE_SURFACE(3,1,((#2624,#2625),(#2626,#2627),(#2628,#2629),(#2630,
#2631),(#2632,#2633),(#2634,#2635),(#2636,#2637)),.CYLINDRICAL_SURF.,.F.,
 .F.,.F.)
B_SPLINE_SURFACE_WITH_KNOTS((4,3,4),(2,2),(0.0601366460265755,0.5,0.94018105465889),
(0.0454545454545455,0.954545454545456),.PIECEWISE_BEZIER_KNOTS.)
GEOMETRIC_REPRESENTATION_ITEM()
RATIONAL_B_SPLINE_SURFACE(((0.926578995317821,0.926578995317821),(0.77204251745598,
0.77204251745598),(0.796516185683372,0.796516185683372),(1.,1.),(0.796369215160128,
0.796369215160128),(0.772007257583921,0.772007257583921),(0.926914127271378,
0.926914127271378)))
REPRESENTATION_ITEM('')
SURFACE()
);
#1283=(
BOUNDED_SURFACE()
B_SPLINE_SURFACE(3,1,((#2688,#2689),(#2690,#2691),(#2692,#2693),(#2694,
#2695),(#2696,#2697),(#2698,#2699),(#2700,#2701)),.CYLINDRICAL_SURF.,.F.,
 .F.,.F.)
B_SPLINE_SURFACE_WITH_KNOTS((4,3,4),(2,2),(0.0651139492475732,0.5,0.940106923587132),
(0.0454545440495683,0.954545454553649),.PIECEWISE_BEZIER_KNOTS.)
GEOMETRIC_REPRESENTATION_ITEM()
RATIONAL_B_SPLINE_SURFACE(((0.920616414920881,0.920616414920881),(0.770347358807742,
0.770347358807742),(0.796808553834115,0.796808553834115),(1.,1.),(0.794369209781354,
0.794369209781354),(0.769737488518546,0.769737488518546),(0.926104836211577,
0.926104836211577)))
REPRESENTATION_ITEM('')
SURFACE()
);
#1284=(
BOUNDED_SURFACE()
B_SPLINE_SURFACE(3,1,((#2737,#2738),(#2739,#2740),(#2741,#2742),(#2743,
#2744),(#2745,#2746),(#2747,#2748),(#2749,#2750)),.CYLINDRICAL_SURF.,.F.,
 .F.,.F.)
B_SPLINE_SURFACE_WITH_KNOTS((4,3,4),(2,2),(0.,0.5,1.),(0.,1.),
 .PIECEWISE_BEZIER_KNOTS.)
GEOMETRIC_REPRESENTATION_ITEM()
RATIONAL_B_SPLINE_SURFACE(((1.,1.),(0.766387259207842,0.766387259207842),
(0.766387259207842,0.766387259207842),(1.,1.),(0.766387259207842,0.766387259207842),
(0.766387259207842,0.766387259207842),(1.,1.)))
REPRESENTATION_ITEM('')
SURFACE()
);
#1285=(
BOUNDED_SURFACE()
B_SPLINE_SURFACE(3,1,((#2817,#2818),(#2819,#2820),(#2821,#2822),(#2823,
#2824),(#2825,#2826),(#2827,#2828),(#2829,#2830)),.CYLINDRICAL_SURF.,.F.,
 .F.,.F.)
B_SPLINE_SURFACE_WITH_KNOTS((4,3,4),(2,2),(0.0598178693907964,0.5,0.939864407011882),
(0.0454545454545481,0.954545454545454),.PIECEWISE_BEZIER_KNOTS.)
GEOMETRIC_REPRESENTATION_ITEM()
RATIONAL_B_SPLINE_SURFACE(((0.926912134432819,0.926912134432819),(0.771997378058652,
0.771997378058652),(0.796359999914379,0.796359999914379),(1.,1.),(0.796506987329102,
0.796506987329102),(0.772032641357296,0.772032641357296),(0.926576962084582,
0.926576962084582)))
REPRESENTATION_ITEM('')
SURFACE()
);
#1286=(
BOUNDED_SURFACE()
B_SPLINE_SURFACE(3,1,((#2903,#2904),(#2905,#2906),(#2907,#2908),(#2909,
#2910),(#2911,#2912),(#2913,#2914),(#2915,#2916)),.CYLINDRICAL_SURF.,.F.,
 .F.,.F.)
B_SPLINE_SURFACE_WITH_KNOTS((4,3,4),(2,2),(0.0598189493524154,0.5,0.939863350047538),
(0.0454545454545445,0.954545454545455),.PIECEWISE_BEZIER_KNOTS.)
GEOMETRIC_REPRESENTATION_ITEM()
RATIONAL_B_SPLINE_SURFACE(((0.926914134700744,0.926914134700744),(0.772007294414924,
0.772007294414924),(0.796369249514676,0.796369249514676),(1.,1.),(0.796516219974949,
0.796516219974949),(0.772042554274208,0.772042554274208),(0.926579002897779,
0.926579002897779)))
REPRESENTATION_ITEM('')
SURFACE()
);
#1287=(
BOUNDED_SURFACE()
B_SPLINE_SURFACE(3,1,((#2978,#2979),(#2980,#2981),(#2982,#2983),(#2984,
#2985),(#2986,#2987),(#2988,#2989),(#2990,#2991)),.CYLINDRICAL_SURF.,.F.,
 .F.,.F.)
B_SPLINE_SURFACE_WITH_KNOTS((4,3,4),(2,2),(0.0598181583729412,0.5,0.939862570813771),
(0.0398444005738905,0.954546576602152),.PIECEWISE_BEZIER_KNOTS.)
GEOMETRIC_REPRESENTATION_ITEM()
RATIONAL_B_SPLINE_SURFACE(((0.926912669686927,0.926912669686927),(0.772000031600396,
0.772000031600396),(0.796362475038087,0.796362475038087),(1.,1.),(0.796510176537926,
0.796510176537926),(0.772035466840789,0.772035466840789),(0.926575870908588,
0.926575870908588)))
REPRESENTATION_ITEM('')
SURFACE()
);
#1288=(
BOUNDED_SURFACE()
B_SPLINE_SURFACE(3,1,((#3195,#3196),(#3197,#3198),(#3199,#3200),(#3201,
#3202)),.CYLINDRICAL_SURF.,.F.,.F.,.F.)
B_SPLINE_SURFACE_WITH_KNOTS((4,4),(2,2),(0.740684289604336,0.803750624284656),
(0.0454545454555329,0.954610366080861),.PIECEWISE_BEZIER_KNOTS.)
GEOMETRIC_REPRESENTATION_ITEM()
RATIONAL_B_SPLINE_SURFACE(((0.500694259681407,0.500694259681407),(0.497560885230218,
0.497560885230218),(0.505033810965724,0.505033810965724),(0.523113036887922,
0.523113036887922)))
REPRESENTATION_ITEM('')
SURFACE()
);
#1289=(
BOUNDED_SURFACE()
B_SPLINE_SURFACE(3,1,((#3203,#3204),(#3205,#3206),(#3207,#3208),(#3209,
#3210)),.CYLINDRICAL_SURF.,.F.,.F.,.F.)
B_SPLINE_SURFACE_WITH_KNOTS((4,4),(2,2),(0.830583924399598,0.907031609284468),
(0.045454545455533,0.948221275468745),.PIECEWISE_BEZIER_KNOTS.)
GEOMETRIC_REPRESENTATION_ITEM()
RATIONAL_B_SPLINE_SURFACE(((0.551950150973122,0.551950150973122),(0.584805908089317,
0.584805908089317),(0.633246327936862,0.633246327936862),(0.697271410515758,
0.697271410515758)))
REPRESENTATION_ITEM('')
SURFACE()
);
#1290=(
BOUNDED_SURFACE()
B_SPLINE_SURFACE(3,1,((#3211,#3212),(#3213,#3214),(#3215,#3216),(#3217,
#3218)),.CYLINDRICAL_SURF.,.F.,.F.,.F.)
B_SPLINE_SURFACE_WITH_KNOTS((4,4),(2,2),(0.94438142868537,1.),(0.045454545455023,
0.937167579144627),.PIECEWISE_BEZIER_KNOTS.)
GEOMETRIC_REPRESENTATION_ITEM()
RATIONAL_B_SPLINE_SURFACE(((0.802273118542125,0.802273118542125),(0.859932944427868,
0.859932944427868),(0.925841904913827,0.925841904913827),(1.,1.)))
REPRESENTATION_ITEM('')
SURFACE()
);
#1291=(
BOUNDED_SURFACE()
B_SPLINE_SURFACE(3,1,((#3219,#3220),(#3221,#3222),(#3223,#3224),(#3225,
#3226)),.CYLINDRICAL_SURF.,.F.,.F.,.F.)
B_SPLINE_SURFACE_WITH_KNOTS((4,4),(2,2),(0.0929683907155263,0.169416075600401),
(0.0454545454551123,0.948221326279724),.PIECEWISE_BEZIER_KNOTS.)
GEOMETRIC_REPRESENTATION_ITEM()
RATIONAL_B_SPLINE_SURFACE(((0.697271410515773,0.697271410515773),(0.63324632793687,
0.63324632793687),(0.58480590808932,0.58480590808932),(0.551950150973122,
0.551950150973122)))
REPRESENTATION_ITEM('')
SURFACE()
);
#1292=(
BOUNDED_SURFACE()
B_SPLINE_SURFACE(3,1,((#3227,#3228),(#3229,#3230),(#3231,#3232),(#3233,
#3234)),.CYLINDRICAL_SURF.,.F.,.F.,.F.)
B_SPLINE_SURFACE_WITH_KNOTS((4,4),(2,2),(0.196249375957036,0.259315710425795),
(0.045454545455533,0.954610143326711),.PIECEWISE_BEZIER_KNOTS.)
GEOMETRIC_REPRESENTATION_ITEM()
RATIONAL_B_SPLINE_SURFACE(((0.523113036680065,0.523113036680065),(0.505033810899808,
0.505033810899808),(0.497560885235086,0.497560885235086),(0.500694259685898,
0.500694259685898)))
REPRESENTATION_ITEM('')
SURFACE()
);
#1293=(
BOUNDED_SURFACE()
B_SPLINE_SURFACE(3,1,((#3235,#3236),(#3237,#3238),(#3239,#3240),(#3241,
#3242)),.CYLINDRICAL_SURF.,.F.,.F.,.F.)
B_SPLINE_SURFACE_WITH_KNOTS((4,4),(2,2),(0.284136176719352,0.351687412429085),
(0.0454545454545453,0.953180156980107),.PIECEWISE_BEZIER_KNOTS.)
GEOMETRIC_REPRESENTATION_ITEM()
RATIONAL_B_SPLINE_SURFACE(((0.509322228488119,0.509322228488119),(0.521620580060375,
0.521620580060375),(0.546087383488397,0.546087383488397),(0.582722638772183,
0.582722638772183)))
REPRESENTATION_ITEM('')
SURFACE()
);
#1294=(
BOUNDED_SURFACE()
B_SPLINE_SURFACE(3,1,((#3243,#3244),(#3245,#3246),(#3247,#3248),(#3249,
#3250)),.CYLINDRICAL_SURF.,.F.,.F.,.F.)
B_SPLINE_SURFACE_WITH_KNOTS((4,4),(2,2),(0.382178212723601,0.47616207995548),
(0.0454545454555331,0.941891708533259),.PIECEWISE_BEZIER_KNOTS.)
GEOMETRIC_REPRESENTATION_ITEM()
RATIONAL_B_SPLINE_SURFACE(((0.639768639350444,0.639768639350444),(0.706022610526774,
0.706022610526774),(0.795831161169396,0.795831161169396),(0.90919429127831,
0.90919429127831)))
REPRESENTATION_ITEM('')
SURFACE()
);
#1295=(
BOUNDED_SURFACE()
B_SPLINE_SURFACE(3,1,((#3251,#3252),(#3253,#3254),(#3255,#3256),(#3257,
#3258)),.CYLINDRICAL_SURF.,.F.,.F.,.F.)
B_SPLINE_SURFACE_WITH_KNOTS((4,4),(2,2),(0.52383792004452,0.617821787854577),
(0.045454545455533,0.941891857660531),.PIECEWISE_BEZIER_KNOTS.)
GEOMETRIC_REPRESENTATION_ITEM()
RATIONAL_B_SPLINE_SURFACE(((0.90919429127831,0.90919429127831),(0.795831160471999,
0.795831160471999),(0.70602260942179,0.70602260942179),(0.639768638127683,
0.639768638127683)))
REPRESENTATION_ITEM('')
SURFACE()
);
#1296=(
BOUNDED_SURFACE()
B_SPLINE_SURFACE(1,3,((#3265,#3266,#3267,#3268),(#3269,#3270,#3271,#3272)),
 .CONICAL_SURF.,.F.,.F.,.F.)
B_SPLINE_SURFACE_WITH_KNOTS((2,2),(4,4),(0.0243902439024389,0.512195121951153),
(0.108042323900244,0.891957676099763),.PIECEWISE_BEZIER_KNOTS.)
GEOMETRIC_REPRESENTATION_ITEM()
RATIONAL_B_SPLINE_SURFACE(((0.913978120702805,0.731131117519402,0.731131117519404,
0.91397812070281),(0.913978120702805,0.731131117519402,0.731131117519404,
0.91397812070281)))
REPRESENTATION_ITEM('')
SURFACE()
);
#1297=(
BOUNDED_SURFACE()
B_SPLINE_SURFACE(1,3,((#3274,#3275,#3276,#3277),(#3278,#3279,#3280,#3281)),
 .CONICAL_SURF.,.F.,.F.,.F.)
B_SPLINE_SURFACE_WITH_KNOTS((2,2),(4,4),(0.0243902439024365,0.512195121951183),
(0.109720418379486,0.890279581620519),.PIECEWISE_BEZIER_KNOTS.)
GEOMETRIC_REPRESENTATION_ITEM()
RATIONAL_B_SPLINE_SURFACE(((0.916181274054173,0.741913298799521,0.741913298799522,
0.916181274054177),(0.916181274054173,0.741913298799521,0.741913298799522,
0.916181274054177)))
REPRESENTATION_ITEM('')
SURFACE()
);
#1298=(
BOUNDED_SURFACE()
B_SPLINE_SURFACE(1,3,((#3283,#3284,#3285,#3286),(#3287,#3288,#3289,#3290)),
 .CONICAL_SURF.,.F.,.F.,.F.)
B_SPLINE_SURFACE_WITH_KNOTS((2,2),(4,4),(0.000495622005617126,0.010408062117958),
(0.300010615748759,0.699989384251241),.PIECEWISE_BEZIER_KNOTS.)
GEOMETRIC_REPRESENTATION_ITEM()
RATIONAL_B_SPLINE_SURFACE(((0.979252451312932,0.973983898480738,0.973983898480738,
0.979252451312932),(0.979252451312932,0.973983898480738,0.973983898480738,
0.979252451312932)))
REPRESENTATION_ITEM('')
SURFACE()
);
#1299=(
BOUNDED_SURFACE()
B_SPLINE_SURFACE(1,3,((#3292,#3293,#3294,#3295),(#3296,#3297,#3298,#3299)),
 .CONICAL_SURF.,.F.,.F.,.F.)
B_SPLINE_SURFACE_WITH_KNOTS((2,2),(4,4),(0.000544168329403161,0.0114275349174677),
(0.133722979219043,0.866277020780957),.PIECEWISE_BEZIER_KNOTS.)
GEOMETRIC_REPRESENTATION_ITEM()
RATIONAL_B_SPLINE_SURFACE(((0.937858618909313,0.84190173286,0.84190173286,
0.937858618909313),(0.937858618909313,0.84190173286,0.84190173286,0.937858618909313)))
REPRESENTATION_ITEM('')
SURFACE()
);
#1300=(
BOUNDED_SURFACE()
B_SPLINE_SURFACE(1,3,((#3301,#3302,#3303,#3304),(#3305,#3306,#3307,#3308)),
 .CONICAL_SURF.,.F.,.F.,.F.)
B_SPLINE_SURFACE_WITH_KNOTS((2,2),(4,4),(0.00184842883549071,0.0388170055452873),
(0.128881023950885,0.871118976049116),.PIECEWISE_BEZIER_KNOTS.)
GEOMETRIC_REPRESENTATION_ITEM()
RATIONAL_B_SPLINE_SURFACE(((0.934508422238188,0.827385093331793,0.827385093331793,
0.934508422238188),(0.934508422238188,0.827385093331793,0.827385093331793,
0.934508422238188)))
REPRESENTATION_ITEM('')
SURFACE()
);
#1301=(
BOUNDED_SURFACE()
B_SPLINE_SURFACE(1,3,((#3310,#3311,#3312,#3313),(#3314,#3315,#3316,#3317)),
 .CONICAL_SURF.,.F.,.F.,.F.)
B_SPLINE_SURFACE_WITH_KNOTS((2,2),(4,4),(0.0243902439024475,0.512195121951188),
(0.109720418379505,0.890279581620521),.PIECEWISE_BEZIER_KNOTS.)
GEOMETRIC_REPRESENTATION_ITEM()
RATIONAL_B_SPLINE_SURFACE(((0.916181274054164,0.741913298799531,0.741913298799537,
0.916181274054181),(0.916181274054164,0.741913298799531,0.741913298799537,
0.916181274054181)))
REPRESENTATION_ITEM('')
SURFACE()
);
#1302=(
BOUNDED_SURFACE()
B_SPLINE_SURFACE(1,3,((#3319,#3320,#3321,#3322),(#3323,#3324,#3325,#3326)),
 .CONICAL_SURF.,.F.,.F.,.F.)
B_SPLINE_SURFACE_WITH_KNOTS((2,2),(4,4),(0.0243902439024418,0.512195121951204),
(0.111878535777113,0.888121464222885),.PIECEWISE_BEZIER_KNOTS.)
GEOMETRIC_REPRESENTATION_ITEM()
RATIONAL_B_SPLINE_SURFACE(((0.918822622290995,0.754729666937775,0.754729666937775,
0.918822622290993),(0.918822622290995,0.754729666937775,0.754729666937775,
0.918822622290993)))
REPRESENTATION_ITEM('')
SURFACE()
);
#1303=(
BOUNDED_SURFACE()
B_SPLINE_SURFACE(1,3,((#3338,#3339,#3340,#3341),(#3342,#3343,#3344,#3345)),
 .CONICAL_SURF.,.F.,.F.,.F.)
B_SPLINE_SURFACE_WITH_KNOTS((2,2),(4,4),(0.0243902439024361,0.512195121951151),
(0.108042323900237,0.891957676099758),.PIECEWISE_BEZIER_KNOTS.)
GEOMETRIC_REPRESENTATION_ITEM()
RATIONAL_B_SPLINE_SURFACE(((0.913978120702813,0.731131117519413,0.731131117519412,
0.913978120702809),(0.913978120702813,0.731131117519413,0.731131117519412,
0.913978120702809)))
REPRESENTATION_ITEM('')
SURFACE()
);
#1304=(
BOUNDED_SURFACE()
B_SPLINE_SURFACE(1,3,((#3347,#3348,#3349,#3350),(#3351,#3352,#3353,#3354)),
 .CONICAL_SURF.,.F.,.F.,.F.)
B_SPLINE_SURFACE_WITH_KNOTS((2,2),(4,4),(0.0243902439024389,0.512195121951204),
(0.111878535777115,0.888121464222887),.PIECEWISE_BEZIER_KNOTS.)
GEOMETRIC_REPRESENTATION_ITEM()
RATIONAL_B_SPLINE_SURFACE(((0.918822622290994,0.754729666937775,0.754729666937775,
0.918822622290995),(0.918822622290994,0.754729666937775,0.754729666937775,
0.918822622290995)))
REPRESENTATION_ITEM('')
SURFACE()
);
#1305=(
BOUNDED_SURFACE()
B_SPLINE_SURFACE(1,3,((#3356,#3357,#3358,#3359),(#3360,#3361,#3362,#3363)),
 .CONICAL_SURF.,.F.,.F.,.F.)
B_SPLINE_SURFACE_WITH_KNOTS((2,2),(4,4),(0.000495622005617325,0.0104080621179582),
(0.300010615748759,0.699989384251241),.PIECEWISE_BEZIER_KNOTS.)
GEOMETRIC_REPRESENTATION_ITEM()
RATIONAL_B_SPLINE_SURFACE(((0.979252451312932,0.973983898480738,0.973983898480738,
0.979252451312932),(0.979252451312932,0.973983898480738,0.973983898480738,
0.979252451312932)))
REPRESENTATION_ITEM('')
SURFACE()
);
#1306=(
BOUNDED_SURFACE()
B_SPLINE_SURFACE(1,3,((#3365,#3366,#3367,#3368),(#3369,#3370,#3371,#3372)),
 .CONICAL_SURF.,.F.,.F.,.F.)
B_SPLINE_SURFACE_WITH_KNOTS((2,2),(4,4),(0.00184842883548956,0.0388170055452863),
(0.128881023950884,0.871118976049116),.PIECEWISE_BEZIER_KNOTS.)
GEOMETRIC_REPRESENTATION_ITEM()
RATIONAL_B_SPLINE_SURFACE(((0.934508422238188,0.827385093331793,0.827385093331793,
0.934508422238188),(0.934508422238188,0.827385093331793,0.827385093331793,
0.934508422238188)))
REPRESENTATION_ITEM('')
SURFACE()
);
#1307=(
BOUNDED_SURFACE()
B_SPLINE_SURFACE(1,3,((#3379,#3380,#3381,#3382),(#3383,#3384,#3385,#3386)),
 .CONICAL_SURF.,.F.,.F.,.F.)
B_SPLINE_SURFACE_WITH_KNOTS((2,2),(4,4),(0.024390243902437,0.512195121951183),
(0.109720418379484,0.890279581620516),.PIECEWISE_BEZIER_KNOTS.)
GEOMETRIC_REPRESENTATION_ITEM()
RATIONAL_B_SPLINE_SURFACE(((0.916181274054175,0.741913298799522,0.741913298799522,
0.916181274054175),(0.916181274054175,0.741913298799522,0.741913298799522,
0.916181274054175)))
REPRESENTATION_ITEM('')
SURFACE()
);
#1308=(
BOUNDED_SURFACE()
B_SPLINE_SURFACE(1,3,((#3388,#3389,#3390,#3391),(#3392,#3393,#3394,#3395)),
 .CONICAL_SURF.,.F.,.F.,.F.)
B_SPLINE_SURFACE_WITH_KNOTS((2,2),(4,4),(0.0243902439024406,0.512195121951154),
(0.108042323900234,0.891957676099756),.PIECEWISE_BEZIER_KNOTS.)
GEOMETRIC_REPRESENTATION_ITEM()
RATIONAL_B_SPLINE_SURFACE(((0.913978120702812,0.731131117519404,0.731131117519401,
0.913978120702804),(0.913978120702812,0.731131117519404,0.731131117519401,
0.913978120702804)))
REPRESENTATION_ITEM('')
SURFACE()
);
#1309=(
BOUNDED_SURFACE()
B_SPLINE_SURFACE(1,3,((#3397,#3398,#3399,#3400),(#3401,#3402,#3403,#3404)),
 .CONICAL_SURF.,.F.,.F.,.F.)
B_SPLINE_SURFACE_WITH_KNOTS((2,2),(4,4),(0.0005441683294033,0.0114275349174678),
(0.133722979219043,0.866277020780957),.PIECEWISE_BEZIER_KNOTS.)
GEOMETRIC_REPRESENTATION_ITEM()
RATIONAL_B_SPLINE_SURFACE(((0.937858618909313,0.84190173286,0.84190173286,
0.937858618909313),(0.937858618909313,0.84190173286,0.84190173286,0.937858618909313)))
REPRESENTATION_ITEM('')
SURFACE()
);
#1310=(
BOUNDED_SURFACE()
B_SPLINE_SURFACE(1,3,((#3406,#3407,#3408,#3409),(#3410,#3411,#3412,#3413)),
 .CONICAL_SURF.,.F.,.F.,.F.)
B_SPLINE_SURFACE_WITH_KNOTS((2,2),(4,4),(0.000495622005617028,0.0104080621179579),
(0.300010615748761,0.699989384251241),.PIECEWISE_BEZIER_KNOTS.)
GEOMETRIC_REPRESENTATION_ITEM()
RATIONAL_B_SPLINE_SURFACE(((0.979252451312932,0.973983898480738,0.973983898480738,
0.979252451312932),(0.979252451312932,0.973983898480738,0.973983898480738,
0.979252451312932)))
REPRESENTATION_ITEM('')
SURFACE()
);
#1311=(
BOUNDED_SURFACE()
B_SPLINE_SURFACE(1,3,((#3415,#3416,#3417,#3418),(#3419,#3420,#3421,#3422)),
 .CONICAL_SURF.,.F.,.F.,.F.)
B_SPLINE_SURFACE_WITH_KNOTS((2,2),(4,4),(0.0243902439024469,0.512195121951184),
(0.109720418379488,0.890279581620501),.PIECEWISE_BEZIER_KNOTS.)
GEOMETRIC_REPRESENTATION_ITEM()
RATIONAL_B_SPLINE_SURFACE(((0.916181274054177,0.741913298799541,0.741913298799538,
0.91618127405417),(0.916181274054177,0.741913298799541,0.741913298799538,
0.91618127405417)))
REPRESENTATION_ITEM('')
SURFACE()
);
#1312=(
BOUNDED_SURFACE()
B_SPLINE_SURFACE(1,3,((#3424,#3425,#3426,#3427),(#3428,#3429,#3430,#3431)),
 .CONICAL_SURF.,.F.,.F.,.F.)
B_SPLINE_SURFACE_WITH_KNOTS((2,2),(4,4),(0.00184842883549061,0.0388170055452873),
(0.128881023950885,0.871118976049116),.PIECEWISE_BEZIER_KNOTS.)
GEOMETRIC_REPRESENTATION_ITEM()
RATIONAL_B_SPLINE_SURFACE(((0.934508422238188,0.827385093331793,0.827385093331793,
0.934508422238188),(0.934508422238188,0.827385093331793,0.827385093331793,
0.934508422238188)))
REPRESENTATION_ITEM('')
SURFACE()
);
#1313=(
BOUNDED_SURFACE()
B_SPLINE_SURFACE(1,3,((#3438,#3439,#3440,#3441),(#3442,#3443,#3444,#3445)),
 .CONICAL_SURF.,.F.,.F.,.F.)
B_SPLINE_SURFACE_WITH_KNOTS((2,2),(4,4),(0.0243902439024406,0.512195121951204),
(0.111878535777116,0.888121464222885),.PIECEWISE_BEZIER_KNOTS.)
GEOMETRIC_REPRESENTATION_ITEM()
RATIONAL_B_SPLINE_SURFACE(((0.918822622290992,0.754729666937775,0.754729666937775,
0.918822622290993),(0.918822622290992,0.754729666937775,0.754729666937775,
0.918822622290993)))
REPRESENTATION_ITEM('')
SURFACE()
);
#1314=(
BOUNDED_SURFACE()
B_SPLINE_SURFACE(1,3,((#3447,#3448,#3449,#3450),(#3451,#3452,#3453,#3454)),
 .CONICAL_SURF.,.F.,.F.,.F.)
B_SPLINE_SURFACE_WITH_KNOTS((2,2),(4,4),(0.0243902439024361,0.512195121951151),
(0.108042323900241,0.891957676099762),.PIECEWISE_BEZIER_KNOTS.)
GEOMETRIC_REPRESENTATION_ITEM()
RATIONAL_B_SPLINE_SURFACE(((0.913978120702809,0.731131117519411,0.731131117519412,
0.913978120702812),(0.913978120702809,0.731131117519411,0.731131117519412,
0.913978120702812)))
REPRESENTATION_ITEM('')
SURFACE()
);
#1315=(
BOUNDED_SURFACE()
B_SPLINE_SURFACE(1,3,((#3461,#3462,#3463,#3464),(#3465,#3466,#3467,#3468)),
 .CONICAL_SURF.,.F.,.F.,.F.)
B_SPLINE_SURFACE_WITH_KNOTS((2,2),(4,4),(0.000495622005617382,0.0104080621179584),
(0.30001061574876,0.699989384251241),.PIECEWISE_BEZIER_KNOTS.)
GEOMETRIC_REPRESENTATION_ITEM()
RATIONAL_B_SPLINE_SURFACE(((0.979252451312932,0.973983898480738,0.973983898480738,
0.979252451312932),(0.979252451312932,0.973983898480738,0.973983898480738,
0.979252451312932)))
REPRESENTATION_ITEM('')
SURFACE()
);
#1316=(
BOUNDED_SURFACE()
B_SPLINE_SURFACE(1,3,((#3470,#3471,#3472,#3473),(#3474,#3475,#3476,#3477)),
 .CONICAL_SURF.,.F.,.F.,.F.)
B_SPLINE_SURFACE_WITH_KNOTS((2,2),(4,4),(0.0243902439024387,0.512195121951204),
(0.111878535777113,0.888121464222885),.PIECEWISE_BEZIER_KNOTS.)
GEOMETRIC_REPRESENTATION_ITEM()
RATIONAL_B_SPLINE_SURFACE(((0.918822622290995,0.754729666937775,0.754729666937775,
0.918822622290993),(0.918822622290995,0.754729666937775,0.754729666937775,
0.918822622290993)))
REPRESENTATION_ITEM('')
SURFACE()
);
#1317=(
BOUNDED_SURFACE()
B_SPLINE_SURFACE(1,3,((#3479,#3480,#3481,#3482),(#3483,#3484,#3485,#3486)),
 .CONICAL_SURF.,.F.,.F.,.F.)
B_SPLINE_SURFACE_WITH_KNOTS((2,2),(4,4),(0.0018484288354899,0.0388170055452867),
(0.128881023950884,0.871118976049116),.PIECEWISE_BEZIER_KNOTS.)
GEOMETRIC_REPRESENTATION_ITEM()
RATIONAL_B_SPLINE_SURFACE(((0.934508422238188,0.827385093331793,0.827385093331793,
0.934508422238188),(0.934508422238188,0.827385093331793,0.827385093331793,
0.934508422238188)))
REPRESENTATION_ITEM('')
SURFACE()
);
#1318=ADVANCED_FACE('',(#1175),#1260,.F.);
#1319=ADVANCED_FACE('',(#1176),#12,.T.);
#1320=ADVANCED_FACE('',(#1177),#1261,.F.);
#1321=ADVANCED_FACE('',(#1178),#1262,.T.);
#1322=ADVANCED_FACE('',(#1179),#13,.T.);
#1323=ADVANCED_FACE('',(#1180),#1263,.F.);
#1324=ADVANCED_FACE('',(#1181),#14,.T.);
#1325=ADVANCED_FACE('',(#1182),#1264,.T.);
#1326=ADVANCED_FACE('',(#1183),#15,.T.);
#1327=ADVANCED_FACE('',(#1184),#1265,.T.);
#1328=ADVANCED_FACE('',(#1185,#1186),#1266,.F.);
#1329=ADVANCED_FACE('',(#1187),#16,.T.);
#1330=ADVANCED_FACE('',(#1188),#17,.F.);
#1331=ADVANCED_FACE('',(#1189),#18,.F.);
#1332=ADVANCED_FACE('',(#1190),#19,.T.);
#1333=ADVANCED_FACE('',(#1191),#1267,.F.);
#1334=ADVANCED_FACE('',(#1192),#1268,.T.);
#1335=ADVANCED_FACE('',(#1193),#1269,.T.);
#1336=ADVANCED_FACE('',(#1194),#1270,.T.);
#1337=ADVANCED_FACE('',(#1195),#1271,.T.);
#1338=ADVANCED_FACE('',(#1196),#1272,.F.);
#1339=ADVANCED_FACE('',(#1197),#1273,.F.);
#1340=ADVANCED_FACE('',(#1198),#1274,.T.);
#1341=ADVANCED_FACE('',(#1199),#1275,.T.);
#1342=ADVANCED_FACE('',(#1200),#20,.T.);
#1343=ADVANCED_FACE('',(#1201),#1276,.T.);
#1344=ADVANCED_FACE('',(#1202,#1203),#21,.F.);
#1345=ADVANCED_FACE('',(#1204),#1277,.F.);
#1346=ADVANCED_FACE('',(#1205),#1278,.T.);
#1347=ADVANCED_FACE('',(#1206),#1279,.T.);
#1348=ADVANCED_FACE('',(#1207),#1280,.F.);
#1349=ADVANCED_FACE('',(#1208),#1281,.T.);
#1350=ADVANCED_FACE('',(#1209),#1282,.T.);
#1351=ADVANCED_FACE('',(#1210),#22,.T.);
#1352=ADVANCED_FACE('',(#1211),#1283,.T.);
#1353=ADVANCED_FACE('',(#1212),#23,.T.);
#1354=ADVANCED_FACE('',(#1213),#1284,.T.);
#1355=ADVANCED_FACE('',(#1214),#24,.T.);
#1356=ADVANCED_FACE('',(#1215),#1285,.T.);
#1357=ADVANCED_FACE('',(#1216),#25,.T.);
#1358=ADVANCED_FACE('',(#1217),#1286,.T.);
#1359=ADVANCED_FACE('',(#1218),#26,.T.);
#1360=ADVANCED_FACE('',(#1219),#1287,.T.);
#1361=ADVANCED_FACE('',(#1220),#27,.T.);
#1362=ADVANCED_FACE('',(#1221),#28,.T.);
#1363=ADVANCED_FACE('',(#1222),#29,.T.);
#1364=ADVANCED_FACE('',(#1223),#30,.T.);
#1365=ADVANCED_FACE('',(#1224),#1288,.F.);
#1366=ADVANCED_FACE('',(#1225),#1289,.F.);
#1367=ADVANCED_FACE('',(#1226),#1290,.F.);
#1368=ADVANCED_FACE('',(#1227),#1291,.F.);
#1369=ADVANCED_FACE('',(#1228),#1292,.F.);
#1370=ADVANCED_FACE('',(#1229),#1293,.F.);
#1371=ADVANCED_FACE('',(#1230),#1294,.F.);
#1372=ADVANCED_FACE('',(#1231),#1295,.F.);
#1373=ADVANCED_FACE('',(#1232),#31,.T.);
#1374=ADVANCED_FACE('',(#1233),#1296,.T.);
#1375=ADVANCED_FACE('',(#1234),#1297,.T.);
#1376=ADVANCED_FACE('',(#1235),#1298,.T.);
#1377=ADVANCED_FACE('',(#1236),#1299,.F.);
#1378=ADVANCED_FACE('',(#1237),#1300,.F.);
#1379=ADVANCED_FACE('',(#1238),#1301,.T.);
#1380=ADVANCED_FACE('',(#1239),#1302,.T.);
#1381=ADVANCED_FACE('',(#1240),#32,.F.);
#1382=ADVANCED_FACE('',(#1241),#33,.F.);
#1383=ADVANCED_FACE('',(#1242),#1303,.T.);
#1384=ADVANCED_FACE('',(#1243),#1304,.T.);
#1385=ADVANCED_FACE('',(#1244),#1305,.T.);
#1386=ADVANCED_FACE('',(#1245),#1306,.F.);
#1387=ADVANCED_FACE('',(#1246),#34,.F.);
#1388=ADVANCED_FACE('',(#1247),#1307,.T.);
#1389=ADVANCED_FACE('',(#1248),#1308,.T.);
#1390=ADVANCED_FACE('',(#1249),#1309,.F.);
#1391=ADVANCED_FACE('',(#1250),#1310,.T.);
#1392=ADVANCED_FACE('',(#1251),#1311,.T.);
#1393=ADVANCED_FACE('',(#1252),#1312,.F.);
#1394=ADVANCED_FACE('',(#1253),#35,.T.);
#1395=ADVANCED_FACE('',(#1254),#1313,.T.);
#1396=ADVANCED_FACE('',(#1255),#1314,.T.);
#1397=ADVANCED_FACE('',(#1256),#36,.T.);
#1398=ADVANCED_FACE('',(#1257),#1315,.T.);
#1399=ADVANCED_FACE('',(#1258),#1316,.T.);
#1400=ADVANCED_FACE('',(#1259),#1317,.F.);
#1401=CLOSED_SHELL('',(#1318,#1319,#1320,#1321,#1322,#1323,#1324,#1325,
#1326,#1327,#1328,#1329,#1330,#1331,#1332,#1333,#1334,#1335,#1336,#1337,
#1338,#1339,#1340,#1341,#1342,#1343,#1344,#1345,#1346,#1347,#1348,#1349,
#1350,#1351,#1352,#1353,#1354,#1355,#1356,#1357,#1358,#1359,#1360,#1361,
#1362,#1363,#1364,#1365,#1366,#1367,#1368,#1369,#1370,#1371,#1372,#1373,
#1374,#1375,#1376,#1377,#1378,#1379,#1380,#1381,#1382,#1383,#1384,#1385,
#1386,#1387,#1388,#1389,#1390,#1391,#1392,#1393,#1394,#1395,#1396,#1397,
#1398,#1399,#1400));
#1402=STYLED_ITEM('',(#1403),#1410);
#1403=PRESENTATION_STYLE_ASSIGNMENT((#1404));
#1404=SURFACE_STYLE_USAGE(.BOTH.,#1405);
#1405=SURFACE_SIDE_STYLE('',(#1406));
#1406=SURFACE_STYLE_FILL_AREA(#1407);
#1407=FILL_AREA_STYLE('',(#1408));
#1408=FILL_AREA_STYLE_COLOUR('',#1409);
#1409=COLOUR_RGB('',0.231372549019608,0.380392156862745,0.705882352941177);
#1410=MANIFOLD_SOLID_BREP('Mouthpiece',#1401);
#1411=SHAPE_DEFINITION_REPRESENTATION(#3493,#1412);
#1412=SHAPE_REPRESENTATION('Mouthpiece',(#1413),#3488);
#1413=AXIS2_PLACEMENT_3D('',#1688,#1480,#1481);
#1414=AXIS2_PLACEMENT_3D('',#1697,#1482,#1483);
#1415=AXIS2_PLACEMENT_3D('',#1756,#1485,#1486);
#1416=AXIS2_PLACEMENT_3D('',#1800,#1487,#1488);
#1417=AXIS2_PLACEMENT_3D('',#1814,#1489,#1490);
#1418=AXIS2_PLACEMENT_3D('',#1828,#1491,#1492);
#1419=AXIS2_PLACEMENT_3D('',#1842,#1493,#1494);
#1420=AXIS2_PLACEMENT_3D('',#1856,#1495,#1496);
#1421=AXIS2_PLACEMENT_3D('',#1870,#1497,#1498);
#1422=AXIS2_PLACEMENT_3D('',#1876,#1499,#1500);
#1423=AXIS2_PLACEMENT_3D('',#2057,#1501,#1502);
#1424=AXIS2_PLACEMENT_3D('',#2071,#1506,#1507);
#1425=AXIS2_PLACEMENT_3D('',#2083,#1509,#1510);
#1426=AXIS2_PLACEMENT_3D('',#2087,#1512,#1513);
#1427=AXIS2_PLACEMENT_3D('',#2097,#1517,#1518);
#1428=AXIS2_PLACEMENT_3D('',#2109,#1520,#1521);
#1429=AXIS2_PLACEMENT_3D('',#2113,#1523,#1524);
#1430=AXIS2_PLACEMENT_3D('',#2136,#1526,#1527);
#1431=AXIS2_PLACEMENT_3D('',#2140,#1529,#1530);
#1432=AXIS2_PLACEMENT_3D('',#2145,#1531,#1532);
#1433=AXIS2_PLACEMENT_3D('',#2148,#1533,#1534);
#1434=AXIS2_PLACEMENT_3D('',#2150,#1535,#1536);
#1435=AXIS2_PLACEMENT_3D('',#2152,#1537,#1538);
#1436=AXIS2_PLACEMENT_3D('',#2154,#1539,#1540);
#1437=AXIS2_PLACEMENT_3D('',#2158,#1542,#1543);
#1438=AXIS2_PLACEMENT_3D('',#2160,#1544,#1545);
#1439=AXIS2_PLACEMENT_3D('',#2162,#1546,#1547);
#1440=AXIS2_PLACEMENT_3D('',#2166,#1549,#1550);
#1441=AXIS2_PLACEMENT_3D('',#2168,#1551,#1552);
#1442=AXIS2_PLACEMENT_3D('',#2170,#1553,#1554);
#1443=AXIS2_PLACEMENT_3D('',#2172,#1555,#1556);
#1444=AXIS2_PLACEMENT_3D('',#2179,#1558,#1559);
#1445=AXIS2_PLACEMENT_3D('',#2182,#1560,#1561);
#1446=AXIS2_PLACEMENT_3D('',#2184,#1562,#1563);
#1447=AXIS2_PLACEMENT_3D('',#2188,#1565,#1566);
#1448=AXIS2_PLACEMENT_3D('',#2190,#1567,#1568);
#1449=AXIS2_PLACEMENT_3D('',#2192,#1569,#1570);
#1450=AXIS2_PLACEMENT_3D('',#2194,#1571,#1572);
#1451=AXIS2_PLACEMENT_3D('',#2198,#1574,#1575);
#1452=AXIS2_PLACEMENT_3D('',#2200,#1576,#1577);
#1453=AXIS2_PLACEMENT_3D('',#2202,#1578,#1579);
#1454=AXIS2_PLACEMENT_3D('',#2206,#1581,#1582);
#1455=AXIS2_PLACEMENT_3D('',#2208,#1583,#1584);
#1456=AXIS2_PLACEMENT_3D('',#2241,#1593,#1594);
#1457=AXIS2_PLACEMENT_3D('',#2250,#1595,#1596);
#1458=AXIS2_PLACEMENT_3D('',#2251,#1597,#1598);
#1459=AXIS2_PLACEMENT_3D('',#2260,#1599,#1600);
#1460=AXIS2_PLACEMENT_3D('',#2261,#1601,#1602);
#1461=AXIS2_PLACEMENT_3D('',#2270,#1603,#1604);
#1462=AXIS2_PLACEMENT_3D('',#2272,#1605,#1606);
#1463=AXIS2_PLACEMENT_3D('',#2273,#1607,#1608);
#1464=AXIS2_PLACEMENT_3D('',#2275,#1609,#1610);
#1465=AXIS2_PLACEMENT_3D('',#2284,#1611,#1612);
#1466=AXIS2_PLACEMENT_3D('',#2285,#1613,#1614);
#1467=AXIS2_PLACEMENT_3D('',#2294,#1615,#1616);
#1468=AXIS2_PLACEMENT_3D('',#2298,#1618,#1619);
#1469=AXIS2_PLACEMENT_3D('',#2310,#1621,#1622);
#1470=AXIS2_PLACEMENT_3D('',#2311,#1623,#1624);
#1471=AXIS2_PLACEMENT_3D('',#2320,#1625,#1626);
#1472=AXIS2_PLACEMENT_3D('',#2321,#1627,#1628);
#1473=AXIS2_PLACEMENT_3D('',#2330,#1629,#1630);
#1474=AXIS2_PLACEMENT_3D('',#2331,#1631,#1632);
#1475=AXIS2_PLACEMENT_3D('',#2432,#1633,#1634);
#1476=AXIS2_PLACEMENT_3D('',#2446,#1635,#1636);
#1477=AXIS2_PLACEMENT_3D('',#2460,#1637,#1638);
#1478=AXIS2_PLACEMENT_3D('',#2474,#1639,#1640);
#1479=AXIS2_PLACEMENT_3D('',#2485,#1641,#1642);
#1480=DIRECTION('',(0.,0.,1.));
#1481=DIRECTION('',(1.,0.,0.));
#1482=DIRECTION('',(0.,1.,0.));
#1483=DIRECTION('',(0.,0.,1.));
#1484=DIRECTION('',(0.,-1.,0.));
#1485=DIRECTION('',(0.,1.,0.));
#1486=DIRECTION('',(0.,0.,1.));
#1487=DIRECTION('',(0.,1.,0.));
#1488=DIRECTION('',(0.,0.,1.));
#1489=DIRECTION('',(0.,1.,0.));
#1490=DIRECTION('',(0.,0.,1.));
#1491=DIRECTION('',(0.,1.,0.));
#1492=DIRECTION('',(0.,0.,1.));
#1493=DIRECTION('',(0.,1.,0.));
#1494=DIRECTION('',(0.,0.,1.));
#1495=DIRECTION('',(0.,1.,0.));
#1496=DIRECTION('',(0.,0.,1.));
#1497=DIRECTION('',(0.,1.,0.));
#1498=DIRECTION('',(0.,0.,1.));
#1499=DIRECTION('',(0.,1.,0.));
#1500=DIRECTION('',(0.,0.,1.));
#1501=DIRECTION('',(0.,1.,0.));
#1502=DIRECTION('',(0.,0.,1.));
#1503=DIRECTION('',(0.,0.,1.));
#1504=DIRECTION('',(1.,0.,0.));
#1505=DIRECTION('',(0.,0.,1.));
#1506=DIRECTION('',(0.,1.,0.));
#1507=DIRECTION('',(0.,0.,1.));
#1508=DIRECTION('',(0.,0.,-1.));
#1509=DIRECTION('',(0.,0.,1.));
#1510=DIRECTION('',(1.,0.,0.));
#1511=DIRECTION('',(0.,0.,-1.));
#1512=DIRECTION('',(0.,0.,1.));
#1513=DIRECTION('',(1.,0.,0.));
#1514=DIRECTION('',(0.,0.,1.));
#1515=DIRECTION('',(-1.,0.,0.));
#1516=DIRECTION('',(0.,0.,1.));
#1517=DIRECTION('',(0.,1.,0.));
#1518=DIRECTION('',(0.,0.,1.));
#1519=DIRECTION('',(0.,0.,-1.));
#1520=DIRECTION('',(0.,0.,1.));
#1521=DIRECTION('',(1.,0.,0.));
#1522=DIRECTION('',(0.,0.,-1.));
#1523=DIRECTION('',(0.,0.,1.));
#1524=DIRECTION('',(1.,0.,0.));
#1525=DIRECTION('',(0.,0.,-1.));
#1526=DIRECTION('',(0.,0.,1.));
#1527=DIRECTION('',(1.,0.,0.));
#1528=DIRECTION('',(0.,0.,-1.));
#1529=DIRECTION('',(0.,0.,1.));
#1530=DIRECTION('',(1.,0.,0.));
#1531=DIRECTION('',(0.,0.,1.));
#1532=DIRECTION('',(1.,0.,0.));
#1533=DIRECTION('',(0.,0.,1.));
#1534=DIRECTION('',(1.,0.,0.));
#1535=DIRECTION('',(0.,0.,1.));
#1536=DIRECTION('',(1.,0.,0.));
#1537=DIRECTION('',(0.,0.,1.));
#1538=DIRECTION('',(1.,0.,0.));
#1539=DIRECTION('',(0.,0.,1.));
#1540=DIRECTION('',(1.,0.,0.));
#1541=DIRECTION('',(-0.550458715596331,0.8348623853211,0.));
#1542=DIRECTION('',(0.,0.,1.));
#1543=DIRECTION('',(1.,0.,0.));
#1544=DIRECTION('',(0.,0.,1.));
#1545=DIRECTION('',(1.,0.,0.));
#1546=DIRECTION('',(0.,0.,1.));
#1547=DIRECTION('',(1.,0.,0.));
#1548=DIRECTION('',(-0.55045871559633,-0.834862385321102,0.));
#1549=DIRECTION('',(0.,0.,1.));
#1550=DIRECTION('',(1.,0.,0.));
#1551=DIRECTION('',(0.,0.,1.));
#1552=DIRECTION('',(1.,0.,0.));
#1553=DIRECTION('',(0.,0.,1.));
#1554=DIRECTION('',(1.,0.,0.));
#1555=DIRECTION('',(0.,0.,1.));
#1556=DIRECTION('',(1.,0.,0.));
#1557=DIRECTION('',(1.,0.,0.));
#1558=DIRECTION('',(0.,0.,1.));
#1559=DIRECTION('',(1.,0.,0.));
#1560=DIRECTION('',(0.,0.,1.));
#1561=DIRECTION('',(1.,0.,0.));
#1562=DIRECTION('',(0.,0.,1.));
#1563=DIRECTION('',(1.,0.,0.));
#1564=DIRECTION('',(-1.,0.,0.));
#1565=DIRECTION('',(0.,0.,1.));
#1566=DIRECTION('',(1.,0.,0.));
#1567=DIRECTION('',(0.,0.,1.));
#1568=DIRECTION('',(1.,0.,0.));
#1569=DIRECTION('',(0.,0.,1.));
#1570=DIRECTION('',(1.,0.,0.));
#1571=DIRECTION('',(0.,0.,1.));
#1572=DIRECTION('',(1.,0.,0.));
#1573=DIRECTION('',(0.55045871559633,0.834862385321102,0.));
#1574=DIRECTION('',(0.,0.,1.));
#1575=DIRECTION('',(1.,0.,0.));
#1576=DIRECTION('',(0.,0.,1.));
#1577=DIRECTION('',(1.,0.,0.));
#1578=DIRECTION('',(0.,0.,1.));
#1579=DIRECTION('',(1.,0.,0.));
#1580=DIRECTION('',(0.550458715596331,-0.8348623853211,0.));
#1581=DIRECTION('',(0.,0.,1.));
#1582=DIRECTION('',(1.,0.,0.));
#1583=DIRECTION('',(0.,0.,1.));
#1584=DIRECTION('',(1.,0.,0.));
#1585=DIRECTION('',(0.,0.,-1.));
#1586=DIRECTION('',(0.550458715596329,0.834862385321102,0.));
#1587=DIRECTION('',(0.,0.,1.));
#1588=DIRECTION('',(-0.550458715596329,-0.834862385321102,0.));
#1589=DIRECTION('',(0.,0.,-1.));
#1590=DIRECTION('',(0.550458715596331,-0.8348623853211,0.));
#1591=DIRECTION('',(0.,0.,1.));
#1592=DIRECTION('',(-0.550458715596331,0.8348623853211,0.));
#1593=DIRECTION('',(0.,1.,0.));
#1594=DIRECTION('',(0.,0.,1.));
#1595=DIRECTION('',(0.,0.,1.));
#1596=DIRECTION('',(1.,0.,0.));
#1597=DIRECTION('',(0.,0.,1.));
#1598=DIRECTION('',(1.,0.,0.));
#1599=DIRECTION('',(0.,0.,1.));
#1600=DIRECTION('',(1.,0.,0.));
#1601=DIRECTION('',(0.,0.,1.));
#1602=DIRECTION('',(1.,0.,0.));
#1603=DIRECTION('',(0.,0.,1.));
#1604=DIRECTION('',(1.,0.,0.));
#1605=DIRECTION('',(0.,0.,1.));
#1606=DIRECTION('',(1.,0.,0.));
#1607=DIRECTION('',(0.,0.,1.));
#1608=DIRECTION('',(1.,0.,0.));
#1609=DIRECTION('',(0.,0.,1.));
#1610=DIRECTION('',(1.,0.,0.));
#1611=DIRECTION('',(0.,0.,1.));
#1612=DIRECTION('',(1.,0.,0.));
#1613=DIRECTION('',(0.,0.,1.));
#1614=DIRECTION('',(1.,0.,0.));
#1615=DIRECTION('',(0.,0.,1.));
#1616=DIRECTION('',(1.,0.,0.));
#1617=DIRECTION('',(0.,0.,-1.));
#1618=DIRECTION('',(0.,0.,1.));
#1619=DIRECTION('',(1.,0.,0.));
#1620=DIRECTION('',(0.,0.,-1.));
#1621=DIRECTION('',(0.,0.,1.));
#1622=DIRECTION('',(1.,0.,0.));
#1623=DIRECTION('',(0.,0.,1.));
#1624=DIRECTION('',(1.,0.,0.));
#1625=DIRECTION('',(0.,0.,1.));
#1626=DIRECTION('',(1.,0.,0.));
#1627=DIRECTION('',(0.,0.,1.));
#1628=DIRECTION('',(1.,0.,0.));
#1629=DIRECTION('',(0.,0.,1.));
#1630=DIRECTION('',(1.,0.,0.));
#1631=DIRECTION('',(0.,0.,1.));
#1632=DIRECTION('',(1.,0.,0.));
#1633=DIRECTION('',(0.,1.,0.));
#1634=DIRECTION('',(0.,0.,1.));
#1635=DIRECTION('',(0.,1.,0.));
#1636=DIRECTION('',(0.,0.,1.));
#1637=DIRECTION('',(0.,1.,0.));
#1638=DIRECTION('',(0.,0.,1.));
#1639=DIRECTION('',(0.,1.,0.));
#1640=DIRECTION('',(0.,0.,1.));
#1641=DIRECTION('',(0.,1.,0.));
#1642=DIRECTION('',(0.,0.,1.));
#1643=DIRECTION('',(0.,-1.,0.));
#1644=DIRECTION('',(0.,-1.,0.));
#1645=DIRECTION('',(0.,-1.,0.));
#1646=DIRECTION('',(0.,-1.,0.));
#1647=DIRECTION('',(0.,-1.,0.));
#1648=DIRECTION('',(0.,-1.,0.));
#1649=DIRECTION('',(0.,-1.,0.));
#1650=DIRECTION('',(0.,-1.,0.));
#1651=DIRECTION('',(0.,-1.,0.));
#1652=DIRECTION('',(0.,-1.,0.));
#1653=DIRECTION('',(0.,-1.,0.));
#1654=DIRECTION('',(0.,-1.,0.));
#1655=DIRECTION('',(0.,-1.,0.));
#1656=DIRECTION('',(0.,-1.,0.));
#1657=DIRECTION('',(0.,-1.,0.));
#1658=DIRECTION('',(0.,-1.,0.));
#1659=DIRECTION('',(0.,-1.,0.));
#1660=DIRECTION('',(0.590336854018126,-0.389233090561401,0.707106781186549));
#1661=DIRECTION('',(-0.590336854018126,0.389233090561402,-0.707106781186549));
#1662=DIRECTION('',(-0.377207278728202,-0.598092525345756,-0.707106781186548));
#1663=DIRECTION('',(-0.3764245414044,-0.59858546977728,0.707106781186548));
#1664=DIRECTION('',(-0.214640823198544,-0.673742767691536,-0.707106781186548));
#1665=DIRECTION('',(0.376424541404399,-0.598585469777281,0.707106781186547));
#1666=DIRECTION('',(-0.705272460678693,-0.0508994715907779,-0.707106781186549));
#1667=DIRECTION('',(-0.590336854018126,-0.389233090561403,0.707106781186548));
#1668=DIRECTION('',(0.,-0.707106781186548,-0.707106781186548));
#1669=DIRECTION('',(-0.590336854018126,-0.389233090561401,0.707106781186548));
#1670=DIRECTION('',(0.,-0.707106781186548,-0.707106781186548));
#1671=DIRECTION('',(-0.377207278728202,0.598092525345756,0.707106781186548));
#1672=DIRECTION('',(0.705272460678693,-0.0508994715907754,-0.707106781186548));
#1673=DIRECTION('',(-0.214640823198544,0.673742767691537,0.707106781186547));
#1674=DIRECTION('',(0.590336854018126,-0.389233090561401,-0.707106781186548));
#1675=DIRECTION('',(-0.590336854018126,0.389233090561401,0.707106781186548));
#1676=DIRECTION('',(0.3764245414044,0.59858546977728,0.707106781186548));
#1677=DIRECTION('',(0.377207278728202,0.598092525345756,-0.707106781186548));
#1678=DIRECTION('',(-0.376424541404397,0.598585469777276,0.707106781186553));
#1679=DIRECTION('',(0.214640823198544,0.673742767691536,-0.707106781186548));
#1680=DIRECTION('',(0.590336854018126,0.389233090561401,0.707106781186548));
#1681=DIRECTION('',(0.705272460678694,0.0508994715907779,-0.707106781186547));
#1682=DIRECTION('',(0.590336854018126,0.389233090561401,0.707106781186548));
#1683=DIRECTION('',(0.,0.707106781186548,-0.707106781186547));
#1684=DIRECTION('',(0.377207278728202,-0.598092525345756,0.707106781186548));
#1685=DIRECTION('',(0.,0.707106781186548,-0.707106781186548));
#1686=DIRECTION('',(0.214640823198546,-0.673742767691539,0.707106781186544));
#1687=DIRECTION('',(-0.705272460678693,0.0508994715907754,-0.707106781186549));
#1688=CARTESIAN_POINT('',(0.,0.,0.));
#1689=CARTESIAN_POINT('',(0.,-24.3595094005337,10.));
#1690=CARTESIAN_POINT('',(0.,-4.85896822240581,10.));
#1691=CARTESIAN_POINT('',(0.800980110022798,-24.3595094005337,10.));
#1692=CARTESIAN_POINT('',(0.800980110022798,-4.85896822240581,10.));
#1693=CARTESIAN_POINT('',(1.62881369390139,-24.3595094005337,9.90407235059822));
#1694=CARTESIAN_POINT('',(1.62881369390139,-4.85896822240581,9.90407235059822));
#1695=CARTESIAN_POINT('',(2.46458315613445,-24.3595094005337,9.69153392742853));
#1696=CARTESIAN_POINT('',(2.46458315613445,-4.85896822240581,9.69153392742853));
#1697=CARTESIAN_POINT('',(0.,-24.3595094005226,0.));
#1698=CARTESIAN_POINT('',(0.,-24.3595094005226,10.));
#1699=CARTESIAN_POINT('',(2.46458315613445,-24.3595094005226,9.69153392742854));
#1700=CARTESIAN_POINT('',(0.,-25.3535381448325,10.));
#1701=CARTESIAN_POINT('',(0.,-3.48490577048811,10.));
#1702=CARTESIAN_POINT('',(-1.62630325872826E-16,-5.,10.));
#1703=CARTESIAN_POINT('',(0.,-5.,10.));
#1704=CARTESIAN_POINT('',(0.786832693712609,-5.,10.));
#1705=CARTESIAN_POINT('',(1.62340932384085,-4.9917578789957,9.90544616067872));
#1706=CARTESIAN_POINT('',(2.46457735823961,-4.97527363698709,9.69153540184695));
#1707=CARTESIAN_POINT('',(2.46458315613445,-4.97558862858684,9.69153392742854));
#1708=CARTESIAN_POINT('',(2.46458315613445,-14.8911070884119,9.69153392742854));
#1709=CARTESIAN_POINT('',(5.42101086242752E-17,-5.,10.));
#1710=CARTESIAN_POINT('',(0.661000222359304,-5.,10.));
#1711=CARTESIAN_POINT('',(1.31088918023215,-4.99473951072851,9.9351071790352));
#1712=CARTESIAN_POINT('',(2.26975234287629,-4.97971614710097,9.7444558892454));
#1713=CARTESIAN_POINT('',(2.586691977191,-4.97351880824242,9.66523752776437));
#1714=CARTESIAN_POINT('',(3.08173053981391,-4.96197904354908,9.51517969961161));
#1715=CARTESIAN_POINT('',(3.26192179996932,-4.95737801536166,9.45488440970469));
#1716=CARTESIAN_POINT('',(3.44002138330758,-4.95245490474359,9.38964550961888));
#1717=CARTESIAN_POINT('',(1.62630325872826E-16,-5.,9.));
#1718=CARTESIAN_POINT('',(0.594900200123374,-5.,9.));
#1719=CARTESIAN_POINT('',(1.17980026220894,-4.99473951072851,8.94159646113168));
#1720=CARTESIAN_POINT('',(2.04277710858866,-4.97971614710097,8.77001030032086));
#1721=CARTESIAN_POINT('',(2.32802277947189,-4.97351880824242,8.69871377498793));
#1722=CARTESIAN_POINT('',(2.77355748583252,-4.96197904354908,8.56366172965044));
#1723=CARTESIAN_POINT('',(2.93572961997239,-4.95737801536166,8.50939596873422));
#1724=CARTESIAN_POINT('',(3.09601924497682,-4.95245490474359,8.45068095865699));
#1725=CARTESIAN_POINT('',(5.42101086242752E-17,-5.,10.));
#1726=CARTESIAN_POINT('',(1.62630325872826E-16,-5.,9.));
#1727=CARTESIAN_POINT('',(1.62630325872826E-16,-5.,8.99));
#1728=CARTESIAN_POINT('',(-1.0842021724855E-16,-5.,9.));
#1729=CARTESIAN_POINT('',(0.,-5.,9.));
#1730=CARTESIAN_POINT('',(1.0571185527912,-5.,9.));
#1731=CARTESIAN_POINT('',(2.08730337371244,-4.98326789082222,8.81788711534102));
#1732=CARTESIAN_POINT('',(3.07820737377047,-4.95300378869513,8.45722409328647));
#1733=CARTESIAN_POINT('',(3.07822658206429,-4.95300223866165,8.45727699720059));
#1734=CARTESIAN_POINT('',(3.0782072950544,-4.95300080407023,8.45722412238982));
#1735=CARTESIAN_POINT('',(2.8379935095618,-4.96033647737953,8.5446472619403));
#1736=CARTESIAN_POINT('',(2.43623975100129,-4.9726967624647,8.90691764927358));
#1737=CARTESIAN_POINT('',(2.38924158507523,-4.97584532785559,9.44714868299321));
#1738=CARTESIAN_POINT('',(2.46458315932753,-4.97559992328254,9.69153393778595));
#1739=CARTESIAN_POINT('',(1.10218211923262E-15,-5.03000002594069,-9.));
#1740=CARTESIAN_POINT('',(1.10218211923262E-15,-2.43945488809238E-16,-9.));
#1741=CARTESIAN_POINT('',(-18.,-5.03000002594069,-9.));
#1742=CARTESIAN_POINT('',(-18.,-5.28548559086683E-16,-9.));
#1743=CARTESIAN_POINT('',(-18.,-5.03000002594069,9.));
#1744=CARTESIAN_POINT('',(-18.,-5.28548559086683E-16,9.));
#1745=CARTESIAN_POINT('',(0.,-5.03000002594069,9.));
#1746=CARTESIAN_POINT('',(0.,-2.43945488809238E-16,9.));
#1747=CARTESIAN_POINT('',(-0.000521029990711142,-4.99999999865385,-9.00000013573614));
#1748=CARTESIAN_POINT('',(-0.0250102702220925,-4.99999987211208,-9.00001289536648));
#1749=CARTESIAN_POINT('',(-0.0494425091710589,-4.99999082449603,-9.00092399593783));
#1750=CARTESIAN_POINT('',(-0.0738180743982402,-4.99997297962559,-9.00272827579835));
#1751=CARTESIAN_POINT('',(-0.000521030066184296,-4.99999999846194,-8.99999999262437));
#1752=CARTESIAN_POINT('',(-0.0739913811592308,-4.99997610741077,-9.00038695695176));
#1753=CARTESIAN_POINT('',(1.10218211923262E-15,-5.28150815540674,-9.));
#1754=CARTESIAN_POINT('',(1.10218211923262E-15,0.251500388352702,-9.));
#1755=CARTESIAN_POINT('',(1.10218211923262E-15,0.,-9.));
#1756=CARTESIAN_POINT('',(0.,0.,0.));
#1757=CARTESIAN_POINT('',(0.,0.,9.));
#1758=CARTESIAN_POINT('',(0.,-5.28150815540674,9.));
#1759=CARTESIAN_POINT('',(0.,0.251500388352702,9.));
#1760=CARTESIAN_POINT('',(-3.07766720341295,-4.95302028508141,8.45742068156931));
#1761=CARTESIAN_POINT('',(-2.10189471640051,-4.98281700729086,8.81250565302111));
#1762=CARTESIAN_POINT('',(-1.05307043380077,-5.,9.));
#1763=CARTESIAN_POINT('',(0.,-5.,9.));
#1764=CARTESIAN_POINT('',(-3.07769113016468,-4.95301958474071,8.45748649098335));
#1765=CARTESIAN_POINT('',(-7.79426714872127,-4.69830601829305,4.49993328999046));
#1766=CARTESIAN_POINT('',(-6.75148579507773,-4.7791533664555,6.30611927636542));
#1767=CARTESIAN_POINT('',(-5.03912882010107,-4.8931240206398,7.74364205854423));
#1768=CARTESIAN_POINT('',(-3.07766720341295,-4.95302028508141,8.45742068156931));
#1769=CARTESIAN_POINT('',(-7.7945682296751,-4.69828394590036,4.50010810371473));
#1770=CARTESIAN_POINT('',(-8.8632996295461,-4.60970042604691,-1.56266428796719));
#1771=CARTESIAN_POINT('',(-9.22529836741582,-4.57775691379754,0.490561925726255));
#1772=CARTESIAN_POINT('',(-8.83628046843675,-4.61751821617653,2.69507760369527));
#1773=CARTESIAN_POINT('',(-7.79426714872128,-4.69830601829305,4.49993328999045));
#1774=CARTESIAN_POINT('',(-8.86370841427057,-4.60966471654422,-1.56273691525018));
#1775=CARTESIAN_POINT('',(-5.7873628692075,-4.83377918178368,-6.89249091549044));
#1776=CARTESIAN_POINT('',(-7.38379209550432,-4.74200029792823,-5.55202992092844));
#1777=CARTESIAN_POINT('',(-8.50128184685374,-4.64164561885056,-3.61599852228334));
#1778=CARTESIAN_POINT('',(-8.8632996295461,-4.60970042604691,-1.56266428796719));
#1779=CARTESIAN_POINT('',(-5.78749816679435,-4.83377237438636,-6.89265251496861));
#1780=CARTESIAN_POINT('',(-0.0739856975761595,-4.99997285677264,-8.99969589022619));
#1781=CARTESIAN_POINT('',(-2.13854318672564,-4.99845800288366,-8.98272334716652));
#1782=CARTESIAN_POINT('',(-4.20879887561184,-4.92453099153516,-8.2179511526119));
#1783=CARTESIAN_POINT('',(-5.7873628692075,-4.83377918178367,-6.89249091549044));
#1784=CARTESIAN_POINT('',(0.,-25.,-10.5726353863185));
#1785=CARTESIAN_POINT('',(-21.145270772637,-25.,-10.5726353863185));
#1786=CARTESIAN_POINT('',(-21.145270772637,-25.,10.5726353863185));
#1787=CARTESIAN_POINT('',(0.,-25.,10.5726353863185));
#1788=CARTESIAN_POINT('',(0.,-24.0354056795006,-9.54805908589518));
#1789=CARTESIAN_POINT('',(-19.0961181717904,-24.0354056795006,-9.54805908589519));
#1790=CARTESIAN_POINT('',(-19.0961181717904,-24.0354056795006,9.54805908589519));
#1791=CARTESIAN_POINT('',(0.,-24.0354056795006,9.54805908589518));
#1792=CARTESIAN_POINT('',(0.,-22.7424156718183,-8.99336569797623));
#1793=CARTESIAN_POINT('',(-17.9867313959525,-22.7424156718183,-8.99336569797623));
#1794=CARTESIAN_POINT('',(-17.9867313959525,-22.7424156718183,8.99336569797623));
#1795=CARTESIAN_POINT('',(0.,-22.7424156718183,8.99336569797623));
#1796=CARTESIAN_POINT('',(0.,-21.33572735461,-9.00005655889067));
#1797=CARTESIAN_POINT('',(-18.0001131177813,-21.33572735461,-9.00005655889067));
#1798=CARTESIAN_POINT('',(-18.0001131177813,-21.33572735461,9.00005655889067));
#1799=CARTESIAN_POINT('',(0.,-21.33572735461,9.00005655889067));
#1800=CARTESIAN_POINT('',(0.,-25.,0.));
#1801=CARTESIAN_POINT('',(0.,-25.,-10.5726353863185));
#1802=CARTESIAN_POINT('',(-10.5726353863184,-25.,1.19117560572581E-6));
#1803=CARTESIAN_POINT('',(0.,-25.5777409896631,-11.3155033506491));
#1804=CARTESIAN_POINT('',(0.,-24.442094445914,-9.53102724556655));
#1805=CARTESIAN_POINT('',(0.,-22.500331480242,-8.6922158084221));
#1806=CARTESIAN_POINT('',(0.,-20.4226028275939,-9.08856374635656));
#1807=CARTESIAN_POINT('',(5.51091059616309E-16,-21.3595094005226,-9.));
#1808=CARTESIAN_POINT('',(-0.99874921777191,-24.3595094005226,-9.95));
#1809=CARTESIAN_POINT('',(-0.981682890510509,-23.9049765737875,-9.60910037994874));
#1810=CARTESIAN_POINT('',(-0.65690679397599,-22.912530667918,-9.1400493214928));
#1811=CARTESIAN_POINT('',(-0.219044688646798,-21.8758039711225,-9.));
#1812=CARTESIAN_POINT('',(1.49941093310351E-15,-21.3595094005226,-9.));
#1813=CARTESIAN_POINT('',(-0.99874921777191,-24.3595094005226,-9.95));
#1814=CARTESIAN_POINT('',(0.,-24.3595094005226,0.));
#1815=CARTESIAN_POINT('',(-5.63065042803747,-24.3595094005226,-8.26412583140174));
#1816=CARTESIAN_POINT('',(-5.63065042803728,-24.3595094005229,-8.26412583140147));
#1817=CARTESIAN_POINT('',(-5.42459525102777,-23.9049706393288,-7.99200799532222));
#1818=CARTESIAN_POINT('',(-5.3716368646053,-22.9132902845378,-7.42413595963769));
#1819=CARTESIAN_POINT('',(-5.61780800903255,-21.874211720489,-7.03476497558653));
#1820=CARTESIAN_POINT('',(-5.78508848717886,-21.3595094005225,-6.8943999880708));
#1821=CARTESIAN_POINT('',(-5.78508848717886,-21.3595094005226,-6.89439998807081));
#1822=CARTESIAN_POINT('',(-5.78508848717886,-21.3595094005228,-6.8943999880708));
#1823=CARTESIAN_POINT('',(-5.95216289697653,-21.873577672345,-6.75420791243041));
#1824=CARTESIAN_POINT('',(-6.37613985753793,-22.9081669579181,-6.58011372139975));
#1825=CARTESIAN_POINT('',(-6.92691652338817,-23.9016353717394,-6.72814535780558));
#1826=CARTESIAN_POINT('',(-7.16082300472983,-24.3595094005327,-6.98015858667148));
#1827=CARTESIAN_POINT('',(-7.16082300472983,-24.3595094005327,-6.98015858667148));
#1828=CARTESIAN_POINT('',(0.,-24.3595094005226,0.));
#1829=CARTESIAN_POINT('',(-9.62540616085911,-24.3595094005226,-2.71137534076261));
#1830=CARTESIAN_POINT('',(-9.62540616085911,-24.3595094005226,-2.71137534076261));
#1831=CARTESIAN_POINT('',(-9.29264910866212,-23.9049765737875,-2.63537169157089));
#1832=CARTESIAN_POINT('',(-8.8871207670473,-22.9125306679135,-2.23407981218725));
#1833=CARTESIAN_POINT('',(-8.82523306610235,-21.8758039711313,-1.7785505066174));
#1834=CARTESIAN_POINT('',(-8.86326977710987,-21.3595094005225,-1.56283359900237));
#1835=CARTESIAN_POINT('',(-8.86326977710988,-21.3595094005226,-1.56283359900237));
#1836=CARTESIAN_POINT('',(-9.97226812408384,-24.3595094005226,-0.744223394809299));
#1837=CARTESIAN_POINT('',(-9.63358399863003,-23.9049765737875,-0.701833848422518));
#1838=CARTESIAN_POINT('',(-9.11526210239094,-22.9125306679182,-0.940226004749661));
#1839=CARTESIAN_POINT('',(-8.9013064881212,-21.875803971122,-1.3471166913658));
#1840=CARTESIAN_POINT('',(-8.86326977710987,-21.3595094005226,-1.56283359900237));
#1841=CARTESIAN_POINT('',(-9.97226812408384,-24.3595094005226,-0.744223394809298));
#1842=CARTESIAN_POINT('',(0.,-24.3595094005226,0.));
#1843=CARTESIAN_POINT('',(-9.11632737654112,-24.3595094005226,4.11005780539969));
#1844=CARTESIAN_POINT('',(-9.11632737654088,-24.3595094005228,4.11005780539957));
#1845=CARTESIAN_POINT('',(-8.81256251571444,-23.904970639125,3.95438583580834));
#1846=CARTESIAN_POINT('',(-8.24412161032353,-22.9132903105483,4.00084194077149));
#1847=CARTESIAN_POINT('',(-7.90341320030093,-21.8742116659612,4.31088678386825));
#1848=CARTESIAN_POINT('',(-7.79422863405994,-21.3595094005226,4.5));
#1849=CARTESIAN_POINT('',(-7.79422863405995,-21.3595094005226,4.5));
#1850=CARTESIAN_POINT('',(-7.79422863405995,-21.3595094005228,4.5));
#1851=CARTESIAN_POINT('',(-7.68517382933356,-21.8735999628617,4.68888846259561));
#1852=CARTESIAN_POINT('',(-7.58733408015229,-22.9082401554439,5.13668583048752));
#1853=CARTESIAN_POINT('',(-7.82883621289541,-23.9017306082306,5.65338972669209));
#1854=CARTESIAN_POINT('',(-8.11757815876921,-24.3595094005226,5.83994219460032));
#1855=CARTESIAN_POINT('',(-8.11757815876921,-24.3595094005226,5.83994219460032));
#1856=CARTESIAN_POINT('',(0.,-24.3595094005226,0.));
#1857=CARTESIAN_POINT('',(-4.34161769604636,-24.3595094005226,9.00834922621104));
#1858=CARTESIAN_POINT('',(-4.34161769604636,-24.3595094005226,9.00834922621104));
#1859=CARTESIAN_POINT('',(-4.20898605734531,-23.9049765737875,8.69384539651614));
#1860=CARTESIAN_POINT('',(-3.7433714458108,-22.9125306679058,8.36416154518899));
#1861=CARTESIAN_POINT('',(-3.2840159674211,-21.8758039711467,8.38231589128701));
#1862=CARTESIAN_POINT('',(-3.07818128993102,-21.3595094005226,8.45723358707318));
#1863=CARTESIAN_POINT('',(-3.07818128993102,-21.3595094005226,8.45723358707318));
#1864=CARTESIAN_POINT('',(-2.46458315613694,-24.3595094005337,9.69153392743655));
#1865=CARTESIAN_POINT('',(-2.36402572101525,-23.9049765737979,9.36535604234787));
#1866=CARTESIAN_POINT('',(-2.50879051205391,-22.912530667906,8.81351225687027));
#1867=CARTESIAN_POINT('',(-2.87234661246876,-21.8758039711618,8.53215128284923));
#1868=CARTESIAN_POINT('',(-3.07818128993102,-21.3595094005226,8.45723358707318));
#1869=CARTESIAN_POINT('',(-2.46458315613691,-24.3595094005337,9.69153392743655));
#1870=CARTESIAN_POINT('',(0.,-24.3595094005226,0.));
#1871=CARTESIAN_POINT('',(0.,-25.5777409896631,11.3155033506491));
#1872=CARTESIAN_POINT('',(0.,-24.442094445914,9.53102724556655));
#1873=CARTESIAN_POINT('',(0.,-22.500331480242,8.6922158084221));
#1874=CARTESIAN_POINT('',(0.,-20.4226028275939,9.08856374635656));
#1875=CARTESIAN_POINT('',(0.,-25.,10.5726353863185));
#1876=CARTESIAN_POINT('',(0.,-25.,0.));
#1877=CARTESIAN_POINT('',(-0.000315515495096777,5.00000000054797,-11.0000000441981));
#1878=CARTESIAN_POINT('',(0.697285192179912,4.99999750506778,-11.0000220441189));
#1879=CARTESIAN_POINT('',(1.40524837829778,5.00827702259121,-10.9277212920979));
#1880=CARTESIAN_POINT('',(2.77000508725033,5.03970933757119,-10.6453342708183));
#1881=CARTESIAN_POINT('',(3.43302186982034,5.06261017565833,-10.4374592151033));
#1882=CARTESIAN_POINT('',(4.72436851303651,5.12062815685036,-9.88466906961853));
#1883=CARTESIAN_POINT('',(5.3470293607495,5.15566466579508,-9.53972245252988));
#1884=CARTESIAN_POINT('',(6.49728781418837,5.23085987703815,-8.74394255490552));
#1885=CARTESIAN_POINT('',(7.03545307774476,5.27149695426377,-8.28890565174832));
#1886=CARTESIAN_POINT('',(8.02901930928094,5.35418139904244,-7.26177619371876));
#1887=CARTESIAN_POINT('',(8.46948675363443,5.39489970228243,-6.70503103441721));
#1888=CARTESIAN_POINT('',(9.23901358602417,5.47025482054711,-5.51596247734333));
#1889=CARTESIAN_POINT('',(9.57232017717244,5.50538366885575,-4.87271083324416));
#1890=CARTESIAN_POINT('',(10.1065763763874,5.56361189374581,-3.53788941872039));
#1891=CARTESIAN_POINT('',(10.3072404121975,5.5865932171521,-2.85270700721075));
#1892=CARTESIAN_POINT('',(10.5796139238929,5.6181187506897,-1.44219923670604));
#1893=CARTESIAN_POINT('',(10.6489968317131,5.62638596700664,-0.711063262096362));
#1894=CARTESIAN_POINT('',(10.6476256463158,5.62622457097004,0.722403186700723));
#1895=CARTESIAN_POINT('',(10.5804976937838,5.61822279240553,1.4360499677197));
#1896=CARTESIAN_POINT('',(10.3061660713236,5.58646711865447,2.85984516608101));
#1897=CARTESIAN_POINT('',(10.1014550598707,5.56303723203094,3.55260862578646));
#1898=CARTESIAN_POINT('',(9.57085295907052,5.50524052990137,4.87442359579108));
#1899=CARTESIAN_POINT('',(9.24114020621852,5.470459624445,5.51304513243973));
#1900=CARTESIAN_POINT('',(8.46073491081011,5.39404611730657,6.71818688088801));
#1901=CARTESIAN_POINT('',(8.0200750283378,5.35344538689378,7.27077840004748));
#1902=CARTESIAN_POINT('',(7.0410482779271,5.2719543196368,8.28336488922138));
#1903=CARTESIAN_POINT('',(6.49252489649801,5.23045829808094,8.74866511785668));
#1904=CARTESIAN_POINT('',(5.33560934087037,5.15500962409217,9.54617619884563));
#1905=CARTESIAN_POINT('',(4.72511351011572,5.12069997236189,9.88392015881876));
#1906=CARTESIAN_POINT('',(3.43386815753074,5.06260989284825,10.4375264100445));
#1907=CARTESIAN_POINT('',(2.75724157478887,5.03928487364298,10.649186860289));
#1908=CARTESIAN_POINT('',(1.39765584284141,5.00823466027575,10.9280622953592));
#1909=CARTESIAN_POINT('',(0.704103573528226,5.00000000526393,10.9999999706844));
#1910=CARTESIAN_POINT('',(1.63714528045311E-14,5.,11.0000000490269));
#1911=CARTESIAN_POINT('',(-0.000237044501170101,1.99999995753662,-7.99999999648812));
#1912=CARTESIAN_POINT('',(0.523865299139251,1.99999737963692,-8.00001599643033));
#1913=CARTESIAN_POINT('',(1.05575290585725,2.00855034911951,-7.94743363155634));
#1914=CARTESIAN_POINT('',(2.08108471443246,2.04102079561758,-7.74206125336379));
#1915=CARTESIAN_POINT('',(2.57920441027316,2.06467799166844,-7.59087939535138));
#1916=CARTESIAN_POINT('',(3.54938376945691,2.12461216309779,-7.18885020039133));
#1917=CARTESIAN_POINT('',(4.01718434441205,2.16080584116263,-6.93797993452819));
#1918=CARTESIAN_POINT('',(4.88136517061994,2.23848456399845,-6.35923092070472));
#1919=CARTESIAN_POINT('',(5.28568482661594,2.28046378324879,-6.02829499256844));
#1920=CARTESIAN_POINT('',(6.0321439239878,2.36587909045915,-5.28129175372815));
#1921=CARTESIAN_POINT('',(6.36306391747352,2.40794221840127,-4.87638618526198));
#1922=CARTESIAN_POINT('',(6.94120384081031,2.48578612962494,-4.01160905640469));
#1923=CARTESIAN_POINT('',(7.19161466312815,2.52207519677658,-3.5437896811684));
#1924=CARTESIAN_POINT('',(7.59299746745374,2.58222655573453,-2.57301047481602));
#1925=CARTESIAN_POINT('',(7.74375490066634,2.60596689529627,-2.07469599718525));
#1926=CARTESIAN_POINT('',(7.94838714330402,2.63853363920621,-1.04887216628706));
#1927=CARTESIAN_POINT('',(8.00051401806023,2.64707390116621,-0.517136917565007));
#1928=CARTESIAN_POINT('',(7.9994838564208,2.64690717461758,0.525384135422328));
#1929=CARTESIAN_POINT('',(7.949051113034,2.6386411171346,1.04439997155049));
#1930=CARTESIAN_POINT('',(7.74294775634013,2.60583663210519,2.07988738456147));
#1931=CARTESIAN_POINT('',(7.5891498595391,2.58163291436768,2.5837153526142));
#1932=CARTESIAN_POINT('',(7.19051235281037,2.52192733029578,3.54503532667185));
#1933=CARTESIAN_POINT('',(6.94280155509946,2.48599769768492,4.00948735106822));
#1934=CARTESIAN_POINT('',(6.3564887215154,2.40706044163109,4.88595407352322));
#1935=CARTESIAN_POINT('',(6.02542415064101,2.36511876965187,5.28783881284835));
#1936=CARTESIAN_POINT('',(5.28988845989827,2.28093625426753,6.02426534711105));
#1937=CARTESIAN_POINT('',(4.87778682497695,2.23806972186881,6.36266551203095));
#1938=CARTESIAN_POINT('',(4.00860456653191,2.16012916506857,6.94267356808712));
#1939=CARTESIAN_POINT('',(3.54994348040008,2.12468635050062,7.18830553797502));
#1940=CARTESIAN_POINT('',(2.57984022004121,2.06467769951503,7.59092826441827));
#1941=CARTESIAN_POINT('',(2.07149558016366,2.04058231269682,7.74486313660421));
#1942=CARTESIAN_POINT('',(1.05004868909089,2.00850658768191,7.94768163392565));
#1943=CARTESIAN_POINT('',(0.528987902902146,1.99999996240833,7.99999994302364));
#1944=CARTESIAN_POINT('',(1.34441069388203E-14,1.99999995697055,8.));
#1945=CARTESIAN_POINT('',(1.63714528045311E-14,5.,11.0000000490269));
#1946=CARTESIAN_POINT('',(1.40820714705647,5.00000001052786,10.9999998923419));
#1947=CARTESIAN_POINT('',(4.18200308998844,5.06780693221127,10.4245410407178));
#1948=CARTESIAN_POINT('',(7.72762346739508,5.31260531709917,7.97844622556488));
#1949=CARTESIAN_POINT('',(10.0908729592261,5.55797091898383,4.32410392482913));
#1950=CARTESIAN_POINT('',(10.9258087525242,5.66034429276244,0.00623473985103262));
#1951=CARTESIAN_POINT('',(10.0957594647637,5.55848352389647,-4.31502311042028));
#1952=CARTESIAN_POINT('',(7.72784304910067,5.31270829945638,-7.97794305406367));
#1953=CARTESIAN_POINT('',(4.18628549991073,5.06771833819666,-10.4252502097263));
#1954=CARTESIAN_POINT('',(1.3948858998549,4.99999500958759,-11.0000440440397));
#1955=CARTESIAN_POINT('',(-0.000315515495110278,5.00000000054797,-11.0000000441981));
#1956=CARTESIAN_POINT('',(-0.000315515495108076,5.00000000054798,-11.0000000441981));
#1957=CARTESIAN_POINT('',(5.1806306672588E-15,5.,11.0000000490269));
#1958=CARTESIAN_POINT('',(-0.000315515495110278,5.00000000054797,-11.0000000441981));
#1959=CARTESIAN_POINT('',(-0.000237044501180245,1.99999995753662,-7.99999999648812));
#1960=CARTESIAN_POINT('',(9.95025425484179E-6,1.99999995696747,-8.00000000006414));
#1961=CARTESIAN_POINT('',(9.95025430948678E-6,1.99999995695511,-8.00000000013447));
#1962=CARTESIAN_POINT('',(1.04820923668725,2.00000017708438,-7.99999894938122));
#1963=CARTESIAN_POINT('',(3.14532714682183,2.06996894397732,-7.58191186079375));
#1964=CARTESIAN_POINT('',(5.80600585979553,2.323053040599,-5.80200148869725));
#1965=CARTESIAN_POINT('',(7.58492717023703,2.57693808552258,-3.13805032347378));
#1966=CARTESIAN_POINT('',(8.2084765173986,2.68215302546592,0.00466012934973041));
#1967=CARTESIAN_POINT('',(7.58115964984061,2.57639292119639,3.14488842413813));
#1968=CARTESIAN_POINT('',(5.8056601677294,2.32292436866747,5.80254788333067));
#1969=CARTESIAN_POINT('',(3.14187753220799,2.07004492129358,7.58149281388204));
#1970=CARTESIAN_POINT('',(1.05796541844592,1.99999996784601,7.9999998860484));
#1971=CARTESIAN_POINT('',(1.34441069388203E-14,1.99999995697055,8.));
#1972=CARTESIAN_POINT('',(8.96434534341006E-16,1.99999995697055,8.));
#1973=CARTESIAN_POINT('',(-2.71050543121376E-16,5.,11.0000000490269));
#1974=CARTESIAN_POINT('',(9.21571846612679E-16,1.99999995697055,8.));
#1975=CARTESIAN_POINT('',(9.79717439317883E-16,2.6629364395597,8.));
#1976=CARTESIAN_POINT('',(9.79717439317883E-16,2.43945488809238E-16,8.));
#1977=CARTESIAN_POINT('',(-16.,2.6629364395597,8.));
#1978=CARTESIAN_POINT('',(-16.,3.86247023947961E-16,8.));
#1979=CARTESIAN_POINT('',(-16.,2.6629364395597,-8.));
#1980=CARTESIAN_POINT('',(-16.,3.86247023947961E-16,-8.));
#1981=CARTESIAN_POINT('',(0.,2.6629364395597,-8.));
#1982=CARTESIAN_POINT('',(0.,2.43945488809238E-16,-8.));
#1983=CARTESIAN_POINT('',(0.0321318775616838,2.6629364395597,-8.));
#1984=CARTESIAN_POINT('',(0.0321318775616838,2.72139213479452E-16,-8.));
#1985=CARTESIAN_POINT('',(0.0643277648480415,2.6629364395597,-7.99980641576978));
#1986=CARTESIAN_POINT('',(0.0643277648480415,2.45907047314221E-16,-7.99980641576978));
#1987=CARTESIAN_POINT('',(0.0965860880849477,2.6629364395597,-7.99941692422569));
#1988=CARTESIAN_POINT('',(0.0965860880849477,2.46890706367995E-16,-7.99941692422569));
#1989=CARTESIAN_POINT('',(9.95025420020942E-6,1.99999995697983,-7.99999999999381));
#1990=CARTESIAN_POINT('',(-0.515914023693073,1.99999980231597,-8.00000064169065));
#1991=CARTESIAN_POINT('',(-1.34109001193746,2.01377640599279,-7.91471568247379));
#1992=CARTESIAN_POINT('',(-2.29901212664224,2.05142380180912,-7.67620727356145));
#1993=CARTESIAN_POINT('',(-3.08841887846038,2.09428734528016,-7.39398012885576));
#1994=CARTESIAN_POINT('',(-3.62804577929186,2.13194471937782,-7.13721397845795));
#1995=CARTESIAN_POINT('',(-4.08976276872764,2.16817171007854,-6.88056109494744));
#1996=CARTESIAN_POINT('',(-4.47254524209383,2.20138792957178,-6.6365598834055));
#1997=CARTESIAN_POINT('',(-4.71829101723088,2.22438011695046,-6.46310111363193));
#1998=CARTESIAN_POINT('',(-5.02422003497154,2.25442629436731,-6.22985678182196));
#1999=CARTESIAN_POINT('',(-5.28048608692198,2.28119545110818,-6.01277875054674));
#2000=CARTESIAN_POINT('',(-5.47093798816899,2.30200186580467,-5.83756415358595));
#2001=CARTESIAN_POINT('',(-5.57479868443356,2.31359341055652,-5.73823172829472));
#2002=CARTESIAN_POINT('',(-5.67043237452932,2.3244729752714,-5.6435174348804));
#2003=CARTESIAN_POINT('',(-5.70106604751589,2.32801333924768,-5.612347301274));
#2004=CARTESIAN_POINT('',(-5.77478348643528,2.33655347460837,-5.53694515446205));
#2005=CARTESIAN_POINT('',(-5.87432098097298,2.34827044066137,-5.43168796707253));
#2006=CARTESIAN_POINT('',(-6.01674817031624,2.36533621959468,-5.27449174469584));
#2007=CARTESIAN_POINT('',(-6.25108584885133,2.3942578882467,-4.99781083282208));
#2008=CARTESIAN_POINT('',(-6.4260053599309,2.41679298950971,-4.76839293156002));
#2009=CARTESIAN_POINT('',(-6.57296480285125,2.43622883633531,-4.56097595392925));
#2010=CARTESIAN_POINT('',(-6.64125019847972,2.44536956507377,-4.46156759721104));
#2011=CARTESIAN_POINT('',(-6.77668969284492,2.46372735707323,-4.25396692877905));
#2012=CARTESIAN_POINT('',(-6.91999027912691,2.48352850199187,-4.01793963564197));
#2013=CARTESIAN_POINT('',(-7.08722328668197,2.50716529961227,-3.71866243203131));
#2014=CARTESIAN_POINT('',(-7.25764599262069,2.53204419965863,-3.37103863135913));
#2015=CARTESIAN_POINT('',(-7.38838395257312,2.55151505553809,-3.07552928727625));
#2016=CARTESIAN_POINT('',(-7.54378928722664,2.57497085897923,-2.6745018246053));
#2017=CARTESIAN_POINT('',(-7.70554689191834,2.59991187036359,-2.17561267401425));
#2018=CARTESIAN_POINT('',(-7.85622337718569,2.62382281778073,-1.5755630175425));
#2019=CARTESIAN_POINT('',(-7.97624970242696,2.64310108578643,-0.772183360329921));
#2020=CARTESIAN_POINT('',(-8.01209006574483,2.64898713461174,0.00482906312779906));
#2021=CARTESIAN_POINT('',(-7.97538325305212,2.64289358269012,0.778382357070563));
#2022=CARTESIAN_POINT('',(-7.85646074468059,2.62387215574891,1.57409199618483));
#2023=CARTESIAN_POINT('',(-7.70492197114382,2.59983384841162,2.17809534840019));
#2024=CARTESIAN_POINT('',(-7.54232295669076,2.57475335535245,2.67878807322124));
#2025=CARTESIAN_POINT('',(-7.38521332796074,2.55103861494019,3.08319937420088));
#2026=CARTESIAN_POINT('',(-7.25480146155148,2.53162180913612,3.37709928796516));
#2027=CARTESIAN_POINT('',(-7.08415911877741,2.5067196075229,3.72449458562809));
#2028=CARTESIAN_POINT('',(-6.91690898381207,2.48309223565151,4.0232397526906));
#2029=CARTESIAN_POINT('',(-6.77347791993751,2.46328462684327,4.25906913813405));
#2030=CARTESIAN_POINT('',(-6.63819809725011,2.44495910262624,4.46611456098504));
#2031=CARTESIAN_POINT('',(-6.56890749023187,2.43569085526787,4.5668227162783));
#2032=CARTESIAN_POINT('',(-6.42128018635327,2.41618169107301,4.77482187814548));
#2033=CARTESIAN_POINT('',(-6.24366522937301,2.39333162944163,5.00700917896136));
#2034=CARTESIAN_POINT('',(-6.01185624293172,2.36474850410229,5.28001394769296));
#2035=CARTESIAN_POINT('',(-5.87034737454702,2.34780106197779,5.43597130944745));
#2036=CARTESIAN_POINT('',(-5.77160668256071,2.33618331669668,5.54025099801667));
#2037=CARTESIAN_POINT('',(-5.69819907146156,2.32768307878793,5.61525530884749));
#2038=CARTESIAN_POINT('',(-5.66815137726981,2.32421135513724,5.6458102772007));
#2039=CARTESIAN_POINT('',(-5.57179238260997,2.31325443562023,5.74115754931155));
#2040=CARTESIAN_POINT('',(-5.46741031519713,2.30161152700625,5.84087362540542));
#2041=CARTESIAN_POINT('',(-5.27592539595064,2.28070583542415,6.0168110216212));
#2042=CARTESIAN_POINT('',(-5.01848791829782,2.25383794633142,6.23450094190415));
#2043=CARTESIAN_POINT('',(-4.71163561158091,2.22373873593502,6.46795834463106));
#2044=CARTESIAN_POINT('',(-4.46498689374412,2.20069721629832,6.64169946376135));
#2045=CARTESIAN_POINT('',(-4.08353509923989,2.16770520928074,6.88396959624741));
#2046=CARTESIAN_POINT('',(-3.74421653817318,2.14100997418501,7.07317091654457));
#2047=CARTESIAN_POINT('',(-3.39446236143632,2.11582918766654,7.24715019866204));
#2048=CARTESIAN_POINT('',(-3.07784676536692,2.09504922455956,7.38755003059678));
#2049=CARTESIAN_POINT('',(-2.68092676477213,2.07190690887175,7.54141896074649));
#2050=CARTESIAN_POINT('',(-2.17950460155861,2.04686272192166,7.70465265864573));
#2051=CARTESIAN_POINT('',(-1.32543731980764,2.01315110829957,7.91900942725424));
#2052=CARTESIAN_POINT('',(-0.511768587220731,1.99999995170977,8.));
#2053=CARTESIAN_POINT('',(9.79717439317883E-16,1.99999995697055,8.));
#2054=CARTESIAN_POINT('',(9.79717439317883E-16,2.79614508714507,8.));
#2055=CARTESIAN_POINT('',(9.79717439317883E-16,-0.133149766054527,8.));
#2056=CARTESIAN_POINT('',(9.79717439317883E-16,0.,8.));
#2057=CARTESIAN_POINT('',(0.,0.,4.89858719658941E-16));
#2058=CARTESIAN_POINT('',(0.,0.,-8.));
#2059=CARTESIAN_POINT('',(0.,2.79614508714507,-8.));
#2060=CARTESIAN_POINT('',(0.,-0.133149766054527,-8.));
#2061=CARTESIAN_POINT('',(-11.6298989249503,-25.,-12.65));
#2062=CARTESIAN_POINT('',(-11.6298989249503,-25.,12.65));
#2063=CARTESIAN_POINT('',(11.6298989249503,-25.,-12.65));
#2064=CARTESIAN_POINT('',(11.6298989249503,-25.,12.65));
#2065=CARTESIAN_POINT('',(-10.5726353863185,-25.,-12.5));
#2066=CARTESIAN_POINT('',(-10.5726353863185,-25.,-11.5));
#2067=CARTESIAN_POINT('',(10.5726353863185,-25.,-11.5));
#2068=CARTESIAN_POINT('',(10.5726353863185,-25.,-11.5));
#2069=CARTESIAN_POINT('',(10.5726353863185,-25.,12.5));
#2070=CARTESIAN_POINT('',(10.5726353863185,-25.,0.));
#2071=CARTESIAN_POINT('',(0.,-25.,0.));
#2072=CARTESIAN_POINT('',(-30.607752956636,-0.24229609503238,11.5));
#2073=CARTESIAN_POINT('',(-30.607752956636,-0.24229609503238,-11.5));
#2074=CARTESIAN_POINT('',(-38.8492835826409,2.383288924667,11.5));
#2075=CARTESIAN_POINT('',(-38.8492835826409,2.383288924667,-11.5));
#2076=CARTESIAN_POINT('',(-46.6104217691966,6.01755878798725,11.5));
#2077=CARTESIAN_POINT('',(-46.6104217691966,6.01755878798725,-11.5));
#2078=CARTESIAN_POINT('',(-53.7897079814966,10.5454184427908,11.5));
#2079=CARTESIAN_POINT('',(-53.7897079814966,10.5454184427908,-11.5));
#2080=CARTESIAN_POINT('',(-30.607752956636,-0.242296095032374,12.5));
#2081=CARTESIAN_POINT('',(-30.607752956636,-0.242296095032374,-11.5));
#2082=CARTESIAN_POINT('',(-30.607752956636,-0.242296095032374,11.5));
#2083=CARTESIAN_POINT('',(-2.08166817117217E-14,95.8333333333334,11.5));
#2084=CARTESIAN_POINT('',(-53.7897079814966,10.5454184427908,11.5));
#2085=CARTESIAN_POINT('',(-53.7897079814966,10.5454184427908,12.5));
#2086=CARTESIAN_POINT('',(-53.7897079814966,10.5454184427908,-11.5));
#2087=CARTESIAN_POINT('',(-2.08166817117217E-14,95.8333333333334,-11.5));
#2088=CARTESIAN_POINT('',(-11.6298989249503,-25.,-12.65));
#2089=CARTESIAN_POINT('',(-11.6298989249503,-25.,12.65));
#2090=CARTESIAN_POINT('',(11.6298989249503,-25.,-12.65));
#2091=CARTESIAN_POINT('',(11.6298989249503,-25.,12.65));
#2092=CARTESIAN_POINT('',(10.5726353863185,-25.,12.5));
#2093=CARTESIAN_POINT('',(10.5726353863185,-25.,11.5));
#2094=CARTESIAN_POINT('',(0.,-25.,11.5));
#2095=CARTESIAN_POINT('',(-10.5726353863185,-25.,11.5));
#2096=CARTESIAN_POINT('',(-10.5726353863185,-25.,-12.5));
#2097=CARTESIAN_POINT('',(0.,-25.,0.));
#2098=CARTESIAN_POINT('',(53.7897079814967,10.5454184427908,11.5));
#2099=CARTESIAN_POINT('',(53.7897079814967,10.5454184427908,-11.5));
#2100=CARTESIAN_POINT('',(46.6104217691966,6.01755878798729,11.5));
#2101=CARTESIAN_POINT('',(46.6104217691966,6.01755878798729,-11.5));
#2102=CARTESIAN_POINT('',(38.8492835826409,2.38328892466702,11.5));
#2103=CARTESIAN_POINT('',(38.8492835826409,2.38328892466702,-11.5));
#2104=CARTESIAN_POINT('',(30.607752956636,-0.242296095032373,11.5));
#2105=CARTESIAN_POINT('',(30.607752956636,-0.242296095032373,-11.5));
#2106=CARTESIAN_POINT('',(53.7897079814967,10.5454184427908,12.5));
#2107=CARTESIAN_POINT('',(53.7897079814967,10.5454184427908,-11.5));
#2108=CARTESIAN_POINT('',(53.7897079814967,10.5454184427908,11.5));
#2109=CARTESIAN_POINT('',(-2.08166817117217E-14,95.8333333333334,11.5));
#2110=CARTESIAN_POINT('',(30.607752956636,-0.24229609503236,11.5));
#2111=CARTESIAN_POINT('',(30.607752956636,-0.24229609503236,12.5));
#2112=CARTESIAN_POINT('',(30.607752956636,-0.24229609503236,-11.5));
#2113=CARTESIAN_POINT('',(-2.08166817117217E-14,95.8333333333334,-11.5));
#2114=CARTESIAN_POINT('',(61.9064478056871,29.3631432890272,12.65));
#2115=CARTESIAN_POINT('',(61.9064478056871,29.3631432890272,-12.65));
#2116=CARTESIAN_POINT('',(25.1288184077886,-4.88938996265019,12.65));
#2117=CARTESIAN_POINT('',(25.1288184077886,-4.88938996265019,-12.65));
#2118=CARTESIAN_POINT('',(-25.1288184077883,-4.88938996265026,12.65));
#2119=CARTESIAN_POINT('',(-25.1288184077883,-4.88938996265026,-12.65));
#2120=CARTESIAN_POINT('',(-61.906447805687,29.363143289027,12.65));
#2121=CARTESIAN_POINT('',(-61.906447805687,29.363143289027,-12.65));
#2122=CARTESIAN_POINT('',(-6.01019147001351E-15,5.,11.0000000490269));
#2123=CARTESIAN_POINT('',(-1.39532480081236,5.,11.0000002042785));
#2124=CARTESIAN_POINT('',(-4.18721708153381,5.067785039704,10.4247032927582));
#2125=CARTESIAN_POINT('',(-7.72510053318892,5.31252023584324,7.9794191020881));
#2126=CARTESIAN_POINT('',(-10.0911306991343,5.55794881039008,4.32482362482658));
#2127=CARTESIAN_POINT('',(-10.925714226397,5.66034499563367,0.00633495413160432));
#2128=CARTESIAN_POINT('',(-10.0958788627199,5.55850270689969,-4.31425861853305));
#2129=CARTESIAN_POINT('',(-7.72930045683341,5.31283141564966,-7.97650530581065));
#2130=CARTESIAN_POINT('',(-4.1868155008311,5.06774585125508,-10.425066839826));
#2131=CARTESIAN_POINT('',(-1.39615043965839,5.00000484907144,-10.999942616413));
#2132=CARTESIAN_POINT('',(-0.000315515495105874,5.00000000054798,-11.0000000441981));
#2133=CARTESIAN_POINT('',(-48.3546428261623,18.9404015281361,12.5));
#2134=CARTESIAN_POINT('',(-48.3546428261623,18.9404015281361,-11.5));
#2135=CARTESIAN_POINT('',(-48.3546428261623,18.9404015281361,11.5));
#2136=CARTESIAN_POINT('',(-1.70668542613439E-14,95.8333333333334,11.5));
#2137=CARTESIAN_POINT('',(48.3546428261624,18.9404015281362,11.5));
#2138=CARTESIAN_POINT('',(48.3546428261624,18.9404015281362,12.5));
#2139=CARTESIAN_POINT('',(48.3546428261624,18.9404015281362,-11.5));
#2140=CARTESIAN_POINT('',(-1.70668542613439E-14,95.8333333333334,-11.5));
#2141=CARTESIAN_POINT('',(-54.3749734752601,-24.,12.5));
#2142=CARTESIAN_POINT('',(-54.3749734752601,18.5091683169943,12.5));
#2143=CARTESIAN_POINT('',(54.3744698060731,-24.,12.5));
#2144=CARTESIAN_POINT('',(54.3744698060731,18.5091683169943,12.5));
#2145=CARTESIAN_POINT('',(10.5726353863185,-23.,12.5));
#2146=CARTESIAN_POINT('',(10.5726353863185,-24.,12.5));
#2147=CARTESIAN_POINT('',(11.5700412653785,-23.0719827230413,12.5));
#2148=CARTESIAN_POINT('',(38.5,-25.0155162451564,12.5));
#2149=CARTESIAN_POINT('',(30.3042049934297,0.710520064587799,12.5));
#2150=CARTESIAN_POINT('',(-2.08166817117217E-14,95.8333333333334,12.5));
#2151=CARTESIAN_POINT('',(53.2562563320934,11.3912490036887,12.5));
#2152=CARTESIAN_POINT('',(52.7228046826901,12.2370795645867,12.5));
#2153=CARTESIAN_POINT('',(53.7228046826901,12.2370795645867,12.5));
#2154=CARTESIAN_POINT('',(52.7228046826901,12.2370795645867,12.5));
#2155=CARTESIAN_POINT('',(53.5576670680112,12.787538280183,12.5));
#2156=CARTESIAN_POINT('',(39.759363689925,33.7149650702803,12.5));
#2157=CARTESIAN_POINT('',(50.2541945948118,17.7978048645354,12.5));
#2158=CARTESIAN_POINT('',(49.4193322094907,17.2473461489391,12.5));
#2159=CARTESIAN_POINT('',(48.8869875178265,18.0938738385376,12.5));
#2160=CARTESIAN_POINT('',(-1.70668542613439E-14,95.8333333333334,12.5));
#2161=CARTESIAN_POINT('',(-48.8869875178265,18.0938738385376,12.5));
#2162=CARTESIAN_POINT('',(-49.4193322094907,17.2473461489391,12.5));
#2163=CARTESIAN_POINT('',(-50.2541945948118,17.7978048645354,12.5));
#2164=CARTESIAN_POINT('',(-53.5576670680112,12.787538280183,12.5));
#2165=CARTESIAN_POINT('',(-53.5576670680112,12.787538280183,12.5));
#2166=CARTESIAN_POINT('',(-52.7228046826901,12.2370795645867,12.5));
#2167=CARTESIAN_POINT('',(-53.2562563320934,11.3912490036887,12.5));
#2168=CARTESIAN_POINT('',(-2.08166817117217E-14,95.8333333333334,12.5));
#2169=CARTESIAN_POINT('',(-30.3042049934297,0.710520064587785,12.5));
#2170=CARTESIAN_POINT('',(-38.5,-25.0155162451565,12.5));
#2171=CARTESIAN_POINT('',(-11.5700412653785,-23.0719827230413,12.5));
#2172=CARTESIAN_POINT('',(-10.5726353863185,-23.,12.5));
#2173=CARTESIAN_POINT('',(-10.5726353863185,-24.,12.5));
#2174=CARTESIAN_POINT('',(1.38777878078145E-14,-24.,12.5));
#2175=CARTESIAN_POINT('',(-54.3744698060731,-24.,-12.5));
#2176=CARTESIAN_POINT('',(-54.3744698060731,18.5091683169943,-12.5));
#2177=CARTESIAN_POINT('',(54.3749734752601,-24.,-12.5));
#2178=CARTESIAN_POINT('',(54.3749734752601,18.5091683169943,-12.5));
#2179=CARTESIAN_POINT('',(-2.08166817117217E-14,95.8333333333334,-12.5));
#2180=CARTESIAN_POINT('',(53.2562563320934,11.3912490036887,-12.5));
#2181=CARTESIAN_POINT('',(30.3042049934297,0.710520064587806,-12.5));
#2182=CARTESIAN_POINT('',(38.5,-25.0155162451564,-12.5));
#2183=CARTESIAN_POINT('',(11.5700412653785,-23.0719827230413,-12.5));
#2184=CARTESIAN_POINT('',(10.5726353863185,-23.,-12.5));
#2185=CARTESIAN_POINT('',(10.5726353863185,-24.,-12.5));
#2186=CARTESIAN_POINT('',(-10.5726353863185,-24.,-12.5));
#2187=CARTESIAN_POINT('',(-10.5726353863185,-24.,-12.5));
#2188=CARTESIAN_POINT('',(-10.5726353863185,-23.,-12.5));
#2189=CARTESIAN_POINT('',(-11.5700412653785,-23.0719827230413,-12.5));
#2190=CARTESIAN_POINT('',(-38.5,-25.0155162451565,-12.5));
#2191=CARTESIAN_POINT('',(-30.3042049934297,0.710520064587785,-12.5));
#2192=CARTESIAN_POINT('',(-2.08166817117217E-14,95.8333333333334,-12.5));
#2193=CARTESIAN_POINT('',(-53.2562563320934,11.3912490036887,-12.5));
#2194=CARTESIAN_POINT('',(-52.7228046826901,12.2370795645867,-12.5));
#2195=CARTESIAN_POINT('',(-53.5576670680112,12.787538280183,-12.5));
#2196=CARTESIAN_POINT('',(-39.7593636899251,33.7149650702802,-12.5));
#2197=CARTESIAN_POINT('',(-50.2541945948118,17.7978048645354,-12.5));
#2198=CARTESIAN_POINT('',(-49.4193322094907,17.2473461489391,-12.5));
#2199=CARTESIAN_POINT('',(-48.8869875178265,18.0938738385376,-12.5));
#2200=CARTESIAN_POINT('',(-1.70668542613439E-14,95.8333333333334,-12.5));
#2201=CARTESIAN_POINT('',(48.8869875178265,18.0938738385377,-12.5));
#2202=CARTESIAN_POINT('',(49.4193322094907,17.2473461489391,-12.5));
#2203=CARTESIAN_POINT('',(50.2541945948118,17.7978048645354,-12.5));
#2204=CARTESIAN_POINT('',(53.5576670680112,12.787538280183,-12.5));
#2205=CARTESIAN_POINT('',(53.5576670680112,12.787538280183,-12.5));
#2206=CARTESIAN_POINT('',(52.7228046826901,12.2370795645867,-12.5));
#2207=CARTESIAN_POINT('',(53.7228046826901,12.2370795645867,-12.5));
#2208=CARTESIAN_POINT('',(52.7228046826901,12.2370795645867,-12.5));
#2209=CARTESIAN_POINT('',(-54.5577030769922,13.0874836665617,-12.65));
#2210=CARTESIAN_POINT('',(-54.5577030769922,13.0874836665617,12.65));
#2211=CARTESIAN_POINT('',(-50.9238833564729,18.5987769093493,-12.65));
#2212=CARTESIAN_POINT('',(-50.9238833564729,18.5987769093493,12.65));
#2213=CARTESIAN_POINT('',(-54.3925294533323,13.3379969957793,12.5));
#2214=CARTESIAN_POINT('',(-54.3925294533323,13.3379969957793,-11.5));
#2215=CARTESIAN_POINT('',(-54.3925294533323,13.3379969957793,11.5));
#2216=CARTESIAN_POINT('',(-51.0890569801329,18.3482635801317,11.5));
#2217=CARTESIAN_POINT('',(-51.0890569801329,18.3482635801317,11.5));
#2218=CARTESIAN_POINT('',(-51.0890569801329,18.3482635801317,-12.5));
#2219=CARTESIAN_POINT('',(-51.0890569801329,18.3482635801317,-11.5));
#2220=CARTESIAN_POINT('',(-52.7522935779816,15.8256880733945,-11.5));
#2221=CARTESIAN_POINT('',(54.5577030769923,13.0874836665618,-12.65));
#2222=CARTESIAN_POINT('',(54.5577030769923,13.0874836665618,12.65));
#2223=CARTESIAN_POINT('',(50.9238833564729,18.5987769093494,-12.65));
#2224=CARTESIAN_POINT('',(50.9238833564729,18.5987769093494,12.65));
#2225=CARTESIAN_POINT('',(51.0890569801329,18.3482635801318,12.5));
#2226=CARTESIAN_POINT('',(51.0890569801329,18.3482635801318,-11.5));
#2227=CARTESIAN_POINT('',(51.0890569801329,18.3482635801318,11.5));
#2228=CARTESIAN_POINT('',(52.7522935779817,15.8256880733945,11.5));
#2229=CARTESIAN_POINT('',(54.3925294533323,13.3379969957794,11.5));
#2230=CARTESIAN_POINT('',(54.3925294533323,13.3379969957794,-12.5));
#2231=CARTESIAN_POINT('',(54.3925294533323,13.3379969957794,-11.5));
#2232=CARTESIAN_POINT('',(51.0890569801329,18.3482635801318,-11.5));
#2233=CARTESIAN_POINT('',(0.,2.66293518045673,-8.));
#2234=CARTESIAN_POINT('',(0.,8.13151629364128E-17,-8.));
#2235=CARTESIAN_POINT('',(16.,2.66293518045672,-8.));
#2236=CARTESIAN_POINT('',(16.,2.03287907341032E-16,-8.));
#2237=CARTESIAN_POINT('',(16.,2.66293518045672,8.));
#2238=CARTESIAN_POINT('',(16.,2.03287907341032E-16,8.));
#2239=CARTESIAN_POINT('',(9.79717439317883E-16,2.66293518045673,8.));
#2240=CARTESIAN_POINT('',(9.79717439317883E-16,8.13151629364128E-17,8.));
#2241=CARTESIAN_POINT('',(0.,0.,4.89858719658941E-16));
#2242=CARTESIAN_POINT('',(-51.2657729194256,18.0158880831853,12.65));
#2243=CARTESIAN_POINT('',(-51.2657729194256,18.0158880831853,-12.65));
#2244=CARTESIAN_POINT('',(-50.6766236796853,19.4313334766116,12.65));
#2245=CARTESIAN_POINT('',(-50.6766236796853,19.4313334766116,-12.65));
#2246=CARTESIAN_POINT('',(-49.1781939036229,19.7558187531151,12.65));
#2247=CARTESIAN_POINT('',(-49.1781939036229,19.7558187531151,-12.65));
#2248=CARTESIAN_POINT('',(-48.0562544596407,18.7109099664284,12.65));
#2249=CARTESIAN_POINT('',(-48.0562544596407,18.7109099664284,-12.65));
#2250=CARTESIAN_POINT('',(-49.4193322094907,17.2473461489391,11.5));
#2251=CARTESIAN_POINT('',(-49.4193322094907,17.2473461489391,-11.5));
#2252=CARTESIAN_POINT('',(-53.4538245060324,10.3754646694269,12.65));
#2253=CARTESIAN_POINT('',(-53.4538245060324,10.3754646694269,-12.65));
#2254=CARTESIAN_POINT('',(-54.9250549953757,10.9531881584321,12.65));
#2255=CARTESIAN_POINT('',(-54.9250549953757,10.9531881584321,-12.65));
#2256=CARTESIAN_POINT('',(-55.2585691311112,12.4981968651345,12.65));
#2257=CARTESIAN_POINT('',(-55.2585691311112,12.4981968651345,-12.65));
#2258=CARTESIAN_POINT('',(-54.1566626816106,13.6313719438715,12.65));
#2259=CARTESIAN_POINT('',(-54.1566626816106,13.6313719438715,-12.65));
#2260=CARTESIAN_POINT('',(-52.7228046826901,12.2370795645867,11.5));
#2261=CARTESIAN_POINT('',(-52.7228046826901,12.2370795645867,-11.5));
#2262=CARTESIAN_POINT('',(54.1566626816106,13.6313719438715,12.65));
#2263=CARTESIAN_POINT('',(54.1566626816106,13.6313719438715,-12.65));
#2264=CARTESIAN_POINT('',(55.2585691311111,12.4981968651345,12.65));
#2265=CARTESIAN_POINT('',(55.2585691311111,12.4981968651345,-12.65));
#2266=CARTESIAN_POINT('',(54.9250549953757,10.9531881584322,12.65));
#2267=CARTESIAN_POINT('',(54.9250549953757,10.9531881584322,-12.65));
#2268=CARTESIAN_POINT('',(53.4538245060325,10.375464669427,12.65));
#2269=CARTESIAN_POINT('',(53.4538245060325,10.375464669427,-12.65));
#2270=CARTESIAN_POINT('',(52.7228046826901,12.2370795645867,11.5));
#2271=CARTESIAN_POINT('',(54.7228046826901,12.2370795645867,11.5));
#2272=CARTESIAN_POINT('',(52.7228046826901,12.2370795645867,11.5));
#2273=CARTESIAN_POINT('',(52.7228046826901,12.2370795645867,-11.5));
#2274=CARTESIAN_POINT('',(54.7228046826901,12.2370795645867,-11.5));
#2275=CARTESIAN_POINT('',(52.7228046826901,12.2370795645867,-11.5));
#2276=CARTESIAN_POINT('',(48.0562544596408,18.7109099664285,12.65));
#2277=CARTESIAN_POINT('',(48.0562544596408,18.7109099664285,-12.65));
#2278=CARTESIAN_POINT('',(49.178193903623,19.755818753115,12.65));
#2279=CARTESIAN_POINT('',(49.178193903623,19.755818753115,-12.65));
#2280=CARTESIAN_POINT('',(50.6766236796853,19.4313334766115,12.65));
#2281=CARTESIAN_POINT('',(50.6766236796853,19.4313334766115,-12.65));
#2282=CARTESIAN_POINT('',(51.2657729194256,18.0158880831854,12.65));
#2283=CARTESIAN_POINT('',(51.2657729194256,18.0158880831854,-12.65));
#2284=CARTESIAN_POINT('',(49.4193322094907,17.2473461489391,11.5));
#2285=CARTESIAN_POINT('',(49.4193322094907,17.2473461489391,-11.5));
#2286=CARTESIAN_POINT('',(12.6760903020898,-28.036391600774,12.65));
#2287=CARTESIAN_POINT('',(12.6760903020898,-28.036391600774,-12.65));
#2288=CARTESIAN_POINT('',(10.9113646261416,-12.9506594428671,12.65));
#2289=CARTESIAN_POINT('',(10.9113646261416,-12.9506594428671,-12.65));
#2290=CARTESIAN_POINT('',(20.3100635782845,-1.01927103001067,12.65));
#2291=CARTESIAN_POINT('',(20.3100635782845,-1.01927103001067,-12.65));
#2292=CARTESIAN_POINT('',(35.3895849079541,0.797761693826348,12.65));
#2293=CARTESIAN_POINT('',(35.3895849079541,0.797761693826348,-12.65));
#2294=CARTESIAN_POINT('',(38.5,-25.0155162451564,11.5));
#2295=CARTESIAN_POINT('',(12.5674471444386,-23.1439654460826,11.5));
#2296=CARTESIAN_POINT('',(12.5674471444386,-23.1439654460826,12.5));
#2297=CARTESIAN_POINT('',(12.5674471444386,-23.1439654460826,-11.5));
#2298=CARTESIAN_POINT('',(38.5,-25.0155162451564,-11.5));
#2299=CARTESIAN_POINT('',(-35.3895849079542,0.797761693826296,12.65));
#2300=CARTESIAN_POINT('',(-35.3895849079542,0.797761693826296,-12.65));
#2301=CARTESIAN_POINT('',(-20.3100635782845,-1.01927103001071,12.65));
#2302=CARTESIAN_POINT('',(-20.3100635782845,-1.01927103001071,-12.65));
#2303=CARTESIAN_POINT('',(-10.9113646261416,-12.9506594428671,12.65));
#2304=CARTESIAN_POINT('',(-10.9113646261416,-12.9506594428671,-12.65));
#2305=CARTESIAN_POINT('',(-12.6760903020898,-28.036391600774,12.65));
#2306=CARTESIAN_POINT('',(-12.6760903020898,-28.036391600774,-12.65));
#2307=CARTESIAN_POINT('',(-12.5674471444386,-23.1439654460826,12.5));
#2308=CARTESIAN_POINT('',(-12.5674471444386,-23.1439654460826,-11.5));
#2309=CARTESIAN_POINT('',(-12.5674471444386,-23.1439654460826,11.5));
#2310=CARTESIAN_POINT('',(-38.5,-25.0155162451565,11.5));
#2311=CARTESIAN_POINT('',(-38.5,-25.0155162451565,-11.5));
#2312=CARTESIAN_POINT('',(12.5590899784654,-22.7676249726448,12.65));
#2313=CARTESIAN_POINT('',(12.5590899784654,-22.7676249726448,-12.65));
#2314=CARTESIAN_POINT('',(12.7307465590508,-24.2350287924827,12.65));
#2315=CARTESIAN_POINT('',(12.7307465590508,-24.2350287924827,-12.65));
#2316=CARTESIAN_POINT('',(11.64911364591,-25.2414135068657,12.65));
#2317=CARTESIAN_POINT('',(11.64911364591,-25.2414135068657,-12.65));
#2318=CARTESIAN_POINT('',(10.1978727571471,-24.9645745014574,12.65));
#2319=CARTESIAN_POINT('',(10.1978727571471,-24.9645745014574,-12.65));
#2320=CARTESIAN_POINT('',(10.5726353863185,-23.,11.5));
#2321=CARTESIAN_POINT('',(10.5726353863185,-23.,-11.5));
#2322=CARTESIAN_POINT('',(-10.197872757147,-24.9645745014574,12.65));
#2323=CARTESIAN_POINT('',(-10.197872757147,-24.9645745014574,-12.65));
#2324=CARTESIAN_POINT('',(-11.64911364591,-25.2414135068657,12.65));
#2325=CARTESIAN_POINT('',(-11.64911364591,-25.2414135068657,-12.65));
#2326=CARTESIAN_POINT('',(-12.7307465590508,-24.2350287924827,12.65));
#2327=CARTESIAN_POINT('',(-12.7307465590508,-24.2350287924827,-12.65));
#2328=CARTESIAN_POINT('',(-12.5590899784654,-22.7676249726448,12.65));
#2329=CARTESIAN_POINT('',(-12.5590899784654,-22.7676249726448,-12.65));
#2330=CARTESIAN_POINT('',(-10.5726353863185,-23.,11.5));
#2331=CARTESIAN_POINT('',(-10.5726353863185,-23.,-11.5));
#2332=CARTESIAN_POINT('',(-2.71050543121376E-16,5.,11.0000000490269));
#2333=CARTESIAN_POINT('',(-0.704103573528225,4.99999999473607,11.0000001273694));
#2334=CARTESIAN_POINT('',(-1.39722571801957,5.00822905327345,10.9281110905551));
#2335=CARTESIAN_POINT('',(-2.75661938831357,5.03926640999195,10.6493542747419));
#2336=CARTESIAN_POINT('',(-3.4333174150221,5.06258915852867,10.4377169835125));
#2337=CARTESIAN_POINT('',(-4.72446509156984,5.12066679974041,9.88424332754067));
#2338=CARTESIAN_POINT('',(-5.33494748451734,5.15497331069719,9.54652899600441));
#2339=CARTESIAN_POINT('',(-6.49131808113054,5.23037269510119,8.74960144497846));
#2340=CARTESIAN_POINT('',(-7.04010705079528,5.2718797860696,8.28423923168496));
#2341=CARTESIAN_POINT('',(-8.01947625367934,5.35339181175274,7.27149521029411));
#2342=CARTESIAN_POINT('',(-8.46011820544092,5.3939888487199,6.7189842158106));
#2343=CARTESIAN_POINT('',(-9.24045613715338,5.47038954227232,5.51425653521012));
#2344=CARTESIAN_POINT('',(-9.57050773850318,5.50520342404536,4.87517389205336));
#2345=CARTESIAN_POINT('',(-10.1012714468712,5.56301673363372,3.55317562645532));
#2346=CARTESIAN_POINT('',(-10.3061153266785,5.58646133820715,2.8600253023608));
#2347=CARTESIAN_POINT('',(-10.5804328175758,5.61821519093629,1.43646968306048));
#2348=CARTESIAN_POINT('',(-10.6476026859136,5.62622186953337,0.722858962038089));
#2349=CARTESIAN_POINT('',(-10.6490194699004,5.62638863040811,-0.71089068776479));
#2350=CARTESIAN_POINT('',(-10.5795995970853,5.61811714593903,-1.44221415935195));
#2351=CARTESIAN_POINT('',(-10.3073675279963,5.58660787625363,-2.85210670087378));
#2352=CARTESIAN_POINT('',(-10.1067616896113,5.56363314391544,-3.53726813633083));
#2353=CARTESIAN_POINT('',(-9.57274835509201,5.50542926904525,-4.87180013893963));
#2354=CARTESIAN_POINT('',(-9.23939639503615,5.47029426548959,-5.51527821426909));
#2355=CARTESIAN_POINT('',(-8.47007100769375,5.39495497838853,-6.70421977727664));
#2356=CARTESIAN_POINT('',(-8.0300294681125,5.35427142627611,-7.26058458926985));
#2357=CARTESIAN_POINT('',(-7.03660259551572,5.27158664730836,-8.28786430459736));
#2358=CARTESIAN_POINT('',(-6.49809373862909,5.23091652040458,-8.74332192904627));
#2359=CARTESIAN_POINT('',(-5.34776576494868,5.15570880028471,-9.53927675626117));
#2360=CARTESIAN_POINT('',(-4.72542021028643,5.12068245513666,-9.88414004368339));
#2361=CARTESIAN_POINT('',(-3.43370657945684,5.06263393441317,-10.437244346257));
#2362=CARTESIAN_POINT('',(-2.77066756072826,5.03972934278912,-10.6451527090768));
#2363=CARTESIAN_POINT('',(-1.40586631234833,5.00828645733021,-10.9276383619027));
#2364=CARTESIAN_POINT('',(-0.697916223170099,5.00000249602817,-10.9999780442773));
#2365=CARTESIAN_POINT('',(0.0667643962622179,4.99999976058751,-11.0000021596672));
#2366=CARTESIAN_POINT('',(0.133940123301135,5.00007609916109,-10.9993355524092));
#2367=CARTESIAN_POINT('',(0.201179704419336,5.00022826463699,-10.9980032720739));
#2368=CARTESIAN_POINT('',(9.21571846612679E-16,1.99999995697055,8.));
#2369=CARTESIAN_POINT('',(-0.528987902902143,1.99999995153276,8.00000005697636));
#2370=CARTESIAN_POINT('',(-1.0497255394452,2.00850079549455,7.94771712133857));
#2371=CARTESIAN_POINT('',(-2.0710281359707,2.04056323923679,7.74498489257153));
#2372=CARTESIAN_POINT('',(-2.5794264511925,2.06465628039223,7.59106686330342));
#2373=CARTESIAN_POINT('',(-3.54945632825339,2.12465208226961,7.18854056977178));
#2374=CARTESIAN_POINT('',(-4.00810731869085,2.160091652335,6.94293014781617));
#2375=CARTESIAN_POINT('',(-4.87688015331922,2.23798129163173,6.36334647722905));
#2376=CARTESIAN_POINT('',(-5.28918132278753,2.2808592590413,6.02490123253537));
#2377=CARTESIAN_POINT('',(-6.02497429558577,2.36506342505651,5.28836012938993));
#2378=CARTESIAN_POINT('',(-6.35602539525645,2.40700128160595,4.88653395345206));
#2379=CARTESIAN_POINT('',(-6.94228761896824,2.48592530087052,4.01036837127323));
#2380=CARTESIAN_POINT('',(-7.19025299109128,2.52188899892333,3.54558099670928));
#2381=CARTESIAN_POINT('',(-7.58901191243833,2.5816117389611,2.58412771670426));
#2382=CARTESIAN_POINT('',(-7.74290963226115,2.60583066074474,2.08001839274214));
#2383=CARTESIAN_POINT('',(-7.94900237200547,2.63863326460696,1.04470521909192));
#2384=CARTESIAN_POINT('',(-7.99946660643724,2.64690438395914,0.525715608444605));
#2385=CARTESIAN_POINT('',(-8.00053102596609,2.64707665253322,-0.517011409011911));
#2386=CARTESIAN_POINT('',(-7.94837637969757,2.63853198145781,-1.04888301901941));
#2387=CARTESIAN_POINT('',(-7.74385040182324,2.60598203854843,-2.0742594108613));
#2388=CARTESIAN_POINT('',(-7.5931366919378,2.58224850774525,-2.5725586330703));
#2389=CARTESIAN_POINT('',(-7.19193635008695,2.52212230302682,-3.54312735805065));
#2390=CARTESIAN_POINT('',(-6.94149144245309,2.48582687733765,-4.01111141051853));
#2391=CARTESIAN_POINT('',(-6.36350286329638,2.40799932013879,-4.87579618008767));
#2392=CARTESIAN_POINT('',(-6.03290284898531,2.3659720910694,-5.2804251323145));
#2393=CARTESIAN_POINT('',(-5.28654845097275,2.2805564386325,-6.02753764918943));
#2394=CARTESIAN_POINT('',(-4.88197065581738,2.23854307815637,-6.35877955643519));
#2395=CARTESIAN_POINT('',(-4.01773759952603,2.16085143330377,-6.93765579179903));
#2396=CARTESIAN_POINT('',(-3.55017390196782,2.1246682547221,-7.18846545425785));
#2397=CARTESIAN_POINT('',(-2.57971882765142,2.06470253511603,-7.59072312710079));
#2398=CARTESIAN_POINT('',(-2.08158242594919,2.04104146155836,-7.74192920846118));
#2399=CARTESIAN_POINT('',(-1.05621715522222,2.00856009546452,-7.94737331868771));
#2400=CARTESIAN_POINT('',(-0.524339388141586,2.00000253543632,-7.99998399654591));
#2401=CARTESIAN_POINT('',(0.0501596058697463,1.99999970965085,-8.00000153501109));
#2402=CARTESIAN_POINT('',(0.10062824164244,2.00007856949846,-7.99951672973466));
#2403=CARTESIAN_POINT('',(0.151144850586608,2.00023576062319,-7.99854779858604));
#2404=CARTESIAN_POINT('',(0.,-25.,10.5726353863185));
#2405=CARTESIAN_POINT('',(21.145270772637,-25.,10.5726353863185));
#2406=CARTESIAN_POINT('',(21.145270772637,-25.,-10.5726353863185));
#2407=CARTESIAN_POINT('',(0.,-25.,-10.5726353863185));
#2408=CARTESIAN_POINT('',(0.,-24.0354056795006,9.54805908589519));
#2409=CARTESIAN_POINT('',(19.0961181717904,-24.0354056795006,9.54805908589519));
#2410=CARTESIAN_POINT('',(19.0961181717904,-24.0354056795006,-9.54805908589519));
#2411=CARTESIAN_POINT('',(0.,-24.0354056795006,-9.54805908589519));
#2412=CARTESIAN_POINT('',(0.,-22.7424156718183,8.99336569797623));
#2413=CARTESIAN_POINT('',(17.9867313959525,-22.7424156718183,8.99336569797623));
#2414=CARTESIAN_POINT('',(17.9867313959525,-22.7424156718183,-8.99336569797623));
#2415=CARTESIAN_POINT('',(0.,-22.7424156718183,-8.99336569797623));
#2416=CARTESIAN_POINT('',(0.,-21.33572735461,9.00005655889067));
#2417=CARTESIAN_POINT('',(18.0001131177813,-21.33572735461,9.00005655889067));
#2418=CARTESIAN_POINT('',(18.0001131177813,-21.33572735461,-9.00005655889067));
#2419=CARTESIAN_POINT('',(0.,-21.33572735461,-9.00005655889067));
#2420=CARTESIAN_POINT('',(2.46458315613435,-24.3595094005229,9.69153392742825));
#2421=CARTESIAN_POINT('',(2.36402440808095,-23.9049706391474,9.3653517835764));
#2422=CARTESIAN_POINT('',(2.50848346885944,-22.9132903076732,8.8136137904056));
#2423=CARTESIAN_POINT('',(2.87298142523517,-21.8742116719867,8.53192022989792));
#2424=CARTESIAN_POINT('',(3.07818128993102,-21.3595094005225,8.45723358707318));
#2425=CARTESIAN_POINT('',(3.07818128993102,-21.3595094005226,8.45723358707318));
#2426=CARTESIAN_POINT('',(3.07818128993102,-21.3595094005228,8.45723358707318));
#2427=CARTESIAN_POINT('',(3.28276471005459,-21.8726654455629,8.38277131172382));
#2428=CARTESIAN_POINT('',(3.73847604943517,-22.9020196867375,8.36232443595123));
#2429=CARTESIAN_POINT('',(4.20871311325631,-23.9040411857443,8.69319817566497));
#2430=CARTESIAN_POINT('',(4.34161769604905,-24.3595094005318,9.00834922621741));
#2431=CARTESIAN_POINT('',(4.34161769604906,-24.3595094005318,9.00834922621743));
#2432=CARTESIAN_POINT('',(0.,-24.3595094005226,0.));
#2433=CARTESIAN_POINT('',(8.11757815876921,-24.3595094005226,5.83994219460031));
#2434=CARTESIAN_POINT('',(8.11757815876893,-24.3595094005229,5.83994219460013));
#2435=CARTESIAN_POINT('',(7.83087984801443,-23.9049706390963,5.65471009313127));
#2436=CARTESIAN_POINT('',(7.58689156156501,-22.9132903142044,5.13919777738929));
#2437=CARTESIAN_POINT('',(7.68504406947101,-21.8742116582955,4.68911321327033));
#2438=CARTESIAN_POINT('',(7.79422863405995,-21.3595094005226,4.5));
#2439=CARTESIAN_POINT('',(7.79422863405995,-21.3595094005226,4.5));
#2440=CARTESIAN_POINT('',(7.79422863405995,-21.3595094005228,4.5));
#2441=CARTESIAN_POINT('',(7.90327501060625,-21.87356023197,4.31112613544053));
#2442=CARTESIAN_POINT('',(8.24212389199507,-22.9081097008817,4.00254334793499));
#2443=CARTESIAN_POINT('',(8.81028376585844,-23.9015608301877,3.95321803293162));
#2444=CARTESIAN_POINT('',(9.11632737654112,-24.3595094005226,4.11005780539969));
#2445=CARTESIAN_POINT('',(9.11632737654112,-24.3595094005226,4.11005780539969));
#2446=CARTESIAN_POINT('',(0.,-24.3595094005226,0.));
#2447=CARTESIAN_POINT('',(9.97226812408369,-24.3595094005223,-0.744223394809281));
#2448=CARTESIAN_POINT('',(9.97226812408369,-24.3595094005224,-0.744223394809281));
#2449=CARTESIAN_POINT('',(9.63358399862993,-23.9049765737874,-0.701833848422556));
#2450=CARTESIAN_POINT('',(9.11526210239404,-22.9125306679103,-0.940226004731885));
#2451=CARTESIAN_POINT('',(8.9013064881149,-21.8758039711374,-1.34711669140149));
#2452=CARTESIAN_POINT('',(8.86326977710987,-21.3595094005226,-1.56283359900237));
#2453=CARTESIAN_POINT('',(8.86326977710988,-21.3595094005226,-1.56283359900237));
#2454=CARTESIAN_POINT('',(9.62540616085911,-24.3595094005226,-2.71137534076261));
#2455=CARTESIAN_POINT('',(9.29264910866212,-23.9049765737875,-2.63537169157089));
#2456=CARTESIAN_POINT('',(8.88712076705036,-22.912530667921,-2.23407981216999));
#2457=CARTESIAN_POINT('',(8.82523306609625,-21.8758039711164,-1.77855050665197));
#2458=CARTESIAN_POINT('',(8.86326977710987,-21.3595094005226,-1.56283359900237));
#2459=CARTESIAN_POINT('',(9.62540616085911,-24.3595094005226,-2.71137534076261));
#2460=CARTESIAN_POINT('',(0.,-24.3595094005226,0.));
#2461=CARTESIAN_POINT('',(7.1608230047357,-24.3595094005442,-6.98015858667781));
#2462=CARTESIAN_POINT('',(7.1608230047357,-24.3595094005442,-6.98015858667781));
#2463=CARTESIAN_POINT('',(6.92862058597037,-23.9049710894803,-6.72998133220892));
#2464=CARTESIAN_POINT('',(6.37855344230759,-22.9132328400964,-6.57923358163901));
#2465=CARTESIAN_POINT('',(5.9524081047227,-21.8743321478119,-6.75400215870104));
#2466=CARTESIAN_POINT('',(5.78508848717886,-21.3595094005226,-6.8943999880708));
#2467=CARTESIAN_POINT('',(5.78508848717886,-21.3595094005226,-6.89439998807081));
#2468=CARTESIAN_POINT('',(5.78508848717886,-21.3595094005228,-6.8943999880708));
#2469=CARTESIAN_POINT('',(5.61801764577386,-21.8735666928661,-7.03458906947422));
#2470=CARTESIAN_POINT('',(5.37295678122172,-22.9081309106985,-7.42188188277251));
#2471=CARTESIAN_POINT('',(5.42306200848463,-23.9015884473529,-7.98998318503091));
#2472=CARTESIAN_POINT('',(5.63065042803747,-24.3595094005226,-8.26412583140173));
#2473=CARTESIAN_POINT('',(5.63065042803747,-24.3595094005226,-8.26412583140174));
#2474=CARTESIAN_POINT('',(0.,-24.3595094005226,0.));
#2475=CARTESIAN_POINT('',(0.99874921777191,-24.3595094005221,-9.95));
#2476=CARTESIAN_POINT('',(0.9987492177719,-24.3595094005222,-9.94999999999991));
#2477=CARTESIAN_POINT('',(0.981682890510503,-23.9049765737873,-9.60910037994873));
#2478=CARTESIAN_POINT('',(0.656906793983287,-22.9125306679147,-9.14004932149271));
#2479=CARTESIAN_POINT('',(0.219044688631975,-21.8758039711287,-9.));
#2480=CARTESIAN_POINT('',(1.09796626361456E-15,-21.3595094005226,-9.));
#2481=CARTESIAN_POINT('',(-10.0188,0.,-10.0188));
#2482=CARTESIAN_POINT('',(10.0188,0.,-10.0188));
#2483=CARTESIAN_POINT('',(-10.0188,0.,10.0188));
#2484=CARTESIAN_POINT('',(10.0188,0.,10.0188));
#2485=CARTESIAN_POINT('',(0.,0.,0.));
#2486=CARTESIAN_POINT('',(0.,-5.03000002594069,9.));
#2487=CARTESIAN_POINT('',(0.,-2.43945488809238E-16,9.));
#2488=CARTESIAN_POINT('',(18.,-5.03000002594069,9.));
#2489=CARTESIAN_POINT('',(18.,-5.28548559086683E-16,9.));
#2490=CARTESIAN_POINT('',(18.,-5.03000002594069,-9.));
#2491=CARTESIAN_POINT('',(18.,-5.28548559086683E-16,-9.));
#2492=CARTESIAN_POINT('',(1.10218211923262E-15,-5.03000002594069,-9.));
#2493=CARTESIAN_POINT('',(1.10218211923262E-15,-2.43945488809238E-16,-9.));
#2494=CARTESIAN_POINT('',(-0.0363207015782877,-5.03000002594068,-9.));
#2495=CARTESIAN_POINT('',(-0.0363207015782877,-2.17715523020598E-16,-9.));
#2496=CARTESIAN_POINT('',(-0.0727140995535561,-5.03000002594069,-8.99978013622986));
#2497=CARTESIAN_POINT('',(-0.0727140995535561,-3.00564499188428E-16,-8.99978013622986));
#2498=CARTESIAN_POINT('',(-0.109178397884596,-5.03000002594068,-8.99933775771503));
#2499=CARTESIAN_POINT('',(-0.109178397884596,-2.46904775213613E-16,-8.99933775771503));
#2500=CARTESIAN_POINT('',(5.7850453491401,-4.83391238949103,-6.89443618495323));
#2501=CARTESIAN_POINT('',(4.18337656013369,-4.92595550154971,-8.23837879753791));
#2502=CARTESIAN_POINT('',(2.08887976891034,-5.0000107950899,-9.00012094498903));
#2503=CARTESIAN_POINT('',(-0.000521030065741009,-4.99999999865384,-8.9999999849182));
#2504=CARTESIAN_POINT('',(5.78518402888607,-4.83390462827123,-6.89460199068446));
#2505=CARTESIAN_POINT('',(8.86323419507213,-4.6097062000978,-1.56303538133466));
#2506=CARTESIAN_POINT('',(8.49890228983309,-4.64185535663339,-3.62898925508069));
#2507=CARTESIAN_POINT('',(7.38671367853704,-4.74186930384473,-5.55049395802178));
#2508=CARTESIAN_POINT('',(5.78504534914011,-4.83391238949103,-6.89443618495322));
#2509=CARTESIAN_POINT('',(8.8636367921421,-4.6096708546276,-1.56310692953643));
#2510=CARTESIAN_POINT('',(7.79396746054435,-4.69832925281456,4.50045233548539));
#2511=CARTESIAN_POINT('',(8.84489239673733,-4.61685368038837,2.6804408909515));
#2512=CARTESIAN_POINT('',(9.22745057913433,-4.57756723731232,0.502263426469093));
#2513=CARTESIAN_POINT('',(8.86323419507213,-4.6097062000978,-1.56303538133466));
#2514=CARTESIAN_POINT('',(7.794255889689,-4.69830689892516,4.5006198831551));
#2515=CARTESIAN_POINT('',(3.09834132492341,-4.95238684638945,8.44986869923266));
#2516=CARTESIAN_POINT('',(5.07230120157489,-4.89170363205449,7.72607029747461));
#2517=CARTESIAN_POINT('',(6.74637056965689,-4.77954681024177,6.31470020896356));
#2518=CARTESIAN_POINT('',(7.79396746054435,-4.69832925281456,4.50045233548539));
#2519=CARTESIAN_POINT('',(3.09835863389121,-4.95238549220026,8.44991601818835));
#2520=CARTESIAN_POINT('',(3.07820737377047,-4.95300378869513,8.45722409328647));
#2521=CARTESIAN_POINT('',(3.08492287527277,-4.95279868444356,8.45477982717564));
#2522=CARTESIAN_POINT('',(3.09163419072745,-4.95259303622482,8.45232802632884));
#2523=CARTESIAN_POINT('',(3.09834132492341,-4.95238684638945,8.44986869923266));
#2524=CARTESIAN_POINT('',(-9.62540616085911,-4.48119329402191,-2.71137534076261));
#2525=CARTESIAN_POINT('',(-9.62540616085911,-24.4780679458894,-2.71137534076261));
#2526=CARTESIAN_POINT('',(-9.06411364765309,-4.48119329402191,-2.58317286094741));
#2527=CARTESIAN_POINT('',(-9.06411364765309,-24.4780679458894,-2.58317286094741));
#2528=CARTESIAN_POINT('',(-8.76296010511966,-4.48119329402191,-2.10258858590186));
#2529=CARTESIAN_POINT('',(-8.76296010511966,-24.4780679458894,-2.10258858590186));
#2530=CARTESIAN_POINT('',(-8.8648976233553,-4.48119329402191,-1.55384204679088));
#2531=CARTESIAN_POINT('',(-8.8648976233553,-24.4780679458894,-1.55384204679088));
#2532=CARTESIAN_POINT('',(-8.96674277024932,-4.48119329402191,-1.00559275790632));
#2533=CARTESIAN_POINT('',(-8.96674277024932,-24.4780679458894,-1.00559275790632));
#2534=CARTESIAN_POINT('',(-9.41981681106584,-4.48119329402191,-0.665235144901693));
#2535=CARTESIAN_POINT('',(-9.41981681106584,-24.4780679458894,-0.665235144901693));
#2536=CARTESIAN_POINT('',(-9.98935238119765,-4.48119329402191,-0.746511364761158));
#2537=CARTESIAN_POINT('',(-9.98935238119765,-24.4780679458894,-0.746511364761158));
#2538=CARTESIAN_POINT('',(-9.62540616085911,-14.6455399789174,-2.71137534076261));
#2539=CARTESIAN_POINT('',(-9.62540616085911,-4.62720252897717,-2.71137534076261));
#2540=CARTESIAN_POINT('',(-8.86232697745609,-4.60978766832607,-1.56826807949358));
#2541=CARTESIAN_POINT('',(-8.8194736019298,-4.61370447888778,-1.81939351884772));
#2542=CARTESIAN_POINT('',(-8.93411708553587,-4.62343538606257,-2.34580761116324));
#2543=CARTESIAN_POINT('',(-9.37701636037459,-4.62745372889156,-2.65464165870292));
#2544=CARTESIAN_POINT('',(-9.62540614355476,-4.62718566333153,-2.71137533681019));
#2545=CARTESIAN_POINT('',(-9.97229396065045,-4.59977699091283,-0.744226628843504));
#2546=CARTESIAN_POINT('',(-9.71969234038342,-4.59970076846614,-0.712604448113067));
#2547=CARTESIAN_POINT('',(-9.19822523947847,-4.60043599268379,-0.850773850836662));
#2548=CARTESIAN_POINT('',(-8.90994279110434,-4.60572782939471,-1.30671967549349));
#2549=CARTESIAN_POINT('',(-8.86429147507917,-4.60961446075234,-1.55713574826861));
#2550=CARTESIAN_POINT('',(-9.97229411844283,-4.59978597144962,-0.744225346733014));
#2551=CARTESIAN_POINT('',(-9.97226812408384,-14.6455399789174,-0.744223394809298));
#2552=CARTESIAN_POINT('',(-5.63065043439837,-4.67626801411727,-8.26412583980198));
#2553=CARTESIAN_POINT('',(-5.63065043439837,-24.476904478384,-8.26412583980198));
#2554=CARTESIAN_POINT('',(-5.28517653814647,-4.67626801411727,-7.80789072658613));
#2555=CARTESIAN_POINT('',(-5.28517653814647,-24.476904478384,-7.80789072658613));
#2556=CARTESIAN_POINT('',(-5.36125580618244,-4.67626801411727,-7.25003751256089));
#2557=CARTESIAN_POINT('',(-5.36125580618244,-24.476904478384,-7.25003751256089));
#2558=CARTESIAN_POINT('',(-5.78508882850824,-4.67626801411727,-6.89439970166158));
#2559=CARTESIAN_POINT('',(-5.78508882850824,-24.476904478384,-6.89439970166158));
#2560=CARTESIAN_POINT('',(-6.21532438586834,-4.67626801411727,-6.53338953083781));
#2561=CARTESIAN_POINT('',(-6.21532438586834,-24.476904478384,-6.53338953083781));
#2562=CARTESIAN_POINT('',(-6.78547119067388,-4.67626801411727,-6.56132335936988));
#2563=CARTESIAN_POINT('',(-6.78547119067388,-24.476904478384,-6.56132335936988));
#2564=CARTESIAN_POINT('',(-7.17240772953863,-4.67626801411727,-6.99285724740857));
#2565=CARTESIAN_POINT('',(-7.17240772953863,-24.476904478384,-6.99285724740857));
#2566=CARTESIAN_POINT('',(-5.63065042803747,-14.8021496605622,-8.26412583140174));
#2567=CARTESIAN_POINT('',(-5.63065042803747,-4.87257299171886,-8.26412583140174));
#2568=CARTESIAN_POINT('',(-5.77469914540258,-4.83451132647081,-6.90323912872701));
#2569=CARTESIAN_POINT('',(-5.58292770238874,-4.84565348989789,-7.06866412788906));
#2570=CARTESIAN_POINT('',(-5.33670235811465,-4.86659414077385,-7.54400870397582));
#2571=CARTESIAN_POINT('',(-5.47760922745991,-4.87305301965769,-8.06201860932299));
#2572=CARTESIAN_POINT('',(-5.63065043439837,-4.87257862394116,-8.26412583980198));
#2573=CARTESIAN_POINT('',(-7.1608236181271,-4.79383208936747,-6.98015924755213));
#2574=CARTESIAN_POINT('',(-6.98846419226049,-4.79332237722025,-6.79445710822359));
#2575=CARTESIAN_POINT('',(-6.50320171398897,-4.8003651043789,-6.56553616812778));
#2576=CARTESIAN_POINT('',(-5.99159937280745,-4.82216716205877,-6.72571002516571));
#2577=CARTESIAN_POINT('',(-5.79551913191993,-4.83331477867277,-6.88576729270888));
#2578=CARTESIAN_POINT('',(-7.16082357100737,-4.79383467053163,-6.98015928420149));
#2579=CARTESIAN_POINT('',(-7.16082300472467,-14.8021496605622,-6.98015858666592));
#2580=CARTESIAN_POINT('',(-7.16082285968468,-24.3595094005326,-6.98015873545991));
#2581=CARTESIAN_POINT('',(-7.16082285968468,-4.50879172839882,-6.98015873545991));
#2582=CARTESIAN_POINT('',(-8.30476289763239,-24.3595094005326,-5.80661064231546));
#2583=CARTESIAN_POINT('',(-8.30476289763239,-4.50879172839882,-5.80661064231546));
#2584=CARTESIAN_POINT('',(-9.16028566702727,-24.3595094005327,-4.36255715965885));
#2585=CARTESIAN_POINT('',(-9.16028566702727,-4.50879172839882,-4.36255715965885));
#2586=CARTESIAN_POINT('',(-9.62540616085911,-24.3595094005327,-2.7113753407626));
#2587=CARTESIAN_POINT('',(-9.62540616085911,-4.50879172839882,-2.7113753407626));
#2588=CARTESIAN_POINT('',(-7.16082285968468,-4.79383209591389,-6.98015873545991));
#2589=CARTESIAN_POINT('',(-7.44437229906665,-4.77748778168579,-6.68927032097984));
#2590=CARTESIAN_POINT('',(-8.00452768168458,-4.74307724936786,-6.03451062065001));
#2591=CARTESIAN_POINT('',(-8.55146311333805,-4.70614822133432,-5.2168830656382));
#2592=CARTESIAN_POINT('',(-8.98779202666491,-4.67520485282723,-4.40172268500749));
#2593=CARTESIAN_POINT('',(-9.33493535222179,-4.64970848785766,-3.62716207306616));
#2594=CARTESIAN_POINT('',(-9.52575201058115,-4.63491959597522,-3.06514839727743));
#2595=CARTESIAN_POINT('',(-9.62540606467672,-4.62718567077736,-2.7113756822109));
#2596=CARTESIAN_POINT('',(-9.13158316716753,-4.54739850590223,4.1180426020201));
#2597=CARTESIAN_POINT('',(-9.13158316716753,-24.4776730837909,4.1180426020201));
#2598=CARTESIAN_POINT('',(-8.62419177715412,-4.54739850590223,3.84688625974229));
#2599=CARTESIAN_POINT('',(-8.62419177715412,-24.4776730837909,3.84688625974229));
#2600=CARTESIAN_POINT('',(-8.0820382921673,-4.54739850590223,4.01176322224971));
#2601=CARTESIAN_POINT('',(-8.0820382921673,-24.4776730837909,4.01176322224971));
#2602=CARTESIAN_POINT('',(-7.798829095896,-4.54739850590223,4.4921151022237));
#2603=CARTESIAN_POINT('',(-7.798829095896,-24.4776730837909,4.4921151022237));
#2604=CARTESIAN_POINT('',(-7.51536303974188,-4.54739850590223,4.97290264293623));
#2605=CARTESIAN_POINT('',(-7.51536303974188,-24.4776730837909,4.97290264293623));
#2606=CARTESIAN_POINT('',(-7.63398707287859,-4.54739850590223,5.52750019640604));
#2607=CARTESIAN_POINT('',(-7.63398707287859,-24.4776730837909,5.52750019640604));
#2608=CARTESIAN_POINT('',(-8.11757815876921,-4.54739850590223,5.83994219460032));
#2609=CARTESIAN_POINT('',(-8.11757815876921,-24.4776730837909,5.83994219460032));
#2610=CARTESIAN_POINT('',(-9.11632737654112,-14.706631306566,4.11005780539969));
#2611=CARTESIAN_POINT('',(-9.11633500070213,-4.6656498795914,4.11006132663347));
#2612=CARTESIAN_POINT('',(-7.80039688720469,-4.69783592465356,4.48946529942375));
#2613=CARTESIAN_POINT('',(-7.92983260105788,-4.68802392945223,4.27146596660819));
#2614=CARTESIAN_POINT('',(-8.35538813280193,-4.67036248241585,3.94562564570032));
#2615=CARTESIAN_POINT('',(-8.89053612064803,-4.66525882521265,3.99434298196751));
#2616=CARTESIAN_POINT('',(-9.11633485464525,-4.66564198125048,4.11006163778256));
#2617=CARTESIAN_POINT('',(-8.11757629541539,-4.73498275284802,5.83994099070838));
#2618=CARTESIAN_POINT('',(-7.90455654691731,-4.73546691795752,5.70231099349842));
#2619=CARTESIAN_POINT('',(-7.59466533406257,-4.72865892610034,5.2635782836027));
#2620=CARTESIAN_POINT('',(-7.66423897773993,-4.70861036011026,4.73134749404977));
#2621=CARTESIAN_POINT('',(-7.78831608852301,-4.69877234178143,4.51038360675603));
#2622=CARTESIAN_POINT('',(-8.11757615554765,-4.73502038996193,5.83994133959421));
#2623=CARTESIAN_POINT('',(-8.11757815876921,-14.706631306566,5.83994219460032));
#2624=CARTESIAN_POINT('',(-4.34816928228792,-4.80755988163603,9.02426594546939));
#2625=CARTESIAN_POINT('',(-4.34816928228792,-24.4761214254973,9.02426594546939));
#2626=CARTESIAN_POINT('',(-4.13377787343555,-4.80755988163603,8.49040614177651));
#2627=CARTESIAN_POINT('',(-4.13377787343555,-24.4761214254973,8.49040614177651));
#2628=CARTESIAN_POINT('',(-3.61248365315063,-4.80755988163603,8.26822284418588));
#2629=CARTESIAN_POINT('',(-3.61248365315063,-24.4761214254973,8.26822284418588));
#2630=CARTESIAN_POINT('',(-3.08677059777434,-4.80755988163603,8.45415164416449));
#2631=CARTESIAN_POINT('',(-3.08677059777434,-24.4761214254973,8.45415164416449));
#2632=CARTESIAN_POINT('',(-2.56058074412983,-4.80755988163603,8.64024907326299));
#2633=CARTESIAN_POINT('',(-2.56058074412983,-24.4761214254973,8.64024907326299));
#2634=CARTESIAN_POINT('',(-2.29496520399257,-4.80755988163603,9.14134462679896));
#2635=CARTESIAN_POINT('',(-2.29496520399257,-24.4761214254973,9.14134462679896));
#2636=CARTESIAN_POINT('',(-2.46458315613692,-4.80755988163603,9.69153392743656));
#2637=CARTESIAN_POINT('',(-2.46458315613692,-24.4761214254973,9.69153392743656));
#2638=CARTESIAN_POINT('',(-4.34161769604636,-14.891217859797,9.00834922621104));
#2639=CARTESIAN_POINT('',(-4.34161862166246,-4.92424449178993,9.0083507408833));
#2640=CARTESIAN_POINT('',(-3.07817715231741,-4.95300476562558,8.45723509305169));
#2641=CARTESIAN_POINT('',(-3.31840382656401,-4.94566782717612,8.36979853626519));
#2642=CARTESIAN_POINT('',(-3.85895340595022,-4.92970468935075,8.38908293389789));
#2643=CARTESIAN_POINT('',(-4.24223925493354,-4.92385927505537,8.7726961683025));
#2644=CARTESIAN_POINT('',(-4.34161836782117,-4.92426135122912,9.00835081916626));
#2645=CARTESIAN_POINT('',(-2.4645784995301,-4.97559804495071,9.69151882238938));
#2646=CARTESIAN_POINT('',(-2.38931459510052,-4.97584312221136,9.44737178812176));
#2647=CARTESIAN_POINT('',(-2.43581035345159,-4.97270782085924,8.90772790249192));
#2648=CARTESIAN_POINT('',(-2.83773863100567,-4.9603485725357,8.54489640492153));
#2649=CARTESIAN_POINT('',(-3.07766722186087,-4.95302034021286,8.45742085182144));
#2650=CARTESIAN_POINT('',(-2.46457879214243,-4.97559577052345,9.69151872990185));
#2651=CARTESIAN_POINT('',(-2.46458315613444,-14.891217859797,9.69153392742854));
#2652=CARTESIAN_POINT('',(-8.68115954930058,-4.69685406406136,4.96380749121394));
#2653=CARTESIAN_POINT('',(-8.56805291284279,-4.70476376521806,5.1615590844649));
#2654=CARTESIAN_POINT('',(-8.44812976148407,-4.71299311552213,5.35549352612059));
#2655=CARTESIAN_POINT('',(-8.1403126881367,-4.73362658076763,5.81738423811168));
#2656=CARTESIAN_POINT('',(-7.94465769607395,-4.74634345412809,6.08202926425269));
#2657=CARTESIAN_POINT('',(-7.52686322673919,-4.77236806836628,6.59204034005971));
#2658=CARTESIAN_POINT('',(-7.30704624835437,-4.78553174462578,6.83472052426126));
#2659=CARTESIAN_POINT('',(-6.61586857516082,-4.82490185284833,7.52699150242584));
#2660=CARTESIAN_POINT('',(-6.11308283655631,-4.85099252081787,7.94115256651047));
#2661=CARTESIAN_POINT('',(-5.29439901703627,-4.88765130714019,8.48983277286452));
#2662=CARTESIAN_POINT('',(-5.01048159076493,-4.89945016567916,8.6603815828267));
#2663=CARTESIAN_POINT('',(-4.43342977331866,-4.9213582134837,8.96949471133184));
#2664=CARTESIAN_POINT('',(-4.1387827588058,-4.93153908516155,9.10914392895883));
#2665=CARTESIAN_POINT('',(-3.68705237973011,-4.94547488919785,9.29690289725777));
#2666=CARTESIAN_POINT('',(-3.53447771822551,-4.949906537074,9.35598343773725));
#2667=CARTESIAN_POINT('',(-3.38037032031812,-4.95409318428582,9.41133580528391));
#2668=CARTESIAN_POINT('',(-7.81304359437052,-4.69685406406136,4.46742674209254));
#2669=CARTESIAN_POINT('',(-7.71124762155851,-4.70476376521806,4.64540317601841));
#2670=CARTESIAN_POINT('',(-7.60331678533567,-4.71299311552213,4.81994417350853));
#2671=CARTESIAN_POINT('',(-7.32628141932303,-4.73362658076763,5.23564581430051));
#2672=CARTESIAN_POINT('',(-7.15019192646656,-4.74634345412809,5.47382633782742));
#2673=CARTESIAN_POINT('',(-6.77417690406527,-4.77236806836628,5.93283630605374));
#2674=CARTESIAN_POINT('',(-6.57634162351894,-4.78553174462578,6.15124847183514));
#2675=CARTESIAN_POINT('',(-5.95428171764474,-4.82490185284833,6.77429235218326));
#2676=CARTESIAN_POINT('',(-5.50177455290068,-4.85099252081787,7.14703730985943));
#2677=CARTESIAN_POINT('',(-4.76495911533264,-4.88765130714019,7.64084949557807));
#2678=CARTESIAN_POINT('',(-4.50943343168843,-4.89945016567916,7.79434342454403));
#2679=CARTESIAN_POINT('',(-3.99008679598679,-4.9213582134837,8.07254524019865));
#2680=CARTESIAN_POINT('',(-3.72490448292522,-4.93153908516155,8.19822953606295));
#2681=CARTESIAN_POINT('',(-3.3183471417571,-4.94547488919785,8.36721260753199));
#2682=CARTESIAN_POINT('',(-3.18102994640296,-4.949906537074,8.42038509396352));
#2683=CARTESIAN_POINT('',(-3.04233328828631,-4.95409318428582,8.47020222475552));
#2684=CARTESIAN_POINT('',(-4.34161833136516,-4.92426132633694,9.008348920016));
#2685=CARTESIAN_POINT('',(-5.83160436755955,-4.8722566987738,8.2902315904933));
#2686=CARTESIAN_POINT('',(-7.14630527761559,-4.79848484872393,7.18994470653163));
#2687=CARTESIAN_POINT('',(-8.11757014312953,-4.73498282146477,5.83993877840318));
#2688=CARTESIAN_POINT('',(2.46458315932753,-4.8075175141656,9.69153393778595));
#2689=CARTESIAN_POINT('',(2.46458315932753,-24.476121678184,9.69153393778595));
#2690=CARTESIAN_POINT('',(2.29598462215991,-4.8075175141656,9.14465133183699));
#2691=CARTESIAN_POINT('',(2.29598462215991,-24.476121678184,9.14465133183699));
#2692=CARTESIAN_POINT('',(2.55827584622325,-4.8075175141656,8.64646019329456));
#2693=CARTESIAN_POINT('',(2.55827584622325,-24.476121678184,8.64646019329456));
#2694=CARTESIAN_POINT('',(3.07818687579594,-4.8075175141656,8.45723155400342));
#2695=CARTESIAN_POINT('',(3.07818687579594,-24.476121678184,8.45723155400342));
#2696=CARTESIAN_POINT('',(3.6059552222086,-4.8075175141656,8.26514313815526));
#2697=CARTESIAN_POINT('',(3.6059552222086,-24.476121678184,8.26514313815526));
#2698=CARTESIAN_POINT('',(4.13216694867001,-4.8075175141656,8.48640240511193));
#2699=CARTESIAN_POINT('',(4.13216694867001,-24.476121678184,8.48640240511193));
#2700=CARTESIAN_POINT('',(4.348167448057,-4.8075175141656,9.02426137805137));
#2701=CARTESIAN_POINT('',(4.348167448057,-24.476121678184,9.02426137805137));
#2702=CARTESIAN_POINT('',(4.34162517822984,-4.92426189999119,9.00836696887532));
#2703=CARTESIAN_POINT('',(4.24371987848212,-4.9238656388068,8.77619576074189));
#2704=CARTESIAN_POINT('',(3.86918961888464,-4.92949924026318,8.3966423135561));
#2705=CARTESIAN_POINT('',(3.33689196077738,-4.94511805973235,8.36906717392438));
#2706=CARTESIAN_POINT('',(3.09842472777744,-4.95238408626239,8.45011062295836));
#2707=CARTESIAN_POINT('',(4.34162623891446,-4.92424461999908,9.0083665510834));
#2708=CARTESIAN_POINT('',(4.34161769604636,-14.8911070884119,9.00834922621104));
#2709=CARTESIAN_POINT('',(-3.43913987090796,-4.95248269180314,9.39001904419322));
#2710=CARTESIAN_POINT('',(-3.26731005745685,-4.95723206193283,9.45295395913004));
#2711=CARTESIAN_POINT('',(-3.09356672366187,-4.96167794962312,9.51123428001284));
#2712=CARTESIAN_POINT('',(-2.60507128680188,-4.97313198176126,9.6602572132031));
#2713=CARTESIAN_POINT('',(-2.28479434460494,-4.97945050850668,9.74106980379319));
#2714=CARTESIAN_POINT('',(-1.31480077418362,-4.99473660059058,9.93509956680087));
#2715=CARTESIAN_POINT('',(-0.661000222359302,-5.,10.));
#2716=CARTESIAN_POINT('',(-3.25260651745651E-16,-5.,10.));
#2717=CARTESIAN_POINT('',(-3.09522588381716,-4.95248269180314,8.4510171397739));
#2718=CARTESIAN_POINT('',(-2.94057905171116,-4.95723206193283,8.50765856321704));
#2719=CARTESIAN_POINT('',(-2.78421005129568,-4.96167794962312,8.56011085201156));
#2720=CARTESIAN_POINT('',(-2.3445641581217,-4.97313198176126,8.69423149188279));
#2721=CARTESIAN_POINT('',(-2.05631491014444,-4.97945050850668,8.76696282341387));
#2722=CARTESIAN_POINT('',(-1.18332069676526,-4.99473660059058,8.94158961012079));
#2723=CARTESIAN_POINT('',(-0.594900200123372,-5.,9.));
#2724=CARTESIAN_POINT('',(-2.16840434497101E-16,-5.,9.));
#2725=CARTESIAN_POINT('',(-3.09316022774669,-4.95248269180314,8.44537719764633));
#2726=CARTESIAN_POINT('',(-2.93861660205583,-4.95723206193283,8.50198082039105));
#2727=CARTESIAN_POINT('',(-2.78235195737626,-4.96167794962312,8.55439810418341));
#2728=CARTESIAN_POINT('',(-2.3429994699963,-4.97313198176126,8.68842923617239));
#2729=CARTESIAN_POINT('',(-2.05494259047008,-4.97945050850668,8.76111202910819));
#2730=CARTESIAN_POINT('',(-1.18253098587748,-4.99473660059058,8.93562227540883));
#2731=CARTESIAN_POINT('',(-0.594503182504678,-5.,8.99399368403724));
#2732=CARTESIAN_POINT('',(-2.16840434497101E-16,-5.,8.99399368403724));
#2733=CARTESIAN_POINT('',(-3.25260651745651E-16,-5.,10.));
#2734=CARTESIAN_POINT('',(-0.833486788474405,-5.,10.));
#2735=CARTESIAN_POINT('',(-1.66023151518186,-4.99152577986873,9.89605451866275));
#2736=CARTESIAN_POINT('',(-2.46457753599405,-4.9755980382349,9.69151361357818));
#2737=CARTESIAN_POINT('',(8.30156310811491,-3.55083540445147,5.93345638191069));
#2738=CARTESIAN_POINT('',(8.30156310811491,-25.4741894574766,5.93345638191069));
#2739=CARTESIAN_POINT('',(7.68420778938945,-3.55083540445147,5.69623077872417));
#2740=CARTESIAN_POINT('',(7.68420778938945,-25.4741894574766,5.69623077872417));
#2741=CARTESIAN_POINT('',(7.46354641704978,-3.55083540445147,5.07276294866155));
#2742=CARTESIAN_POINT('',(7.46354641704978,-25.4741894574766,5.07276294866155));
#2743=CARTESIAN_POINT('',(7.79422691503358,-3.55083540445147,4.50000297745284));
#2744=CARTESIAN_POINT('',(7.79422691503358,-25.4741894574766,4.50000297745284));
#2745=CARTESIAN_POINT('',(8.12490741301738,-3.55083540445147,3.92724300624412));
#2746=CARTESIAN_POINT('',(8.12490741301738,-25.4741894574766,3.92724300624412));
#2747=CARTESIAN_POINT('',(8.77517624894312,-3.55083540445147,3.80660297395963));
#2748=CARTESIAN_POINT('',(8.77517624894312,-25.4741894574766,3.80660297395963));
#2749=CARTESIAN_POINT('',(9.28930016777378,-3.55083540445147,4.22263202637306));
#2750=CARTESIAN_POINT('',(9.28930016777378,-25.4741894574766,4.22263202637306));
#2751=CARTESIAN_POINT('',(8.11757815876921,-14.7064031585148,5.83994219460031));
#2752=CARTESIAN_POINT('',(8.11758574625499,-4.73501779928835,5.83994821197716));
#2753=CARTESIAN_POINT('',(7.79396749540975,-4.69832926845763,4.50045257843058));
#2754=CARTESIAN_POINT('',(7.66632924721873,-4.70823468718513,4.72179552193019));
#2755=CARTESIAN_POINT('',(7.59163746205708,-4.72852033930047,5.25721992458786));
#2756=CARTESIAN_POINT('',(7.9028076357753,-4.73546985508956,5.7011846274695));
#2757=CARTESIAN_POINT('',(8.11758619659072,-4.7349816287616,5.83994738767918));
#2758=CARTESIAN_POINT('',(9.1163297734547,-4.66564230940785,4.11005903376262));
#2759=CARTESIAN_POINT('',(8.88884245111113,-4.66525631346732,3.99347664030509));
#2760=CARTESIAN_POINT('',(8.34899334852227,-4.67043761664556,3.94566086706796));
#2761=CARTESIAN_POINT('',(7.92194252931422,-4.68840739350089,4.27879413269466));
#2762=CARTESIAN_POINT('',(7.79422969905579,-4.69830892996704,4.49999815537763));
#2763=CARTESIAN_POINT('',(9.11632976013851,-4.66564725637428,4.11005904336746));
#2764=CARTESIAN_POINT('',(9.11632737654112,-14.7064031585148,4.11005780539969));
#2765=CARTESIAN_POINT('',(3.40307220913194,-4.95347082128484,9.40309841412727));
#2766=CARTESIAN_POINT('',(3.54694510477605,-4.94953625623888,9.35103340461142));
#2767=CARTESIAN_POINT('',(3.68952221211459,-4.94538932099019,9.29572845839621));
#2768=CARTESIAN_POINT('',(4.43547536859445,-4.92242517032722,8.986440647418));
#2769=CARTESIAN_POINT('',(5.00971780047194,-4.9003357075989,8.6792653498828));
#2770=CARTESIAN_POINT('',(5.82479960424635,-4.86393145259084,8.13501317969934));
#2771=CARTESIAN_POINT('',(6.08969245766066,-4.85120105461166,7.93877492427833));
#2772=CARTESIAN_POINT('',(6.59892477898513,-4.82520672745499,7.52081732849133));
#2773=CARTESIAN_POINT('',(6.84128541739327,-4.8120527181132,7.30089613842875));
#2774=CARTESIAN_POINT('',(7.53274922839134,-4.77269358231184,6.60929431994189));
#2775=CARTESIAN_POINT('',(7.94657446427884,-4.74658521057538,6.10607984813986));
#2776=CARTESIAN_POINT('',(8.40347720855982,-4.71599279432894,5.42296845435942));
#2777=CARTESIAN_POINT('',(8.49202458050695,-4.70996189646371,5.28323774725187));
#2778=CARTESIAN_POINT('',(8.61203709656978,-4.70166909565699,5.08306539967453));
#2779=CARTESIAN_POINT('',(8.64676433103495,-4.69925427466557,5.02376196898384));
#2780=CARTESIAN_POINT('',(8.68083360648033,-4.69687134355373,4.96418546012844));
#2781=CARTESIAN_POINT('',(3.06276498821874,-4.95347082128484,8.46278857271454));
#2782=CARTESIAN_POINT('',(3.19225059429845,-4.94953625623888,8.41593006415028));
#2783=CARTESIAN_POINT('',(3.32056999090313,-4.94538932099019,8.36615561255659));
#2784=CARTESIAN_POINT('',(3.99192783173501,-4.92242517032722,8.0877965826762));
#2785=CARTESIAN_POINT('',(4.50874602042474,-4.9003357075989,7.81133881489452));
#2786=CARTESIAN_POINT('',(5.24231964382172,-4.86393145259084,7.32151186172941));
#2787=CARTESIAN_POINT('',(5.48072321189459,-4.85120105461166,7.1448974318505));
#2788=CARTESIAN_POINT('',(5.93903230108662,-4.82520672745499,6.7687355956422));
#2789=CARTESIAN_POINT('',(6.15715687565394,-4.8120527181132,6.57080652458588));
#2790=CARTESIAN_POINT('',(6.77947430555221,-4.77269358231184,5.9483648879477));
#2791=CARTESIAN_POINT('',(7.15191701785096,-4.74658521057538,5.49547186332587));
#2792=CARTESIAN_POINT('',(7.56312948770384,-4.71599279432894,4.88067160892348));
#2793=CARTESIAN_POINT('',(7.64282212245626,-4.70996189646371,4.75491397252668));
#2794=CARTESIAN_POINT('',(7.75083338691281,-4.70166909565699,4.57475885970708));
#2795=CARTESIAN_POINT('',(7.78208789793146,-4.69925427466557,4.52138577208546));
#2796=CARTESIAN_POINT('',(7.8127502458323,-4.69687134355373,4.46776691411559));
#2797=CARTESIAN_POINT('',(3.06072313564036,-4.95347082128484,8.45714668809917));
#2798=CARTESIAN_POINT('',(3.19012241759149,-4.94953625623888,8.41031941868218));
#2799=CARTESIAN_POINT('',(3.3183562675441,-4.94538932099019,8.3605781502066));
#2800=CARTESIAN_POINT('',(3.98926653445385,-4.92242517032722,8.08240469385374));
#2801=CARTESIAN_POINT('',(4.5057401761231,-4.9003357075989,7.80613123208579));
#2802=CARTESIAN_POINT('',(5.23882474822162,-4.86393145259084,7.3166308317026));
#2803=CARTESIAN_POINT('',(5.4770693798622,-4.85120105461166,7.14013414531051));
#2804=CARTESIAN_POINT('',(5.93507292827684,-4.82520672745499,6.76422308479611));
#2805=CARTESIAN_POINT('',(6.15305208580214,-4.8120527181132,6.56642596705179));
#2806=CARTESIAN_POINT('',(6.77495463553373,-4.77269358231184,5.94439929338515));
#2807=CARTESIAN_POINT('',(7.14714905156577,-4.74658521057538,5.49180819881464));
#2808=CARTESIAN_POINT('',(7.55808737852976,-4.71599279432894,4.87741781310589));
#2809=CARTESIAN_POINT('',(7.63772688461826,-4.70996189646371,4.75174401551328));
#2810=CARTESIAN_POINT('',(7.74566614123886,-4.70166909565699,4.57170900664649));
#2811=CARTESIAN_POINT('',(7.77689981582241,-4.69925427466557,4.51837150124453));
#2812=CARTESIAN_POINT('',(7.80754172206534,-4.69687134355373,4.46478838934196));
#2813=CARTESIAN_POINT('',(8.11757709069027,-4.73498171685844,5.83994367924016));
#2814=CARTESIAN_POINT('',(7.14640801273973,-4.79848847964354,7.19036642951515));
#2815=CARTESIAN_POINT('',(5.83460501849107,-4.87215775525185,8.28911515461579));
#2816=CARTESIAN_POINT('',(4.34161834041064,-4.92426184722462,9.00834891565649));
#2817=CARTESIAN_POINT('',(9.97226812758719,-4.48120189242293,-0.744223395247778));
#2818=CARTESIAN_POINT('',(9.97226812758719,-24.4780678946066,-0.744223395247778));
#2819=CARTESIAN_POINT('',(9.40096522153116,-4.48120189242294,-0.672719389270012));
#2820=CARTESIAN_POINT('',(9.40096522153116,-24.4780678946066,-0.672719389270011));
#2821=CARTESIAN_POINT('',(8.95359924738437,-4.48120189242294,-1.02133431908049));
#2822=CARTESIAN_POINT('',(8.95359924738437,-24.4780678946066,-1.02133431908049));
#2823=CARTESIAN_POINT('',(8.86171971619153,-4.48120189242293,-1.57186627649343));
#2824=CARTESIAN_POINT('',(8.86171971619153,-24.4780678946066,-1.57186627649343));
#2825=CARTESIAN_POINT('',(8.76992344688458,-4.48120189242294,-2.12189933792355));
#2826=CARTESIAN_POINT('',(8.76992344688458,-24.4780678946066,-2.12189933792355));
#2827=CARTESIAN_POINT('',(9.07929011563119,-4.48120189242293,-2.59668938258772));
#2828=CARTESIAN_POINT('',(9.07929011563119,-24.4780678946067,-2.59668938258772));
#2829=CARTESIAN_POINT('',(9.64229541558698,-4.48120189242293,-2.71507961099015));
#2830=CARTESIAN_POINT('',(9.64229541558698,-24.4780678946066,-2.71507961099015));
#2831=CARTESIAN_POINT('',(9.97226812408384,-14.645289393054,-0.7442233948093));
#2832=CARTESIAN_POINT('',(9.97226812408384,-4.59978928184951,-0.7442233948093));
#2833=CARTESIAN_POINT('',(8.86325973266545,-4.60970495005546,-1.56289057351471));
#2834=CARTESIAN_POINT('',(8.90764320677871,-4.60578892214972,-1.31109420120218));
#2835=CARTESIAN_POINT('',(9.1947248698254,-4.60044400675532,-0.852503370725082));
#2836=CARTESIAN_POINT('',(9.71853910378872,-4.5997009326496,-0.712466788652396));
#2837=CARTESIAN_POINT('',(9.9722681275872,-4.59977746105968,-0.744223395247778));
#2838=CARTESIAN_POINT('',(9.62548386873575,-4.62718561616691,-2.7113930864358));
#2839=CARTESIAN_POINT('',(9.37635409967972,-4.62745490761861,-2.65451128919027));
#2840=CARTESIAN_POINT('',(8.93215309346411,-4.62341192705776,-2.34436556510578));
#2841=CARTESIAN_POINT('',(8.81891693317286,-4.61362100797987,-1.81467280038578));
#2842=CARTESIAN_POINT('',(8.86323420451099,-4.60970720348862,-1.56303546221067));
#2843=CARTESIAN_POINT('',(9.62548355902917,-4.62718979276039,-2.71139446265551));
#2844=CARTESIAN_POINT('',(9.62540616085911,-14.645289393054,-2.71137534076261));
#2845=CARTESIAN_POINT('',(8.63886277576121,-4.69979979238077,5.03686960931096));
#2846=CARTESIAN_POINT('',(8.70110406313657,-4.69546759835692,4.93011874107859));
#2847=CARTESIAN_POINT('',(8.76121038834225,-4.6912368917376,4.82248185640275));
#2848=CARTESIAN_POINT('',(8.97343042979076,-4.67615531587307,4.42544644605537));
#2849=CARTESIAN_POINT('',(9.11278819830555,-4.66596536251913,4.13075211594176));
#2850=CARTESIAN_POINT('',(9.36220341721215,-4.64739419018197,3.5291881453495));
#2851=CARTESIAN_POINT('',(9.47226086734402,-4.639012548095,3.22231852061298));
#2852=CARTESIAN_POINT('',(9.61504954492006,-4.62799816086297,2.75274188683902));
#2853=CARTESIAN_POINT('',(9.658922903396,-4.62458641915208,2.59466823996977));
#2854=CARTESIAN_POINT('',(9.73908629390317,-4.61831713964725,2.27536658346804));
#2855=CARTESIAN_POINT('',(9.77541535490915,-4.61545645417848,2.11384177236414));
#2856=CARTESIAN_POINT('',(9.93604218409089,-4.60275277546313,1.30699047790252));
#2857=CARTESIAN_POINT('',(9.99964391430633,-4.5975726652651,0.657948441307335));
#2858=CARTESIAN_POINT('',(10.0001758278093,-4.59752976512473,-0.320822464900289));
#2859=CARTESIAN_POINT('',(9.9844276869678,-4.59880311240279,-0.647953597767374));
#2860=CARTESIAN_POINT('',(9.92586461184389,-4.60350364077108,-1.24512904232776));
#2861=CARTESIAN_POINT('',(9.88846937830852,-4.60649847132628,-1.51329534936341));
#2862=CARTESIAN_POINT('',(9.84065315236595,-4.61029263112185,-1.7780333578531));
#2863=CARTESIAN_POINT('',(7.77497649818509,-4.69979979238077,4.53318264837987));
#2864=CARTESIAN_POINT('',(7.83099365682291,-4.69546759835692,4.43710686697073));
#2865=CARTESIAN_POINT('',(7.88508934950802,-4.6912368917376,4.34023367076248));
#2866=CARTESIAN_POINT('',(8.07608738681169,-4.67615531587307,3.98290180144983));
#2867=CARTESIAN_POINT('',(8.201509378475,-4.66596536251913,3.71767690434758));
#2868=CARTESIAN_POINT('',(8.42598307549094,-4.64739419018197,3.17626933081455));
#2869=CARTESIAN_POINT('',(8.52503478060962,-4.639012548095,2.90008666855169));
#2870=CARTESIAN_POINT('',(8.65354459042806,-4.62799816086297,2.47746769815512));
#2871=CARTESIAN_POINT('',(8.6930306130564,-4.62458641915208,2.33520141597279));
#2872=CARTESIAN_POINT('',(8.76517766451286,-4.61831713964725,2.04782992512123));
#2873=CARTESIAN_POINT('',(8.79787381941823,-4.61545645417848,1.90245759512774));
#2874=CARTESIAN_POINT('',(8.9424379656818,-4.60275277546313,1.17629143011227));
#2875=CARTESIAN_POINT('',(8.9996795228757,-4.5975726652651,0.592153597176601));
#2876=CARTESIAN_POINT('',(9.00015824502835,-4.59752976512473,-0.28874021841026));
#2877=CARTESIAN_POINT('',(8.98598491827102,-4.59880311240279,-0.583158237990637));
#2878=CARTESIAN_POINT('',(8.9332781506595,-4.60350364077108,-1.12061613809498));
#2879=CARTESIAN_POINT('',(8.89962244047767,-4.60649847132628,-1.36196581442707));
#2880=CARTESIAN_POINT('',(8.85658783712936,-4.61029263112185,-1.60023002206779));
#2881=CARTESIAN_POINT('',(7.76979288697287,-4.69979979238077,4.5301603554625));
#2882=CARTESIAN_POINT('',(7.82577269872332,-4.69546759835692,4.43414862820167));
#2883=CARTESIAN_POINT('',(7.8798323255709,-4.6912368917376,4.3373400177817));
#2884=CARTESIAN_POINT('',(8.07070302363851,-4.67615531587307,3.98024638320644));
#2885=CARTESIAN_POINT('',(8.19604139590536,-4.66596536251913,3.71519831271591));
#2886=CARTESIAN_POINT('',(8.42036543531488,-4.64739419018197,3.17415169800625));
#2887=CARTESIAN_POINT('',(8.51935110222375,-4.639012548095,2.8981531679456));
#2888=CARTESIAN_POINT('',(8.64777523398372,-4.62799816086297,2.47581595948542));
#2889=CARTESIAN_POINT('',(8.68723493110617,-4.62458641915208,2.33364452686252));
#2890=CARTESIAN_POINT('',(8.75933388180439,-4.61831713964725,2.04646462785467));
#2891=CARTESIAN_POINT('',(8.7920082380387,-4.61545645417848,1.90118921823641));
#2892=CARTESIAN_POINT('',(8.93647600274669,-4.60275277546313,1.17550719141426));
#2893=CARTESIAN_POINT('',(8.99367939674129,-4.5975726652651,0.591758805754865));
#2894=CARTESIAN_POINT('',(8.99415779972776,-4.59752976512473,-0.288547714029839));
#2895=CARTESIAN_POINT('',(8.97999392239005,-4.59880311240279,-0.582769443814648));
#2896=CARTESIAN_POINT('',(8.92732229461357,-4.60350364077108,-1.11986901836036));
#2897=CARTESIAN_POINT('',(8.89368902284255,-4.60649847132628,-1.36105778579599));
#2898=CARTESIAN_POINT('',(8.85068311085458,-4.61029263112185,-1.59916314163588));
#2899=CARTESIAN_POINT('',(9.97226811881831,-4.59977746148211,-0.744223465365026));
#2900=CARTESIAN_POINT('',(10.0964294348157,-4.58979464266748,0.918955744428986));
#2901=CARTESIAN_POINT('',(9.79600416224208,-4.61570025676963,2.60242230257344));
#2902=CARTESIAN_POINT('',(9.11632725410672,-4.66564231433692,4.11005807696569));
#2903=CARTESIAN_POINT('',(7.16082301015359,-4.67633202828523,-6.9801585925151));
#2904=CARTESIAN_POINT('',(7.16082301015359,-24.4769040966014,-6.9801585925151));
#2905=CARTESIAN_POINT('',(6.76915412529692,-4.67633202828523,-6.55817053416305));
#2906=CARTESIAN_POINT('',(6.76915412529692,-24.4769040966014,-6.55817053416305));
#2907=CARTESIAN_POINT('',(6.20238494462957,-4.67633202828523,-6.53765251653056));
#2908=CARTESIAN_POINT('',(6.20238494462957,-24.4769040966014,-6.53765251653056));
#2909=CARTESIAN_POINT('',(5.77812490962474,-4.67633202828523,-6.90029747521393));
#2910=CARTESIAN_POINT('',(5.77812490962474,-24.4769040966014,-6.90029747521393));
#2911=CARTESIAN_POINT('',(5.3542493107456,-4.67633202828523,-7.26261382924116));
#2912=CARTESIAN_POINT('',(5.3542493107456,-24.4769040966014,-7.26261382924116));
#2913=CARTESIAN_POINT('',(5.28601846357679,-4.67633202828523,-7.82515943438799));
#2914=CARTESIAN_POINT('',(5.28601846357679,-24.4769040966014,-7.82515943438799));
#2915=CARTESIAN_POINT('',(5.64115873289118,-4.67633202828523,-8.27775779506704));
#2916=CARTESIAN_POINT('',(5.64115873289118,-24.4769040966014,-8.27775779506704));
#2917=CARTESIAN_POINT('',(7.16082300472466,-14.8019684266113,-6.98015858666592));
#2918=CARTESIAN_POINT('',(7.16082300472466,-4.79383623377765,-6.98015858666592));
#2919=CARTESIAN_POINT('',(5.79510959482622,-4.83333488905383,-6.88610177196385));
#2920=CARTESIAN_POINT('',(5.99130815210703,-4.82217634384015,-6.72577497953346));
#2921=CARTESIAN_POINT('',(6.50233160779318,-4.80039221091715,-6.56552436495805));
#2922=CARTESIAN_POINT('',(6.98828468065037,-4.79332206741795,-6.79426403342851));
#2923=CARTESIAN_POINT('',(7.16082301015359,-4.793832266642,-6.9801585925151));
#2924=CARTESIAN_POINT('',(5.63065129137134,-4.87257851687557,-8.26412697152572));
#2925=CARTESIAN_POINT('',(5.47765862831517,-4.87305280226526,-8.06208444437378));
#2926=CARTESIAN_POINT('',(5.33648203022066,-4.86660825554502,-7.54426298677019));
#2927=CARTESIAN_POINT('',(5.58331262700263,-4.84562262091233,-7.06814924595879));
#2928=CARTESIAN_POINT('',(5.77511375402693,-4.83448401957208,-6.90288167882399));
#2929=CARTESIAN_POINT('',(5.63065129864594,-4.8725762690197,-8.26412696074043));
#2930=CARTESIAN_POINT('',(5.63065042803747,-14.8019684266113,-8.26412583140174));
#2931=CARTESIAN_POINT('',(9.85523595620937,-4.60913464333084,-1.69530955084383));
#2932=CARTESIAN_POINT('',(9.84050161866262,-4.61030553830137,-1.78099516860324));
#2933=CARTESIAN_POINT('',(9.82467495983408,-4.6115605707027,-1.86635008031923));
#2934=CARTESIAN_POINT('',(9.68016988874587,-4.62298948510053,-2.59267573323153));
#2935=CARTESIAN_POINT('',(9.49134112455755,-4.63777176346264,-3.21618527583675));
#2936=CARTESIAN_POINT('',(9.11569010614074,-4.66575270920499,-4.1245054135756));
#2937=CARTESIAN_POINT('',(8.97405429182006,-4.67611084472676,-4.42426327906766));
#2938=CARTESIAN_POINT('',(8.66458402577184,-4.69810385224462,-5.00327289435425));
#2939=CARTESIAN_POINT('',(8.49661748386027,-4.70975111821445,-5.28332896421485));
#2940=CARTESIAN_POINT('',(7.95393778176548,-4.74610276878862,-6.0958320357774));
#2941=CARTESIAN_POINT('',(7.54082774281133,-4.77222437369197,-6.6008860567561));
#2942=CARTESIAN_POINT('',(6.85640902473608,-4.81119619751361,-7.28592144327596));
#2943=CARTESIAN_POINT('',(6.63018659589028,-4.82350408927684,-7.49236642959149));
#2944=CARTESIAN_POINT('',(6.395809516063,-4.83556565916746,-7.68737636638224));
#2945=CARTESIAN_POINT('',(8.86971236058844,-4.60913464333084,-1.52577859575945));
#2946=CARTESIAN_POINT('',(8.85645145679636,-4.61030553830137,-1.60289565174292));
#2947=CARTESIAN_POINT('',(8.84220746385067,-4.6115605707027,-1.6797150722873));
#2948=CARTESIAN_POINT('',(8.71215289987128,-4.62298948510053,-2.33340815990837));
#2949=CARTESIAN_POINT('',(8.5422070121018,-4.63777176346264,-2.89456674825307));
#2950=CARTESIAN_POINT('',(8.20412109552667,-4.66575270920499,-3.71205487221804));
#2951=CARTESIAN_POINT('',(8.07664886263805,-4.67611084472676,-3.9818369511609));
#2952=CARTESIAN_POINT('',(7.79812562319466,-4.69810385224462,-4.50294560491883));
#2953=CARTESIAN_POINT('',(7.64695573547424,-4.70975111821445,-4.75499606779337));
#2954=CARTESIAN_POINT('',(7.15854400358893,-4.74610276878862,-5.48624883219966));
#2955=CARTESIAN_POINT('',(6.7867449685302,-4.77222437369197,-5.94079745108049));
#2956=CARTESIAN_POINT('',(6.17076812226247,-4.81119619751361,-6.55732929894837));
#2957=CARTESIAN_POINT('',(5.96716793630125,-4.82350408927684,-6.74312978663234));
#2958=CARTESIAN_POINT('',(5.7562285644567,-4.83556565916746,-6.91863872974402));
#2959=CARTESIAN_POINT('',(8.86370538478315,-4.60913464333084,-1.52474526855149));
#2960=CARTESIAN_POINT('',(8.850453461883,-4.61030553830137,-1.60181009732954));
#2961=CARTESIAN_POINT('',(8.83621911562229,-4.6115605707027,-1.67857749224087));
#2962=CARTESIAN_POINT('',(8.70625263055544,-4.62298948510053,-2.33182786893719));
#2963=CARTESIAN_POINT('',(8.53642183793161,-4.63777176346264,-2.89260641496191));
#2964=CARTESIAN_POINT('',(8.19856488863731,-4.66575270920499,-3.70954089849501));
#2965=CARTESIAN_POINT('',(8.07117898578824,-4.67611084472676,-3.97914026864699));
#2966=CARTESIAN_POINT('',(7.79284437505033,-4.69810385224462,-4.49989600373656));
#2967=CARTESIAN_POINT('',(7.64177686650762,-4.70975111821445,-4.75177576648344));
#2968=CARTESIAN_POINT('',(7.15369590943633,-4.74610276878862,-5.48253329299647));
#2969=CARTESIAN_POINT('',(6.7821486737277,-4.77222437369197,-5.93677407071572));
#2970=CARTESIAN_POINT('',(6.16658899521714,-4.81119619751361,-6.55288837495391));
#2971=CARTESIAN_POINT('',(5.96312669663505,-4.82350408927684,-6.73856303003038));
#2972=CARTESIAN_POINT('',(5.75233018260274,-4.83556565916746,-6.91395311044031));
#2973=CARTESIAN_POINT('',(7.16082289349586,-4.79383227303697,-6.98015870077361));
#2974=CARTESIAN_POINT('',(7.74450307421019,-4.76019277115772,-6.3814672679365));
#2975=CARTESIAN_POINT('',(8.74357355262829,-4.6945040120038,-5.06242068414583));
#2976=CARTESIAN_POINT('',(9.40132317280974,-4.64458371454305,-3.50721240615083));
#2977=CARTESIAN_POINT('',(9.62540683676788,-4.62718564764085,-2.7113729412794));
#2978=CARTESIAN_POINT('',(0.998749217771909,-4.87981255848225,-9.95));
#2979=CARTESIAN_POINT('',(0.998749217771909,-24.4756904950079,-9.95));
#2980=CARTESIAN_POINT('',(0.969961455280538,-4.87981255848225,-9.37496489460681));
#2981=CARTESIAN_POINT('',(0.969961455280538,-24.4756904950079,-9.37496489460681));
#2982=CARTESIAN_POINT('',(0.548964186183849,-4.87981255848225,-8.99493262359964));
#2983=CARTESIAN_POINT('',(0.548964186183849,-24.4756904950079,-8.99493262359964));
#2984=CARTESIAN_POINT('',(-0.00915408454061644,-4.87981255848225,-9.00004189950967));
#2985=CARTESIAN_POINT('',(-0.00915408454061644,-24.4756904950079,-9.00004189950967));
#2986=CARTESIAN_POINT('',(-0.566764123264737,-4.87981255848225,-9.00514652282606));
#2987=CARTESIAN_POINT('',(-0.566764123264737,-24.4756904950079,-9.00514652282606));
#2988=CARTESIAN_POINT('',(-0.980622011537424,-4.87981255848225,-9.39224717895367));
#2989=CARTESIAN_POINT('',(-0.980622011537423,-24.4756904950079,-9.39224717895367));
#2990=CARTESIAN_POINT('',(-0.999463568392499,-4.87981255848225,-9.96724980219703));
#2991=CARTESIAN_POINT('',(-0.999463568392499,-24.4756904950079,-9.96724980219703));
#2992=CARTESIAN_POINT('',(0.99874921777191,-15.,-9.95));
#2993=CARTESIAN_POINT('',(0.998832917762651,-4.99752596955211,-9.9499947117574));
#2994=CARTESIAN_POINT('',(0.998749101719909,-4.99505359883436,-9.94999768191696));
#2995=CARTESIAN_POINT('',(0.986068923968876,-4.99517920151951,-9.69672310137729));
#2996=CARTESIAN_POINT('',(0.75860831468726,-4.99770335642789,-9.2019532158902));
#2997=CARTESIAN_POINT('',(0.252234000639679,-5.00000130469965,-8.999868442767));
#2998=CARTESIAN_POINT('',(-0.00052102999071201,-4.99999999865385,-9.00000013573614));
#2999=CARTESIAN_POINT('',(-0.0738180743982389,-4.99997297962559,-9.00272827579835));
#3000=CARTESIAN_POINT('',(-0.313235671720446,-4.99979770672562,-9.02044997148317));
#3001=CARTESIAN_POINT('',(-0.780964604527559,-4.99743798274956,-9.23803073312015));
#3002=CARTESIAN_POINT('',(-0.986692463736942,-4.99517302544068,-9.7088915359309));
#3003=CARTESIAN_POINT('',(-0.998752063577104,-4.99505356949582,-9.95005687734554));
#3004=CARTESIAN_POINT('',(-0.998830902056281,-4.9975260042042,-9.95005415965201));
#3005=CARTESIAN_POINT('',(-0.99874921777191,-15.,-9.95));
#3006=CARTESIAN_POINT('',(6.45459248658047,-4.83252659133402,-7.63808239994182));
#3007=CARTESIAN_POINT('',(6.16900474980256,-4.84735926555465,-7.87944920871788));
#3008=CARTESIAN_POINT('',(5.87113841020349,-4.86184079462661,-8.10361794981507));
#3009=CARTESIAN_POINT('',(5.29078570829385,-4.88780012259594,-8.49197375709381));
#3010=CARTESIAN_POINT('',(5.01097974319803,-4.89943167409635,-8.66012236541018));
#3011=CARTESIAN_POINT('',(4.43257003138714,-4.92139043272122,-8.96994761899239));
#3012=CARTESIAN_POINT('',(4.13286584160055,-4.93174092187061,-9.1119077047245));
#3013=CARTESIAN_POINT('',(3.22450034185802,-4.95970515998223,-9.48853865891385));
#3014=CARTESIAN_POINT('',(2.60119092290281,-4.9744704681118,-9.67786008568195));
#3015=CARTESIAN_POINT('',(1.63983830401067,-4.98961131743922,-9.87004168433733));
#3016=CARTESIAN_POINT('',(1.31396681071862,-4.99349818096118,-9.91878700483699));
#3017=CARTESIAN_POINT('',(0.657348258522735,-4.99869738543059,-9.98382380123018));
#3018=CARTESIAN_POINT('',(0.330021642351405,-4.99999038625538,-9.99988032271847));
#3019=CARTESIAN_POINT('',(-0.0116776878771344,-5.00000039547582,-10.0000049231047));
#3020=CARTESIAN_POINT('',(-0.0269997846811681,-4.99999801474909,-9.99997562518867));
#3021=CARTESIAN_POINT('',(-0.042319797603906,-4.99999280671113,-9.99991142284629));
#3022=CARTESIAN_POINT('',(5.80913323792242,-4.83252659133402,-6.87427415994764));
#3023=CARTESIAN_POINT('',(5.5521042748223,-4.84735926555465,-7.09150428784609));
#3024=CARTESIAN_POINT('',(5.28402456918314,-4.86184079462661,-7.29325615483355));
#3025=CARTESIAN_POINT('',(4.76170713746447,-4.88780012259594,-7.64277638138443));
#3026=CARTESIAN_POINT('',(4.50988176887823,-4.89943167409635,-7.79411012886916));
#3027=CARTESIAN_POINT('',(3.98931302824842,-4.92139043272122,-8.07295285709315));
#3028=CARTESIAN_POINT('',(3.7195792574405,-4.93174092187061,-8.20071693425205));
#3029=CARTESIAN_POINT('',(2.90205030767222,-4.95970515998223,-8.53968479302246));
#3030=CARTESIAN_POINT('',(2.34107183061253,-4.9744704681118,-8.71007407711376));
#3031=CARTESIAN_POINT('',(1.4758544736096,-4.98961131743922,-8.88303751590359));
#3032=CARTESIAN_POINT('',(1.18257012964675,-4.99349818096118,-8.92690830435329));
#3033=CARTESIAN_POINT('',(0.591613432670461,-4.99869738543059,-8.98544142110717));
#3034=CARTESIAN_POINT('',(0.297019478116265,-4.99999038625538,-8.99989229044662));
#3035=CARTESIAN_POINT('',(-0.0105099190894209,-5.00000039547582,-9.00000443079419));
#3036=CARTESIAN_POINT('',(-0.0242998062130512,-4.99999801474909,-8.9999780626698));
#3037=CARTESIAN_POINT('',(-0.0380878178435153,-4.99999280671113,-8.99992028056166));
#3038=CARTESIAN_POINT('',(5.80526039116948,-4.83252659133402,-6.8696912025134));
#3039=CARTESIAN_POINT('',(5.54840278474932,-4.84735926555465,-7.08677650691391));
#3040=CARTESIAN_POINT('',(5.28050180312543,-4.86184079462661,-7.28839386948722));
#3041=CARTESIAN_POINT('',(4.75853259123347,-4.88780012259594,-7.63768107706279));
#3042=CARTESIAN_POINT('',(4.50687511018244,-4.89943167409635,-7.78891393300509));
#3043=CARTESIAN_POINT('',(3.98665342355781,-4.92139043272122,-8.06757076169634));
#3044=CARTESIAN_POINT('',(3.71709947950126,-4.93174092187061,-8.19524966079663));
#3045=CARTESIAN_POINT('',(2.90011556187614,-4.95970515998223,-8.53399153566937));
#3046=CARTESIAN_POINT('',(2.33951107928074,-4.9744704681118,-8.70426722422781));
#3047=CARTESIAN_POINT('',(1.47487054744164,-4.98961131743922,-8.87711535134121));
#3048=CARTESIAN_POINT('',(1.18178173098224,-4.99349818096118,-8.9209568919094));
#3049=CARTESIAN_POINT('',(0.591219014421149,-4.99869738543059,-8.97945098566589));
#3050=CARTESIAN_POINT('',(0.296821460464703,-4.99999038625538,-8.99389222086543));
#3051=CARTESIAN_POINT('',(-0.0105029123115847,-5.00000039547582,-8.99400428645101));
#3052=CARTESIAN_POINT('',(-0.0242836059604946,-4.99999801474909,-8.99397793590578));
#3053=CARTESIAN_POINT('',(-0.0380624253665966,-4.99999280671113,-8.99392019231995));
#3054=CARTESIAN_POINT('',(0.998820425386471,-4.99599285747747,-9.94999281988896));
#3055=CARTESIAN_POINT('',(1.83127374006851,-4.9893128381342,-9.86642377157326));
#3056=CARTESIAN_POINT('',(3.44646124798945,-4.95972688500329,-9.49777915060448));
#3057=CARTESIAN_POINT('',(4.94826348078212,-4.90348224859325,-8.72899931926098));
#3058=CARTESIAN_POINT('',(5.63065216951444,-4.87257851328285,-8.26412808990195));
#3059=CARTESIAN_POINT('',(-0.0408714785404134,-4.99999329064213,-9.99991738837998));
#3060=CARTESIAN_POINT('',(-0.678612520831311,-4.99978391020993,-9.99733637171045));
#3061=CARTESIAN_POINT('',(-1.31274255164771,-4.99467507482893,-9.93427194719524));
#3062=CARTESIAN_POINT('',(-2.265737320115,-4.97979687131047,-9.74548912351377));
#3063=CARTESIAN_POINT('',(-2.58715525403005,-4.97350698952308,-9.66508263458398));
#3064=CARTESIAN_POINT('',(-3.21381799167611,-4.95890099213435,-9.47515533161178));
#3065=CARTESIAN_POINT('',(-3.52090388514375,-4.95056010592083,-9.36532402747426));
#3066=CARTESIAN_POINT('',(-4.12279053289095,-4.93207075115939,-9.11639493055844));
#3067=CARTESIAN_POINT('',(-4.41759119258764,-4.9219218476329,-8.97729695047703));
#3068=CARTESIAN_POINT('',(-4.85046566168173,-4.90554258489444,-8.74641217787696));
#3069=CARTESIAN_POINT('',(-4.99319997896256,-4.89989021168142,-8.66573769030264));
#3070=CARTESIAN_POINT('',(-5.27550075305117,-4.88823460231705,-8.4968316184093));
#3071=CARTESIAN_POINT('',(-5.41533496143669,-4.88221839859914,-8.40840003617686));
#3072=CARTESIAN_POINT('',(-5.8647975275509,-4.86214751928216,-8.1083595255522));
#3073=CARTESIAN_POINT('',(-6.16328940944641,-4.84764459168045,-7.88385644315967));
#3074=CARTESIAN_POINT('',(-6.44781256325006,-4.83288198046283,-7.64381855011671));
#3075=CARTESIAN_POINT('',(-0.036784330686372,-4.99999329064213,-8.99992564954198));
#3076=CARTESIAN_POINT('',(-0.61075126874818,-4.99978391020993,-8.9976027345394));
#3077=CARTESIAN_POINT('',(-1.18146829648294,-4.99467507482893,-8.94084475247571));
#3078=CARTESIAN_POINT('',(-2.0391635881035,-4.97979687131047,-8.7709402111624));
#3079=CARTESIAN_POINT('',(-2.32843972862705,-4.97350698952308,-8.69857437112558));
#3080=CARTESIAN_POINT('',(-2.8924361925085,-4.95890099213435,-8.5276397984506));
#3081=CARTESIAN_POINT('',(-3.16881349662937,-4.95056010592083,-8.42879162472683));
#3082=CARTESIAN_POINT('',(-3.71051147960186,-4.93207075115939,-8.2047554375026));
#3083=CARTESIAN_POINT('',(-3.97583207332888,-4.9219218476329,-8.07956725542933));
#3084=CARTESIAN_POINT('',(-4.36541909551356,-4.90554258489444,-7.87177096008927));
#3085=CARTESIAN_POINT('',(-4.4938799810663,-4.89989021168142,-7.79916392127238));
#3086=CARTESIAN_POINT('',(-4.74795067774605,-4.88823460231705,-7.64714845656837));
#3087=CARTESIAN_POINT('',(-4.87380146529302,-4.88221839859914,-7.56756003255917));
#3088=CARTESIAN_POINT('',(-5.27831777479581,-4.86214751928216,-7.29752357299697));
#3089=CARTESIAN_POINT('',(-5.54696046850177,-4.84764459168045,-7.0954707988437));
#3090=CARTESIAN_POINT('',(-5.80303130692506,-4.83288198046283,-6.87943669510504));
#3091=CARTESIAN_POINT('',(-5.63065283026259,-4.87257861609466,-8.26412898387389));
#3092=CARTESIAN_POINT('',(-4.25455824360823,-4.93489436358816,-9.20155258375865));
#3093=CARTESIAN_POINT('',(-2.64338226207618,-4.98279702643098,-9.78500341970224));
#3094=CARTESIAN_POINT('',(-0.998824133045145,-4.99599285192679,-9.95010927082792));
#3095=CARTESIAN_POINT('',(-6.39849103445549,-4.83543118897302,-7.68515646115829));
#3096=CARTESIAN_POINT('',(-6.62948325939414,-4.82353842153346,-7.49282262981702));
#3097=CARTESIAN_POINT('',(-6.85136334720198,-4.81146589702038,-7.29035582294617));
#3098=CARTESIAN_POINT('',(-7.29495056798937,-4.78624322742313,-6.84762267316701));
#3099=CARTESIAN_POINT('',(-7.51501333180688,-4.77308596146861,-6.60552589641249));
#3100=CARTESIAN_POINT('',(-7.82867282227663,-4.75357750547516,-6.22406469102789));
#3101=CARTESIAN_POINT('',(-7.93049187586204,-4.74711125252973,-6.09379080386783));
#3102=CARTESIAN_POINT('',(-8.12637547031227,-4.73444559614215,-5.83000938849372));
#3103=CARTESIAN_POINT('',(-8.22073984209858,-4.72822779482063,-5.69615044759584));
#3104=CARTESIAN_POINT('',(-8.67496902873658,-4.69781626950057,-5.01717130665022));
#3105=CARTESIAN_POINT('',(-8.98256069975333,-4.67565475911174,-4.44327481419846));
#3106=CARTESIAN_POINT('',(-9.35971148353978,-4.64758325920813,-3.53596845216475));
#3107=CARTESIAN_POINT('',(-9.47174868268512,-4.63905196291464,-3.2239559456583));
#3108=CARTESIAN_POINT('',(-9.66291615116197,-4.62430593573465,-2.59537405841741));
#3109=CARTESIAN_POINT('',(-9.74243764140157,-4.61806393786406,-2.27840321643296));
#3110=CARTESIAN_POINT('',(-9.82378801212794,-4.61163092371911,-1.87114450429379));
#3111=CARTESIAN_POINT('',(-9.84012862177857,-4.61033589301544,-1.78327915594494));
#3112=CARTESIAN_POINT('',(-9.85529127546376,-4.60913194172421,-1.69521714152406));
#3113=CARTESIAN_POINT('',(-5.75864193100994,-4.83543118897302,-6.91664081504246));
#3114=CARTESIAN_POINT('',(-5.96653493345472,-4.82353842153346,-6.74354036683531));
#3115=CARTESIAN_POINT('',(-6.16622701248178,-4.81146589702038,-6.56132024065155));
#3116=CARTESIAN_POINT('',(-6.56545551119043,-4.78624322742313,-6.16286040585031));
#3117=CARTESIAN_POINT('',(-6.76351199862619,-4.77308596146861,-5.94497330677124));
#3118=CARTESIAN_POINT('',(-7.04580554004896,-4.75357750547516,-5.6016582219251));
#3119=CARTESIAN_POINT('',(-7.13744268827583,-4.74711125252973,-5.48441172348104));
#3120=CARTESIAN_POINT('',(-7.31373792328105,-4.73444559614215,-5.24700844964434));
#3121=CARTESIAN_POINT('',(-7.39866585788872,-4.72822779482063,-5.12653540283626));
#3122=CARTESIAN_POINT('',(-7.80747212586292,-4.69781626950057,-4.5154541759852));
#3123=CARTESIAN_POINT('',(-8.084304629778,-4.67565475911174,-3.99894733277861));
#3124=CARTESIAN_POINT('',(-8.4237403351858,-4.64758325920813,-3.18237160694828));
#3125=CARTESIAN_POINT('',(-8.52457381441661,-4.63905196291464,-2.90156035109248));
#3126=CARTESIAN_POINT('',(-8.69662453604577,-4.62430593573465,-2.33583665257567));
#3127=CARTESIAN_POINT('',(-8.76819387726142,-4.61806393786406,-2.05056289478967));
#3128=CARTESIAN_POINT('',(-8.84140921091515,-4.61163092371911,-1.68403005386441));
#3129=CARTESIAN_POINT('',(-8.85611575960072,-4.61033589301544,-1.60495124035045));
#3130=CARTESIAN_POINT('',(-8.86976214791739,-4.60913194172421,-1.52569542737165));
#3131=CARTESIAN_POINT('',(-5.75473687268,-4.83543118897302,-6.91195049288777));
#3132=CARTESIAN_POINT('',(-5.96248889843086,-4.82353842153346,-6.73896742779894));
#3133=CARTESIAN_POINT('',(-6.16204556198567,-4.81146589702038,-6.55687086898231));
#3134=CARTESIAN_POINT('',(-6.56100333530574,-4.78624322742313,-6.1586812383222));
#3135=CARTESIAN_POINT('',(-6.75892551639891,-4.77308596146861,-5.94094189314786));
#3136=CARTESIAN_POINT('',(-7.04102762853008,-4.75357750547516,-5.59785961760779));
#3137=CARTESIAN_POINT('',(-7.13260263564568,-4.74711125252973,-5.48069262652343));
#3138=CARTESIAN_POINT('',(-7.30877832107927,-4.73444559614215,-5.24345034092721));
#3139=CARTESIAN_POINT('',(-7.393648664237,-4.72822779482063,-5.12305898947033));
#3140=CARTESIAN_POINT('',(-7.80217771193233,-4.69781626950057,-4.51239214987651));
#3141=CARTESIAN_POINT('',(-8.07882248980221,-4.67565475911174,-3.99623556101369));
#3142=CARTESIAN_POINT('',(-8.41802801659416,-4.64758325920813,-3.18021357265798));
#3143=CARTESIAN_POINT('',(-8.51879311848483,-4.63905196291464,-2.89959274092421));
#3144=CARTESIAN_POINT('',(-8.69072716883772,-4.62430593573465,-2.33425267175401));
#3145=CARTESIAN_POINT('',(-8.76224797735149,-4.61806393786406,-2.0491723642081));
#3146=CARTESIAN_POINT('',(-8.83541366212064,-4.61163092371911,-1.68288807704618));
#3147=CARTESIAN_POINT('',(-8.85011023798082,-4.61033589301544,-1.60386288856797));
#3148=CARTESIAN_POINT('',(-8.86374737238954,-4.60913194172421,-1.52466082065205));
#3149=CARTESIAN_POINT('',(-9.84079851224619,-4.61028196646687,-1.77734632089691));
#3150=CARTESIAN_POINT('',(-9.94573429286816,-4.60196038519846,-1.19678239739343));
#3151=CARTESIAN_POINT('',(-9.99941698242375,-4.59759096786793,-0.607661667166627));
#3152=CARTESIAN_POINT('',(-10.000314668777,-4.59751856726535,0.32052414340068));
#3153=CARTESIAN_POINT('',(-9.98426290643027,-4.59881629290663,0.649030139295268));
#3154=CARTESIAN_POINT('',(-9.9206050595968,-4.60392584067435,1.29936182718111));
#3155=CARTESIAN_POINT('',(-9.87299771725936,-4.60773769631325,1.62175530169066));
#3156=CARTESIAN_POINT('',(-9.74647911509496,-4.61774607797798,2.26104379492923));
#3157=CARTESIAN_POINT('',(-9.66756883795037,-4.62394280683591,2.57793898158251));
#3158=CARTESIAN_POINT('',(-9.47778772137071,-4.63859013531428,3.20611860945698));
#3159=CARTESIAN_POINT('',(-9.36629174267033,-4.64708618143569,3.51853608009923));
#3160=CARTESIAN_POINT('',(-9.06734365300595,-4.66935397765766,4.24143052586042));
#3161=CARTESIAN_POINT('',(-8.86676102919114,-4.68394506122128,4.64620876070976));
#3162=CARTESIAN_POINT('',(-8.63945330735692,-4.69976352770678,5.03602255466231));
#3163=CARTESIAN_POINT('',(-8.85671866102157,-4.61028196646687,-1.59961168880722));
#3164=CARTESIAN_POINT('',(-8.95116086358134,-4.60196038519846,-1.07710415765408));
#3165=CARTESIAN_POINT('',(-8.99947528418138,-4.59759096786793,-0.546895500449964));
#3166=CARTESIAN_POINT('',(-9.00028320189927,-4.59751856726535,0.288471729060612));
#3167=CARTESIAN_POINT('',(-8.98583661578724,-4.59881629290663,0.584127125365742));
#3168=CARTESIAN_POINT('',(-8.92854455363712,-4.60392584067435,1.169425644463));
#3169=CARTESIAN_POINT('',(-8.88569794553342,-4.60773769631325,1.4595797715216));
#3170=CARTESIAN_POINT('',(-8.77183120358547,-4.61774607797798,2.0349394154363));
#3171=CARTESIAN_POINT('',(-8.70081195415533,-4.62394280683591,2.32014508342426));
#3172=CARTESIAN_POINT('',(-8.53000894923364,-4.63859013531428,2.88550674851128));
#3173=CARTESIAN_POINT('',(-8.42966256840329,-4.64708618143569,3.16668247208931));
#3174=CARTESIAN_POINT('',(-8.16060928770535,-4.66935397765766,3.81728747327437));
#3175=CARTESIAN_POINT('',(-7.98008492627203,-4.68394506122128,4.18158788463878));
#3176=CARTESIAN_POINT('',(-7.77550797662123,-4.69976352770678,4.53242029919608));
#3177=CARTESIAN_POINT('',(-8.85073406912527,-4.61028196646687,-1.5985308118463));
#3178=CARTESIAN_POINT('',(-8.94511245594675,-4.60196038519846,-1.07637634535022));
#3179=CARTESIAN_POINT('',(-8.99339422990857,-4.59759096786793,-0.546525956547151));
#3180=CARTESIAN_POINT('',(-8.99420160170669,-4.59751856726535,0.288276805225033));
#3181=CARTESIAN_POINT('',(-8.97976477732758,-4.59881629290663,0.583732423603761));
#3182=CARTESIAN_POINT('',(-8.92251142811664,-4.60392584067435,1.16863544941413));
#3183=CARTESIAN_POINT('',(-8.87969377198415,-4.60773769631325,1.45859351582047));
#3184=CARTESIAN_POINT('',(-8.76590397117063,-4.61774607797798,2.03356438226644));
#3185=CARTESIAN_POINT('',(-8.69493271030611,-4.62394280683591,2.31857733333577));
#3186=CARTESIAN_POINT('',(-8.52424511904022,-4.63859013531428,2.88355697670924));
#3187=CARTESIAN_POINT('',(-8.42396654347281,-4.64708618143569,3.16454270645082));
#3188=CARTESIAN_POINT('',(-8.15509506533008,-4.66935397765766,3.81470808596935));
#3189=CARTESIAN_POINT('',(-7.97469268639071,-4.68394506122128,4.1787623351406));
#3190=CARTESIAN_POINT('',(-7.77025397185857,-4.69976352770678,4.52935768799306));
#3191=CARTESIAN_POINT('',(-9.11632724708841,-4.66564197807322,4.11005809253268));
#3192=CARTESIAN_POINT('',(-9.79658834904685,-4.615640810699,2.60044792588415));
#3193=CARTESIAN_POINT('',(-10.095427341015,-4.5898590665014,0.908277883435916));
#3194=CARTESIAN_POINT('',(-9.97226811919388,-4.59977698351194,-0.744223460332528));
#3195=CARTESIAN_POINT('',(-9.97226811899746,-24.3595094005226,-0.744223462964499));
#3196=CARTESIAN_POINT('',(-9.97226811899746,-4.47751498827183,-0.744223462964499));
#3197=CARTESIAN_POINT('',(-10.0980428663983,-24.3595094005226,0.941103009656918));
#3198=CARTESIAN_POINT('',(-10.0980428663983,-4.47751498827183,0.941103009656918));
#3199=CARTESIAN_POINT('',(-9.80065449653369,-24.3595094005226,2.59218389057685));
#3200=CARTESIAN_POINT('',(-9.80065449653369,-4.47751498827183,2.59218389057685));
#3201=CARTESIAN_POINT('',(-9.11632724638541,-24.3595094005226,4.11005809409198));
#3202=CARTESIAN_POINT('',(-9.11632724638541,-4.47751498827183,4.11005809409198));
#3203=CARTESIAN_POINT('',(-8.11757815876921,-24.3595094005225,5.8399421946003));
#3204=CARTESIAN_POINT('',(-8.11757815876921,-4.61723566207456,5.8399421946003));
#3205=CARTESIAN_POINT('',(-7.09969044716406,-24.3595094005225,7.25481631158137));
#3206=CARTESIAN_POINT('',(-7.09969044716406,-4.61723566207456,7.25481631158136));
#3207=CARTESIAN_POINT('',(-5.79164309184442,-24.3595094005226,8.30950243863358));
#3208=CARTESIAN_POINT('',(-5.79164309184442,-4.61723566207456,8.30950243863358));
#3209=CARTESIAN_POINT('',(-4.34161769604636,-24.3595094005226,9.00834922621104));
#3210=CARTESIAN_POINT('',(-4.34161769604636,-4.61723566207456,9.00834922621104));
#3211=CARTESIAN_POINT('',(-2.46458315613491,-24.3595094005337,9.69153392742842));
#3212=CARTESIAN_POINT('',(-2.46458315613491,-4.85896488336436,9.69153392742842));
#3213=CARTESIAN_POINT('',(-1.62881369390169,-24.3595094005337,9.90407235059819));
#3214=CARTESIAN_POINT('',(-1.62881369390169,-4.85896488336436,9.90407235059819));
#3215=CARTESIAN_POINT('',(-0.800980110022947,-24.3595094005337,10.));
#3216=CARTESIAN_POINT('',(-0.800980110022947,-4.85896488336436,10.));
#3217=CARTESIAN_POINT('',(0.,-24.3595094005337,10.));
#3218=CARTESIAN_POINT('',(0.,-4.85896488336436,10.));
#3219=CARTESIAN_POINT('',(4.34161769604605,-24.3595094005317,9.00834922621119));
#3220=CARTESIAN_POINT('',(4.34161769604605,-4.61723455090795,9.00834922621119));
#3221=CARTESIAN_POINT('',(5.79164309184423,-24.3595094005318,8.30950243863374));
#3222=CARTESIAN_POINT('',(5.79164309184423,-4.61723455090794,8.30950243863374));
#3223=CARTESIAN_POINT('',(7.09969044716398,-24.3595094005317,7.25481631158147));
#3224=CARTESIAN_POINT('',(7.09969044716398,-4.61723455090794,7.25481631158147));
#3225=CARTESIAN_POINT('',(8.11757815876921,-24.3595094005318,5.83994219460031));
#3226=CARTESIAN_POINT('',(8.11757815876921,-4.61723455090794,5.83994219460031));
#3227=CARTESIAN_POINT('',(9.11632725398122,-24.3595094005226,4.11005807724407));
#3228=CARTESIAN_POINT('',(9.11632725398122,-4.47751985960045,4.11005807724407));
#3229=CARTESIAN_POINT('',(9.80065449911802,-24.3595094005226,2.59218387735792));
#3230=CARTESIAN_POINT('',(9.80065449911802,-4.47751985960045,2.59218387735792));
#3231=CARTESIAN_POINT('',(10.0980428662017,-24.3595094005226,0.941103001556095));
#3232=CARTESIAN_POINT('',(10.0980428662017,-4.47751985960045,0.941103001556095));
#3233=CARTESIAN_POINT('',(9.97226811881831,-24.3595094005226,-0.744223465365027));
#3234=CARTESIAN_POINT('',(9.97226811881831,-4.47751985960045,-0.744223465365027));
#3235=CARTESIAN_POINT('',(9.63393592634702,-24.3595094005442,-2.68091002591287));
#3236=CARTESIAN_POINT('',(9.63393592634702,-4.50879170531466,-2.68091002591287));
#3237=CARTESIAN_POINT('',(9.17102273618604,-24.3595094005442,-4.34440338091766));
#3238=CARTESIAN_POINT('',(9.17102273618604,-4.50879170531466,-4.34440338091766));
#3239=CARTESIAN_POINT('',(8.31208759323494,-24.3595094005441,-5.79909635365941));
#3240=CARTESIAN_POINT('',(8.31208759323494,-4.50879170531466,-5.79909635365941));
#3241=CARTESIAN_POINT('',(7.16082289349586,-24.3595094005441,-6.98015870077361));
#3242=CARTESIAN_POINT('',(7.16082289349586,-4.50879170531466,-6.98015870077361));
#3243=CARTESIAN_POINT('',(5.63065049601836,-24.3595094005226,-8.26412578508388));
#3244=CARTESIAN_POINT('',(5.63065049601836,-4.75565463447551,-8.26412578508388));
#3245=CARTESIAN_POINT('',(4.16385233404756,-24.3595094005226,-9.26350890352172));
#3246=CARTESIAN_POINT('',(4.16385233404756,-4.75565463447551,-9.26350890352172));
#3247=CARTESIAN_POINT('',(2.5654793226568,-24.3595094005226,-9.7927366365112));
#3248=CARTESIAN_POINT('',(2.5654793226568,-4.75565463447551,-9.7927366365112));
#3249=CARTESIAN_POINT('',(0.998749217771911,-24.3595094005226,-9.95));
#3250=CARTESIAN_POINT('',(0.998749217771911,-4.75565463447551,-9.95));
#3251=CARTESIAN_POINT('',(-0.998749217771909,-24.3595094005226,-9.95));
#3252=CARTESIAN_POINT('',(-0.998749217771909,-4.75565137326604,-9.95));
#3253=CARTESIAN_POINT('',(-2.56547933366809,-24.3595094005226,-9.79273663540593));
#3254=CARTESIAN_POINT('',(-2.56547933366809,-4.75565137326604,-9.79273663540592));
#3255=CARTESIAN_POINT('',(-4.16385235621517,-24.3595094005226,-9.26350889618193));
#3256=CARTESIAN_POINT('',(-4.16385235621517,-4.75565137326604,-9.26350889618193));
#3257=CARTESIAN_POINT('',(-5.63065052589251,-24.3595094005226,-8.26412576472952));
#3258=CARTESIAN_POINT('',(-5.63065052589251,-4.75565137326604,-8.26412576472952));
#3259=CARTESIAN_POINT('',(-53.6810975724051,12.5095020151855,12.55));
#3260=CARTESIAN_POINT('',(-54.5994461962583,13.1150066023415,11.45));
#3261=CARTESIAN_POINT('',(-50.0472778518858,18.0207952579732,12.55));
#3262=CARTESIAN_POINT('',(-50.965626475739,18.6262998451292,11.45));
#3263=CARTESIAN_POINT('',(-51.0890569801329,18.3482635801317,11.5));
#3264=CARTESIAN_POINT('',(-53.5576670680112,12.787538280183,12.5));
#3265=CARTESIAN_POINT('',(-53.7897079814968,10.5454184427909,11.5));
#3266=CARTESIAN_POINT('',(-54.7966349747289,11.1804710055621,11.5));
#3267=CARTESIAN_POINT('',(-55.0478282389489,12.3441271709272,11.5));
#3268=CARTESIAN_POINT('',(-54.3925294533324,13.3379969957791,11.5));
#3269=CARTESIAN_POINT('',(-53.2562563320935,11.3912490036887,12.4999999999999));
#3270=CARTESIAN_POINT('',(-53.7597198287096,11.7087752850743,12.4999999999999));
#3271=CARTESIAN_POINT('',(-53.8853164608197,12.2906033677569,12.4999999999999));
#3272=CARTESIAN_POINT('',(-53.5576670680114,12.787538280183,12.4999999999999));
#3273=CARTESIAN_POINT('',(-53.2562563320934,11.3912490036887,12.5));
#3274=CARTESIAN_POINT('',(-51.0890569801329,18.3482635801318,11.5));
#3275=CARTESIAN_POINT('',(-50.4551180832173,19.3097375737871,11.5));
#3276=CARTESIAN_POINT('',(-49.3295512335462,19.5534793068154,11.5));
#3277=CARTESIAN_POINT('',(-48.3546428261624,18.9404015281361,11.5));
#3278=CARTESIAN_POINT('',(-50.2541945948118,17.7978048645355,12.4999999999999));
#3279=CARTESIAN_POINT('',(-49.937225146354,18.2785418613632,12.4999999999999));
#3280=CARTESIAN_POINT('',(-49.3744417215185,18.4004127278773,12.4999999999999));
#3281=CARTESIAN_POINT('',(-48.8869875178265,18.0938738385377,12.4999999999999));
#3282=CARTESIAN_POINT('',(-48.3546428261623,18.9404015281361,11.5));
#3283=CARTESIAN_POINT('',(-30.607752956636,-0.242296095032372,11.5));
#3284=CARTESIAN_POINT('',(-38.7725584271865,2.35884584146598,11.5));
#3285=CARTESIAN_POINT('',(-46.541676006964,5.97420194803868,11.5));
#3286=CARTESIAN_POINT('',(-53.7897079814966,10.5454184427908,11.5));
#3287=CARTESIAN_POINT('',(-30.3042049934297,0.710520064587779,12.5));
#3288=CARTESIAN_POINT('',(-38.3880371865863,3.28586555212913,12.5));
#3289=CARTESIAN_POINT('',(-46.0801056663991,6.86536688739697,12.5));
#3290=CARTESIAN_POINT('',(-53.2562563320934,11.3912490036887,12.5));
#3291=CARTESIAN_POINT('',(-30.3042049934297,0.710520064587785,12.5));
#3292=CARTESIAN_POINT('',(-48.8869875178265,18.0938738385376,12.5));
#3293=CARTESIAN_POINT('',(-18.1529826291219,-1.23341404243234,12.5));
#3294=CARTESIAN_POINT('',(18.1529826291219,-1.23341404243233,12.5));
#3295=CARTESIAN_POINT('',(48.8869875178265,18.0938738385376,12.5));
#3296=CARTESIAN_POINT('',(-48.3546428261623,18.9404015281361,11.5));
#3297=CARTESIAN_POINT('',(-17.9553094970443,-0.176425867741614,11.5));
#3298=CARTESIAN_POINT('',(17.9553094970444,-0.1764258677416,11.5));
#3299=CARTESIAN_POINT('',(48.3546428261624,18.9404015281361,11.5));
#3300=CARTESIAN_POINT('',(48.3546428261624,18.9404015281362,11.5));
#3301=CARTESIAN_POINT('',(-11.5700412653785,-23.0719827230413,12.5));
#3302=CARTESIAN_POINT('',(-12.3905191194024,-11.7032903387245,12.5));
#3303=CARTESIAN_POINT('',(-19.4437578625828,-2.74939880097031,12.5));
#3304=CARTESIAN_POINT('',(-30.3042049934297,0.710520064587766,12.5));
#3305=CARTESIAN_POINT('',(-12.5674471444386,-23.1439654460826,11.5));
#3306=CARTESIAN_POINT('',(-13.357536929795,-12.1963357426664,11.5));
#3307=CARTESIAN_POINT('',(-20.149544608413,-3.57406981742165,11.5));
#3308=CARTESIAN_POINT('',(-30.607752956636,-0.242296095032392,11.5));
#3309=CARTESIAN_POINT('',(-11.5700412653785,-23.0719827230413,12.5));
#3310=CARTESIAN_POINT('',(48.3546428261625,18.9404015281362,11.5));
#3311=CARTESIAN_POINT('',(49.3295512335463,19.5534793068154,11.5));
#3312=CARTESIAN_POINT('',(50.4551180832172,19.3097375737871,11.5));
#3313=CARTESIAN_POINT('',(51.0890569801328,18.3482635801319,11.5));
#3314=CARTESIAN_POINT('',(48.8869875178265,18.0938738385377,12.4999999999999));
#3315=CARTESIAN_POINT('',(49.3744417215185,18.4004127278773,12.4999999999999));
#3316=CARTESIAN_POINT('',(49.937225146354,18.2785418613632,12.4999999999999));
#3317=CARTESIAN_POINT('',(50.2541945948118,17.7978048645355,12.4999999999999));
#3318=CARTESIAN_POINT('',(51.0890569801329,18.3482635801318,11.5));
#3319=CARTESIAN_POINT('',(-10.5726353863185,-25.,11.5));
#3320=CARTESIAN_POINT('',(-11.6783473977196,-25.,11.5));
#3321=CARTESIAN_POINT('',(-12.4878549829585,-24.2468091068014,11.5));
#3322=CARTESIAN_POINT('',(-12.5674471444386,-23.1439654460826,11.5));
#3323=CARTESIAN_POINT('',(-10.5726353863185,-24.,12.5));
#3324=CARTESIAN_POINT('',(-11.1254913920191,-24.,12.5));
#3325=CARTESIAN_POINT('',(-11.5302451846385,-23.6234045534007,12.5));
#3326=CARTESIAN_POINT('',(-11.5700412653786,-23.0719827230413,12.5));
#3327=CARTESIAN_POINT('',(-10.5726353863185,-24.,12.5));
#3328=CARTESIAN_POINT('',(50.965626475739,18.6262998451292,11.45));
#3329=CARTESIAN_POINT('',(50.0472778518858,18.0207952579733,12.55));
#3330=CARTESIAN_POINT('',(54.5994461962583,13.1150066023416,11.45));
#3331=CARTESIAN_POINT('',(53.6810975724051,12.5095020151856,12.55));
#3332=CARTESIAN_POINT('',(54.3925294533323,13.3379969957794,11.5));
#3333=CARTESIAN_POINT('',(11.6298989249503,-25.05,11.45));
#3334=CARTESIAN_POINT('',(11.6298989249503,-23.95,12.55));
#3335=CARTESIAN_POINT('',(-11.6298989249503,-25.05,11.45));
#3336=CARTESIAN_POINT('',(-11.6298989249503,-23.95,12.55));
#3337=CARTESIAN_POINT('',(10.5726353863185,-24.,12.5));
#3338=CARTESIAN_POINT('',(54.3925294533324,13.3379969957792,11.5));
#3339=CARTESIAN_POINT('',(55.0478282389489,12.3441271709273,11.5));
#3340=CARTESIAN_POINT('',(54.7966349747289,11.1804710055622,11.5));
#3341=CARTESIAN_POINT('',(53.7897079814969,10.5454184427909,11.5));
#3342=CARTESIAN_POINT('',(53.5576670680114,12.787538280183,12.4999999999999));
#3343=CARTESIAN_POINT('',(53.8853164608197,12.290603367757,12.4999999999999));
#3344=CARTESIAN_POINT('',(53.7597198287096,11.7087752850744,12.4999999999999));
#3345=CARTESIAN_POINT('',(53.2562563320935,11.3912490036887,12.4999999999999));
#3346=CARTESIAN_POINT('',(53.7897079814967,10.5454184427908,11.5));
#3347=CARTESIAN_POINT('',(12.5674471444386,-23.1439654460827,11.5));
#3348=CARTESIAN_POINT('',(12.4878549829585,-24.2468091068014,11.5));
#3349=CARTESIAN_POINT('',(11.6783473977196,-25.,11.5));
#3350=CARTESIAN_POINT('',(10.5726353863185,-25.,11.5));
#3351=CARTESIAN_POINT('',(11.5700412653786,-23.0719827230413,12.5));
#3352=CARTESIAN_POINT('',(11.5302451846385,-23.6234045534007,12.5));
#3353=CARTESIAN_POINT('',(11.1254913920191,-24.,12.5));
#3354=CARTESIAN_POINT('',(10.5726353863185,-24.,12.5));
#3355=CARTESIAN_POINT('',(11.5700412653785,-23.0719827230413,12.5));
#3356=CARTESIAN_POINT('',(53.7897079814967,10.5454184427908,11.5));
#3357=CARTESIAN_POINT('',(46.541676006964,5.97420194803872,11.5));
#3358=CARTESIAN_POINT('',(38.7725584271865,2.358845841466,11.5));
#3359=CARTESIAN_POINT('',(30.607752956636,-0.242296095032364,11.5));
#3360=CARTESIAN_POINT('',(53.2562563320934,11.3912490036888,12.5));
#3361=CARTESIAN_POINT('',(46.0801056663991,6.86536688739701,12.5));
#3362=CARTESIAN_POINT('',(38.3880371865863,3.28586555212915,12.5));
#3363=CARTESIAN_POINT('',(30.3042049934297,0.710520064587786,12.5));
#3364=CARTESIAN_POINT('',(30.607752956636,-0.24229609503236,11.5));
#3365=CARTESIAN_POINT('',(30.3042049934297,0.710520064587806,12.5));
#3366=CARTESIAN_POINT('',(19.4437578625827,-2.74939880097028,12.5));
#3367=CARTESIAN_POINT('',(12.3905191194024,-11.7032903387245,12.5));
#3368=CARTESIAN_POINT('',(11.5700412653785,-23.0719827230413,12.5));
#3369=CARTESIAN_POINT('',(30.607752956636,-0.242296095032352,11.5));
#3370=CARTESIAN_POINT('',(20.149544608413,-3.57406981742162,11.5));
#3371=CARTESIAN_POINT('',(13.3575369297949,-12.1963357426664,11.5));
#3372=CARTESIAN_POINT('',(12.5674471444386,-23.1439654460826,11.5));
#3373=CARTESIAN_POINT('',(-50.965626475739,18.6262998451292,-11.45));
#3374=CARTESIAN_POINT('',(-50.0472778518858,18.0207952579732,-12.55));
#3375=CARTESIAN_POINT('',(-54.5994461962583,13.1150066023415,-11.45));
#3376=CARTESIAN_POINT('',(-53.6810975724051,12.5095020151855,-12.55));
#3377=CARTESIAN_POINT('',(-54.3925294533323,13.3379969957793,-11.5));
#3378=CARTESIAN_POINT('',(-50.2541945948118,17.7978048645354,-12.5));
#3379=CARTESIAN_POINT('',(-48.3546428261624,18.9404015281361,-11.5));
#3380=CARTESIAN_POINT('',(-49.3295512335463,19.5534793068154,-11.5));
#3381=CARTESIAN_POINT('',(-50.4551180832173,19.3097375737871,-11.5));
#3382=CARTESIAN_POINT('',(-51.0890569801329,18.3482635801318,-11.5));
#3383=CARTESIAN_POINT('',(-48.8869875178265,18.0938738385377,-12.4999999999999));
#3384=CARTESIAN_POINT('',(-49.3744417215185,18.4004127278773,-12.4999999999999));
#3385=CARTESIAN_POINT('',(-49.937225146354,18.2785418613632,-12.4999999999999));
#3386=CARTESIAN_POINT('',(-50.2541945948119,17.7978048645355,-12.4999999999999));
#3387=CARTESIAN_POINT('',(-48.8869875178265,18.0938738385376,-12.5));
#3388=CARTESIAN_POINT('',(-54.3925294533324,13.3379969957792,-11.5));
#3389=CARTESIAN_POINT('',(-55.0478282389489,12.3441271709272,-11.5));
#3390=CARTESIAN_POINT('',(-54.7966349747289,11.1804710055621,-11.5));
#3391=CARTESIAN_POINT('',(-53.7897079814968,10.5454184427909,-11.5));
#3392=CARTESIAN_POINT('',(-53.5576670680114,12.787538280183,-12.4999999999999));
#3393=CARTESIAN_POINT('',(-53.8853164608197,12.2906033677569,-12.4999999999999));
#3394=CARTESIAN_POINT('',(-53.7597198287096,11.7087752850743,-12.4999999999999));
#3395=CARTESIAN_POINT('',(-53.2562563320935,11.3912490036887,-12.4999999999999));
#3396=CARTESIAN_POINT('',(-53.7897079814966,10.5454184427908,-11.5));
#3397=CARTESIAN_POINT('',(48.8869875178265,18.0938738385376,-12.5));
#3398=CARTESIAN_POINT('',(18.1529826291219,-1.23341404243233,-12.5));
#3399=CARTESIAN_POINT('',(-18.1529826291219,-1.23341404243235,-12.5));
#3400=CARTESIAN_POINT('',(-48.8869875178265,18.0938738385376,-12.5));
#3401=CARTESIAN_POINT('',(48.3546428261624,18.9404015281361,-11.5));
#3402=CARTESIAN_POINT('',(17.9553094970444,-0.17642586774161,-11.5));
#3403=CARTESIAN_POINT('',(-17.9553094970443,-0.176425867741627,-11.5));
#3404=CARTESIAN_POINT('',(-48.3546428261623,18.9404015281361,-11.5));
#3405=CARTESIAN_POINT('',(48.8869875178265,18.0938738385377,-12.5));
#3406=CARTESIAN_POINT('',(-53.7897079814966,10.5454184427908,-11.5));
#3407=CARTESIAN_POINT('',(-46.541676006964,5.97420194803869,-11.5));
#3408=CARTESIAN_POINT('',(-38.7725584271865,2.35884584146599,-11.5));
#3409=CARTESIAN_POINT('',(-30.607752956636,-0.242296095032372,-11.5));
#3410=CARTESIAN_POINT('',(-53.2562563320933,11.3912490036887,-12.5));
#3411=CARTESIAN_POINT('',(-46.080105666399,6.86536688739698,-12.5));
#3412=CARTESIAN_POINT('',(-38.3880371865863,3.28586555212913,-12.5));
#3413=CARTESIAN_POINT('',(-30.3042049934297,0.710520064587778,-12.5));
#3414=CARTESIAN_POINT('',(-30.607752956636,-0.242296095032374,-11.5));
#3415=CARTESIAN_POINT('',(51.0890569801328,18.3482635801319,-11.5));
#3416=CARTESIAN_POINT('',(50.4551180832172,19.3097375737871,-11.5));
#3417=CARTESIAN_POINT('',(49.3295512335463,19.5534793068154,-11.5));
#3418=CARTESIAN_POINT('',(48.3546428261625,18.9404015281362,-11.5));
#3419=CARTESIAN_POINT('',(50.2541945948118,17.7978048645355,-12.4999999999999));
#3420=CARTESIAN_POINT('',(49.937225146354,18.2785418613632,-12.4999999999999));
#3421=CARTESIAN_POINT('',(49.3744417215185,18.4004127278773,-12.4999999999999));
#3422=CARTESIAN_POINT('',(48.8869875178265,18.0938738385377,-12.4999999999999));
#3423=CARTESIAN_POINT('',(50.2541945948118,17.7978048645354,-12.5));
#3424=CARTESIAN_POINT('',(-30.3042049934297,0.710520064587762,-12.5));
#3425=CARTESIAN_POINT('',(-19.4437578625828,-2.74939880097031,-12.5));
#3426=CARTESIAN_POINT('',(-12.3905191194025,-11.7032903387245,-12.5));
#3427=CARTESIAN_POINT('',(-11.5700412653785,-23.0719827230413,-12.5));
#3428=CARTESIAN_POINT('',(-30.607752956636,-0.242296095032396,-11.5));
#3429=CARTESIAN_POINT('',(-20.149544608413,-3.57406981742165,-11.5));
#3430=CARTESIAN_POINT('',(-13.357536929795,-12.1963357426664,-11.5));
#3431=CARTESIAN_POINT('',(-12.5674471444386,-23.1439654460826,-11.5));
#3432=CARTESIAN_POINT('',(-12.5674471444386,-23.1439654460826,-11.5));
#3433=CARTESIAN_POINT('',(53.6810975724051,12.5095020151856,-12.55));
#3434=CARTESIAN_POINT('',(54.5994461962583,13.1150066023416,-11.45));
#3435=CARTESIAN_POINT('',(50.0472778518858,18.0207952579733,-12.55));
#3436=CARTESIAN_POINT('',(50.965626475739,18.6262998451292,-11.45));
#3437=CARTESIAN_POINT('',(53.5576670680112,12.787538280183,-12.5));
#3438=CARTESIAN_POINT('',(-12.5674471444386,-23.1439654460827,-11.5));
#3439=CARTESIAN_POINT('',(-12.4878549829585,-24.2468091068014,-11.5));
#3440=CARTESIAN_POINT('',(-11.6783473977196,-25.,-11.5));
#3441=CARTESIAN_POINT('',(-10.5726353863186,-25.,-11.5));
#3442=CARTESIAN_POINT('',(-11.5700412653786,-23.0719827230413,-12.5));
#3443=CARTESIAN_POINT('',(-11.5302451846385,-23.6234045534007,-12.5));
#3444=CARTESIAN_POINT('',(-11.1254913920191,-24.,-12.5));
#3445=CARTESIAN_POINT('',(-10.5726353863185,-24.,-12.5));
#3446=CARTESIAN_POINT('',(-10.5726353863185,-25.,-11.5));
#3447=CARTESIAN_POINT('',(53.7897079814969,10.545418442791,-11.5));
#3448=CARTESIAN_POINT('',(54.7966349747289,11.1804710055622,-11.5));
#3449=CARTESIAN_POINT('',(55.0478282389489,12.3441271709273,-11.5));
#3450=CARTESIAN_POINT('',(54.3925294533324,13.3379969957792,-11.5));
#3451=CARTESIAN_POINT('',(53.2562563320936,11.3912490036887,-12.4999999999999));
#3452=CARTESIAN_POINT('',(53.7597198287096,11.7087752850744,-12.4999999999999));
#3453=CARTESIAN_POINT('',(53.8853164608197,12.290603367757,-12.4999999999999));
#3454=CARTESIAN_POINT('',(53.5576670680114,12.787538280183,-12.4999999999999));
#3455=CARTESIAN_POINT('',(53.2562563320934,11.3912490036887,-12.5));
#3456=CARTESIAN_POINT('',(-11.6298989249503,-23.95,-12.55));
#3457=CARTESIAN_POINT('',(-11.6298989249503,-25.05,-11.45));
#3458=CARTESIAN_POINT('',(11.6298989249503,-23.95,-12.55));
#3459=CARTESIAN_POINT('',(11.6298989249503,-25.05,-11.45));
#3460=CARTESIAN_POINT('',(10.5726353863185,-25.,-11.5));
#3461=CARTESIAN_POINT('',(30.607752956636,-0.242296095032364,-11.5));
#3462=CARTESIAN_POINT('',(38.7725584271865,2.358845841466,-11.5));
#3463=CARTESIAN_POINT('',(46.541676006964,5.97420194803871,-11.5));
#3464=CARTESIAN_POINT('',(53.7897079814967,10.5454184427908,-11.5));
#3465=CARTESIAN_POINT('',(30.3042049934297,0.710520064587793,-12.5));
#3466=CARTESIAN_POINT('',(38.3880371865863,3.28586555212915,-12.5));
#3467=CARTESIAN_POINT('',(46.0801056663991,6.86536688739701,-12.5));
#3468=CARTESIAN_POINT('',(53.2562563320934,11.3912490036888,-12.5));
#3469=CARTESIAN_POINT('',(30.3042049934297,0.710520064587806,-12.5));
#3470=CARTESIAN_POINT('',(10.5726353863185,-25.,-11.5));
#3471=CARTESIAN_POINT('',(11.6783473977196,-25.,-11.5));
#3472=CARTESIAN_POINT('',(12.4878549829585,-24.2468091068014,-11.5));
#3473=CARTESIAN_POINT('',(12.5674471444386,-23.1439654460826,-11.5));
#3474=CARTESIAN_POINT('',(10.5726353863185,-24.,-12.5));
#3475=CARTESIAN_POINT('',(11.1254913920191,-24.,-12.5));
#3476=CARTESIAN_POINT('',(11.5302451846385,-23.6234045534007,-12.5));
#3477=CARTESIAN_POINT('',(11.5700412653786,-23.0719827230413,-12.5));
#3478=CARTESIAN_POINT('',(12.5674471444386,-23.1439654460826,-11.5));
#3479=CARTESIAN_POINT('',(11.5700412653785,-23.0719827230413,-12.5));
#3480=CARTESIAN_POINT('',(12.3905191194024,-11.7032903387245,-12.5));
#3481=CARTESIAN_POINT('',(19.4437578625827,-2.74939880097027,-12.5));
#3482=CARTESIAN_POINT('',(30.3042049934297,0.71052006458781,-12.5));
#3483=CARTESIAN_POINT('',(12.5674471444386,-23.1439654460826,-11.5));
#3484=CARTESIAN_POINT('',(13.3575369297949,-12.1963357426664,-11.5));
#3485=CARTESIAN_POINT('',(20.149544608413,-3.57406981742161,-11.5));
#3486=CARTESIAN_POINT('',(30.607752956636,-0.24229609503235,-11.5));
#3487=MECHANICAL_DESIGN_GEOMETRIC_PRESENTATION_REPRESENTATION('',(#1402),
#3488);
#3488=(
GEOMETRIC_REPRESENTATION_CONTEXT(3)
GLOBAL_UNCERTAINTY_ASSIGNED_CONTEXT((#3489))
GLOBAL_UNIT_ASSIGNED_CONTEXT((#3492,#3491,#3490))
REPRESENTATION_CONTEXT('Mouthpiece','TOP_LEVEL_ASSEMBLY_PART')
);
#3489=UNCERTAINTY_MEASURE_WITH_UNIT(LENGTH_MEASURE(0.0445876788382541),
#3492,'DISTANCE_ACCURACY_VALUE','Maximum Tolerance applied to model');
#3490=(
NAMED_UNIT(*)
SI_UNIT($,.STERADIAN.)
SOLID_ANGLE_UNIT()
);
#3491=(
NAMED_UNIT(*)
PLANE_ANGLE_UNIT()
SI_UNIT($,.RADIAN.)
);
#3492=(
LENGTH_UNIT()
NAMED_UNIT(*)
SI_UNIT(.MILLI.,.METRE.)
);
#3493=PRODUCT_DEFINITION_SHAPE('','',#3494);
#3494=PRODUCT_DEFINITION('','',#3496,#3495);
#3495=PRODUCT_DEFINITION_CONTEXT('',#3502,'design');
#3496=PRODUCT_DEFINITION_FORMATION_WITH_SPECIFIED_SOURCE('','',#3498,
 .NOT_KNOWN.);
#3497=PRODUCT_RELATED_PRODUCT_CATEGORY('','',(#3498));
#3498=PRODUCT('Mouthpiece','Mouthpiece','Mouthpiece',(#3500));
#3499=PRODUCT_CATEGORY('','');
#3500=PRODUCT_CONTEXT('',#3502,'mechanical');
#3501=APPLICATION_PROTOCOL_DEFINITION('international standard',
'ap242_managed_model_based_3d_engineering',2020,#3502);
#3502=APPLICATION_CONTEXT('managed model based 3d engineering');
ENDSEC;
END-ISO-10303-21;
