ISO-10303-21;
HEADER;
/* Generated by software containing ST-Developer
 * from STEP Tools, Inc. (www.steptools.com) 
 */
/* OPTION: using custom renumber hook */

FILE_DESCRIPTION(
/* description */ ('STEP AP242 Edition 2',
'CAx-IF Rec.Pracs.---Representation and Presentation of Product Manufa
cturing Information (PMI)---4.0---2014-10-13',
'CAx-IF Rec.Pracs.---3D Tessellated Geometry---0.4---2014-09-14','2;1',
'CAx-IF Rec.Pracs.---User Defined Attributes---1.5---2016-08-15'),
/* implementation_level */ '2;1');

FILE_NAME(
/* name */ '6997d97a8837cd6b8597a698',
/* time_stamp */ '2026-02-20T03:48:11Z',
/* author */ (''),
/* organization */ (''),
/* preprocessor_version */ 'ST-DEVELOPER v20',
/* originating_system */ 'ONSHAPE BY PTC INC, 1.210',
/* authorisation */ '  ');

FILE_SCHEMA (('AP242_MANAGED_MODEL_BASED_3D_ENGINEERING_MIM_LF { 1 0 10303 442 3 1 4 }'));
ENDSEC;

DATA;
#10=SHAPE_REPRESENTATION_RELATIONSHIP('','',#1063,#11);
#11=ADVANCED_BREP_SHAPE_REPRESENTATION('',(#1061),#2449);
#12=B_SPLINE_SURFACE_WITH_KNOTS('',1,1,((#2039,#2040),(#2041,#2042)),
 .PLANE_SURF.,.F.,.F.,.F.,(2,2),(2,2),(0.0427315991146132,0.954561694782074),
(0.0419418409000892,0.956121153583821),.PIECEWISE_BEZIER_KNOTS.);
#13=B_SPLINE_SURFACE_WITH_KNOTS('',1,1,((#2427,#2428),(#2429,#2430)),
 .PLANE_SURF.,.F.,.F.,.F.,(2,2),(2,2),(0.0427315991146132,0.954561694782074),
(0.0438788464161791,0.958058159099911),.PIECEWISE_BEZIER_KNOTS.);
#14=LINE('',#1376,#50);
#15=LINE('',#1598,#51);
#16=LINE('',#1782,#52);
#17=LINE('',#1794,#53);
#18=LINE('',#1809,#54);
#19=LINE('',#1821,#55);
#20=LINE('',#1845,#56);
#21=LINE('',#1857,#57);
#22=LINE('',#1872,#58);
#23=LINE('',#1884,#59);
#24=LINE('',#1899,#60);
#25=LINE('',#1914,#61);
#26=LINE('',#1915,#62);
#27=LINE('',#1930,#63);
#28=LINE('',#1931,#64);
#29=LINE('',#1946,#65);
#30=LINE('',#1947,#66);
#31=LINE('',#1962,#67);
#32=LINE('',#1970,#68);
#33=LINE('',#2170,#69);
#34=LINE('',#2171,#70);
#35=LINE('',#2186,#71);
#36=LINE('',#2187,#72);
#37=LINE('',#2210,#73);
#38=LINE('',#2211,#74);
#39=LINE('',#2226,#75);
#40=LINE('',#2241,#76);
#41=LINE('',#2243,#77);
#42=LINE('',#2268,#78);
#43=LINE('',#2270,#79);
#44=LINE('',#2295,#80);
#45=LINE('',#2297,#81);
#46=LINE('',#2322,#82);
#47=LINE('',#2324,#83);
#48=LINE('',#2349,#84);
#49=LINE('',#2351,#85);
#50=VECTOR('',#1141,1000.);
#51=VECTOR('',#1176,1000.);
#52=VECTOR('',#1199,1000.);
#53=VECTOR('',#1200,1000.);
#54=VECTOR('',#1201,1000.);
#55=VECTOR('',#1202,1000.);
#56=VECTOR('',#1205,1000.);
#57=VECTOR('',#1206,1000.);
#58=VECTOR('',#1207,1000.);
#59=VECTOR('',#1208,1000.);
#60=VECTOR('',#1209,1000.);
#61=VECTOR('',#1210,1000.);
#62=VECTOR('',#1211,1000.);
#63=VECTOR('',#1212,1000.);
#64=VECTOR('',#1213,1000.);
#65=VECTOR('',#1214,1000.);
#66=VECTOR('',#1215,1000.);
#67=VECTOR('',#1216,1000.);
#68=VECTOR('',#1217,1000.);
#69=VECTOR('',#1242,1000.);
#70=VECTOR('',#1243,1000.);
#71=VECTOR('',#1244,1000.);
#72=VECTOR('',#1245,1000.);
#73=VECTOR('',#1246,1000.);
#74=VECTOR('',#1247,1000.);
#75=VECTOR('',#1248,1000.);
#76=VECTOR('',#1249,1000.);
#77=VECTOR('',#1250,1000.);
#78=VECTOR('',#1251,1000.);
#79=VECTOR('',#1252,1000.);
#80=VECTOR('',#1253,1000.);
#81=VECTOR('',#1254,1000.);
#82=VECTOR('',#1255,1000.);
#83=VECTOR('',#1256,1000.);
#84=VECTOR('',#1257,1000.);
#85=VECTOR('',#1258,1000.);
#86=B_SPLINE_CURVE_WITH_KNOTS('',3,(#1291,#1292,#1293,#1294,#1295,#1296),
 .UNSPECIFIED.,.F.,.F.,(4,1,1,4),(0.00184999095127483,0.00231190352109285,
0.00277381609091087,0.00369764123054691),.UNSPECIFIED.);
#87=B_SPLINE_CURVE_WITH_KNOTS('',3,(#1300,#1301,#1302,#1303,#1304,#1305,
#1306,#1307,#1308),.UNSPECIFIED.,.F.,.F.,(4,1,1,1,1,1,4),(1.58990032769613E-17,
0.000924410307636744,0.00138661546145511,0.00184882061527347,0.00231102576909184,
0.0027732309229102,0.00369764123054693),.UNSPECIFIED.);
#88=B_SPLINE_CURVE_WITH_KNOTS('',3,(#1312,#1313,#1314,#1315,#1316,#1317,
#1318,#1319,#1320),.UNSPECIFIED.,.F.,.F.,(4,1,1,1,1,1,4),(0.00201590668916674,
0.00294656347545667,0.00341189186860164,0.0038772202617466,0.00434254865489157,
0.00480787704803654,0.00573853383432647),.UNSPECIFIED.);
#89=B_SPLINE_CURVE_WITH_KNOTS('',3,(#1324,#1325,#1326,#1327,#1328,#1329,
#1330,#1331,#1332),.UNSPECIFIED.,.F.,.F.,(4,1,1,1,1,1,4),(1.73472347597681E-18,
0.000924410307636717,0.00138661546145508,0.00184882061527343,0.00231102576909179,
0.00277323092291015,0.00369764123054686),.UNSPECIFIED.);
#90=B_SPLINE_CURVE_WITH_KNOTS('',3,(#1336,#1337,#1338,#1339,#1340,#1341,
#1342,#1343,#1344),.UNSPECIFIED.,.F.,.F.,(4,1,1,1,1,1,4),(6.77431173301776E-18,
0.000924410307636713,0.00138661546145507,0.00184882061527342,0.00231102576909177,
0.00277323092291013,0.00369764123054683),.UNSPECIFIED.);
#91=B_SPLINE_CURVE_WITH_KNOTS('',3,(#1401,#1402,#1403,#1404,#1405),
 .UNSPECIFIED.,.F.,.F.,(4,1,4),(0.,0.00168251675762322,0.00336503351524644),
 .UNSPECIFIED.);
#92=B_SPLINE_CURVE_WITH_KNOTS('',3,(#1409,#1410,#1411,#1412,#1413),
 .UNSPECIFIED.,.F.,.F.,(4,1,4),(0.,0.00168251675762245,0.0033650335152449),
 .UNSPECIFIED.);
#93=B_SPLINE_CURVE_WITH_KNOTS('',3,(#1415,#1416,#1417,#1418,#1419),
 .UNSPECIFIED.,.F.,.F.,(4,1,4),(0.,0.00168251675763685,0.0033650335152737),
 .UNSPECIFIED.);
#94=B_SPLINE_CURVE_WITH_KNOTS('',3,(#1423,#1424,#1425,#1426,#1427),
 .UNSPECIFIED.,.F.,.F.,(4,1,4),(0.,0.00168251675762245,0.0033650335152449),
 .UNSPECIFIED.);
#95=B_SPLINE_CURVE_WITH_KNOTS('',3,(#1429,#1430,#1431,#1432,#1433),
 .UNSPECIFIED.,.F.,.F.,(4,1,4),(0.00132581706453912,0.00300353739879379,
0.00468125773304846),.UNSPECIFIED.);
#96=B_SPLINE_CURVE_WITH_KNOTS('',3,(#1437,#1438,#1439,#1440,#1441),
 .UNSPECIFIED.,.F.,.F.,(4,1,4),(0.,0.00168251675762245,0.00336503351524489),
 .UNSPECIFIED.);
#97=B_SPLINE_CURVE_WITH_KNOTS('',3,(#1443,#1444,#1445,#1446,#1447),
 .UNSPECIFIED.,.F.,.F.,(4,1,4),(0.,0.0016825167576234,0.0033650335152468),
 .UNSPECIFIED.);
#98=B_SPLINE_CURVE_WITH_KNOTS('',3,(#1451,#1452,#1453,#1454,#1455),
 .UNSPECIFIED.,.F.,.F.,(4,1,4),(0.,0.00168251675762822,0.00336503351525644),
 .UNSPECIFIED.);
#99=B_SPLINE_CURVE_WITH_KNOTS('',3,(#1457,#1458,#1459,#1460,#1461),
 .UNSPECIFIED.,.F.,.F.,(4,1,4),(0.,0.00168251675762341,0.00336503351524683),
 .UNSPECIFIED.);
#100=B_SPLINE_CURVE_WITH_KNOTS('',3,(#1487,#1488,#1489,#1490,#1491,#1492),
 .UNSPECIFIED.,.F.,.F.,(4,1,1,4),(0.00201590668916682,0.00294674537492973,
0.00341216471781119,0.00387758406069265),.UNSPECIFIED.);
#101=B_SPLINE_CURVE_WITH_KNOTS('',3,(#1496,#1497,#1498,#1499,#1500,#1501,
#1502,#1503,#1504),.UNSPECIFIED.,.F.,.F.,(4,1,1,1,1,1,4),(3.12731722069275E-18,
0.000924410307636717,0.00138661546145507,0.00184882061527343,0.00231102576909179,
0.00277323092291014,0.00369764123054686),.UNSPECIFIED.);
#102=B_SPLINE_CURVE_WITH_KNOTS('',3,(#1508,#1509,#1510,#1511,#1512,#1513,
#1514,#1515,#1516),.UNSPECIFIED.,.F.,.F.,(4,1,1,1,1,1,4),(0.00201590668916677,
0.0029465634754567,0.00341189186860167,0.00387722026174664,0.00434254865489161,
0.00480787704803657,0.00573853383432651),.UNSPECIFIED.);
#103=B_SPLINE_CURVE_WITH_KNOTS('',3,(#1520,#1521,#1522,#1523,#1524,#1525,
#1526,#1527,#1528),.UNSPECIFIED.,.F.,.F.,(4,1,1,1,1,1,4),(0.0100160526167701,
0.0109467511194948,0.0114121003708572,0.0118774496222195,0.0123427988735819,
0.0128081481249443,0.013738846627669),.UNSPECIFIED.);
#104=B_SPLINE_CURVE_WITH_KNOTS('',3,(#1532,#1533,#1534,#1535,#1536,#1537,
#1538,#1539,#1540),.UNSPECIFIED.,.F.,.F.,(4,1,1,1,1,1,4),(0.00201590668916679,
0.00294656347545673,0.0034118918686017,0.00387722026174667,0.00434254865489164,
0.00480787704803661,0.00573853383432655),.UNSPECIFIED.);
#105=B_SPLINE_CURVE_WITH_KNOTS('',3,(#1623,#1624,#1625,#1626,#1627),
 .UNSPECIFIED.,.F.,.F.,(4,1,4),(0.,0.00168251675762249,0.00336503351524497),
 .UNSPECIFIED.);
#106=B_SPLINE_CURVE_WITH_KNOTS('',3,(#1631,#1632,#1633,#1634,#1635),
 .UNSPECIFIED.,.F.,.F.,(4,1,4),(0.,0.00168251675762341,0.00336503351524683),
 .UNSPECIFIED.);
#107=B_SPLINE_CURVE_WITH_KNOTS('',3,(#1637,#1638,#1639,#1640,#1641),
 .UNSPECIFIED.,.F.,.F.,(4,1,4),(0.,0.00168251675762873,0.00336503351525745),
 .UNSPECIFIED.);
#108=B_SPLINE_CURVE_WITH_KNOTS('',3,(#1645,#1646,#1647,#1648,#1649),
 .UNSPECIFIED.,.F.,.F.,(4,1,4),(0.00132581706453948,0.00300353739879426,
0.00468125773304905),.UNSPECIFIED.);
#109=B_SPLINE_CURVE_WITH_KNOTS('',3,(#1651,#1652,#1653,#1654,#1655),
 .UNSPECIFIED.,.F.,.F.,(4,1,4),(0.,0.00168251675762249,0.00336503351524498),
 .UNSPECIFIED.);
#110=B_SPLINE_CURVE_WITH_KNOTS('',3,(#1659,#1660,#1661,#1662,#1663),
 .UNSPECIFIED.,.F.,.F.,(4,1,4),(0.,0.00168251675762343,0.00336503351524686),
 .UNSPECIFIED.);
#111=B_SPLINE_CURVE_WITH_KNOTS('',3,(#1665,#1666,#1667,#1668,#1669),
 .UNSPECIFIED.,.F.,.F.,(4,1,4),(0.,0.0016825167576225,0.00336503351524499),
 .UNSPECIFIED.);
#112=B_SPLINE_CURVE_WITH_KNOTS('',3,(#1673,#1674,#1675,#1676,#1677),
 .UNSPECIFIED.,.F.,.F.,(4,1,4),(0.0013258170645394,0.00300353739879422,
0.00468125773304903),.UNSPECIFIED.);
#113=B_SPLINE_CURVE_WITH_KNOTS('',3,(#1679,#1680,#1681,#1682,#1683),
 .UNSPECIFIED.,.F.,.F.,(4,1,4),(0.,0.00168251675762936,0.00336503351525872),
 .UNSPECIFIED.);
#114=B_SPLINE_CURVE_WITH_KNOTS('',3,(#1707,#1708,#1709,#1710,#1711),
 .UNSPECIFIED.,.F.,.F.,(4,1,4),(0.00132581706453946,0.00300353739879426,
0.00468125773304906),.UNSPECIFIED.);
#115=B_SPLINE_CURVE_WITH_KNOTS('',3,(#1713,#1714,#1715,#1716,#1717),
 .UNSPECIFIED.,.F.,.F.,(4,1,4),(0.,0.00168251675762821,0.00336503351525643),
 .UNSPECIFIED.);
#116=B_SPLINE_CURVE_WITH_KNOTS('',3,(#1721,#1722,#1723,#1724,#1725),
 .UNSPECIFIED.,.F.,.F.,(4,1,4),(0.00132581706453951,0.00300353739879431,
0.0046812577330491),.UNSPECIFIED.);
#117=B_SPLINE_CURVE_WITH_KNOTS('',3,(#1727,#1728,#1729,#1730,#1731),
 .UNSPECIFIED.,.F.,.F.,(4,1,4),(0.,0.00168251675762249,0.00336503351524498),
 .UNSPECIFIED.);
#118=B_SPLINE_CURVE_WITH_KNOTS('',3,(#1735,#1736,#1737,#1738,#1739),
 .UNSPECIFIED.,.F.,.F.,(4,1,4),(0.00132581706453913,0.00300353739879379,
0.00468125773304845),.UNSPECIFIED.);
#119=B_SPLINE_CURVE_WITH_KNOTS('',3,(#1741,#1742,#1743,#1744,#1745),
 .UNSPECIFIED.,.F.,.F.,(4,1,4),(0.,0.00168251675762249,0.00336503351524498),
 .UNSPECIFIED.);
#120=B_SPLINE_CURVE_WITH_KNOTS('',3,(#1749,#1750,#1751,#1752,#1753),
 .UNSPECIFIED.,.F.,.F.,(4,1,4),(0.,0.00168251675763679,0.00336503351527358),
 .UNSPECIFIED.);
#121=B_SPLINE_CURVE_WITH_KNOTS('',3,(#1755,#1756,#1757,#1758,#1759),
 .UNSPECIFIED.,.F.,.F.,(4,1,4),(0.,0.00168251675762249,0.00336503351524498),
 .UNSPECIFIED.);
#122=B_SPLINE_CURVE_WITH_KNOTS('',3,(#1763,#1764,#1765,#1766,#1767),
 .UNSPECIFIED.,.F.,.F.,(4,1,4),(0.00132581706453923,0.00300353739879385,
0.00468125773304846),.UNSPECIFIED.);
#123=B_SPLINE_CURVE_WITH_KNOTS('',3,(#1784,#1785,#1786,#1787,#1788,#1789,
#1790,#1791,#1792),.UNSPECIFIED.,.F.,.F.,(4,1,1,1,1,1,4),(0.00201590668916677,
0.0029465634754567,0.00341189186860167,0.00387722026174663,0.0043425486548916,
0.00480787704803656,0.00573853383432649),.UNSPECIFIED.);
#124=B_SPLINE_CURVE_WITH_KNOTS('',3,(#1811,#1812,#1813,#1814,#1815,#1816,
#1817,#1818,#1819),.UNSPECIFIED.,.F.,.F.,(4,1,1,1,1,1,4),(5.8184394216733E-18,
0.000924410307636719,0.00138661546145508,0.00184882061527343,0.00231102576909179,
0.00277323092291015,0.00369764123054686),.UNSPECIFIED.);
#125=B_SPLINE_CURVE_WITH_KNOTS('',3,(#1847,#1848,#1849,#1850,#1851,#1852,
#1853,#1854,#1855),.UNSPECIFIED.,.F.,.F.,(4,1,1,1,1,1,4),(1.64570318839533E-17,
0.00092441030763673,0.00138661546145509,0.00184882061527344,0.0023110257690918,
0.00277323092291016,0.00369764123054687),.UNSPECIFIED.);
#126=B_SPLINE_CURVE_WITH_KNOTS('',3,(#1874,#1875,#1876,#1877,#1878,#1879,
#1880,#1881,#1882),.UNSPECIFIED.,.F.,.F.,(4,1,1,1,1,1,4),(0.0020159066891668,
0.00294656347545672,0.00341189186860168,0.00387722026174664,0.0043425486548916,
0.00480787704803656,0.00573853383432648),.UNSPECIFIED.);
#127=B_SPLINE_CURVE_WITH_KNOTS('',3,(#1963,#1964,#1965,#1966,#1967,#1968),
 .UNSPECIFIED.,.F.,.F.,(4,1,1,4),(0.00387758406069265,0.00434282150410113,
0.00480805894750962,0.00573853383432659),.UNSPECIFIED.);
#128=B_SPLINE_CURVE_WITH_KNOTS('',3,(#2095,#2096,#2097,#2098,#2099),
 .UNSPECIFIED.,.F.,.F.,(4,1,4),(0.,0.00168251675762941,0.00336503351525882),
 .UNSPECIFIED.);
#129=B_SPLINE_CURVE_WITH_KNOTS('',3,(#2101,#2102,#2103,#2104,#2105),
 .UNSPECIFIED.,.F.,.F.,(4,1,4),(0.,0.00168251675762341,0.00336503351524681),
 .UNSPECIFIED.);
#130=B_SPLINE_CURVE_WITH_KNOTS('',3,(#2109,#2110,#2111,#2112,#2113),
 .UNSPECIFIED.,.F.,.F.,(4,1,4),(0.,0.00168251675762245,0.0033650335152449),
 .UNSPECIFIED.);
#131=B_SPLINE_CURVE_WITH_KNOTS('',3,(#2115,#2116,#2117,#2118,#2119),
 .UNSPECIFIED.,.F.,.F.,(4,1,4),(0.,0.00168251675762341,0.00336503351524683),
 .UNSPECIFIED.);
#132=B_SPLINE_CURVE_WITH_KNOTS('',3,(#2123,#2124,#2125,#2126,#2127),
 .UNSPECIFIED.,.F.,.F.,(4,1,4),(0.,0.00168251675762245,0.0033650335152449),
 .UNSPECIFIED.);
#133=B_SPLINE_CURVE_WITH_KNOTS('',3,(#2129,#2130,#2131,#2132,#2133),
 .UNSPECIFIED.,.F.,.F.,(4,1,4),(0.00132581706453957,0.00300353739879439,
0.0046812577330492),.UNSPECIFIED.);
#134=B_SPLINE_CURVE_WITH_KNOTS('',3,(#2137,#2138,#2139,#2140,#2141),
 .UNSPECIFIED.,.F.,.F.,(4,1,4),(0.,0.00168251675762872,0.00336503351525745),
 .UNSPECIFIED.);
#135=B_SPLINE_CURVE_WITH_KNOTS('',3,(#2143,#2144,#2145,#2146,#2147),
 .UNSPECIFIED.,.F.,.F.,(4,1,4),(0.,0.00168251675762341,0.00336503351524681),
 .UNSPECIFIED.);
#136=B_SPLINE_CURVE_WITH_KNOTS('',3,(#2151,#2152,#2153,#2154,#2155),
 .UNSPECIFIED.,.F.,.F.,(4,1,4),(0.,0.00168251675762245,0.0033650335152449),
 .UNSPECIFIED.);
#137=B_SPLINE_CURVE_WITH_KNOTS('',3,(#2245,#2246,#2247,#2248,#2249,#2250,
#2251,#2252,#2253),.UNSPECIFIED.,.F.,.F.,(4,1,1,1,1,1,4),(1.73472347597681E-18,
0.000924410307636718,0.00138661546145508,0.00184882061527343,0.00231102576909179,
0.00277323092291015,0.00369764123054687),.UNSPECIFIED.);
#138=B_SPLINE_CURVE_WITH_KNOTS('',3,(#2272,#2273,#2274,#2275,#2276,#2277,
#2278,#2279,#2280),.UNSPECIFIED.,.F.,.F.,(4,1,1,1,1,1,4),(2.02301782785592E-17,
0.000924410307636718,0.00138661546145507,0.00184882061527342,0.00231102576909177,
0.00277323092291011,0.00369764123054681),.UNSPECIFIED.);
#139=B_SPLINE_CURVE_WITH_KNOTS('',3,(#2299,#2300,#2301,#2302,#2303,#2304,
#2305,#2306,#2307),.UNSPECIFIED.,.F.,.F.,(4,1,1,1,1,1,4),(0.00201590668916677,
0.00294656347545672,0.00341189186860169,0.00387722026174666,0.00434254865489163,
0.0048078770480366,0.00573853383432654),.UNSPECIFIED.);
#140=B_SPLINE_CURVE_WITH_KNOTS('',3,(#2326,#2327,#2328,#2329,#2330,#2331,
#2332,#2333,#2334),.UNSPECIFIED.,.F.,.F.,(4,1,1,1,1,1,4),(8.67361737988404E-19,
0.000924410307636716,0.00138661546145507,0.00184882061527343,0.00231102576909179,
0.00277323092291015,0.00369764123054686),.UNSPECIFIED.);
#141=B_SPLINE_CURVE_WITH_KNOTS('',3,(#2352,#2353,#2354,#2355,#2356,#2357),
 .UNSPECIFIED.,.F.,.F.,(4,1,1,4),(3.70537096895902E-18,0.000924995475637418,
0.00138749321345612,0.00184999095127483),.UNSPECIFIED.);
#142=(
BOUNDED_CURVE()
B_SPLINE_CURVE(1,(#1283,#1284),.UNSPECIFIED.,.F.,.F.)
B_SPLINE_CURVE_WITH_KNOTS((2,2),(0.,1.),.PIECEWISE_BEZIER_KNOTS.)
CURVE()
GEOMETRIC_REPRESENTATION_ITEM()
RATIONAL_B_SPLINE_CURVE((1.,1.))
REPRESENTATION_ITEM('')
);
#143=(
BOUNDED_CURVE()
B_SPLINE_CURVE(1,(#1288,#1289),.UNSPECIFIED.,.F.,.F.)
B_SPLINE_CURVE_WITH_KNOTS((2,2),(0.,1.),.PIECEWISE_BEZIER_KNOTS.)
CURVE()
GEOMETRIC_REPRESENTATION_ITEM()
RATIONAL_B_SPLINE_CURVE((1.,1.))
REPRESENTATION_ITEM('')
);
#144=(
BOUNDED_CURVE()
B_SPLINE_CURVE(1,(#1356,#1357),.UNSPECIFIED.,.F.,.F.)
B_SPLINE_CURVE_WITH_KNOTS((2,2),(0.,1.),.PIECEWISE_BEZIER_KNOTS.)
CURVE()
GEOMETRIC_REPRESENTATION_ITEM()
RATIONAL_B_SPLINE_CURVE((1.,1.))
REPRESENTATION_ITEM('')
);
#145=(
BOUNDED_CURVE()
B_SPLINE_CURVE(1,(#1361,#1362),.UNSPECIFIED.,.F.,.F.)
B_SPLINE_CURVE_WITH_KNOTS((2,2),(0.,1.),.PIECEWISE_BEZIER_KNOTS.)
CURVE()
GEOMETRIC_REPRESENTATION_ITEM()
RATIONAL_B_SPLINE_CURVE((1.,1.))
REPRESENTATION_ITEM('')
);
#146=(
BOUNDED_CURVE()
B_SPLINE_CURVE(1,(#1374,#1375),.UNSPECIFIED.,.F.,.F.)
B_SPLINE_CURVE_WITH_KNOTS((2,2),(0.,1.),.PIECEWISE_BEZIER_KNOTS.)
CURVE()
GEOMETRIC_REPRESENTATION_ITEM()
RATIONAL_B_SPLINE_CURVE((1.,1.))
REPRESENTATION_ITEM('')
);
#147=(
BOUNDED_CURVE()
B_SPLINE_CURVE(3,(#1396,#1397,#1398,#1399),.UNSPECIFIED.,.F.,.F.)
B_SPLINE_CURVE_WITH_KNOTS((4,4),(0.,1.),.PIECEWISE_BEZIER_KNOTS.)
CURVE()
GEOMETRIC_REPRESENTATION_ITEM()
RATIONAL_B_SPLINE_CURVE((1.,0.884958369139404,0.884958369139404,1.))
REPRESENTATION_ITEM('')
);
#148=(
BOUNDED_CURVE()
B_SPLINE_CURVE(3,(#1464,#1465,#1466,#1467),.UNSPECIFIED.,.F.,.F.)
B_SPLINE_CURVE_WITH_KNOTS((4,4),(0.,1.),.PIECEWISE_BEZIER_KNOTS.)
CURVE()
GEOMETRIC_REPRESENTATION_ITEM()
RATIONAL_B_SPLINE_CURVE((1.,0.884958369139404,0.884958369139404,1.))
REPRESENTATION_ITEM('')
);
#149=(
BOUNDED_CURVE()
B_SPLINE_CURVE(1,(#1479,#1480),.UNSPECIFIED.,.F.,.F.)
B_SPLINE_CURVE_WITH_KNOTS((2,2),(0.,1.),.PIECEWISE_BEZIER_KNOTS.)
CURVE()
GEOMETRIC_REPRESENTATION_ITEM()
RATIONAL_B_SPLINE_CURVE((1.,1.))
REPRESENTATION_ITEM('')
);
#150=(
BOUNDED_CURVE()
B_SPLINE_CURVE(1,(#1484,#1485),.UNSPECIFIED.,.F.,.F.)
B_SPLINE_CURVE_WITH_KNOTS((2,2),(0.,1.),.PIECEWISE_BEZIER_KNOTS.)
CURVE()
GEOMETRIC_REPRESENTATION_ITEM()
RATIONAL_B_SPLINE_CURVE((1.,1.))
REPRESENTATION_ITEM('')
);
#151=(
BOUNDED_CURVE()
B_SPLINE_CURVE(1,(#1550,#1551),.UNSPECIFIED.,.F.,.F.)
B_SPLINE_CURVE_WITH_KNOTS((2,2),(0.,1.),.PIECEWISE_BEZIER_KNOTS.)
CURVE()
GEOMETRIC_REPRESENTATION_ITEM()
RATIONAL_B_SPLINE_CURVE((1.,1.))
REPRESENTATION_ITEM('')
);
#152=(
BOUNDED_CURVE()
B_SPLINE_CURVE(1,(#1552,#1553),.UNSPECIFIED.,.F.,.F.)
B_SPLINE_CURVE_WITH_KNOTS((2,2),(0.,1.),.PIECEWISE_BEZIER_KNOTS.)
CURVE()
GEOMETRIC_REPRESENTATION_ITEM()
RATIONAL_B_SPLINE_CURVE((1.,1.))
REPRESENTATION_ITEM('')
);
#153=(
BOUNDED_CURVE()
B_SPLINE_CURVE(1,(#1565,#1566),.UNSPECIFIED.,.F.,.F.)
B_SPLINE_CURVE_WITH_KNOTS((2,2),(0.,1.),.PIECEWISE_BEZIER_KNOTS.)
CURVE()
GEOMETRIC_REPRESENTATION_ITEM()
RATIONAL_B_SPLINE_CURVE((1.,1.))
REPRESENTATION_ITEM('')
);
#154=(
BOUNDED_CURVE()
B_SPLINE_CURVE(1,(#1570,#1571),.UNSPECIFIED.,.F.,.F.)
B_SPLINE_CURVE_WITH_KNOTS((2,2),(0.,1.),.PIECEWISE_BEZIER_KNOTS.)
CURVE()
GEOMETRIC_REPRESENTATION_ITEM()
RATIONAL_B_SPLINE_CURVE((1.,1.))
REPRESENTATION_ITEM('')
);
#155=(
BOUNDED_CURVE()
B_SPLINE_CURVE(1,(#1580,#1581),.UNSPECIFIED.,.F.,.F.)
B_SPLINE_CURVE_WITH_KNOTS((2,2),(0.,1.),.PIECEWISE_BEZIER_KNOTS.)
CURVE()
GEOMETRIC_REPRESENTATION_ITEM()
RATIONAL_B_SPLINE_CURVE((1.,1.))
REPRESENTATION_ITEM('')
);
#156=(
BOUNDED_CURVE()
B_SPLINE_CURVE(1,(#1583,#1584),.UNSPECIFIED.,.F.,.F.)
B_SPLINE_CURVE_WITH_KNOTS((2,2),(0.,1.),.PIECEWISE_BEZIER_KNOTS.)
CURVE()
GEOMETRIC_REPRESENTATION_ITEM()
RATIONAL_B_SPLINE_CURVE((1.,1.))
REPRESENTATION_ITEM('')
);
#157=(
BOUNDED_CURVE()
B_SPLINE_CURVE(1,(#1596,#1597),.UNSPECIFIED.,.F.,.F.)
B_SPLINE_CURVE_WITH_KNOTS((2,2),(0.,1.),.PIECEWISE_BEZIER_KNOTS.)
CURVE()
GEOMETRIC_REPRESENTATION_ITEM()
RATIONAL_B_SPLINE_CURVE((1.,1.))
REPRESENTATION_ITEM('')
);
#158=(
BOUNDED_CURVE()
B_SPLINE_CURVE(3,(#1618,#1619,#1620,#1621),.UNSPECIFIED.,.F.,.F.)
B_SPLINE_CURVE_WITH_KNOTS((4,4),(0.,1.),.PIECEWISE_BEZIER_KNOTS.)
CURVE()
GEOMETRIC_REPRESENTATION_ITEM()
RATIONAL_B_SPLINE_CURVE((1.,0.884958369139406,0.884958369139406,1.))
REPRESENTATION_ITEM('')
);
#159=(
BOUNDED_CURVE()
B_SPLINE_CURVE(3,(#1686,#1687,#1688,#1689),.UNSPECIFIED.,.F.,.F.)
B_SPLINE_CURVE_WITH_KNOTS((4,4),(0.,1.),.PIECEWISE_BEZIER_KNOTS.)
CURVE()
GEOMETRIC_REPRESENTATION_ITEM()
RATIONAL_B_SPLINE_CURVE((1.,0.884958369139406,0.884958369139406,1.))
REPRESENTATION_ITEM('')
);
#160=ORIENTED_EDGE('',*,*,#492,.F.);
#161=ORIENTED_EDGE('',*,*,#493,.T.);
#162=ORIENTED_EDGE('',*,*,#494,.T.);
#163=ORIENTED_EDGE('',*,*,#495,.F.);
#164=ORIENTED_EDGE('',*,*,#496,.T.);
#165=ORIENTED_EDGE('',*,*,#497,.F.);
#166=ORIENTED_EDGE('',*,*,#498,.T.);
#167=ORIENTED_EDGE('',*,*,#499,.F.);
#168=ORIENTED_EDGE('',*,*,#500,.T.);
#169=ORIENTED_EDGE('',*,*,#501,.F.);
#170=ORIENTED_EDGE('',*,*,#502,.T.);
#171=ORIENTED_EDGE('',*,*,#503,.F.);
#172=ORIENTED_EDGE('',*,*,#504,.T.);
#173=ORIENTED_EDGE('',*,*,#505,.T.);
#174=ORIENTED_EDGE('',*,*,#506,.T.);
#175=ORIENTED_EDGE('',*,*,#507,.T.);
#176=ORIENTED_EDGE('',*,*,#508,.F.);
#177=ORIENTED_EDGE('',*,*,#509,.T.);
#178=ORIENTED_EDGE('',*,*,#510,.T.);
#179=ORIENTED_EDGE('',*,*,#492,.T.);
#180=ORIENTED_EDGE('',*,*,#511,.T.);
#181=ORIENTED_EDGE('',*,*,#512,.T.);
#182=ORIENTED_EDGE('',*,*,#513,.T.);
#183=ORIENTED_EDGE('',*,*,#514,.F.);
#184=ORIENTED_EDGE('',*,*,#515,.F.);
#185=ORIENTED_EDGE('',*,*,#516,.F.);
#186=ORIENTED_EDGE('',*,*,#517,.F.);
#187=ORIENTED_EDGE('',*,*,#518,.F.);
#188=ORIENTED_EDGE('',*,*,#519,.F.);
#189=ORIENTED_EDGE('',*,*,#520,.F.);
#190=ORIENTED_EDGE('',*,*,#521,.F.);
#191=ORIENTED_EDGE('',*,*,#522,.F.);
#192=ORIENTED_EDGE('',*,*,#523,.F.);
#193=ORIENTED_EDGE('',*,*,#524,.F.);
#194=ORIENTED_EDGE('',*,*,#525,.F.);
#195=ORIENTED_EDGE('',*,*,#526,.F.);
#196=ORIENTED_EDGE('',*,*,#527,.F.);
#197=ORIENTED_EDGE('',*,*,#528,.F.);
#198=ORIENTED_EDGE('',*,*,#529,.T.);
#199=ORIENTED_EDGE('',*,*,#530,.T.);
#200=ORIENTED_EDGE('',*,*,#531,.F.);
#201=ORIENTED_EDGE('',*,*,#532,.F.);
#202=ORIENTED_EDGE('',*,*,#533,.F.);
#203=ORIENTED_EDGE('',*,*,#534,.T.);
#204=ORIENTED_EDGE('',*,*,#535,.F.);
#205=ORIENTED_EDGE('',*,*,#536,.T.);
#206=ORIENTED_EDGE('',*,*,#537,.F.);
#207=ORIENTED_EDGE('',*,*,#538,.T.);
#208=ORIENTED_EDGE('',*,*,#539,.F.);
#209=ORIENTED_EDGE('',*,*,#540,.T.);
#210=ORIENTED_EDGE('',*,*,#541,.F.);
#211=ORIENTED_EDGE('',*,*,#542,.T.);
#212=ORIENTED_EDGE('',*,*,#543,.T.);
#213=ORIENTED_EDGE('',*,*,#494,.F.);
#214=ORIENTED_EDGE('',*,*,#544,.F.);
#215=ORIENTED_EDGE('',*,*,#545,.F.);
#216=ORIENTED_EDGE('',*,*,#546,.T.);
#217=ORIENTED_EDGE('',*,*,#547,.F.);
#218=ORIENTED_EDGE('',*,*,#548,.F.);
#219=ORIENTED_EDGE('',*,*,#505,.F.);
#220=ORIENTED_EDGE('',*,*,#549,.T.);
#221=ORIENTED_EDGE('',*,*,#550,.T.);
#222=ORIENTED_EDGE('',*,*,#551,.F.);
#223=ORIENTED_EDGE('',*,*,#552,.F.);
#224=ORIENTED_EDGE('',*,*,#553,.T.);
#225=ORIENTED_EDGE('',*,*,#529,.F.);
#226=ORIENTED_EDGE('',*,*,#554,.F.);
#227=ORIENTED_EDGE('',*,*,#555,.F.);
#228=ORIENTED_EDGE('',*,*,#556,.T.);
#229=ORIENTED_EDGE('',*,*,#557,.T.);
#230=ORIENTED_EDGE('',*,*,#558,.T.);
#231=ORIENTED_EDGE('',*,*,#559,.T.);
#232=ORIENTED_EDGE('',*,*,#560,.T.);
#233=ORIENTED_EDGE('',*,*,#561,.T.);
#234=ORIENTED_EDGE('',*,*,#562,.T.);
#235=ORIENTED_EDGE('',*,*,#563,.T.);
#236=ORIENTED_EDGE('',*,*,#564,.T.);
#237=ORIENTED_EDGE('',*,*,#565,.T.);
#238=ORIENTED_EDGE('',*,*,#566,.T.);
#239=ORIENTED_EDGE('',*,*,#567,.T.);
#240=ORIENTED_EDGE('',*,*,#568,.T.);
#241=ORIENTED_EDGE('',*,*,#569,.T.);
#242=ORIENTED_EDGE('',*,*,#570,.T.);
#243=ORIENTED_EDGE('',*,*,#571,.F.);
#244=ORIENTED_EDGE('',*,*,#556,.F.);
#245=ORIENTED_EDGE('',*,*,#572,.F.);
#246=ORIENTED_EDGE('',*,*,#571,.T.);
#247=ORIENTED_EDGE('',*,*,#552,.T.);
#248=ORIENTED_EDGE('',*,*,#573,.T.);
#249=ORIENTED_EDGE('',*,*,#574,.T.);
#250=ORIENTED_EDGE('',*,*,#575,.T.);
#251=ORIENTED_EDGE('',*,*,#576,.T.);
#252=ORIENTED_EDGE('',*,*,#577,.T.);
#253=ORIENTED_EDGE('',*,*,#578,.T.);
#254=ORIENTED_EDGE('',*,*,#579,.T.);
#255=ORIENTED_EDGE('',*,*,#580,.T.);
#256=ORIENTED_EDGE('',*,*,#581,.T.);
#257=ORIENTED_EDGE('',*,*,#582,.T.);
#258=ORIENTED_EDGE('',*,*,#583,.T.);
#259=ORIENTED_EDGE('',*,*,#584,.T.);
#260=ORIENTED_EDGE('',*,*,#585,.T.);
#261=ORIENTED_EDGE('',*,*,#586,.T.);
#262=ORIENTED_EDGE('',*,*,#587,.T.);
#263=ORIENTED_EDGE('',*,*,#588,.T.);
#264=ORIENTED_EDGE('',*,*,#563,.F.);
#265=ORIENTED_EDGE('',*,*,#562,.F.);
#266=ORIENTED_EDGE('',*,*,#589,.T.);
#267=ORIENTED_EDGE('',*,*,#590,.T.);
#268=ORIENTED_EDGE('',*,*,#591,.T.);
#269=ORIENTED_EDGE('',*,*,#560,.F.);
#270=ORIENTED_EDGE('',*,*,#559,.F.);
#271=ORIENTED_EDGE('',*,*,#592,.F.);
#272=ORIENTED_EDGE('',*,*,#586,.F.);
#273=ORIENTED_EDGE('',*,*,#561,.F.);
#274=ORIENTED_EDGE('',*,*,#591,.F.);
#275=ORIENTED_EDGE('',*,*,#593,.T.);
#276=ORIENTED_EDGE('',*,*,#594,.T.);
#277=ORIENTED_EDGE('',*,*,#595,.T.);
#278=ORIENTED_EDGE('',*,*,#566,.F.);
#279=ORIENTED_EDGE('',*,*,#565,.F.);
#280=ORIENTED_EDGE('',*,*,#596,.T.);
#281=ORIENTED_EDGE('',*,*,#597,.T.);
#282=ORIENTED_EDGE('',*,*,#598,.T.);
#283=ORIENTED_EDGE('',*,*,#569,.F.);
#284=ORIENTED_EDGE('',*,*,#568,.F.);
#285=ORIENTED_EDGE('',*,*,#554,.T.);
#286=ORIENTED_EDGE('',*,*,#541,.T.);
#287=ORIENTED_EDGE('',*,*,#599,.T.);
#288=ORIENTED_EDGE('',*,*,#574,.F.);
#289=ORIENTED_EDGE('',*,*,#573,.F.);
#290=ORIENTED_EDGE('',*,*,#600,.T.);
#291=ORIENTED_EDGE('',*,*,#539,.T.);
#292=ORIENTED_EDGE('',*,*,#601,.T.);
#293=ORIENTED_EDGE('',*,*,#577,.F.);
#294=ORIENTED_EDGE('',*,*,#576,.F.);
#295=ORIENTED_EDGE('',*,*,#602,.T.);
#296=ORIENTED_EDGE('',*,*,#537,.T.);
#297=ORIENTED_EDGE('',*,*,#603,.T.);
#298=ORIENTED_EDGE('',*,*,#580,.F.);
#299=ORIENTED_EDGE('',*,*,#579,.F.);
#300=ORIENTED_EDGE('',*,*,#604,.T.);
#301=ORIENTED_EDGE('',*,*,#535,.T.);
#302=ORIENTED_EDGE('',*,*,#605,.T.);
#303=ORIENTED_EDGE('',*,*,#583,.F.);
#304=ORIENTED_EDGE('',*,*,#582,.F.);
#305=ORIENTED_EDGE('',*,*,#606,.T.);
#306=ORIENTED_EDGE('',*,*,#533,.T.);
#307=ORIENTED_EDGE('',*,*,#607,.T.);
#308=ORIENTED_EDGE('',*,*,#608,.T.);
#309=ORIENTED_EDGE('',*,*,#557,.F.);
#310=ORIENTED_EDGE('',*,*,#585,.F.);
#311=ORIENTED_EDGE('',*,*,#609,.F.);
#312=ORIENTED_EDGE('',*,*,#593,.F.);
#313=ORIENTED_EDGE('',*,*,#564,.F.);
#314=ORIENTED_EDGE('',*,*,#588,.F.);
#315=ORIENTED_EDGE('',*,*,#610,.F.);
#316=ORIENTED_EDGE('',*,*,#596,.F.);
#317=ORIENTED_EDGE('',*,*,#567,.F.);
#318=ORIENTED_EDGE('',*,*,#595,.F.);
#319=ORIENTED_EDGE('',*,*,#553,.F.);
#320=ORIENTED_EDGE('',*,*,#570,.F.);
#321=ORIENTED_EDGE('',*,*,#598,.F.);
#322=ORIENTED_EDGE('',*,*,#611,.F.);
#323=ORIENTED_EDGE('',*,*,#540,.F.);
#324=ORIENTED_EDGE('',*,*,#600,.F.);
#325=ORIENTED_EDGE('',*,*,#575,.F.);
#326=ORIENTED_EDGE('',*,*,#599,.F.);
#327=ORIENTED_EDGE('',*,*,#538,.F.);
#328=ORIENTED_EDGE('',*,*,#602,.F.);
#329=ORIENTED_EDGE('',*,*,#578,.F.);
#330=ORIENTED_EDGE('',*,*,#601,.F.);
#331=ORIENTED_EDGE('',*,*,#536,.F.);
#332=ORIENTED_EDGE('',*,*,#604,.F.);
#333=ORIENTED_EDGE('',*,*,#581,.F.);
#334=ORIENTED_EDGE('',*,*,#603,.F.);
#335=ORIENTED_EDGE('',*,*,#534,.F.);
#336=ORIENTED_EDGE('',*,*,#606,.F.);
#337=ORIENTED_EDGE('',*,*,#584,.F.);
#338=ORIENTED_EDGE('',*,*,#605,.F.);
#339=ORIENTED_EDGE('',*,*,#612,.F.);
#340=ORIENTED_EDGE('',*,*,#589,.F.);
#341=ORIENTED_EDGE('',*,*,#558,.F.);
#342=ORIENTED_EDGE('',*,*,#608,.F.);
#343=ORIENTED_EDGE('',*,*,#547,.T.);
#344=ORIENTED_EDGE('',*,*,#613,.T.);
#345=ORIENTED_EDGE('',*,*,#572,.T.);
#346=ORIENTED_EDGE('',*,*,#555,.T.);
#347=ORIENTED_EDGE('',*,*,#549,.F.);
#348=ORIENTED_EDGE('',*,*,#614,.F.);
#349=ORIENTED_EDGE('',*,*,#551,.T.);
#350=ORIENTED_EDGE('',*,*,#545,.T.);
#351=ORIENTED_EDGE('',*,*,#546,.F.);
#352=ORIENTED_EDGE('',*,*,#550,.F.);
#353=ORIENTED_EDGE('',*,*,#548,.T.);
#354=ORIENTED_EDGE('',*,*,#613,.F.);
#355=ORIENTED_EDGE('',*,*,#543,.F.);
#356=ORIENTED_EDGE('',*,*,#531,.T.);
#357=ORIENTED_EDGE('',*,*,#544,.T.);
#358=ORIENTED_EDGE('',*,*,#615,.F.);
#359=ORIENTED_EDGE('',*,*,#530,.F.);
#360=ORIENTED_EDGE('',*,*,#611,.T.);
#361=ORIENTED_EDGE('',*,*,#597,.F.);
#362=ORIENTED_EDGE('',*,*,#610,.T.);
#363=ORIENTED_EDGE('',*,*,#594,.F.);
#364=ORIENTED_EDGE('',*,*,#609,.T.);
#365=ORIENTED_EDGE('',*,*,#587,.F.);
#366=ORIENTED_EDGE('',*,*,#592,.T.);
#367=ORIENTED_EDGE('',*,*,#590,.F.);
#368=ORIENTED_EDGE('',*,*,#612,.T.);
#369=ORIENTED_EDGE('',*,*,#607,.F.);
#370=ORIENTED_EDGE('',*,*,#532,.T.);
#371=ORIENTED_EDGE('',*,*,#542,.F.);
#372=ORIENTED_EDGE('',*,*,#513,.F.);
#373=ORIENTED_EDGE('',*,*,#616,.T.);
#374=ORIENTED_EDGE('',*,*,#528,.T.);
#375=ORIENTED_EDGE('',*,*,#509,.F.);
#376=ORIENTED_EDGE('',*,*,#617,.F.);
#377=ORIENTED_EDGE('',*,*,#618,.F.);
#378=ORIENTED_EDGE('',*,*,#619,.F.);
#379=ORIENTED_EDGE('',*,*,#620,.F.);
#380=ORIENTED_EDGE('',*,*,#621,.F.);
#381=ORIENTED_EDGE('',*,*,#622,.F.);
#382=ORIENTED_EDGE('',*,*,#623,.F.);
#383=ORIENTED_EDGE('',*,*,#624,.F.);
#384=ORIENTED_EDGE('',*,*,#625,.F.);
#385=ORIENTED_EDGE('',*,*,#626,.F.);
#386=ORIENTED_EDGE('',*,*,#627,.F.);
#387=ORIENTED_EDGE('',*,*,#628,.F.);
#388=ORIENTED_EDGE('',*,*,#629,.F.);
#389=ORIENTED_EDGE('',*,*,#630,.F.);
#390=ORIENTED_EDGE('',*,*,#624,.T.);
#391=ORIENTED_EDGE('',*,*,#623,.T.);
#392=ORIENTED_EDGE('',*,*,#631,.F.);
#393=ORIENTED_EDGE('',*,*,#500,.F.);
#394=ORIENTED_EDGE('',*,*,#632,.F.);
#395=ORIENTED_EDGE('',*,*,#627,.T.);
#396=ORIENTED_EDGE('',*,*,#626,.T.);
#397=ORIENTED_EDGE('',*,*,#633,.F.);
#398=ORIENTED_EDGE('',*,*,#498,.F.);
#399=ORIENTED_EDGE('',*,*,#499,.T.);
#400=ORIENTED_EDGE('',*,*,#633,.T.);
#401=ORIENTED_EDGE('',*,*,#625,.T.);
#402=ORIENTED_EDGE('',*,*,#630,.T.);
#403=ORIENTED_EDGE('',*,*,#634,.F.);
#404=ORIENTED_EDGE('',*,*,#621,.T.);
#405=ORIENTED_EDGE('',*,*,#620,.T.);
#406=ORIENTED_EDGE('',*,*,#635,.F.);
#407=ORIENTED_EDGE('',*,*,#502,.F.);
#408=ORIENTED_EDGE('',*,*,#636,.F.);
#409=ORIENTED_EDGE('',*,*,#618,.T.);
#410=ORIENTED_EDGE('',*,*,#617,.T.);
#411=ORIENTED_EDGE('',*,*,#511,.F.);
#412=ORIENTED_EDGE('',*,*,#504,.F.);
#413=ORIENTED_EDGE('',*,*,#637,.F.);
#414=ORIENTED_EDGE('',*,*,#526,.T.);
#415=ORIENTED_EDGE('',*,*,#525,.T.);
#416=ORIENTED_EDGE('',*,*,#638,.F.);
#417=ORIENTED_EDGE('',*,*,#639,.F.);
#418=ORIENTED_EDGE('',*,*,#640,.F.);
#419=ORIENTED_EDGE('',*,*,#523,.T.);
#420=ORIENTED_EDGE('',*,*,#522,.T.);
#421=ORIENTED_EDGE('',*,*,#641,.F.);
#422=ORIENTED_EDGE('',*,*,#642,.F.);
#423=ORIENTED_EDGE('',*,*,#643,.F.);
#424=ORIENTED_EDGE('',*,*,#520,.T.);
#425=ORIENTED_EDGE('',*,*,#519,.T.);
#426=ORIENTED_EDGE('',*,*,#644,.F.);
#427=ORIENTED_EDGE('',*,*,#645,.F.);
#428=ORIENTED_EDGE('',*,*,#646,.F.);
#429=ORIENTED_EDGE('',*,*,#517,.T.);
#430=ORIENTED_EDGE('',*,*,#516,.T.);
#431=ORIENTED_EDGE('',*,*,#647,.F.);
#432=ORIENTED_EDGE('',*,*,#648,.F.);
#433=ORIENTED_EDGE('',*,*,#649,.F.);
#434=ORIENTED_EDGE('',*,*,#514,.T.);
#435=ORIENTED_EDGE('',*,*,#629,.T.);
#436=ORIENTED_EDGE('',*,*,#650,.F.);
#437=ORIENTED_EDGE('',*,*,#496,.F.);
#438=ORIENTED_EDGE('',*,*,#651,.F.);
#439=ORIENTED_EDGE('',*,*,#501,.T.);
#440=ORIENTED_EDGE('',*,*,#631,.T.);
#441=ORIENTED_EDGE('',*,*,#622,.T.);
#442=ORIENTED_EDGE('',*,*,#634,.T.);
#443=ORIENTED_EDGE('',*,*,#503,.T.);
#444=ORIENTED_EDGE('',*,*,#635,.T.);
#445=ORIENTED_EDGE('',*,*,#619,.T.);
#446=ORIENTED_EDGE('',*,*,#636,.T.);
#447=ORIENTED_EDGE('',*,*,#510,.F.);
#448=ORIENTED_EDGE('',*,*,#527,.T.);
#449=ORIENTED_EDGE('',*,*,#637,.T.);
#450=ORIENTED_EDGE('',*,*,#652,.T.);
#451=ORIENTED_EDGE('',*,*,#653,.T.);
#452=ORIENTED_EDGE('',*,*,#638,.T.);
#453=ORIENTED_EDGE('',*,*,#524,.T.);
#454=ORIENTED_EDGE('',*,*,#640,.T.);
#455=ORIENTED_EDGE('',*,*,#654,.T.);
#456=ORIENTED_EDGE('',*,*,#641,.T.);
#457=ORIENTED_EDGE('',*,*,#521,.T.);
#458=ORIENTED_EDGE('',*,*,#643,.T.);
#459=ORIENTED_EDGE('',*,*,#655,.T.);
#460=ORIENTED_EDGE('',*,*,#644,.T.);
#461=ORIENTED_EDGE('',*,*,#518,.T.);
#462=ORIENTED_EDGE('',*,*,#646,.T.);
#463=ORIENTED_EDGE('',*,*,#656,.T.);
#464=ORIENTED_EDGE('',*,*,#647,.T.);
#465=ORIENTED_EDGE('',*,*,#515,.T.);
#466=ORIENTED_EDGE('',*,*,#649,.T.);
#467=ORIENTED_EDGE('',*,*,#497,.T.);
#468=ORIENTED_EDGE('',*,*,#650,.T.);
#469=ORIENTED_EDGE('',*,*,#628,.T.);
#470=ORIENTED_EDGE('',*,*,#632,.T.);
#471=ORIENTED_EDGE('',*,*,#657,.F.);
#472=ORIENTED_EDGE('',*,*,#507,.F.);
#473=ORIENTED_EDGE('',*,*,#512,.F.);
#474=ORIENTED_EDGE('',*,*,#616,.F.);
#475=ORIENTED_EDGE('',*,*,#506,.F.);
#476=ORIENTED_EDGE('',*,*,#614,.T.);
#477=ORIENTED_EDGE('',*,*,#508,.T.);
#478=ORIENTED_EDGE('',*,*,#657,.T.);
#479=ORIENTED_EDGE('',*,*,#493,.F.);
#480=ORIENTED_EDGE('',*,*,#652,.F.);
#481=ORIENTED_EDGE('',*,*,#639,.T.);
#482=ORIENTED_EDGE('',*,*,#653,.F.);
#483=ORIENTED_EDGE('',*,*,#642,.T.);
#484=ORIENTED_EDGE('',*,*,#654,.F.);
#485=ORIENTED_EDGE('',*,*,#645,.T.);
#486=ORIENTED_EDGE('',*,*,#655,.F.);
#487=ORIENTED_EDGE('',*,*,#648,.T.);
#488=ORIENTED_EDGE('',*,*,#656,.F.);
#489=ORIENTED_EDGE('',*,*,#651,.T.);
#490=ORIENTED_EDGE('',*,*,#495,.T.);
#491=ORIENTED_EDGE('',*,*,#615,.T.);
#492=EDGE_CURVE('',#658,#659,#770,.F.);
#493=EDGE_CURVE('',#658,#660,#142,.T.);
#494=EDGE_CURVE('',#660,#661,#771,.F.);
#495=EDGE_CURVE('',#662,#661,#143,.T.);
#496=EDGE_CURVE('',#662,#663,#86,.T.);
#497=EDGE_CURVE('',#664,#663,#772,.F.);
#498=EDGE_CURVE('',#664,#665,#87,.T.);
#499=EDGE_CURVE('',#666,#665,#773,.F.);
#500=EDGE_CURVE('',#666,#667,#88,.T.);
#501=EDGE_CURVE('',#668,#667,#774,.F.);
#502=EDGE_CURVE('',#668,#669,#89,.T.);
#503=EDGE_CURVE('',#670,#669,#775,.F.);
#504=EDGE_CURVE('',#670,#659,#90,.T.);
#505=EDGE_CURVE('',#671,#672,#776,.F.);
#506=EDGE_CURVE('',#672,#673,#144,.T.);
#507=EDGE_CURVE('',#673,#674,#777,.T.);
#508=EDGE_CURVE('',#671,#674,#145,.T.);
#509=EDGE_CURVE('',#675,#676,#778,.T.);
#510=EDGE_CURVE('',#676,#658,#146,.T.);
#511=EDGE_CURVE('',#659,#675,#14,.T.);
#512=EDGE_CURVE('',#677,#678,#779,.T.);
#513=EDGE_CURVE('',#678,#679,#147,.T.);
#514=EDGE_CURVE('',#680,#679,#91,.T.);
#515=EDGE_CURVE('',#681,#680,#780,.T.);
#516=EDGE_CURVE('',#682,#681,#92,.F.);
#517=EDGE_CURVE('',#683,#682,#93,.T.);
#518=EDGE_CURVE('',#684,#683,#781,.T.);
#519=EDGE_CURVE('',#685,#684,#94,.F.);
#520=EDGE_CURVE('',#686,#685,#95,.T.);
#521=EDGE_CURVE('',#687,#686,#782,.T.);
#522=EDGE_CURVE('',#688,#687,#96,.F.);
#523=EDGE_CURVE('',#689,#688,#97,.T.);
#524=EDGE_CURVE('',#690,#689,#783,.T.);
#525=EDGE_CURVE('',#691,#690,#98,.F.);
#526=EDGE_CURVE('',#692,#691,#99,.T.);
#527=EDGE_CURVE('',#676,#692,#784,.T.);
#528=EDGE_CURVE('',#677,#676,#148,.T.);
#529=EDGE_CURVE('',#693,#694,#785,.F.);
#530=EDGE_CURVE('',#694,#695,#149,.T.);
#531=EDGE_CURVE('',#696,#695,#786,.F.);
#532=EDGE_CURVE('',#697,#696,#150,.T.);
#533=EDGE_CURVE('',#698,#697,#100,.T.);
#534=EDGE_CURVE('',#698,#699,#787,.F.);
#535=EDGE_CURVE('',#700,#699,#101,.T.);
#536=EDGE_CURVE('',#700,#701,#788,.F.);
#537=EDGE_CURVE('',#702,#701,#102,.T.);
#538=EDGE_CURVE('',#702,#703,#789,.F.);
#539=EDGE_CURVE('',#704,#703,#103,.T.);
#540=EDGE_CURVE('',#704,#705,#790,.F.);
#541=EDGE_CURVE('',#693,#705,#104,.T.);
#542=EDGE_CURVE('',#695,#696,#791,.F.);
#543=EDGE_CURVE('',#696,#661,#151,.T.);
#544=EDGE_CURVE('',#695,#660,#152,.T.);
#545=EDGE_CURVE('',#706,#707,#792,.F.);
#546=EDGE_CURVE('',#706,#708,#153,.T.);
#547=EDGE_CURVE('',#709,#708,#793,.T.);
#548=EDGE_CURVE('',#707,#709,#154,.T.);
#549=EDGE_CURVE('',#671,#707,#155,.T.);
#550=EDGE_CURVE('',#707,#706,#794,.F.);
#551=EDGE_CURVE('',#672,#706,#156,.T.);
#552=EDGE_CURVE('',#710,#711,#795,.T.);
#553=EDGE_CURVE('',#710,#694,#157,.T.);
#554=EDGE_CURVE('',#711,#693,#15,.F.);
#555=EDGE_CURVE('',#712,#713,#796,.T.);
#556=EDGE_CURVE('',#712,#714,#158,.T.);
#557=EDGE_CURVE('',#714,#715,#105,.F.);
#558=EDGE_CURVE('',#715,#716,#797,.T.);
#559=EDGE_CURVE('',#716,#717,#106,.T.);
#560=EDGE_CURVE('',#717,#718,#107,.F.);
#561=EDGE_CURVE('',#718,#719,#798,.T.);
#562=EDGE_CURVE('',#719,#720,#108,.T.);
#563=EDGE_CURVE('',#720,#721,#109,.F.);
#564=EDGE_CURVE('',#721,#722,#799,.T.);
#565=EDGE_CURVE('',#722,#723,#110,.T.);
#566=EDGE_CURVE('',#723,#724,#111,.F.);
#567=EDGE_CURVE('',#724,#725,#800,.T.);
#568=EDGE_CURVE('',#725,#726,#112,.T.);
#569=EDGE_CURVE('',#726,#727,#113,.F.);
#570=EDGE_CURVE('',#727,#710,#801,.T.);
#571=EDGE_CURVE('',#713,#710,#159,.T.);
#572=EDGE_CURVE('',#713,#712,#802,.T.);
#573=EDGE_CURVE('',#711,#728,#114,.T.);
#574=EDGE_CURVE('',#728,#729,#115,.F.);
#575=EDGE_CURVE('',#729,#730,#803,.T.);
#576=EDGE_CURVE('',#730,#731,#116,.T.);
#577=EDGE_CURVE('',#731,#732,#117,.F.);
#578=EDGE_CURVE('',#732,#733,#804,.T.);
#579=EDGE_CURVE('',#733,#734,#118,.T.);
#580=EDGE_CURVE('',#734,#735,#119,.F.);
#581=EDGE_CURVE('',#735,#736,#805,.T.);
#582=EDGE_CURVE('',#736,#737,#120,.T.);
#583=EDGE_CURVE('',#737,#738,#121,.F.);
#584=EDGE_CURVE('',#738,#739,#806,.T.);
#585=EDGE_CURVE('',#739,#714,#122,.T.);
#586=EDGE_CURVE('',#719,#740,#16,.F.);
#587=EDGE_CURVE('',#740,#741,#123,.T.);
#588=EDGE_CURVE('',#741,#721,#17,.T.);
#589=EDGE_CURVE('',#716,#742,#18,.F.);
#590=EDGE_CURVE('',#742,#743,#124,.T.);
#591=EDGE_CURVE('',#743,#718,#19,.T.);
#592=EDGE_CURVE('',#740,#743,#807,.F.);
#593=EDGE_CURVE('',#722,#744,#20,.F.);
#594=EDGE_CURVE('',#744,#745,#125,.T.);
#595=EDGE_CURVE('',#745,#724,#21,.T.);
#596=EDGE_CURVE('',#725,#746,#22,.F.);
#597=EDGE_CURVE('',#746,#747,#126,.T.);
#598=EDGE_CURVE('',#747,#727,#23,.T.);
#599=EDGE_CURVE('',#705,#729,#24,.T.);
#600=EDGE_CURVE('',#730,#704,#25,.F.);
#601=EDGE_CURVE('',#703,#732,#26,.T.);
#602=EDGE_CURVE('',#733,#702,#27,.F.);
#603=EDGE_CURVE('',#701,#735,#28,.T.);
#604=EDGE_CURVE('',#736,#700,#29,.F.);
#605=EDGE_CURVE('',#699,#738,#30,.T.);
#606=EDGE_CURVE('',#739,#698,#31,.F.);
#607=EDGE_CURVE('',#697,#748,#127,.T.);
#608=EDGE_CURVE('',#748,#715,#32,.T.);
#609=EDGE_CURVE('',#744,#741,#808,.F.);
#610=EDGE_CURVE('',#746,#745,#809,.F.);
#611=EDGE_CURVE('',#694,#747,#810,.F.);
#612=EDGE_CURVE('',#742,#748,#811,.F.);
#613=EDGE_CURVE('',#708,#709,#812,.T.);
#614=EDGE_CURVE('',#672,#671,#813,.F.);
#615=EDGE_CURVE('',#661,#660,#814,.F.);
#616=EDGE_CURVE('',#678,#677,#815,.T.);
#617=EDGE_CURVE('',#749,#675,#128,.F.);
#618=EDGE_CURVE('',#750,#749,#129,.T.);
#619=EDGE_CURVE('',#751,#750,#816,.T.);
#620=EDGE_CURVE('',#752,#751,#130,.F.);
#621=EDGE_CURVE('',#753,#752,#131,.T.);
#622=EDGE_CURVE('',#754,#753,#817,.T.);
#623=EDGE_CURVE('',#755,#754,#132,.F.);
#624=EDGE_CURVE('',#756,#755,#133,.T.);
#625=EDGE_CURVE('',#757,#756,#818,.T.);
#626=EDGE_CURVE('',#758,#757,#134,.F.);
#627=EDGE_CURVE('',#759,#758,#135,.T.);
#628=EDGE_CURVE('',#760,#759,#819,.T.);
#629=EDGE_CURVE('',#679,#760,#136,.F.);
#630=EDGE_CURVE('',#756,#666,#33,.F.);
#631=EDGE_CURVE('',#667,#754,#34,.T.);
#632=EDGE_CURVE('',#759,#664,#35,.F.);
#633=EDGE_CURVE('',#665,#757,#36,.T.);
#634=EDGE_CURVE('',#753,#668,#37,.F.);
#635=EDGE_CURVE('',#669,#751,#38,.T.);
#636=EDGE_CURVE('',#750,#670,#39,.F.);
#637=EDGE_CURVE('',#692,#761,#40,.F.);
#638=EDGE_CURVE('',#762,#690,#41,.T.);
#639=EDGE_CURVE('',#761,#762,#137,.T.);
#640=EDGE_CURVE('',#689,#763,#42,.F.);
#641=EDGE_CURVE('',#764,#687,#43,.T.);
#642=EDGE_CURVE('',#763,#764,#138,.T.);
#643=EDGE_CURVE('',#686,#765,#44,.F.);
#644=EDGE_CURVE('',#766,#684,#45,.T.);
#645=EDGE_CURVE('',#765,#766,#139,.T.);
#646=EDGE_CURVE('',#683,#767,#46,.F.);
#647=EDGE_CURVE('',#768,#681,#47,.T.);
#648=EDGE_CURVE('',#767,#768,#140,.T.);
#649=EDGE_CURVE('',#680,#769,#48,.F.);
#650=EDGE_CURVE('',#663,#760,#49,.T.);
#651=EDGE_CURVE('',#769,#662,#141,.T.);
#652=EDGE_CURVE('',#761,#658,#820,.F.);
#653=EDGE_CURVE('',#763,#762,#821,.F.);
#654=EDGE_CURVE('',#765,#764,#822,.F.);
#655=EDGE_CURVE('',#767,#766,#823,.F.);
#656=EDGE_CURVE('',#769,#768,#824,.F.);
#657=EDGE_CURVE('',#674,#673,#825,.T.);
#658=VERTEX_POINT('',#1281);
#659=VERTEX_POINT('',#1282);
#660=VERTEX_POINT('',#1285);
#661=VERTEX_POINT('',#1287);
#662=VERTEX_POINT('',#1290);
#663=VERTEX_POINT('',#1297);
#664=VERTEX_POINT('',#1299);
#665=VERTEX_POINT('',#1309);
#666=VERTEX_POINT('',#1311);
#667=VERTEX_POINT('',#1321);
#668=VERTEX_POINT('',#1323);
#669=VERTEX_POINT('',#1333);
#670=VERTEX_POINT('',#1335);
#671=VERTEX_POINT('',#1354);
#672=VERTEX_POINT('',#1355);
#673=VERTEX_POINT('',#1358);
#674=VERTEX_POINT('',#1360);
#675=VERTEX_POINT('',#1372);
#676=VERTEX_POINT('',#1373);
#677=VERTEX_POINT('',#1394);
#678=VERTEX_POINT('',#1395);
#679=VERTEX_POINT('',#1400);
#680=VERTEX_POINT('',#1406);
#681=VERTEX_POINT('',#1408);
#682=VERTEX_POINT('',#1414);
#683=VERTEX_POINT('',#1420);
#684=VERTEX_POINT('',#1422);
#685=VERTEX_POINT('',#1428);
#686=VERTEX_POINT('',#1434);
#687=VERTEX_POINT('',#1436);
#688=VERTEX_POINT('',#1442);
#689=VERTEX_POINT('',#1448);
#690=VERTEX_POINT('',#1450);
#691=VERTEX_POINT('',#1456);
#692=VERTEX_POINT('',#1462);
#693=VERTEX_POINT('',#1477);
#694=VERTEX_POINT('',#1478);
#695=VERTEX_POINT('',#1481);
#696=VERTEX_POINT('',#1483);
#697=VERTEX_POINT('',#1486);
#698=VERTEX_POINT('',#1493);
#699=VERTEX_POINT('',#1495);
#700=VERTEX_POINT('',#1505);
#701=VERTEX_POINT('',#1507);
#702=VERTEX_POINT('',#1517);
#703=VERTEX_POINT('',#1519);
#704=VERTEX_POINT('',#1529);
#705=VERTEX_POINT('',#1531);
#706=VERTEX_POINT('',#1563);
#707=VERTEX_POINT('',#1564);
#708=VERTEX_POINT('',#1567);
#709=VERTEX_POINT('',#1569);
#710=VERTEX_POINT('',#1594);
#711=VERTEX_POINT('',#1595);
#712=VERTEX_POINT('',#1616);
#713=VERTEX_POINT('',#1617);
#714=VERTEX_POINT('',#1622);
#715=VERTEX_POINT('',#1628);
#716=VERTEX_POINT('',#1630);
#717=VERTEX_POINT('',#1636);
#718=VERTEX_POINT('',#1642);
#719=VERTEX_POINT('',#1644);
#720=VERTEX_POINT('',#1650);
#721=VERTEX_POINT('',#1656);
#722=VERTEX_POINT('',#1658);
#723=VERTEX_POINT('',#1664);
#724=VERTEX_POINT('',#1670);
#725=VERTEX_POINT('',#1672);
#726=VERTEX_POINT('',#1678);
#727=VERTEX_POINT('',#1684);
#728=VERTEX_POINT('',#1712);
#729=VERTEX_POINT('',#1718);
#730=VERTEX_POINT('',#1720);
#731=VERTEX_POINT('',#1726);
#732=VERTEX_POINT('',#1732);
#733=VERTEX_POINT('',#1734);
#734=VERTEX_POINT('',#1740);
#735=VERTEX_POINT('',#1746);
#736=VERTEX_POINT('',#1748);
#737=VERTEX_POINT('',#1754);
#738=VERTEX_POINT('',#1760);
#739=VERTEX_POINT('',#1762);
#740=VERTEX_POINT('',#1783);
#741=VERTEX_POINT('',#1793);
#742=VERTEX_POINT('',#1810);
#743=VERTEX_POINT('',#1820);
#744=VERTEX_POINT('',#1846);
#745=VERTEX_POINT('',#1856);
#746=VERTEX_POINT('',#1873);
#747=VERTEX_POINT('',#1883);
#748=VERTEX_POINT('',#1969);
#749=VERTEX_POINT('',#2100);
#750=VERTEX_POINT('',#2106);
#751=VERTEX_POINT('',#2108);
#752=VERTEX_POINT('',#2114);
#753=VERTEX_POINT('',#2120);
#754=VERTEX_POINT('',#2122);
#755=VERTEX_POINT('',#2128);
#756=VERTEX_POINT('',#2134);
#757=VERTEX_POINT('',#2136);
#758=VERTEX_POINT('',#2142);
#759=VERTEX_POINT('',#2148);
#760=VERTEX_POINT('',#2150);
#761=VERTEX_POINT('',#2242);
#762=VERTEX_POINT('',#2244);
#763=VERTEX_POINT('',#2269);
#764=VERTEX_POINT('',#2271);
#765=VERTEX_POINT('',#2296);
#766=VERTEX_POINT('',#2298);
#767=VERTEX_POINT('',#2323);
#768=VERTEX_POINT('',#2325);
#769=VERTEX_POINT('',#2350);
#770=CIRCLE('',#1065,10.);
#771=CIRCLE('',#1066,8.);
#772=CIRCLE('',#1067,10.);
#773=CIRCLE('',#1068,10.);
#774=CIRCLE('',#1069,10.);
#775=CIRCLE('',#1070,10.);
#776=CIRCLE('',#1071,15.5726353863185);
#777=CIRCLE('',#1072,14.5726353863185);
#778=CIRCLE('',#1073,10.);
#779=CIRCLE('',#1074,10.5726353863185);
#780=CIRCLE('',#1075,10.);
#781=CIRCLE('',#1076,10.);
#782=CIRCLE('',#1077,10.);
#783=CIRCLE('',#1078,10.);
#784=CIRCLE('',#1079,10.);
#785=CIRCLE('',#1080,10.);
#786=CIRCLE('',#1081,8.);
#787=CIRCLE('',#1082,10.);
#788=CIRCLE('',#1083,10.);
#789=CIRCLE('',#1084,10.);
#790=CIRCLE('',#1085,10.);
#791=CIRCLE('',#1086,8.);
#792=CIRCLE('',#1087,15.5726353863185);
#793=CIRCLE('',#1088,14.5726353863185);
#794=CIRCLE('',#1089,15.5726353863185);
#795=CIRCLE('',#1090,10.);
#796=CIRCLE('',#1091,10.5726353863185);
#797=CIRCLE('',#1092,10.);
#798=CIRCLE('',#1093,10.);
#799=CIRCLE('',#1094,10.);
#800=CIRCLE('',#1095,10.);
#801=CIRCLE('',#1096,10.);
#802=CIRCLE('',#1097,10.5726353863185);
#803=CIRCLE('',#1098,10.);
#804=CIRCLE('',#1099,10.);
#805=CIRCLE('',#1100,10.);
#806=CIRCLE('',#1101,10.);
#807=CIRCLE('',#1102,10.);
#808=CIRCLE('',#1103,10.);
#809=CIRCLE('',#1104,10.);
#810=CIRCLE('',#1105,10.);
#811=CIRCLE('',#1106,10.);
#812=CIRCLE('',#1107,14.5726353863185);
#813=CIRCLE('',#1108,15.5726353863185);
#814=CIRCLE('',#1109,8.);
#815=CIRCLE('',#1110,10.5726353863185);
#816=CIRCLE('',#1111,10.);
#817=CIRCLE('',#1112,10.);
#818=CIRCLE('',#1113,10.);
#819=CIRCLE('',#1114,10.);
#820=CIRCLE('',#1115,10.);
#821=CIRCLE('',#1116,10.);
#822=CIRCLE('',#1117,10.);
#823=CIRCLE('',#1118,10.);
#824=CIRCLE('',#1119,10.);
#825=CIRCLE('',#1120,14.5726353863185);
#826=EDGE_LOOP('',(#160,#161,#162,#163,#164,#165,#166,#167,#168,#169,#170,
#171,#172));
#827=EDGE_LOOP('',(#173,#174,#175,#176));
#828=EDGE_LOOP('',(#177,#178,#179,#180));
#829=EDGE_LOOP('',(#181,#182,#183,#184,#185,#186,#187,#188,#189,#190,#191,
#192,#193,#194,#195,#196,#197));
#830=EDGE_LOOP('',(#198,#199,#200,#201,#202,#203,#204,#205,#206,#207,#208,
#209,#210));
#831=EDGE_LOOP('',(#211,#212,#213,#214));
#832=EDGE_LOOP('',(#215,#216,#217,#218));
#833=EDGE_LOOP('',(#219,#220,#221,#222));
#834=EDGE_LOOP('',(#223,#224,#225,#226));
#835=EDGE_LOOP('',(#227,#228,#229,#230,#231,#232,#233,#234,#235,#236,#237,
#238,#239,#240,#241,#242,#243));
#836=EDGE_LOOP('',(#244,#245,#246,#247,#248,#249,#250,#251,#252,#253,#254,
#255,#256,#257,#258,#259,#260));
#837=EDGE_LOOP('',(#261,#262,#263,#264,#265));
#838=EDGE_LOOP('',(#266,#267,#268,#269,#270));
#839=EDGE_LOOP('',(#271,#272,#273,#274));
#840=EDGE_LOOP('',(#275,#276,#277,#278,#279));
#841=EDGE_LOOP('',(#280,#281,#282,#283,#284));
#842=EDGE_LOOP('',(#285,#286,#287,#288,#289));
#843=EDGE_LOOP('',(#290,#291,#292,#293,#294));
#844=EDGE_LOOP('',(#295,#296,#297,#298,#299));
#845=EDGE_LOOP('',(#300,#301,#302,#303,#304));
#846=EDGE_LOOP('',(#305,#306,#307,#308,#309,#310));
#847=EDGE_LOOP('',(#311,#312,#313,#314));
#848=EDGE_LOOP('',(#315,#316,#317,#318));
#849=EDGE_LOOP('',(#319,#320,#321,#322));
#850=EDGE_LOOP('',(#323,#324,#325,#326));
#851=EDGE_LOOP('',(#327,#328,#329,#330));
#852=EDGE_LOOP('',(#331,#332,#333,#334));
#853=EDGE_LOOP('',(#335,#336,#337,#338));
#854=EDGE_LOOP('',(#339,#340,#341,#342));
#855=EDGE_LOOP('',(#343,#344));
#856=EDGE_LOOP('',(#345,#346));
#857=EDGE_LOOP('',(#347,#348,#349,#350));
#858=EDGE_LOOP('',(#351,#352,#353,#354));
#859=EDGE_LOOP('',(#355,#356,#357,#358));
#860=EDGE_LOOP('',(#359,#360,#361,#362,#363,#364,#365,#366,#367,#368,#369,
#370,#371));
#861=EDGE_LOOP('',(#372,#373,#374,#375,#376,#377,#378,#379,#380,#381,#382,
#383,#384,#385,#386,#387,#388));
#862=EDGE_LOOP('',(#389,#390,#391,#392,#393));
#863=EDGE_LOOP('',(#394,#395,#396,#397,#398));
#864=EDGE_LOOP('',(#399,#400,#401,#402));
#865=EDGE_LOOP('',(#403,#404,#405,#406,#407));
#866=EDGE_LOOP('',(#408,#409,#410,#411,#412));
#867=EDGE_LOOP('',(#413,#414,#415,#416,#417));
#868=EDGE_LOOP('',(#418,#419,#420,#421,#422));
#869=EDGE_LOOP('',(#423,#424,#425,#426,#427));
#870=EDGE_LOOP('',(#428,#429,#430,#431,#432));
#871=EDGE_LOOP('',(#433,#434,#435,#436,#437,#438));
#872=EDGE_LOOP('',(#439,#440,#441,#442));
#873=EDGE_LOOP('',(#443,#444,#445,#446));
#874=EDGE_LOOP('',(#447,#448,#449,#450));
#875=EDGE_LOOP('',(#451,#452,#453,#454));
#876=EDGE_LOOP('',(#455,#456,#457,#458));
#877=EDGE_LOOP('',(#459,#460,#461,#462));
#878=EDGE_LOOP('',(#463,#464,#465,#466));
#879=EDGE_LOOP('',(#467,#468,#469,#470));
#880=EDGE_LOOP('',(#471,#472));
#881=EDGE_LOOP('',(#473,#474));
#882=EDGE_LOOP('',(#475,#476,#477,#478));
#883=EDGE_LOOP('',(#479,#480,#481,#482,#483,#484,#485,#486,#487,#488,#489,
#490,#491));
#884=FACE_BOUND('',#826,.T.);
#885=FACE_BOUND('',#827,.T.);
#886=FACE_BOUND('',#828,.T.);
#887=FACE_BOUND('',#829,.T.);
#888=FACE_BOUND('',#830,.T.);
#889=FACE_BOUND('',#831,.T.);
#890=FACE_BOUND('',#832,.T.);
#891=FACE_BOUND('',#833,.T.);
#892=FACE_BOUND('',#834,.T.);
#893=FACE_BOUND('',#835,.T.);
#894=FACE_BOUND('',#836,.T.);
#895=FACE_BOUND('',#837,.T.);
#896=FACE_BOUND('',#838,.T.);
#897=FACE_BOUND('',#839,.T.);
#898=FACE_BOUND('',#840,.T.);
#899=FACE_BOUND('',#841,.T.);
#900=FACE_BOUND('',#842,.T.);
#901=FACE_BOUND('',#843,.T.);
#902=FACE_BOUND('',#844,.T.);
#903=FACE_BOUND('',#845,.T.);
#904=FACE_BOUND('',#846,.T.);
#905=FACE_BOUND('',#847,.T.);
#906=FACE_BOUND('',#848,.T.);
#907=FACE_BOUND('',#849,.T.);
#908=FACE_BOUND('',#850,.T.);
#909=FACE_BOUND('',#851,.T.);
#910=FACE_BOUND('',#852,.T.);
#911=FACE_BOUND('',#853,.T.);
#912=FACE_BOUND('',#854,.T.);
#913=FACE_BOUND('',#855,.T.);
#914=FACE_BOUND('',#856,.T.);
#915=FACE_BOUND('',#857,.T.);
#916=FACE_BOUND('',#858,.T.);
#917=FACE_BOUND('',#859,.T.);
#918=FACE_BOUND('',#860,.T.);
#919=FACE_BOUND('',#861,.T.);
#920=FACE_BOUND('',#862,.T.);
#921=FACE_BOUND('',#863,.T.);
#922=FACE_BOUND('',#864,.T.);
#923=FACE_BOUND('',#865,.T.);
#924=FACE_BOUND('',#866,.T.);
#925=FACE_BOUND('',#867,.T.);
#926=FACE_BOUND('',#868,.T.);
#927=FACE_BOUND('',#869,.T.);
#928=FACE_BOUND('',#870,.T.);
#929=FACE_BOUND('',#871,.T.);
#930=FACE_BOUND('',#872,.T.);
#931=FACE_BOUND('',#873,.T.);
#932=FACE_BOUND('',#874,.T.);
#933=FACE_BOUND('',#875,.T.);
#934=FACE_BOUND('',#876,.T.);
#935=FACE_BOUND('',#877,.T.);
#936=FACE_BOUND('',#878,.T.);
#937=FACE_BOUND('',#879,.T.);
#938=FACE_BOUND('',#880,.T.);
#939=FACE_BOUND('',#881,.T.);
#940=FACE_BOUND('',#882,.T.);
#941=FACE_BOUND('',#883,.T.);
#942=(
BOUNDED_SURFACE()
B_SPLINE_SURFACE(1,3,((#1272,#1273,#1274,#1275),(#1276,#1277,#1278,#1279)),
 .CONICAL_SURF.,.F.,.F.,.F.)
B_SPLINE_SURFACE_WITH_KNOTS((2,2),(4,4),(0.00990099009900889,0.207920792079209),
(0.,0.5),.PIECEWISE_BEZIER_KNOTS.)
GEOMETRIC_REPRESENTATION_ITEM()
RATIONAL_B_SPLINE_SURFACE(((1.,0.333333333333333,0.333333333333333,1.),
(1.,0.333333333333333,0.333333333333333,1.)))
REPRESENTATION_ITEM('')
SURFACE()
);
#943=(
BOUNDED_SURFACE()
B_SPLINE_SURFACE(1,3,((#1345,#1346,#1347,#1348),(#1349,#1350,#1351,#1352)),
 .CONICAL_SURF.,.F.,.F.,.F.)
B_SPLINE_SURFACE_WITH_KNOTS((2,2),(4,4),(0.00320048434618023,0.0672101712697935),
(0.5,1.),.PIECEWISE_BEZIER_KNOTS.)
GEOMETRIC_REPRESENTATION_ITEM()
RATIONAL_B_SPLINE_SURFACE(((1.,0.333333333333333,0.333333333333333,1.),
(1.,0.333333333333333,0.333333333333333,1.)))
REPRESENTATION_ITEM('')
SURFACE()
);
#944=(
BOUNDED_SURFACE()
B_SPLINE_SURFACE(3,1,((#1363,#1364),(#1365,#1366),(#1367,#1368),(#1369,
#1370)),.CYLINDRICAL_SURF.,.F.,.F.,.F.)
B_SPLINE_SURFACE_WITH_KNOTS((4,4),(2,2),(0.,0.0556185713146287),(0.0454545454550093,
0.954545454545455),.PIECEWISE_BEZIER_KNOTS.)
GEOMETRIC_REPRESENTATION_ITEM()
RATIONAL_B_SPLINE_SURFACE(((1.,1.),(0.925841904913828,0.925841904913828),
(0.859932944427871,0.859932944427871),(0.802273118542129,0.802273118542129)))
REPRESENTATION_ITEM('')
SURFACE()
);
#945=(
BOUNDED_SURFACE()
B_SPLINE_SURFACE(3,3,((#1377,#1378,#1379,#1380),(#1381,#1382,#1383,#1384),
(#1385,#1386,#1387,#1388),(#1389,#1390,#1391,#1392)),.TOROIDAL_SURF.,.F.,
 .F.,.F.)
B_SPLINE_SURFACE_WITH_KNOTS((4,4),(4,4),(0.163579838653036,0.840457203283128),
(0.5,1.),.PIECEWISE_BEZIER_KNOTS.)
GEOMETRIC_REPRESENTATION_ITEM()
RATIONAL_B_SPLINE_SURFACE(((0.952779503124186,0.317593167708062,0.317593167708062,
0.952779503124186),(0.900386048954518,0.300128682984839,0.300128682984839,
0.900386048954518),(0.900700409679537,0.300233469893179,0.300233469893179,
0.900700409679537),(0.95372258529924,0.31790752843308,0.31790752843308,
0.95372258529924)))
REPRESENTATION_ITEM('')
SURFACE()
);
#946=(
BOUNDED_SURFACE()
B_SPLINE_SURFACE(1,3,((#1468,#1469,#1470,#1471),(#1472,#1473,#1474,#1475)),
 .CONICAL_SURF.,.F.,.F.,.F.)
B_SPLINE_SURFACE_WITH_KNOTS((2,2),(4,4),(0.00990099009900916,0.207920792079208),
(0.,0.5),.PIECEWISE_BEZIER_KNOTS.)
GEOMETRIC_REPRESENTATION_ITEM()
RATIONAL_B_SPLINE_SURFACE(((1.,0.333333333333333,0.333333333333333,1.),
(1.,0.333333333333333,0.333333333333333,1.)))
REPRESENTATION_ITEM('')
SURFACE()
);
#947=(
BOUNDED_SURFACE()
B_SPLINE_SURFACE(3,1,((#1541,#1542),(#1543,#1544),(#1545,#1546),(#1547,
#1548)),.CYLINDRICAL_SURF.,.F.,.F.,.F.)
B_SPLINE_SURFACE_WITH_KNOTS((4,4),(2,2),(0.5,1.),(0.0454545454545467,0.954545454545453),
 .PIECEWISE_BEZIER_KNOTS.)
GEOMETRIC_REPRESENTATION_ITEM()
RATIONAL_B_SPLINE_SURFACE(((1.,1.),(0.333333333333333,0.333333333333333),
(0.333333333333333,0.333333333333333),(1.,1.)))
REPRESENTATION_ITEM('')
SURFACE()
);
#948=(
BOUNDED_SURFACE()
B_SPLINE_SURFACE(1,3,((#1554,#1555,#1556,#1557),(#1558,#1559,#1560,#1561)),
 .CONICAL_SURF.,.F.,.F.,.F.)
B_SPLINE_SURFACE_WITH_KNOTS((2,2),(4,4),(0.00320048434618024,0.067210171269793),
(0.5,1.),.PIECEWISE_BEZIER_KNOTS.)
GEOMETRIC_REPRESENTATION_ITEM()
RATIONAL_B_SPLINE_SURFACE(((1.,0.333333333333333,0.333333333333333,1.),
(1.,0.333333333333333,0.333333333333333,1.)))
REPRESENTATION_ITEM('')
SURFACE()
);
#949=(
BOUNDED_SURFACE()
B_SPLINE_SURFACE(3,1,((#1572,#1573),(#1574,#1575),(#1576,#1577),(#1578,
#1579)),.CYLINDRICAL_SURF.,.F.,.F.,.F.)
B_SPLINE_SURFACE_WITH_KNOTS((4,4),(2,2),(0.,0.5),(0.0454545454545453,0.954545454545454),
 .PIECEWISE_BEZIER_KNOTS.)
GEOMETRIC_REPRESENTATION_ITEM()
RATIONAL_B_SPLINE_SURFACE(((1.,1.),(0.333333333333333,0.333333333333333),
(0.333333333333333,0.333333333333333),(1.,1.)))
REPRESENTATION_ITEM('')
SURFACE()
);
#950=(
BOUNDED_SURFACE()
B_SPLINE_SURFACE(3,1,((#1585,#1586),(#1587,#1588),(#1589,#1590),(#1591,
#1592)),.CYLINDRICAL_SURF.,.F.,.F.,.F.)
B_SPLINE_SURFACE_WITH_KNOTS((4,4),(2,2),(0.,0.0556185713146203),(0.0454545454555002,
0.954545454545455),.PIECEWISE_BEZIER_KNOTS.)
GEOMETRIC_REPRESENTATION_ITEM()
RATIONAL_B_SPLINE_SURFACE(((1.,1.),(0.92584190491384,0.92584190491384),
(0.859932944427891,0.859932944427891),(0.802273118542155,0.802273118542155)))
REPRESENTATION_ITEM('')
SURFACE()
);
#951=(
BOUNDED_SURFACE()
B_SPLINE_SURFACE(3,3,((#1599,#1600,#1601,#1602),(#1603,#1604,#1605,#1606),
(#1607,#1608,#1609,#1610),(#1611,#1612,#1613,#1614)),.TOROIDAL_SURF.,.F.,
 .F.,.F.)
B_SPLINE_SURFACE_WITH_KNOTS((4,4),(4,4),(0.163579838653041,0.840457203283124),
(0.5,1.),.PIECEWISE_BEZIER_KNOTS.)
GEOMETRIC_REPRESENTATION_ITEM()
RATIONAL_B_SPLINE_SURFACE(((0.952779503124186,0.317593167708062,0.317593167708062,
0.952779503124186),(0.900386048954521,0.30012868298484,0.30012868298484,
0.900386048954521),(0.900700409679539,0.300233469893179,0.300233469893179,
0.900700409679539),(0.95372258529924,0.31790752843308,0.31790752843308,
0.95372258529924)))
REPRESENTATION_ITEM('')
SURFACE()
);
#952=(
BOUNDED_SURFACE()
B_SPLINE_SURFACE(3,3,((#1690,#1691,#1692,#1693),(#1694,#1695,#1696,#1697),
(#1698,#1699,#1700,#1701),(#1702,#1703,#1704,#1705)),.TOROIDAL_SURF.,.F.,
 .F.,.F.)
B_SPLINE_SURFACE_WITH_KNOTS((4,4),(4,4),(0.163579838653041,0.840457203283133),
(0.,0.5),.PIECEWISE_BEZIER_KNOTS.)
GEOMETRIC_REPRESENTATION_ITEM()
RATIONAL_B_SPLINE_SURFACE(((0.952779503124185,0.317593167708062,0.317593167708062,
0.952779503124185),(0.90038604895452,0.30012868298484,0.30012868298484,
0.90038604895452),(0.900700409679539,0.30023346989318,0.30023346989318,
0.900700409679539),(0.953722585299242,0.317907528433081,0.317907528433081,
0.953722585299242)))
REPRESENTATION_ITEM('')
SURFACE()
);
#953=(
BOUNDED_SURFACE()
B_SPLINE_SURFACE(3,1,((#1768,#1769),(#1770,#1771),(#1772,#1773),(#1774,
#1775),(#1776,#1777),(#1778,#1779),(#1780,#1781)),.CYLINDRICAL_SURF.,.F.,
 .F.,.F.)
B_SPLINE_SURFACE_WITH_KNOTS((4,3,4),(2,2),(0.,0.5,1.),(0.,1.),
 .PIECEWISE_BEZIER_KNOTS.)
GEOMETRIC_REPRESENTATION_ITEM()
RATIONAL_B_SPLINE_SURFACE(((1.,1.),(0.770995664149344,0.770995664149344),
(0.770995664149344,0.770995664149344),(1.,1.),(0.770995664149344,0.770995664149344),
(0.770995664149344,0.770995664149344),(1.,1.)))
REPRESENTATION_ITEM('')
SURFACE()
);
#954=(
BOUNDED_SURFACE()
B_SPLINE_SURFACE(3,1,((#1795,#1796),(#1797,#1798),(#1799,#1800),(#1801,
#1802),(#1803,#1804),(#1805,#1806),(#1807,#1808)),.CYLINDRICAL_SURF.,.F.,
 .F.,.F.)
B_SPLINE_SURFACE_WITH_KNOTS((4,3,4),(2,2),(0.,0.5,1.),(0.,1.),
 .PIECEWISE_BEZIER_KNOTS.)
GEOMETRIC_REPRESENTATION_ITEM()
RATIONAL_B_SPLINE_SURFACE(((1.,1.),(0.770995664148392,0.770995664148392),
(0.770995664148392,0.770995664148392),(1.,1.),(0.770995664148392,0.770995664148392),
(0.770995664148392,0.770995664148392),(1.,1.)))
REPRESENTATION_ITEM('')
SURFACE()
);
#955=(
BOUNDED_SURFACE()
B_SPLINE_SURFACE(3,1,((#1822,#1823),(#1824,#1825),(#1826,#1827),(#1828,
#1829)),.CYLINDRICAL_SURF.,.F.,.F.,.F.)
B_SPLINE_SURFACE_WITH_KNOTS((4,4),(2,2),(0.64831258989233,0.715460901566331),
(0.0454545454550531,0.954545454545455),.PIECEWISE_BEZIER_KNOTS.)
GEOMETRIC_REPRESENTATION_ITEM()
RATIONAL_B_SPLINE_SURFACE(((0.582722634995244,0.582722634995244),(0.546305899490008,
0.546305899490008),(0.521912886013222,0.521912886013222),(0.509543594564886,
0.509543594564886)))
REPRESENTATION_ITEM('')
SURFACE()
);
#956=(
BOUNDED_SURFACE()
B_SPLINE_SURFACE(3,1,((#1831,#1832),(#1833,#1834),(#1835,#1836),(#1837,
#1838),(#1839,#1840),(#1841,#1842),(#1843,#1844)),.CYLINDRICAL_SURF.,.F.,
 .F.,.F.)
B_SPLINE_SURFACE_WITH_KNOTS((4,3,4),(2,2),(0.,0.5,1.),(0.,1.),
 .PIECEWISE_BEZIER_KNOTS.)
GEOMETRIC_REPRESENTATION_ITEM()
RATIONAL_B_SPLINE_SURFACE(((1.,1.),(0.770995664149343,0.770995664149343),
(0.770995664149343,0.770995664149343),(1.,1.),(0.770995664149343,0.770995664149343),
(0.770995664149343,0.770995664149343),(1.,1.)))
REPRESENTATION_ITEM('')
SURFACE()
);
#957=(
BOUNDED_SURFACE()
B_SPLINE_SURFACE(3,1,((#1858,#1859),(#1860,#1861),(#1862,#1863),(#1864,
#1865),(#1866,#1867),(#1868,#1869),(#1870,#1871)),.CYLINDRICAL_SURF.,.F.,
 .F.,.F.)
B_SPLINE_SURFACE_WITH_KNOTS((4,3,4),(2,2),(0.,0.5,1.),(0.,1.),
 .PIECEWISE_BEZIER_KNOTS.)
GEOMETRIC_REPRESENTATION_ITEM()
RATIONAL_B_SPLINE_SURFACE(((1.,1.),(0.770995664148293,0.770995664148293),
(0.770995664148293,0.770995664148293),(1.,1.),(0.770995664148293,0.770995664148293),
(0.770995664148293,0.770995664148293),(1.,1.)))
REPRESENTATION_ITEM('')
SURFACE()
);
#958=(
BOUNDED_SURFACE()
B_SPLINE_SURFACE(3,1,((#1885,#1886),(#1887,#1888),(#1889,#1890),(#1891,
#1892),(#1893,#1894),(#1895,#1896),(#1897,#1898)),.CYLINDRICAL_SURF.,.F.,
 .F.,.F.)
B_SPLINE_SURFACE_WITH_KNOTS((4,3,4),(2,2),(0.,0.5,1.),(0.,1.),
 .PIECEWISE_BEZIER_KNOTS.)
GEOMETRIC_REPRESENTATION_ITEM()
RATIONAL_B_SPLINE_SURFACE(((1.,1.),(0.770995664148474,0.770995664148474),
(0.770995664148474,0.770995664148474),(1.,1.),(0.770995664148474,0.770995664148474),
(0.770995664148474,0.770995664148474),(1.,1.)))
REPRESENTATION_ITEM('')
SURFACE()
);
#959=(
BOUNDED_SURFACE()
B_SPLINE_SURFACE(3,1,((#1900,#1901),(#1902,#1903),(#1904,#1905),(#1906,
#1907),(#1908,#1909),(#1910,#1911),(#1912,#1913)),.CYLINDRICAL_SURF.,.F.,
 .F.,.F.)
B_SPLINE_SURFACE_WITH_KNOTS((4,3,4),(2,2),(0.,0.5,1.),(0.,1.),
 .PIECEWISE_BEZIER_KNOTS.)
GEOMETRIC_REPRESENTATION_ITEM()
RATIONAL_B_SPLINE_SURFACE(((1.,1.),(0.770995664149345,0.770995664149345),
(0.770995664149345,0.770995664149345),(1.,1.),(0.770995664149345,0.770995664149345),
(0.770995664149345,0.770995664149345),(1.,1.)))
REPRESENTATION_ITEM('')
SURFACE()
);
#960=(
BOUNDED_SURFACE()
B_SPLINE_SURFACE(3,1,((#1916,#1917),(#1918,#1919),(#1920,#1921),(#1922,
#1923),(#1924,#1925),(#1926,#1927),(#1928,#1929)),.CYLINDRICAL_SURF.,.F.,
 .F.,.F.)
B_SPLINE_SURFACE_WITH_KNOTS((4,3,4),(2,2),(0.,0.5,1.),(0.,1.),
 .PIECEWISE_BEZIER_KNOTS.)
GEOMETRIC_REPRESENTATION_ITEM()
RATIONAL_B_SPLINE_SURFACE(((1.,1.),(0.770995664149344,0.770995664149344),
(0.770995664149344,0.770995664149344),(1.,1.),(0.770995664149344,0.770995664149344),
(0.770995664149344,0.770995664149344),(1.,1.)))
REPRESENTATION_ITEM('')
SURFACE()
);
#961=(
BOUNDED_SURFACE()
B_SPLINE_SURFACE(3,1,((#1932,#1933),(#1934,#1935),(#1936,#1937),(#1938,
#1939),(#1940,#1941),(#1942,#1943),(#1944,#1945)),.CYLINDRICAL_SURF.,.F.,
 .F.,.F.)
B_SPLINE_SURFACE_WITH_KNOTS((4,3,4),(2,2),(0.,0.5,1.),(0.,1.),
 .PIECEWISE_BEZIER_KNOTS.)
GEOMETRIC_REPRESENTATION_ITEM()
RATIONAL_B_SPLINE_SURFACE(((1.,1.),(0.770995664147307,0.770995664147307),
(0.770995664147307,0.770995664147307),(1.,1.),(0.770995664147307,0.770995664147307),
(0.770995664147307,0.770995664147307),(1.,1.)))
REPRESENTATION_ITEM('')
SURFACE()
);
#962=(
BOUNDED_SURFACE()
B_SPLINE_SURFACE(3,1,((#1948,#1949),(#1950,#1951),(#1952,#1953),(#1954,
#1955),(#1956,#1957),(#1958,#1959),(#1960,#1961)),.CYLINDRICAL_SURF.,.F.,
 .F.,.F.)
B_SPLINE_SURFACE_WITH_KNOTS((4,3,4),(2,2),(0.,0.5,1.),(0.,1.),
 .PIECEWISE_BEZIER_KNOTS.)
GEOMETRIC_REPRESENTATION_ITEM()
RATIONAL_B_SPLINE_SURFACE(((1.,1.),(0.770995664149345,0.770995664149345),
(0.770995664149345,0.770995664149345),(1.,1.),(0.770995664149345,0.770995664149345),
(0.770995664149345,0.770995664149345),(1.,1.)))
REPRESENTATION_ITEM('')
SURFACE()
);
#963=(
BOUNDED_SURFACE()
B_SPLINE_SURFACE(3,1,((#1971,#1972),(#1973,#1974),(#1975,#1976),(#1977,
#1978)),.CYLINDRICAL_SURF.,.F.,.F.,.F.)
B_SPLINE_SURFACE_WITH_KNOTS((4,4),(2,2),(0.740684290459832,0.803750620143221),
(0.0454545454554998,0.954545454545454),.PIECEWISE_BEZIER_KNOTS.)
GEOMETRIC_REPRESENTATION_ITEM()
RATIONAL_B_SPLINE_SURFACE(((0.500694259553894,0.500694259553894),(0.497560885638721,
0.497560885638721),(0.505033810229505,0.505033810229505),(0.523113033326247,
0.523113033326247)))
REPRESENTATION_ITEM('')
SURFACE()
);
#964=(
BOUNDED_SURFACE()
B_SPLINE_SURFACE(3,1,((#1980,#1981),(#1982,#1983),(#1984,#1985),(#1986,
#1987)),.CYLINDRICAL_SURF.,.F.,.F.,.F.)
B_SPLINE_SURFACE_WITH_KNOTS((4,4),(2,2),(0.830583924399598,0.907031609284468),
(0.0454545454555004,0.954545454545455),.PIECEWISE_BEZIER_KNOTS.)
GEOMETRIC_REPRESENTATION_ITEM()
RATIONAL_B_SPLINE_SURFACE(((0.551950150973122,0.551950150973122),(0.584805908089317,
0.584805908089317),(0.633246327936862,0.633246327936862),(0.697271410515757,
0.697271410515758)))
REPRESENTATION_ITEM('')
SURFACE()
);
#965=(
BOUNDED_SURFACE()
B_SPLINE_SURFACE(3,1,((#1989,#1990),(#1991,#1992),(#1993,#1994),(#1995,
#1996)),.CYLINDRICAL_SURF.,.F.,.F.,.F.)
B_SPLINE_SURFACE_WITH_KNOTS((4,4),(2,2),(0.94438142868537,1.),(0.0454545454550097,
0.954545454545455),.PIECEWISE_BEZIER_KNOTS.)
GEOMETRIC_REPRESENTATION_ITEM()
RATIONAL_B_SPLINE_SURFACE(((0.802273118542125,0.802273118542125),(0.859932944427868,
0.859932944427868),(0.925841904913827,0.925841904913827),(1.,1.)))
REPRESENTATION_ITEM('')
SURFACE()
);
#966=(
BOUNDED_SURFACE()
B_SPLINE_SURFACE(3,1,((#1998,#1999),(#2000,#2001),(#2002,#2003),(#2004,
#2005)),.CYLINDRICAL_SURF.,.F.,.F.,.F.)
B_SPLINE_SURFACE_WITH_KNOTS((4,4),(2,2),(0.0929683907155263,0.169416075600401),
(0.0454545454550891,0.954545454545455),.PIECEWISE_BEZIER_KNOTS.)
GEOMETRIC_REPRESENTATION_ITEM()
RATIONAL_B_SPLINE_SURFACE(((0.697271410515773,0.697271410515773),(0.63324632793687,
0.63324632793687),(0.58480590808932,0.58480590808932),(0.551950150973122,
0.551950150973122)))
REPRESENTATION_ITEM('')
SURFACE()
);
#967=(
BOUNDED_SURFACE()
B_SPLINE_SURFACE(3,1,((#2006,#2007),(#2008,#2009),(#2010,#2011),(#2012,
#2013)),.CYLINDRICAL_SURF.,.F.,.F.,.F.)
B_SPLINE_SURFACE_WITH_KNOTS((4,4),(2,2),(0.196249379856779,0.259315709540168),
(0.0454545454554986,0.954545454545454),.PIECEWISE_BEZIER_KNOTS.)
GEOMETRIC_REPRESENTATION_ITEM()
RATIONAL_B_SPLINE_SURFACE(((0.523113033326247,0.523113033326247),(0.505033810229505,
0.505033810229505),(0.497560885638721,0.497560885638721),(0.500694259553894,
0.500694259553894)))
REPRESENTATION_ITEM('')
SURFACE()
);
#968=(
BOUNDED_SURFACE()
B_SPLINE_SURFACE(3,1,((#2014,#2015),(#2016,#2017),(#2018,#2019),(#2020,
#2021)),.CYLINDRICAL_SURF.,.F.,.F.,.F.)
B_SPLINE_SURFACE_WITH_KNOTS((4,4),(2,2),(0.284539098433669,0.351687410107676),
(0.0454545454545444,0.954545454545455),.PIECEWISE_BEZIER_KNOTS.)
GEOMETRIC_REPRESENTATION_ITEM()
RATIONAL_B_SPLINE_SURFACE(((0.509543594564886,0.509543594564886),(0.521912886013223,
0.521912886013223),(0.546305899490012,0.546305899490012),(0.582722634995254,
0.582722634995254)))
REPRESENTATION_ITEM('')
SURFACE()
);
#969=(
BOUNDED_SURFACE()
B_SPLINE_SURFACE(3,1,((#2022,#2023),(#2024,#2025),(#2026,#2027),(#2028,
#2029)),.CYLINDRICAL_SURF.,.F.,.F.,.F.)
B_SPLINE_SURFACE_WITH_KNOTS((4,4),(2,2),(0.382178214039289,0.47616207995548),
(0.0454545454555004,0.954545454545455),.PIECEWISE_BEZIER_KNOTS.)
GEOMETRIC_REPRESENTATION_ITEM()
RATIONAL_B_SPLINE_SURFACE(((0.639768642132928,0.639768642132928),(0.706022613041249,
0.706022613041249),(0.795831162756376,0.795831162756376),(0.90919429127831,
0.90919429127831)))
REPRESENTATION_ITEM('')
SURFACE()
);
#970=(
BOUNDED_SURFACE()
B_SPLINE_SURFACE(3,1,((#2030,#2031),(#2032,#2033),(#2034,#2035),(#2036,
#2037)),.CYLINDRICAL_SURF.,.F.,.F.,.F.)
B_SPLINE_SURFACE_WITH_KNOTS((4,4),(2,2),(0.52383792004452,0.617821785960711),
(0.0454545454555004,0.954545454545455),.PIECEWISE_BEZIER_KNOTS.)
GEOMETRIC_REPRESENTATION_ITEM()
RATIONAL_B_SPLINE_SURFACE(((0.90919429127831,0.90919429127831),(0.795831162756376,
0.795831162756376),(0.706022613041248,0.706022613041248),(0.639768642132928,
0.639768642132928)))
REPRESENTATION_ITEM('')
SURFACE()
);
#971=(
BOUNDED_SURFACE()
B_SPLINE_SURFACE(3,1,((#2044,#2045),(#2046,#2047),(#2048,#2049),(#2050,
#2051)),.CYLINDRICAL_SURF.,.F.,.F.,.F.)
B_SPLINE_SURFACE_WITH_KNOTS((4,4),(2,2),(0.5,1.),(0.0454545454545454,0.954545454545454),
 .PIECEWISE_BEZIER_KNOTS.)
GEOMETRIC_REPRESENTATION_ITEM()
RATIONAL_B_SPLINE_SURFACE(((1.,1.),(0.333333333333333,0.333333333333333),
(0.333333333333333,0.333333333333333),(1.,1.)))
REPRESENTATION_ITEM('')
SURFACE()
);
#972=(
BOUNDED_SURFACE()
B_SPLINE_SURFACE(1,3,((#2053,#2054,#2055,#2056),(#2057,#2058,#2059,#2060)),
 .CONICAL_SURF.,.F.,.F.,.F.)
B_SPLINE_SURFACE_WITH_KNOTS((2,2),(4,4),(0.00320048434618039,0.067210171269793),
(0.,0.5),.PIECEWISE_BEZIER_KNOTS.)
GEOMETRIC_REPRESENTATION_ITEM()
RATIONAL_B_SPLINE_SURFACE(((1.,0.333333333333333,0.333333333333333,1.),
(1.,0.333333333333333,0.333333333333333,1.)))
REPRESENTATION_ITEM('')
SURFACE()
);
#973=(
BOUNDED_SURFACE()
B_SPLINE_SURFACE(3,1,((#2061,#2062),(#2063,#2064),(#2065,#2066),(#2067,
#2068)),.CYLINDRICAL_SURF.,.F.,.F.,.F.)
B_SPLINE_SURFACE_WITH_KNOTS((4,4),(2,2),(0.,0.5),(0.0454545454545455,0.954545454545453),
 .PIECEWISE_BEZIER_KNOTS.)
GEOMETRIC_REPRESENTATION_ITEM()
RATIONAL_B_SPLINE_SURFACE(((1.,1.),(0.333333333333333,0.333333333333333),
(0.333333333333333,0.333333333333333),(1.,1.)))
REPRESENTATION_ITEM('')
SURFACE()
);
#974=(
BOUNDED_SURFACE()
B_SPLINE_SURFACE(1,3,((#2070,#2071,#2072,#2073),(#2074,#2075,#2076,#2077)),
 .CONICAL_SURF.,.F.,.F.,.F.)
B_SPLINE_SURFACE_WITH_KNOTS((2,2),(4,4),(0.00990099009900876,0.207920792079208),
(0.5,1.),.PIECEWISE_BEZIER_KNOTS.)
GEOMETRIC_REPRESENTATION_ITEM()
RATIONAL_B_SPLINE_SURFACE(((1.,0.333333333333333,0.333333333333333,1.),
(1.,0.333333333333333,0.333333333333333,1.)))
REPRESENTATION_ITEM('')
SURFACE()
);
#975=(
BOUNDED_SURFACE()
B_SPLINE_SURFACE(3,3,((#2078,#2079,#2080,#2081),(#2082,#2083,#2084,#2085),
(#2086,#2087,#2088,#2089),(#2090,#2091,#2092,#2093)),.TOROIDAL_SURF.,.F.,
 .F.,.F.)
B_SPLINE_SURFACE_WITH_KNOTS((4,4),(4,4),(0.163579838653037,0.84045720328313),
(0.,0.5),.PIECEWISE_BEZIER_KNOTS.)
GEOMETRIC_REPRESENTATION_ITEM()
RATIONAL_B_SPLINE_SURFACE(((0.952779503124185,0.317593167708062,0.317593167708062,
0.952779503124185),(0.900386048954518,0.300128682984839,0.300128682984839,
0.900386048954518),(0.900700409679537,0.300233469893179,0.300233469893179,
0.900700409679537),(0.95372258529924,0.31790752843308,0.31790752843308,
0.95372258529924)))
REPRESENTATION_ITEM('')
SURFACE()
);
#976=(
BOUNDED_SURFACE()
B_SPLINE_SURFACE(3,1,((#2156,#2157),(#2158,#2159),(#2160,#2161),(#2162,
#2163),(#2164,#2165),(#2166,#2167),(#2168,#2169)),.CYLINDRICAL_SURF.,.F.,
 .F.,.F.)
B_SPLINE_SURFACE_WITH_KNOTS((4,3,4),(2,2),(0.,0.5,1.),(0.,1.),
 .PIECEWISE_BEZIER_KNOTS.)
GEOMETRIC_REPRESENTATION_ITEM()
RATIONAL_B_SPLINE_SURFACE(((1.,1.),(0.770995664149344,0.770995664149344),
(0.770995664149344,0.770995664149344),(1.,1.),(0.770995664149344,0.770995664149344),
(0.770995664149344,0.770995664149344),(1.,1.)))
REPRESENTATION_ITEM('')
SURFACE()
);
#977=(
BOUNDED_SURFACE()
B_SPLINE_SURFACE(3,1,((#2172,#2173),(#2174,#2175),(#2176,#2177),(#2178,
#2179),(#2180,#2181),(#2182,#2183),(#2184,#2185)),.CYLINDRICAL_SURF.,.F.,
 .F.,.F.)
B_SPLINE_SURFACE_WITH_KNOTS((4,3,4),(2,2),(0.,0.5,1.),(0.,1.),
 .PIECEWISE_BEZIER_KNOTS.)
GEOMETRIC_REPRESENTATION_ITEM()
RATIONAL_B_SPLINE_SURFACE(((1.,1.),(0.770995664148393,0.770995664148393),
(0.770995664148393,0.770995664148393),(1.,1.),(0.770995664148393,0.770995664148393),
(0.770995664148393,0.770995664148393),(1.,1.)))
REPRESENTATION_ITEM('')
SURFACE()
);
#978=(
BOUNDED_SURFACE()
B_SPLINE_SURFACE(3,1,((#2188,#2189),(#2190,#2191),(#2192,#2193),(#2194,
#2195)),.CYLINDRICAL_SURF.,.F.,.F.,.F.)
B_SPLINE_SURFACE_WITH_KNOTS((4,4),(2,2),(0.284539098433669,0.35168741010767),
(0.0454545454550594,0.954545454545455),.PIECEWISE_BEZIER_KNOTS.)
GEOMETRIC_REPRESENTATION_ITEM()
RATIONAL_B_SPLINE_SURFACE(((0.509543594564886,0.509543594564886),(0.521912886013221,
0.521912886013221),(0.546305899490008,0.546305899490008),(0.582722634995244,
0.582722634995244)))
REPRESENTATION_ITEM('')
SURFACE()
);
#979=(
BOUNDED_SURFACE()
B_SPLINE_SURFACE(3,1,((#2196,#2197),(#2198,#2199),(#2200,#2201),(#2202,
#2203),(#2204,#2205),(#2206,#2207),(#2208,#2209)),.CYLINDRICAL_SURF.,.F.,
 .F.,.F.)
B_SPLINE_SURFACE_WITH_KNOTS((4,3,4),(2,2),(0.,0.5,1.),(0.,1.),
 .PIECEWISE_BEZIER_KNOTS.)
GEOMETRIC_REPRESENTATION_ITEM()
RATIONAL_B_SPLINE_SURFACE(((1.,1.),(0.770995664149343,0.770995664149343),
(0.770995664149343,0.770995664149343),(1.,1.),(0.770995664149343,0.770995664149343),
(0.770995664149343,0.770995664149343),(1.,1.)))
REPRESENTATION_ITEM('')
SURFACE()
);
#980=(
BOUNDED_SURFACE()
B_SPLINE_SURFACE(3,1,((#2212,#2213),(#2214,#2215),(#2216,#2217),(#2218,
#2219),(#2220,#2221),(#2222,#2223),(#2224,#2225)),.CYLINDRICAL_SURF.,.F.,
 .F.,.F.)
B_SPLINE_SURFACE_WITH_KNOTS((4,3,4),(2,2),(0.,0.5,1.),(0.,1.),
 .PIECEWISE_BEZIER_KNOTS.)
GEOMETRIC_REPRESENTATION_ITEM()
RATIONAL_B_SPLINE_SURFACE(((1.,1.),(0.770995664148294,0.770995664148294),
(0.770995664148294,0.770995664148294),(1.,1.),(0.770995664148294,0.770995664148294),
(0.770995664148294,0.770995664148294),(1.,1.)))
REPRESENTATION_ITEM('')
SURFACE()
);
#981=(
BOUNDED_SURFACE()
B_SPLINE_SURFACE(3,1,((#2227,#2228),(#2229,#2230),(#2231,#2232),(#2233,
#2234),(#2235,#2236),(#2237,#2238),(#2239,#2240)),.CYLINDRICAL_SURF.,.F.,
 .F.,.F.)
B_SPLINE_SURFACE_WITH_KNOTS((4,3,4),(2,2),(0.,0.5,1.),(0.,1.),
 .PIECEWISE_BEZIER_KNOTS.)
GEOMETRIC_REPRESENTATION_ITEM()
RATIONAL_B_SPLINE_SURFACE(((1.,1.),(0.770995664148474,0.770995664148474),
(0.770995664148474,0.770995664148474),(1.,1.),(0.770995664148474,0.770995664148474),
(0.770995664148474,0.770995664148474),(1.,1.)))
REPRESENTATION_ITEM('')
SURFACE()
);
#982=(
BOUNDED_SURFACE()
B_SPLINE_SURFACE(3,1,((#2254,#2255),(#2256,#2257),(#2258,#2259),(#2260,
#2261),(#2262,#2263),(#2264,#2265),(#2266,#2267)),.CYLINDRICAL_SURF.,.F.,
 .F.,.F.)
B_SPLINE_SURFACE_WITH_KNOTS((4,3,4),(2,2),(0.,0.5,1.),(0.,1.),
 .PIECEWISE_BEZIER_KNOTS.)
GEOMETRIC_REPRESENTATION_ITEM()
RATIONAL_B_SPLINE_SURFACE(((1.,1.),(0.770995664149346,0.770995664149346),
(0.770995664149346,0.770995664149346),(1.,1.),(0.770995664149346,0.770995664149346),
(0.770995664149346,0.770995664149346),(1.,1.)))
REPRESENTATION_ITEM('')
SURFACE()
);
#983=(
BOUNDED_SURFACE()
B_SPLINE_SURFACE(3,1,((#2281,#2282),(#2283,#2284),(#2285,#2286),(#2287,
#2288),(#2289,#2290),(#2291,#2292),(#2293,#2294)),.CYLINDRICAL_SURF.,.F.,
 .F.,.F.)
B_SPLINE_SURFACE_WITH_KNOTS((4,3,4),(2,2),(0.,0.5,1.),(0.,1.),
 .PIECEWISE_BEZIER_KNOTS.)
GEOMETRIC_REPRESENTATION_ITEM()
RATIONAL_B_SPLINE_SURFACE(((1.,1.),(0.770995664149344,0.770995664149344),
(0.770995664149344,0.770995664149344),(1.,1.),(0.770995664149344,0.770995664149344),
(0.770995664149344,0.770995664149344),(1.,1.)))
REPRESENTATION_ITEM('')
SURFACE()
);
#984=(
BOUNDED_SURFACE()
B_SPLINE_SURFACE(3,1,((#2308,#2309),(#2310,#2311),(#2312,#2313),(#2314,
#2315),(#2316,#2317),(#2318,#2319),(#2320,#2321)),.CYLINDRICAL_SURF.,.F.,
 .F.,.F.)
B_SPLINE_SURFACE_WITH_KNOTS((4,3,4),(2,2),(0.,0.5,1.),(0.,1.),
 .PIECEWISE_BEZIER_KNOTS.)
GEOMETRIC_REPRESENTATION_ITEM()
RATIONAL_B_SPLINE_SURFACE(((1.,1.),(0.770995664147307,0.770995664147307),
(0.770995664147307,0.770995664147307),(1.,1.),(0.770995664147308,0.770995664147308),
(0.770995664147308,0.770995664147308),(1.,1.)))
REPRESENTATION_ITEM('')
SURFACE()
);
#985=(
BOUNDED_SURFACE()
B_SPLINE_SURFACE(3,1,((#2335,#2336),(#2337,#2338),(#2339,#2340),(#2341,
#2342),(#2343,#2344),(#2345,#2346),(#2347,#2348)),.CYLINDRICAL_SURF.,.F.,
 .F.,.F.)
B_SPLINE_SURFACE_WITH_KNOTS((4,3,4),(2,2),(0.,0.5,1.),(0.,1.),
 .PIECEWISE_BEZIER_KNOTS.)
GEOMETRIC_REPRESENTATION_ITEM()
RATIONAL_B_SPLINE_SURFACE(((1.,1.),(0.770995664149345,0.770995664149345),
(0.770995664149345,0.770995664149345),(1.,1.),(0.770995664149345,0.770995664149345),
(0.770995664149345,0.770995664149345),(1.,1.)))
REPRESENTATION_ITEM('')
SURFACE()
);
#986=(
BOUNDED_SURFACE()
B_SPLINE_SURFACE(3,1,((#2358,#2359),(#2360,#2361),(#2362,#2363),(#2364,
#2365)),.CYLINDRICAL_SURF.,.F.,.F.,.F.)
B_SPLINE_SURFACE_WITH_KNOTS((4,4),(2,2),(0.196249379856779,0.259315709540168),
(0.045454545455509,0.954545454545455),.PIECEWISE_BEZIER_KNOTS.)
GEOMETRIC_REPRESENTATION_ITEM()
RATIONAL_B_SPLINE_SURFACE(((0.523113033326247,0.523113033326247),(0.505033810229505,
0.505033810229505),(0.497560885638721,0.497560885638721),(0.500694259553894,
0.500694259553894)))
REPRESENTATION_ITEM('')
SURFACE()
);
#987=(
BOUNDED_SURFACE()
B_SPLINE_SURFACE(3,1,((#2366,#2367),(#2368,#2369),(#2370,#2371),(#2372,
#2373)),.CYLINDRICAL_SURF.,.F.,.F.,.F.)
B_SPLINE_SURFACE_WITH_KNOTS((4,4),(2,2),(0.0929683907155324,0.169416075600401),
(0.045454545455509,0.954545454545455),.PIECEWISE_BEZIER_KNOTS.)
GEOMETRIC_REPRESENTATION_ITEM()
RATIONAL_B_SPLINE_SURFACE(((0.697271410515758,0.697271410515758),(0.633246327936862,
0.633246327936862),(0.584805908089317,0.584805908089317),(0.551950150973122,
0.551950150973122)))
REPRESENTATION_ITEM('')
SURFACE()
);
#988=(
BOUNDED_SURFACE()
B_SPLINE_SURFACE(3,1,((#2374,#2375),(#2376,#2377),(#2378,#2379),(#2380,
#2381)),.CYLINDRICAL_SURF.,.F.,.F.,.F.)
B_SPLINE_SURFACE_WITH_KNOTS((4,4),(2,2),(0.944381428685378,1.),(0.0454545454555091,
0.954545454545455),.PIECEWISE_BEZIER_KNOTS.)
GEOMETRIC_REPRESENTATION_ITEM()
RATIONAL_B_SPLINE_SURFACE(((0.802273118542151,0.802273118542151),(0.859932944427888,
0.859932944427888),(0.925841904913838,0.925841904913838),(1.,1.)))
REPRESENTATION_ITEM('')
SURFACE()
);
#989=(
BOUNDED_SURFACE()
B_SPLINE_SURFACE(3,1,((#2383,#2384),(#2385,#2386),(#2387,#2388),(#2389,
#2390)),.CYLINDRICAL_SURF.,.F.,.F.,.F.)
B_SPLINE_SURFACE_WITH_KNOTS((4,4),(2,2),(0.830583924399598,0.907031609284474),
(0.0454545454550944,0.954545454545455),.PIECEWISE_BEZIER_KNOTS.)
GEOMETRIC_REPRESENTATION_ITEM()
RATIONAL_B_SPLINE_SURFACE(((0.551950150973122,0.551950150973122),(0.58480590808932,
0.58480590808932),(0.63324632793687,0.63324632793687),(0.697271410515773,
0.697271410515773)))
REPRESENTATION_ITEM('')
SURFACE()
);
#990=(
BOUNDED_SURFACE()
B_SPLINE_SURFACE(3,1,((#2392,#2393),(#2394,#2395),(#2396,#2397),(#2398,
#2399)),.CYLINDRICAL_SURF.,.F.,.F.,.F.)
B_SPLINE_SURFACE_WITH_KNOTS((4,4),(2,2),(0.740684290459832,0.803750620143221),
(0.0454545454555103,0.954545454545455),.PIECEWISE_BEZIER_KNOTS.)
GEOMETRIC_REPRESENTATION_ITEM()
RATIONAL_B_SPLINE_SURFACE(((0.500694259553894,0.500694259553894),(0.497560885638721,
0.497560885638721),(0.505033810229506,0.505033810229506),(0.523113033326247,
0.523113033326247)))
REPRESENTATION_ITEM('')
SURFACE()
);
#991=(
BOUNDED_SURFACE()
B_SPLINE_SURFACE(3,1,((#2401,#2402),(#2403,#2404),(#2405,#2406),(#2407,
#2408)),.CYLINDRICAL_SURF.,.F.,.F.,.F.)
B_SPLINE_SURFACE_WITH_KNOTS((4,4),(2,2),(0.648312589892324,0.715460901566331),
(0.0454545454545459,0.954545454545455),.PIECEWISE_BEZIER_KNOTS.)
GEOMETRIC_REPRESENTATION_ITEM()
RATIONAL_B_SPLINE_SURFACE(((0.582722634995254,0.582722634995254),(0.546305899490012,
0.546305899490012),(0.521912886013223,0.521912886013223),(0.509543594564885,
0.509543594564885)))
REPRESENTATION_ITEM('')
SURFACE()
);
#992=(
BOUNDED_SURFACE()
B_SPLINE_SURFACE(3,1,((#2410,#2411),(#2412,#2413),(#2414,#2415),(#2416,
#2417)),.CYLINDRICAL_SURF.,.F.,.F.,.F.)
B_SPLINE_SURFACE_WITH_KNOTS((4,4),(2,2),(0.52383792004452,0.617821785960711),
(0.0454545454555092,0.954545454545455),.PIECEWISE_BEZIER_KNOTS.)
GEOMETRIC_REPRESENTATION_ITEM()
RATIONAL_B_SPLINE_SURFACE(((0.90919429127831,0.90919429127831),(0.795831162756376,
0.795831162756376),(0.706022613041248,0.706022613041248),(0.639768642132928,
0.639768642132928)))
REPRESENTATION_ITEM('')
SURFACE()
);
#993=(
BOUNDED_SURFACE()
B_SPLINE_SURFACE(3,1,((#2419,#2420),(#2421,#2422),(#2423,#2424),(#2425,
#2426)),.CYLINDRICAL_SURF.,.F.,.F.,.F.)
B_SPLINE_SURFACE_WITH_KNOTS((4,4),(2,2),(0.382178214039289,0.47616207995548),
(0.0454545454555093,0.954545454545455),.PIECEWISE_BEZIER_KNOTS.)
GEOMETRIC_REPRESENTATION_ITEM()
RATIONAL_B_SPLINE_SURFACE(((0.639768642132928,0.639768642132928),(0.706022613041249,
0.706022613041249),(0.795831162756376,0.795831162756376),(0.90919429127831,
0.90919429127831)))
REPRESENTATION_ITEM('')
SURFACE()
);
#994=(
BOUNDED_SURFACE()
B_SPLINE_SURFACE(1,3,((#2432,#2433,#2434,#2435),(#2436,#2437,#2438,#2439)),
 .CONICAL_SURF.,.F.,.F.,.F.)
B_SPLINE_SURFACE_WITH_KNOTS((2,2),(4,4),(0.00320048434618001,0.0672101712697935),
(0.,0.5),.PIECEWISE_BEZIER_KNOTS.)
GEOMETRIC_REPRESENTATION_ITEM()
RATIONAL_B_SPLINE_SURFACE(((1.,0.333333333333333,0.333333333333333,1.),
(1.,0.333333333333333,0.333333333333333,1.)))
REPRESENTATION_ITEM('')
SURFACE()
);
#995=(
BOUNDED_SURFACE()
B_SPLINE_SURFACE(1,3,((#2440,#2441,#2442,#2443),(#2444,#2445,#2446,#2447)),
 .CONICAL_SURF.,.F.,.F.,.F.)
B_SPLINE_SURFACE_WITH_KNOTS((2,2),(4,4),(0.00990099009900684,0.207920792079209),
(0.5,1.),.PIECEWISE_BEZIER_KNOTS.)
GEOMETRIC_REPRESENTATION_ITEM()
RATIONAL_B_SPLINE_SURFACE(((1.,0.333333333333333,0.333333333333333,1.),
(1.,0.333333333333333,0.333333333333333,1.)))
REPRESENTATION_ITEM('')
SURFACE()
);
#996=ADVANCED_FACE('',(#884),#942,.F.);
#997=ADVANCED_FACE('',(#885),#943,.T.);
#998=ADVANCED_FACE('',(#886),#944,.F.);
#999=ADVANCED_FACE('',(#887),#945,.T.);
#1000=ADVANCED_FACE('',(#888),#946,.F.);
#1001=ADVANCED_FACE('',(#889),#947,.F.);
#1002=ADVANCED_FACE('',(#890),#948,.T.);
#1003=ADVANCED_FACE('',(#891),#949,.T.);
#1004=ADVANCED_FACE('',(#892),#950,.F.);
#1005=ADVANCED_FACE('',(#893),#951,.T.);
#1006=ADVANCED_FACE('',(#894),#952,.T.);
#1007=ADVANCED_FACE('',(#895),#953,.T.);
#1008=ADVANCED_FACE('',(#896),#954,.T.);
#1009=ADVANCED_FACE('',(#897),#955,.F.);
#1010=ADVANCED_FACE('',(#898),#956,.T.);
#1011=ADVANCED_FACE('',(#899),#957,.T.);
#1012=ADVANCED_FACE('',(#900),#958,.T.);
#1013=ADVANCED_FACE('',(#901),#959,.T.);
#1014=ADVANCED_FACE('',(#902),#960,.T.);
#1015=ADVANCED_FACE('',(#903),#961,.T.);
#1016=ADVANCED_FACE('',(#904),#962,.T.);
#1017=ADVANCED_FACE('',(#905),#963,.F.);
#1018=ADVANCED_FACE('',(#906),#964,.F.);
#1019=ADVANCED_FACE('',(#907),#965,.F.);
#1020=ADVANCED_FACE('',(#908),#966,.F.);
#1021=ADVANCED_FACE('',(#909),#967,.F.);
#1022=ADVANCED_FACE('',(#910),#968,.F.);
#1023=ADVANCED_FACE('',(#911),#969,.F.);
#1024=ADVANCED_FACE('',(#912),#970,.F.);
#1025=ADVANCED_FACE('',(#913,#914),#12,.T.);
#1026=ADVANCED_FACE('',(#915),#971,.T.);
#1027=ADVANCED_FACE('',(#916),#972,.T.);
#1028=ADVANCED_FACE('',(#917),#973,.F.);
#1029=ADVANCED_FACE('',(#918),#974,.F.);
#1030=ADVANCED_FACE('',(#919),#975,.T.);
#1031=ADVANCED_FACE('',(#920),#976,.T.);
#1032=ADVANCED_FACE('',(#921),#977,.T.);
#1033=ADVANCED_FACE('',(#922),#978,.F.);
#1034=ADVANCED_FACE('',(#923),#979,.T.);
#1035=ADVANCED_FACE('',(#924),#980,.T.);
#1036=ADVANCED_FACE('',(#925),#981,.T.);
#1037=ADVANCED_FACE('',(#926),#982,.T.);
#1038=ADVANCED_FACE('',(#927),#983,.T.);
#1039=ADVANCED_FACE('',(#928),#984,.T.);
#1040=ADVANCED_FACE('',(#929),#985,.T.);
#1041=ADVANCED_FACE('',(#930),#986,.F.);
#1042=ADVANCED_FACE('',(#931),#987,.F.);
#1043=ADVANCED_FACE('',(#932),#988,.F.);
#1044=ADVANCED_FACE('',(#933),#989,.F.);
#1045=ADVANCED_FACE('',(#934),#990,.F.);
#1046=ADVANCED_FACE('',(#935),#991,.F.);
#1047=ADVANCED_FACE('',(#936),#992,.F.);
#1048=ADVANCED_FACE('',(#937),#993,.F.);
#1049=ADVANCED_FACE('',(#938,#939),#13,.T.);
#1050=ADVANCED_FACE('',(#940),#994,.T.);
#1051=ADVANCED_FACE('',(#941),#995,.F.);
#1052=CLOSED_SHELL('',(#996,#997,#998,#999,#1000,#1001,#1002,#1003,#1004,
#1005,#1006,#1007,#1008,#1009,#1010,#1011,#1012,#1013,#1014,#1015,#1016,
#1017,#1018,#1019,#1020,#1021,#1022,#1023,#1024,#1025,#1026,#1027,#1028,
#1029,#1030,#1031,#1032,#1033,#1034,#1035,#1036,#1037,#1038,#1039,#1040,
#1041,#1042,#1043,#1044,#1045,#1046,#1047,#1048,#1049,#1050,#1051));
#1053=STYLED_ITEM('',(#1054),#1061);
#1054=PRESENTATION_STYLE_ASSIGNMENT((#1055));
#1055=SURFACE_STYLE_USAGE(.BOTH.,#1056);
#1056=SURFACE_SIDE_STYLE('',(#1057));
#1057=SURFACE_STYLE_FILL_AREA(#1058);
#1058=FILL_AREA_STYLE('',(#1059));
#1059=FILL_AREA_STYLE_COLOUR('',#1060);
#1060=COLOUR_RGB('',0.231372549019608,0.380392156862745,0.705882352941177);
#1061=MANIFOLD_SOLID_BREP('Connector',#1052);
#1062=SHAPE_DEFINITION_REPRESENTATION(#2454,#1063);
#1063=SHAPE_REPRESENTATION('Connector',(#1064),#2449);
#1064=AXIS2_PLACEMENT_3D('',#1271,#1121,#1122);
#1065=AXIS2_PLACEMENT_3D('',#1280,#1123,#1124);
#1066=AXIS2_PLACEMENT_3D('',#1286,#1125,#1126);
#1067=AXIS2_PLACEMENT_3D('',#1298,#1127,#1128);
#1068=AXIS2_PLACEMENT_3D('',#1310,#1129,#1130);
#1069=AXIS2_PLACEMENT_3D('',#1322,#1131,#1132);
#1070=AXIS2_PLACEMENT_3D('',#1334,#1133,#1134);
#1071=AXIS2_PLACEMENT_3D('',#1353,#1135,#1136);
#1072=AXIS2_PLACEMENT_3D('',#1359,#1137,#1138);
#1073=AXIS2_PLACEMENT_3D('',#1371,#1139,#1140);
#1074=AXIS2_PLACEMENT_3D('',#1393,#1142,#1143);
#1075=AXIS2_PLACEMENT_3D('',#1407,#1144,#1145);
#1076=AXIS2_PLACEMENT_3D('',#1421,#1146,#1147);
#1077=AXIS2_PLACEMENT_3D('',#1435,#1148,#1149);
#1078=AXIS2_PLACEMENT_3D('',#1449,#1150,#1151);
#1079=AXIS2_PLACEMENT_3D('',#1463,#1152,#1153);
#1080=AXIS2_PLACEMENT_3D('',#1476,#1154,#1155);
#1081=AXIS2_PLACEMENT_3D('',#1482,#1156,#1157);
#1082=AXIS2_PLACEMENT_3D('',#1494,#1158,#1159);
#1083=AXIS2_PLACEMENT_3D('',#1506,#1160,#1161);
#1084=AXIS2_PLACEMENT_3D('',#1518,#1162,#1163);
#1085=AXIS2_PLACEMENT_3D('',#1530,#1164,#1165);
#1086=AXIS2_PLACEMENT_3D('',#1549,#1166,#1167);
#1087=AXIS2_PLACEMENT_3D('',#1562,#1168,#1169);
#1088=AXIS2_PLACEMENT_3D('',#1568,#1170,#1171);
#1089=AXIS2_PLACEMENT_3D('',#1582,#1172,#1173);
#1090=AXIS2_PLACEMENT_3D('',#1593,#1174,#1175);
#1091=AXIS2_PLACEMENT_3D('',#1615,#1177,#1178);
#1092=AXIS2_PLACEMENT_3D('',#1629,#1179,#1180);
#1093=AXIS2_PLACEMENT_3D('',#1643,#1181,#1182);
#1094=AXIS2_PLACEMENT_3D('',#1657,#1183,#1184);
#1095=AXIS2_PLACEMENT_3D('',#1671,#1185,#1186);
#1096=AXIS2_PLACEMENT_3D('',#1685,#1187,#1188);
#1097=AXIS2_PLACEMENT_3D('',#1706,#1189,#1190);
#1098=AXIS2_PLACEMENT_3D('',#1719,#1191,#1192);
#1099=AXIS2_PLACEMENT_3D('',#1733,#1193,#1194);
#1100=AXIS2_PLACEMENT_3D('',#1747,#1195,#1196);
#1101=AXIS2_PLACEMENT_3D('',#1761,#1197,#1198);
#1102=AXIS2_PLACEMENT_3D('',#1830,#1203,#1204);
#1103=AXIS2_PLACEMENT_3D('',#1979,#1218,#1219);
#1104=AXIS2_PLACEMENT_3D('',#1988,#1220,#1221);
#1105=AXIS2_PLACEMENT_3D('',#1997,#1222,#1223);
#1106=AXIS2_PLACEMENT_3D('',#2038,#1224,#1225);
#1107=AXIS2_PLACEMENT_3D('',#2043,#1226,#1227);
#1108=AXIS2_PLACEMENT_3D('',#2052,#1228,#1229);
#1109=AXIS2_PLACEMENT_3D('',#2069,#1230,#1231);
#1110=AXIS2_PLACEMENT_3D('',#2094,#1232,#1233);
#1111=AXIS2_PLACEMENT_3D('',#2107,#1234,#1235);
#1112=AXIS2_PLACEMENT_3D('',#2121,#1236,#1237);
#1113=AXIS2_PLACEMENT_3D('',#2135,#1238,#1239);
#1114=AXIS2_PLACEMENT_3D('',#2149,#1240,#1241);
#1115=AXIS2_PLACEMENT_3D('',#2382,#1259,#1260);
#1116=AXIS2_PLACEMENT_3D('',#2391,#1261,#1262);
#1117=AXIS2_PLACEMENT_3D('',#2400,#1263,#1264);
#1118=AXIS2_PLACEMENT_3D('',#2409,#1265,#1266);
#1119=AXIS2_PLACEMENT_3D('',#2418,#1267,#1268);
#1120=AXIS2_PLACEMENT_3D('',#2431,#1269,#1270);
#1121=DIRECTION('',(0.,0.,1.));
#1122=DIRECTION('',(1.,0.,0.));
#1123=DIRECTION('',(0.,1.,0.));
#1124=DIRECTION('',(0.,0.,1.));
#1125=DIRECTION('',(0.,1.,0.));
#1126=DIRECTION('',(0.,0.,1.));
#1127=DIRECTION('',(0.,1.,0.));
#1128=DIRECTION('',(0.,0.,1.));
#1129=DIRECTION('',(0.,1.,0.));
#1130=DIRECTION('',(0.,0.,1.));
#1131=DIRECTION('',(0.,1.,0.));
#1132=DIRECTION('',(0.,0.,1.));
#1133=DIRECTION('',(0.,1.,0.));
#1134=DIRECTION('',(0.,0.,1.));
#1135=DIRECTION('',(0.,-1.,0.));
#1136=DIRECTION('',(0.,0.,-1.));
#1137=DIRECTION('',(0.,-1.,0.));
#1138=DIRECTION('',(0.,0.,-1.));
#1139=DIRECTION('',(0.,1.,0.));
#1140=DIRECTION('',(0.,0.,1.));
#1141=DIRECTION('',(0.,1.,0.));
#1142=DIRECTION('',(0.,1.,0.));
#1143=DIRECTION('',(0.,0.,1.));
#1144=DIRECTION('',(0.,1.,0.));
#1145=DIRECTION('',(0.,0.,1.));
#1146=DIRECTION('',(0.,1.,0.));
#1147=DIRECTION('',(0.,0.,1.));
#1148=DIRECTION('',(0.,1.,0.));
#1149=DIRECTION('',(0.,0.,1.));
#1150=DIRECTION('',(0.,1.,0.));
#1151=DIRECTION('',(0.,0.,1.));
#1152=DIRECTION('',(0.,1.,0.));
#1153=DIRECTION('',(0.,0.,1.));
#1154=DIRECTION('',(0.,1.,0.));
#1155=DIRECTION('',(0.,0.,1.));
#1156=DIRECTION('',(0.,1.,0.));
#1157=DIRECTION('',(0.,0.,1.));
#1158=DIRECTION('',(0.,1.,0.));
#1159=DIRECTION('',(0.,0.,1.));
#1160=DIRECTION('',(0.,1.,0.));
#1161=DIRECTION('',(0.,0.,1.));
#1162=DIRECTION('',(0.,1.,0.));
#1163=DIRECTION('',(0.,0.,1.));
#1164=DIRECTION('',(0.,1.,0.));
#1165=DIRECTION('',(0.,0.,1.));
#1166=DIRECTION('',(0.,1.,0.));
#1167=DIRECTION('',(0.,0.,1.));
#1168=DIRECTION('',(0.,-1.,0.));
#1169=DIRECTION('',(0.,0.,-1.));
#1170=DIRECTION('',(0.,-1.,0.));
#1171=DIRECTION('',(0.,0.,-1.));
#1172=DIRECTION('',(0.,-1.,0.));
#1173=DIRECTION('',(0.,0.,-1.));
#1174=DIRECTION('',(0.,1.,0.));
#1175=DIRECTION('',(0.,0.,1.));
#1176=DIRECTION('',(0.,-1.,0.));
#1177=DIRECTION('',(0.,1.,0.));
#1178=DIRECTION('',(0.,0.,1.));
#1179=DIRECTION('',(0.,1.,0.));
#1180=DIRECTION('',(0.,0.,1.));
#1181=DIRECTION('',(0.,1.,0.));
#1182=DIRECTION('',(0.,0.,1.));
#1183=DIRECTION('',(0.,1.,0.));
#1184=DIRECTION('',(0.,0.,1.));
#1185=DIRECTION('',(0.,1.,0.));
#1186=DIRECTION('',(0.,0.,1.));
#1187=DIRECTION('',(0.,1.,0.));
#1188=DIRECTION('',(0.,0.,1.));
#1189=DIRECTION('',(0.,1.,0.));
#1190=DIRECTION('',(0.,0.,1.));
#1191=DIRECTION('',(0.,1.,0.));
#1192=DIRECTION('',(0.,0.,1.));
#1193=DIRECTION('',(0.,1.,0.));
#1194=DIRECTION('',(0.,0.,1.));
#1195=DIRECTION('',(0.,1.,0.));
#1196=DIRECTION('',(0.,0.,1.));
#1197=DIRECTION('',(0.,1.,0.));
#1198=DIRECTION('',(0.,0.,1.));
#1199=DIRECTION('',(0.,-1.,0.));
#1200=DIRECTION('',(0.,-1.,0.));
#1201=DIRECTION('',(0.,-1.,0.));
#1202=DIRECTION('',(0.,-1.,0.));
#1203=DIRECTION('',(0.,1.,0.));
#1204=DIRECTION('',(0.,0.,1.));
#1205=DIRECTION('',(0.,-1.,0.));
#1206=DIRECTION('',(0.,-1.,0.));
#1207=DIRECTION('',(0.,-1.,0.));
#1208=DIRECTION('',(0.,-1.,0.));
#1209=DIRECTION('',(0.,-1.,0.));
#1210=DIRECTION('',(0.,-1.,0.));
#1211=DIRECTION('',(0.,-1.,0.));
#1212=DIRECTION('',(0.,-1.,0.));
#1213=DIRECTION('',(0.,-1.,0.));
#1214=DIRECTION('',(0.,-1.,0.));
#1215=DIRECTION('',(0.,-1.,0.));
#1216=DIRECTION('',(0.,-1.,0.));
#1217=DIRECTION('',(0.,-1.,0.));
#1218=DIRECTION('',(0.,1.,0.));
#1219=DIRECTION('',(0.,0.,1.));
#1220=DIRECTION('',(0.,1.,0.));
#1221=DIRECTION('',(0.,0.,1.));
#1222=DIRECTION('',(0.,1.,0.));
#1223=DIRECTION('',(0.,0.,1.));
#1224=DIRECTION('',(0.,1.,0.));
#1225=DIRECTION('',(0.,0.,1.));
#1226=DIRECTION('',(0.,-1.,0.));
#1227=DIRECTION('',(0.,0.,-1.));
#1228=DIRECTION('',(0.,-1.,0.));
#1229=DIRECTION('',(0.,0.,-1.));
#1230=DIRECTION('',(0.,1.,0.));
#1231=DIRECTION('',(0.,0.,1.));
#1232=DIRECTION('',(0.,1.,0.));
#1233=DIRECTION('',(0.,0.,1.));
#1234=DIRECTION('',(0.,1.,0.));
#1235=DIRECTION('',(0.,0.,1.));
#1236=DIRECTION('',(0.,1.,0.));
#1237=DIRECTION('',(0.,0.,1.));
#1238=DIRECTION('',(0.,1.,0.));
#1239=DIRECTION('',(0.,0.,1.));
#1240=DIRECTION('',(0.,1.,0.));
#1241=DIRECTION('',(0.,0.,1.));
#1242=DIRECTION('',(0.,1.,0.));
#1243=DIRECTION('',(0.,1.,0.));
#1244=DIRECTION('',(0.,1.,0.));
#1245=DIRECTION('',(0.,1.,0.));
#1246=DIRECTION('',(0.,1.,0.));
#1247=DIRECTION('',(0.,1.,0.));
#1248=DIRECTION('',(0.,1.,0.));
#1249=DIRECTION('',(0.,1.,0.));
#1250=DIRECTION('',(0.,1.,0.));
#1251=DIRECTION('',(0.,1.,0.));
#1252=DIRECTION('',(0.,1.,0.));
#1253=DIRECTION('',(0.,1.,0.));
#1254=DIRECTION('',(0.,1.,0.));
#1255=DIRECTION('',(0.,1.,0.));
#1256=DIRECTION('',(0.,1.,0.));
#1257=DIRECTION('',(0.,1.,0.));
#1258=DIRECTION('',(0.,1.,0.));
#1259=DIRECTION('',(0.,1.,0.));
#1260=DIRECTION('',(0.,0.,1.));
#1261=DIRECTION('',(0.,1.,0.));
#1262=DIRECTION('',(0.,0.,1.));
#1263=DIRECTION('',(0.,1.,0.));
#1264=DIRECTION('',(0.,0.,1.));
#1265=DIRECTION('',(0.,1.,0.));
#1266=DIRECTION('',(0.,0.,1.));
#1267=DIRECTION('',(0.,1.,0.));
#1268=DIRECTION('',(0.,0.,1.));
#1269=DIRECTION('',(0.,-1.,0.));
#1270=DIRECTION('',(0.,0.,-1.));
#1271=CARTESIAN_POINT('',(0.,0.,0.));
#1272=CARTESIAN_POINT('',(0.,-96.,-10.));
#1273=CARTESIAN_POINT('',(-20.,-96.,-10.));
#1274=CARTESIAN_POINT('',(-20.,-96.,10.));
#1275=CARTESIAN_POINT('',(0.,-96.,10.));
#1276=CARTESIAN_POINT('',(0.,-98.,-7.99999999999999));
#1277=CARTESIAN_POINT('',(-16.,-98.,-7.99999999999999));
#1278=CARTESIAN_POINT('',(-16.,-98.,7.99999999999999));
#1279=CARTESIAN_POINT('',(0.,-98.,7.99999999999999));
#1280=CARTESIAN_POINT('',(0.,-96.,1.10218211923262E-15));
#1281=CARTESIAN_POINT('',(1.22464679914735E-15,-96.,10.));
#1282=CARTESIAN_POINT('',(-2.46458315613444,-96.,9.69153392742854));
#1283=CARTESIAN_POINT('',(0.,-95.9,10.1));
#1284=CARTESIAN_POINT('',(0.,-106.,4.4491643912715E-15));
#1285=CARTESIAN_POINT('',(0.,-98.,8.));
#1286=CARTESIAN_POINT('',(0.,-98.,4.89858719658941E-16));
#1287=CARTESIAN_POINT('',(9.79717439317883E-16,-98.,-8.));
#1288=CARTESIAN_POINT('',(0.,-95.9,-10.1));
#1289=CARTESIAN_POINT('',(0.,-106.,-3.46944695195361E-15));
#1290=CARTESIAN_POINT('',(3.04841410957372E-14,-97.,-9.));
#1291=CARTESIAN_POINT('',(1.54095658286143E-14,-97.,-9.));
#1292=CARTESIAN_POINT('',(-0.15502814777761,-97.,-9.));
#1293=CARTESIAN_POINT('',(-0.461862275365699,-96.9124688365975,-9.07845545388592));
#1294=CARTESIAN_POINT('',(-0.867431578085967,-96.554357239608,-9.40756780258977));
#1295=CARTESIAN_POINT('',(-0.9877004662724,-96.2206986383499,-9.72930136165017));
#1296=CARTESIAN_POINT('',(-0.998749217771909,-96.,-9.95));
#1297=CARTESIAN_POINT('',(-0.99874921777191,-96.,-9.95));
#1298=CARTESIAN_POINT('',(0.,-96.,1.10218211923262E-15));
#1299=CARTESIAN_POINT('',(-5.63065042803747,-96.,-8.26412583140174));
#1300=CARTESIAN_POINT('',(-5.63065042803747,-96.,-8.26412583140174));
#1301=CARTESIAN_POINT('',(-5.49714984205558,-96.2208675068914,-8.08782407038845));
#1302=CARTESIAN_POINT('',(-5.38285572888681,-96.5525563201528,-7.76617217063205));
#1303=CARTESIAN_POINT('',(-5.48115959933908,-96.9122505001272,-7.25208872379613));
#1304=CARTESIAN_POINT('',(-5.75877002973728,-97.0436950717128,-6.86536219983525));
#1305=CARTESIAN_POINT('',(-6.18887803695641,-96.9129645849407,-6.65741002979375));
#1306=CARTESIAN_POINT('',(-6.71102499571195,-96.5546928759132,-6.64906947671582));
#1307=CARTESIAN_POINT('',(-7.01040160043174,-96.2208384329661,-6.81809303137054));
#1308=CARTESIAN_POINT('',(-7.16082300472467,-96.,-6.98015858666593));
#1309=CARTESIAN_POINT('',(-7.16082300472467,-96.,-6.98015858666592));
#1310=CARTESIAN_POINT('',(0.,-96.,1.10218211923262E-15));
#1311=CARTESIAN_POINT('',(-9.62540616085911,-96.,-2.71137534076261));
#1312=CARTESIAN_POINT('',(-9.6254061608591,-96.,-2.71137534076261));
#1313=CARTESIAN_POINT('',(-9.40971987424488,-96.2209641318541,-2.66211133642352));
#1314=CARTESIAN_POINT('',(-9.11528944935735,-96.5528031074911,-2.48906815025425));
#1315=CARTESIAN_POINT('',(-8.86016605168596,-96.9125672335465,-2.03167906049344));
#1316=CARTESIAN_POINT('',(-8.82453964125932,-97.0437580152038,-1.55662113127335));
#1317=CARTESIAN_POINT('',(-9.02091519795155,-96.9124002640039,-1.12098885105731));
#1318=CARTESIAN_POINT('',(-9.41532321437902,-96.5542923274841,-0.779183095915129));
#1319=CARTESIAN_POINT('',(-9.75600236386955,-96.2176804578259,-0.717155673633432));
#1320=CARTESIAN_POINT('',(-9.97226812408384,-96.,-0.7442233948093));
#1321=CARTESIAN_POINT('',(-9.97226812408384,-96.,-0.744223394809298));
#1322=CARTESIAN_POINT('',(0.,-96.,1.10218211923262E-15));
#1323=CARTESIAN_POINT('',(-9.11632737654112,-96.,4.11005780539969));
#1324=CARTESIAN_POINT('',(-9.11632737654112,-96.,4.11005780539969));
#1325=CARTESIAN_POINT('',(-8.91952190195231,-96.2208675068914,4.00919987281248));
#1326=CARTESIAN_POINT('',(-8.58290965283131,-96.5525563201528,3.95249641027604));
#1327=CARTESIAN_POINT('',(-8.09370657665373,-96.9122505001272,4.13857647776026));
#1328=CARTESIAN_POINT('',(-7.76106184290151,-97.0436950717129,4.47912373807476));
#1329=CARTESIAN_POINT('',(-7.63095640524248,-96.9129645849407,4.93880795358642));
#1330=CARTESIAN_POINT('',(-7.71341243176917,-96.5546928759133,5.45447064862334));
#1331=CARTESIAN_POINT('',(-7.9318543406805,-96.2208384329662,5.71994841777327));
#1332=CARTESIAN_POINT('',(-8.11757815876921,-96.,5.83994219460031));
#1333=CARTESIAN_POINT('',(-8.11757815876921,-96.,5.83994219460032));
#1334=CARTESIAN_POINT('',(0.,-96.,1.10218211923262E-15));
#1335=CARTESIAN_POINT('',(-4.34161769604636,-96.,9.00834922621104));
#1336=CARTESIAN_POINT('',(-4.34161769604636,-96.,9.00834922621104));
#1337=CARTESIAN_POINT('',(-4.25568618526787,-96.2208675068914,8.80458344682398));
#1338=CARTESIAN_POINT('',(-4.0342745254877,-96.5525563201528,8.54477589143863));
#1339=CARTESIAN_POINT('',(-3.53991326563664,-96.9122505001272,8.37286781712264));
#1340=CARTESIAN_POINT('',(-3.06619305637012,-97.0436950717128,8.41992224022256));
#1341=CARTESIAN_POINT('',(-2.67104719073252,-96.9129645849407,8.68843061582468));
#1342=CARTESIAN_POINT('',(-2.40275058050764,-96.5546928759132,9.1364528700768));
#1343=CARTESIAN_POINT('',(-2.39944097031667,-96.2208384329661,9.48023239239024));
#1344=CARTESIAN_POINT('',(-2.46458315613445,-95.9999999999999,9.69153392742854));
#1345=CARTESIAN_POINT('',(0.,-76.,-15.5726353863185));
#1346=CARTESIAN_POINT('',(31.145270772637,-76.,-15.5726353863185));
#1347=CARTESIAN_POINT('',(31.145270772637,-76.,15.5726353863185));
#1348=CARTESIAN_POINT('',(0.,-76.,15.5726353863185));
#1349=CARTESIAN_POINT('',(0.,-75.,-14.5726353863185));
#1350=CARTESIAN_POINT('',(29.145270772637,-75.,-14.5726353863185));
#1351=CARTESIAN_POINT('',(29.145270772637,-75.,14.5726353863185));
#1352=CARTESIAN_POINT('',(0.,-75.,14.5726353863185));
#1353=CARTESIAN_POINT('',(0.,-76.,0.));
#1354=CARTESIAN_POINT('',(1.90709780801438E-15,-76.,15.5726353863185));
#1355=CARTESIAN_POINT('',(0.,-76.,-15.5726353863185));
#1356=CARTESIAN_POINT('',(0.,-76.05,-15.6226353863185));
#1357=CARTESIAN_POINT('',(0.,-60.4273646136815,2.08166817117217E-14));
#1358=CARTESIAN_POINT('',(0.,-75.,-14.5726353863185));
#1359=CARTESIAN_POINT('',(0.,-75.,0.));
#1360=CARTESIAN_POINT('',(0.,-75.,14.5726353863185));
#1361=CARTESIAN_POINT('',(0.,-76.05,15.6226353863185));
#1362=CARTESIAN_POINT('',(0.,-60.4273646136815,-2.08166817117217E-14));
#1363=CARTESIAN_POINT('',(1.22464679914735E-15,-75.6404905994663,10.));
#1364=CARTESIAN_POINT('',(1.22464679914735E-15,-96.,10.));
#1365=CARTESIAN_POINT('',(-0.800980110022927,-75.6404905994663,10.));
#1366=CARTESIAN_POINT('',(-0.800980110022927,-96.,10.));
#1367=CARTESIAN_POINT('',(-1.62881369390165,-75.6404905994663,9.90407235059819));
#1368=CARTESIAN_POINT('',(-1.62881369390165,-96.,9.90407235059819));
#1369=CARTESIAN_POINT('',(-2.46458315613485,-75.6404905994663,9.69153392742843));
#1370=CARTESIAN_POINT('',(-2.46458315613485,-96.,9.69153392742843));
#1371=CARTESIAN_POINT('',(0.,-75.6404905994775,0.));
#1372=CARTESIAN_POINT('',(-2.46458315613691,-75.6404905994663,9.69153392743655));
#1373=CARTESIAN_POINT('',(0.,-75.6404905994775,10.));
#1374=CARTESIAN_POINT('',(1.22464679914735E-15,-74.6225151294287,10.));
#1375=CARTESIAN_POINT('',(1.22464679914735E-15,-97.0179754700272,10.));
#1376=CARTESIAN_POINT('',(-2.46458315613444,-85.108782140203,9.69153392742854));
#1377=CARTESIAN_POINT('',(0.,-75.,-10.5726353863185));
#1378=CARTESIAN_POINT('',(21.145270772637,-75.,-10.5726353863185));
#1379=CARTESIAN_POINT('',(21.145270772637,-75.,10.5726353863185));
#1380=CARTESIAN_POINT('',(0.,-75.,10.5726353863185));
#1381=CARTESIAN_POINT('',(0.,-75.9645943204995,-9.54805908589519));
#1382=CARTESIAN_POINT('',(19.0961181717904,-75.9645943204994,-9.54805908589519));
#1383=CARTESIAN_POINT('',(19.0961181717904,-75.9645943204994,9.54805908589519));
#1384=CARTESIAN_POINT('',(0.,-75.9645943204995,9.54805908589519));
#1385=CARTESIAN_POINT('',(0.,-77.2575843281817,-8.99336569797623));
#1386=CARTESIAN_POINT('',(17.9867313959525,-77.2575843281817,-8.99336569797623));
#1387=CARTESIAN_POINT('',(17.9867313959525,-77.2575843281817,8.99336569797623));
#1388=CARTESIAN_POINT('',(0.,-77.2575843281817,8.99336569797623));
#1389=CARTESIAN_POINT('',(0.,-78.6642726453901,-9.00005655889067));
#1390=CARTESIAN_POINT('',(18.0001131177813,-78.6642726453901,-9.00005655889067));
#1391=CARTESIAN_POINT('',(18.0001131177813,-78.6642726453901,9.00005655889067));
#1392=CARTESIAN_POINT('',(0.,-78.6642726453901,9.00005655889067));
#1393=CARTESIAN_POINT('',(0.,-75.,0.));
#1394=CARTESIAN_POINT('',(0.,-75.,10.5726353863185));
#1395=CARTESIAN_POINT('',(0.,-75.,-10.5726353863185));
#1396=CARTESIAN_POINT('',(0.,-74.4222590103369,-11.3155033506491));
#1397=CARTESIAN_POINT('',(0.,-75.557905554086,-9.53102724556655));
#1398=CARTESIAN_POINT('',(0.,-77.499668519758,-8.6922158084221));
#1399=CARTESIAN_POINT('',(0.,-79.5773971724061,-9.08856374635656));
#1400=CARTESIAN_POINT('',(5.51091059616309E-16,-78.6404905994775,-9.));
#1401=CARTESIAN_POINT('',(0.998749217771895,-75.6404905994777,-9.94999999999981));
#1402=CARTESIAN_POINT('',(0.981682890510432,-76.0950234262127,-9.60910037994862));
#1403=CARTESIAN_POINT('',(0.656906793983033,-77.0874693320852,-9.14004932149276));
#1404=CARTESIAN_POINT('',(0.219044688632561,-78.1241960288716,-9.));
#1405=CARTESIAN_POINT('',(7.74234542899494E-31,-78.6404905994775,-9.));
#1406=CARTESIAN_POINT('',(0.99874921777191,-75.6404905994779,-9.95));
#1407=CARTESIAN_POINT('',(0.,-75.6404905994775,0.));
#1408=CARTESIAN_POINT('',(5.63065042803747,-75.6404905994775,-8.26412583140174));
#1409=CARTESIAN_POINT('',(5.63065042803747,-75.6404905994775,-8.26412583140174));
#1410=CARTESIAN_POINT('',(5.42459794128484,-76.0950234262123,-7.99201154809378));
#1411=CARTESIAN_POINT('',(5.37189066325757,-77.0874693283971,-7.42393553486964));
#1412=CARTESIAN_POINT('',(5.61729050734477,-78.1241960362445,-7.03519921106192));
#1413=CARTESIAN_POINT('',(5.78508848717886,-78.6404905994772,-6.8943999880708));
#1414=CARTESIAN_POINT('',(5.78508848717886,-78.6404905994775,-6.89439998807081));
#1415=CARTESIAN_POINT('',(7.16082300473569,-75.6404905994559,-6.9801585866778));
#1416=CARTESIAN_POINT('',(6.92862338765725,-76.0950234261926,-6.72998435077495));
#1417=CARTESIAN_POINT('',(6.37833025497816,-77.0874693320809,-6.57943244465699));
#1418=CARTESIAN_POINT('',(5.95288645367099,-78.1241960288503,-6.75360077627495));
#1419=CARTESIAN_POINT('',(5.78508848717886,-78.6404905994775,-6.8943999880708));
#1420=CARTESIAN_POINT('',(7.1608230047357,-75.6404905994559,-6.98015858667781));
#1421=CARTESIAN_POINT('',(0.,-75.6404905994775,0.));
#1422=CARTESIAN_POINT('',(9.62540616085911,-75.6404905994775,-2.71137534076261));
#1423=CARTESIAN_POINT('',(9.62540616085911,-75.6404905994775,-2.71137534076261));
#1424=CARTESIAN_POINT('',(9.29264910866232,-76.0950234262123,-2.63537169157094));
#1425=CARTESIAN_POINT('',(8.8871207685563,-77.0874693283987,-2.23407980363152));
#1426=CARTESIAN_POINT('',(8.82523306308494,-78.1241960362412,-1.77855052373022));
#1427=CARTESIAN_POINT('',(8.86326977710988,-78.6404905994772,-1.56283359900237));
#1428=CARTESIAN_POINT('',(8.86326977710988,-78.6404905994775,-1.56283359900237));
#1429=CARTESIAN_POINT('',(9.9722681240838,-75.6404905994776,-0.744223394808768));
#1430=CARTESIAN_POINT('',(9.63357991211661,-76.0950289105396,-0.701833336956109));
#1431=CARTESIAN_POINT('',(9.11530524712148,-77.0867671599367,-0.93993020478539));
#1432=CARTESIAN_POINT('',(8.90119805521621,-78.1256678521497,-1.34773164492847));
#1433=CARTESIAN_POINT('',(8.86326977710987,-78.6404905994775,-1.56283359900237));
#1434=CARTESIAN_POINT('',(9.97226812408369,-75.6404905994777,-0.744223394809281));
#1435=CARTESIAN_POINT('',(0.,-75.6404905994775,0.));
#1436=CARTESIAN_POINT('',(9.11632737654112,-75.6404905994775,4.11005780539969));
#1437=CARTESIAN_POINT('',(9.11632737654112,-75.6404905994775,4.11005780539969));
#1438=CARTESIAN_POINT('',(8.81256648180574,-76.0950234262123,3.95438786833182));
#1439=CARTESIAN_POINT('',(8.24396829690213,-77.0874693283963,4.00112669676477));
#1440=CARTESIAN_POINT('',(7.9037509870673,-78.1241960362462,4.31030172002684));
#1441=CARTESIAN_POINT('',(7.79422863405995,-78.6404905994772,4.5));
#1442=CARTESIAN_POINT('',(7.79422863405995,-78.6404905994775,4.5));
#1443=CARTESIAN_POINT('',(8.1175781587692,-75.6404905994775,5.8399421946003));
#1444=CARTESIAN_POINT('',(7.83088359129506,-76.0950234262125,5.654712511617));
#1445=CARTESIAN_POINT('',(7.58706150725437,-77.0874693320932,5.13892263227089));
#1446=CARTESIAN_POINT('',(7.68470628976279,-78.1241960288553,4.68969826488673));
#1447=CARTESIAN_POINT('',(7.79422863405996,-78.6404905994775,4.49999999999999));
#1448=CARTESIAN_POINT('',(8.11757815876921,-75.6404905994775,5.83994219460031));
#1449=CARTESIAN_POINT('',(0.,-75.6404905994775,0.));
#1450=CARTESIAN_POINT('',(4.34161769604906,-75.6404905994682,9.00834922621743));
#1451=CARTESIAN_POINT('',(4.34161769604906,-75.6404905994682,9.00834922621743));
#1452=CARTESIAN_POINT('',(4.20898605734936,-76.0950234262037,8.69384539651966));
#1453=CARTESIAN_POINT('',(3.74337143762818,-77.0874693283913,8.36416154816864));
#1454=CARTESIAN_POINT('',(3.28401598379342,-78.1241960362433,8.382315885328));
#1455=CARTESIAN_POINT('',(3.07818128993102,-78.6404905994772,8.45723358707318));
#1456=CARTESIAN_POINT('',(3.07818128993102,-78.6404905994775,8.45723358707318));
#1457=CARTESIAN_POINT('',(2.46458315613448,-75.6404905994775,9.69153392742854));
#1458=CARTESIAN_POINT('',(2.36402572101634,-76.0950234262125,9.36535604234166));
#1459=CARTESIAN_POINT('',(2.50879051206009,-77.0874693320989,8.81351225686681));
#1460=CARTESIAN_POINT('',(2.8723466124617,-78.124196028844,8.5321512828518));
#1461=CARTESIAN_POINT('',(3.07818128993102,-78.6404905994775,8.45723358707318));
#1462=CARTESIAN_POINT('',(2.46458315613445,-75.6404905994775,9.69153392742854));
#1463=CARTESIAN_POINT('',(0.,-75.6404905994775,0.));
#1464=CARTESIAN_POINT('',(0.,-74.4222590103369,11.3155033506491));
#1465=CARTESIAN_POINT('',(0.,-75.557905554086,9.53102724556655));
#1466=CARTESIAN_POINT('',(0.,-77.499668519758,8.6922158084221));
#1467=CARTESIAN_POINT('',(0.,-79.5773971724061,9.08856374635656));
#1468=CARTESIAN_POINT('',(0.,-104.,-10.));
#1469=CARTESIAN_POINT('',(20.,-104.,-10.));
#1470=CARTESIAN_POINT('',(20.,-104.,10.));
#1471=CARTESIAN_POINT('',(0.,-104.,10.));
#1472=CARTESIAN_POINT('',(0.,-102.,-8.));
#1473=CARTESIAN_POINT('',(16.,-102.,-8.));
#1474=CARTESIAN_POINT('',(16.,-102.,8.));
#1475=CARTESIAN_POINT('',(0.,-102.,8.));
#1476=CARTESIAN_POINT('',(0.,-104.,1.10218211923262E-15));
#1477=CARTESIAN_POINT('',(2.46458315613445,-104.,9.69153392742854));
#1478=CARTESIAN_POINT('',(0.,-104.,10.));
#1479=CARTESIAN_POINT('',(0.,-104.1,10.1));
#1480=CARTESIAN_POINT('',(0.,-94.,4.4491643912715E-15));
#1481=CARTESIAN_POINT('',(0.,-102.,8.));
#1482=CARTESIAN_POINT('',(0.,-102.,4.89858719658941E-16));
#1483=CARTESIAN_POINT('',(9.79717439317883E-16,-102.,-8.));
#1484=CARTESIAN_POINT('',(0.,-104.1,-10.1));
#1485=CARTESIAN_POINT('',(0.,-94.,-3.46944695195361E-15));
#1486=CARTESIAN_POINT('',(3.07382197244251E-14,-103.,-9.));
#1487=CARTESIAN_POINT('',(0.998749217771908,-104.,-9.94999999999998));
#1488=CARTESIAN_POINT('',(0.987685012865439,-103.778992680088,-9.72899268008797));
#1489=CARTESIAN_POINT('',(0.86865043476535,-103.447112088822,-9.40894829755901));
#1490=CARTESIAN_POINT('',(0.461561455289596,-103.087248731343,-9.07818977140111));
#1491=CARTESIAN_POINT('',(0.155224543193592,-103.,-9.00000000000001));
#1492=CARTESIAN_POINT('',(1.56636444573028E-14,-103.,-9.));
#1493=CARTESIAN_POINT('',(0.99874921777191,-104.,-9.95));
#1494=CARTESIAN_POINT('',(0.,-104.,1.10218211923262E-15));
#1495=CARTESIAN_POINT('',(5.63065042803747,-104.,-8.26412583140174));
#1496=CARTESIAN_POINT('',(7.16082300472467,-104.,-6.98015858666592));
#1497=CARTESIAN_POINT('',(7.0103817970823,-103.779132493109,-6.81807169503986));
#1498=CARTESIAN_POINT('',(6.71346347690089,-103.447443679847,-6.6496597000318));
#1499=CARTESIAN_POINT('',(6.19011982480006,-103.087749499873,-6.65720046009248));
#1500=CARTESIAN_POINT('',(5.76106200036789,-102.956304928287,-6.86343900812442));
#1501=CARTESIAN_POINT('',(5.48158161940176,-103.087035415059,-7.25090219289687));
#1502=CARTESIAN_POINT('',(5.38269791020398,-103.445307124087,-7.76366824424836));
#1503=CARTESIAN_POINT('',(5.49716741542391,-103.779161567034,-8.08784727789544));
#1504=CARTESIAN_POINT('',(5.63065042803747,-104.,-8.26412583140173));
#1505=CARTESIAN_POINT('',(7.16082300472466,-104.,-6.98015858666592));
#1506=CARTESIAN_POINT('',(0.,-104.,1.10218211923262E-15));
#1507=CARTESIAN_POINT('',(9.62540616085911,-104.,-2.71137534076261));
#1508=CARTESIAN_POINT('',(9.97226812408384,-104.,-0.7442233948093));
#1509=CARTESIAN_POINT('',(9.7527400303229,-103.779035868146,-0.716747361495923));
#1510=CARTESIAN_POINT('',(9.41688167738604,-103.447196892509,-0.778653630497012));
#1511=CARTESIAN_POINT('',(9.02070782116885,-103.087432766454,-1.12120144193592));
#1512=CARTESIAN_POINT('',(8.82475056514598,-102.956241984796,-1.55542492246956));
#1513=CARTESIAN_POINT('',(8.86028821175562,-103.087599735996,-2.03194975761026));
#1514=CARTESIAN_POINT('',(9.11400606100807,-103.445707672516,-2.48803758976685));
#1515=CARTESIAN_POINT('',(9.41292511598102,-103.782319542174,-2.66284343230814));
#1516=CARTESIAN_POINT('',(9.62540616085911,-104.,-2.71137534076261));
#1517=CARTESIAN_POINT('',(9.97226812408384,-104.,-0.7442233948093));
#1518=CARTESIAN_POINT('',(0.,-104.,1.10218211923262E-15));
#1519=CARTESIAN_POINT('',(9.11632737654112,-104.,4.11005780539969));
#1520=CARTESIAN_POINT('',(8.11757815876921,-104.,5.83994219460031));
#1521=CARTESIAN_POINT('',(7.93174862865797,-103.779035868146,5.71988011859134));
#1522=CARTESIAN_POINT('',(7.71425878639141,-103.447196892509,5.45657157735126));
#1523=CARTESIAN_POINT('',(7.6309574942454,-103.087432766454,4.93950908383778));
#1524=CARTESIAN_POINT('',(7.75995900030222,-102.956241984796,4.48091570330355));
#1525=CARTESIAN_POINT('',(8.09348667674545,-103.087599735996,4.13871966025391));
#1526=CARTESIAN_POINT('',(8.58101343272437,-103.445707672516,3.95242280071199));
#1527=CARTESIAN_POINT('',(8.92236174341517,-103.782319542174,4.01065522124431));
#1528=CARTESIAN_POINT('',(9.11632737654112,-104.,4.11005780539969));
#1529=CARTESIAN_POINT('',(8.11757815876921,-104.,5.83994219460031));
#1530=CARTESIAN_POINT('',(0.,-104.,1.10218211923262E-15));
#1531=CARTESIAN_POINT('',(4.34161769604636,-104.,9.00834922621104));
#1532=CARTESIAN_POINT('',(2.46458315613445,-104.,9.69153392742854));
#1533=CARTESIAN_POINT('',(2.39940389207713,-103.779035868146,9.48011212180316));
#1534=CARTESIAN_POINT('',(2.40204847480775,-103.447196892509,9.13860630111882));
#1535=CARTESIAN_POINT('',(2.67059734711881,-103.087432766454,8.6889684127552));
#1536=CARTESIAN_POINT('',(3.06419637687927,-102.956241984796,8.42058607167007));
#1537=CARTESIAN_POINT('',(3.53965277660101,-103.087599735996,8.37283615233983));
#1538=CARTESIAN_POINT('',(4.0328692519276,-103.445707672516,8.54350063645117));
#1539=CARTESIAN_POINT('',(4.25692615010006,-103.782319542174,8.80752372330876));
#1540=CARTESIAN_POINT('',(4.34161769604636,-104.,9.00834922621104));
#1541=CARTESIAN_POINT('',(9.79717439317883E-16,-102.,-8.));
#1542=CARTESIAN_POINT('',(9.79717439317883E-16,-98.,-8.));
#1543=CARTESIAN_POINT('',(-16.,-102.,-8.));
#1544=CARTESIAN_POINT('',(-16.,-98.,-8.));
#1545=CARTESIAN_POINT('',(-16.,-102.,8.));
#1546=CARTESIAN_POINT('',(-16.,-98.,8.));
#1547=CARTESIAN_POINT('',(0.,-102.,8.));
#1548=CARTESIAN_POINT('',(0.,-98.,8.));
#1549=CARTESIAN_POINT('',(0.,-102.,4.89858719658941E-16));
#1550=CARTESIAN_POINT('',(9.79717439317883E-16,-102.2,-8.));
#1551=CARTESIAN_POINT('',(9.79717439317883E-16,-97.8,-8.));
#1552=CARTESIAN_POINT('',(0.,-102.2,8.));
#1553=CARTESIAN_POINT('',(0.,-97.8,8.));
#1554=CARTESIAN_POINT('',(0.,-124.,-15.5726353863185));
#1555=CARTESIAN_POINT('',(-31.145270772637,-124.,-15.5726353863185));
#1556=CARTESIAN_POINT('',(-31.145270772637,-124.,15.5726353863185));
#1557=CARTESIAN_POINT('',(0.,-124.,15.5726353863185));
#1558=CARTESIAN_POINT('',(0.,-125.,-14.5726353863185));
#1559=CARTESIAN_POINT('',(-29.145270772637,-125.,-14.5726353863185));
#1560=CARTESIAN_POINT('',(-29.145270772637,-125.,14.5726353863185));
#1561=CARTESIAN_POINT('',(0.,-125.,14.5726353863185));
#1562=CARTESIAN_POINT('',(0.,-124.,0.));
#1563=CARTESIAN_POINT('',(0.,-124.,-15.5726353863185));
#1564=CARTESIAN_POINT('',(1.90709780801438E-15,-124.,15.5726353863185));
#1565=CARTESIAN_POINT('',(0.,-123.95,-15.6226353863185));
#1566=CARTESIAN_POINT('',(0.,-139.572635386319,2.60208521396521E-14));
#1567=CARTESIAN_POINT('',(0.,-125.,-14.5726353863185));
#1568=CARTESIAN_POINT('',(0.,-125.,0.));
#1569=CARTESIAN_POINT('',(0.,-125.,14.5726353863185));
#1570=CARTESIAN_POINT('',(0.,-123.95,15.6226353863185));
#1571=CARTESIAN_POINT('',(0.,-139.572635386319,-2.60208521396521E-14));
#1572=CARTESIAN_POINT('',(0.,-76.,-15.5726353863185));
#1573=CARTESIAN_POINT('',(0.,-124.,-15.5726353863185));
#1574=CARTESIAN_POINT('',(31.145270772637,-76.,-15.5726353863185));
#1575=CARTESIAN_POINT('',(31.145270772637,-124.,-15.5726353863185));
#1576=CARTESIAN_POINT('',(31.145270772637,-76.,15.5726353863185));
#1577=CARTESIAN_POINT('',(31.145270772637,-124.,15.5726353863185));
#1578=CARTESIAN_POINT('',(1.90709780801438E-15,-76.,15.5726353863185));
#1579=CARTESIAN_POINT('',(1.90709780801438E-15,-124.,15.5726353863185));
#1580=CARTESIAN_POINT('',(1.90709780801438E-15,-73.6,15.5726353863185));
#1581=CARTESIAN_POINT('',(1.90709780801438E-15,-126.4,15.5726353863185));
#1582=CARTESIAN_POINT('',(0.,-124.,0.));
#1583=CARTESIAN_POINT('',(0.,-73.6,-15.5726353863185));
#1584=CARTESIAN_POINT('',(0.,-126.4,-15.5726353863185));
#1585=CARTESIAN_POINT('',(0.,-124.359509400523,10.));
#1586=CARTESIAN_POINT('',(0.,-104.,10.));
#1587=CARTESIAN_POINT('',(0.800980110022798,-124.359509400523,10.));
#1588=CARTESIAN_POINT('',(0.800980110022798,-104.,10.));
#1589=CARTESIAN_POINT('',(1.62881369390139,-124.359509400523,9.90407235059822));
#1590=CARTESIAN_POINT('',(1.62881369390139,-104.,9.90407235059822));
#1591=CARTESIAN_POINT('',(2.46458315613445,-124.359509400523,9.69153392742854));
#1592=CARTESIAN_POINT('',(2.46458315613445,-104.,9.69153392742853));
#1593=CARTESIAN_POINT('',(0.,-124.359509400523,0.));
#1594=CARTESIAN_POINT('',(0.,-124.359509400523,10.));
#1595=CARTESIAN_POINT('',(2.46458315613445,-124.359509400523,9.69153392742854));
#1596=CARTESIAN_POINT('',(0.,-125.377484870571,10.));
#1597=CARTESIAN_POINT('',(0.,-102.982024529973,10.));
#1598=CARTESIAN_POINT('',(2.46458315613445,-114.891107088412,9.69153392742854));
#1599=CARTESIAN_POINT('',(0.,-125.,-10.5726353863185));
#1600=CARTESIAN_POINT('',(-21.1452707726369,-125.,-10.5726353863185));
#1601=CARTESIAN_POINT('',(-21.1452707726369,-125.,10.5726353863185));
#1602=CARTESIAN_POINT('',(0.,-125.,10.5726353863185));
#1603=CARTESIAN_POINT('',(0.,-124.035405679501,-9.54805908589518));
#1604=CARTESIAN_POINT('',(-19.0961181717904,-124.035405679501,-9.54805908589518));
#1605=CARTESIAN_POINT('',(-19.0961181717904,-124.035405679501,9.54805908589518));
#1606=CARTESIAN_POINT('',(0.,-124.035405679501,9.54805908589518));
#1607=CARTESIAN_POINT('',(0.,-122.742415671818,-8.99336569797624));
#1608=CARTESIAN_POINT('',(-17.9867313959525,-122.742415671818,-8.99336569797624));
#1609=CARTESIAN_POINT('',(-17.9867313959525,-122.742415671818,8.99336569797624));
#1610=CARTESIAN_POINT('',(0.,-122.742415671818,8.99336569797624));
#1611=CARTESIAN_POINT('',(0.,-121.33572735461,-9.00005655889067));
#1612=CARTESIAN_POINT('',(-18.0001131177813,-121.33572735461,-9.00005655889067));
#1613=CARTESIAN_POINT('',(-18.0001131177813,-121.33572735461,9.00005655889067));
#1614=CARTESIAN_POINT('',(0.,-121.33572735461,9.00005655889067));
#1615=CARTESIAN_POINT('',(0.,-125.,0.));
#1616=CARTESIAN_POINT('',(0.,-125.,-10.5726353863185));
#1617=CARTESIAN_POINT('',(0.,-125.,10.5726353863185));
#1618=CARTESIAN_POINT('',(0.,-125.577740989663,-11.315503350649));
#1619=CARTESIAN_POINT('',(0.,-124.442094445914,-9.53102724556654));
#1620=CARTESIAN_POINT('',(0.,-122.500331480242,-8.6922158084221));
#1621=CARTESIAN_POINT('',(0.,-120.422602827594,-9.08856374635656));
#1622=CARTESIAN_POINT('',(5.51091059616309E-16,-121.359509400523,-9.));
#1623=CARTESIAN_POINT('',(-0.99874921777191,-124.359509400523,-9.95));
#1624=CARTESIAN_POINT('',(-0.981682890510519,-123.904976573788,-9.60910037994893));
#1625=CARTESIAN_POINT('',(-0.656906785287862,-122.912530671606,-9.14004932149316));
#1626=CARTESIAN_POINT('',(-0.219044706024194,-121.87580396375,-9.00000000000002));
#1627=CARTESIAN_POINT('',(2.470987523065E-83,-121.359509400523,-9.));
#1628=CARTESIAN_POINT('',(-0.99874921777191,-124.359509400523,-9.95));
#1629=CARTESIAN_POINT('',(0.,-124.359509400523,0.));
#1630=CARTESIAN_POINT('',(-5.63065042803747,-124.359509400523,-8.26412583140174));
#1631=CARTESIAN_POINT('',(-5.63065042803747,-124.359509400523,-8.26412583140173));
#1632=CARTESIAN_POINT('',(-5.42459794128472,-123.904976573788,-7.99201154809361));
#1633=CARTESIAN_POINT('',(-5.37189065657824,-122.912530667902,-7.42393554047375));
#1634=CARTESIAN_POINT('',(-5.61729052070384,-121.875803971154,-7.03519919985229));
#1635=CARTESIAN_POINT('',(-5.78508848717886,-121.359509400523,-6.8943999880708));
#1636=CARTESIAN_POINT('',(-5.78508848717886,-121.359509400523,-6.89439998807081));
#1637=CARTESIAN_POINT('',(-7.16082300472982,-124.359509400533,-6.98015858667148));
#1638=CARTESIAN_POINT('',(-6.9286233876513,-123.904976573797,-6.72998435077288));
#1639=CARTESIAN_POINT('',(-6.37833024829672,-122.912530671613,-6.57943245026234));
#1640=CARTESIAN_POINT('',(-5.95288646702872,-121.875803963749,-6.75360076506651));
#1641=CARTESIAN_POINT('',(-5.78508848717886,-121.359509400523,-6.8943999880708));
#1642=CARTESIAN_POINT('',(-7.16082300472983,-124.359509400533,-6.98015858667148));
#1643=CARTESIAN_POINT('',(0.,-124.359509400523,0.));
#1644=CARTESIAN_POINT('',(-9.62540616085911,-124.359509400523,-2.71137534076261));
#1645=CARTESIAN_POINT('',(-9.62540616085859,-124.359509400523,-2.71137534076249));
#1646=CARTESIAN_POINT('',(-9.29264509366344,-123.904971089461,-2.63537077452162));
#1647=CARTESIAN_POINT('',(-8.8870601402884,-122.913232840064,-2.23437252958627));
#1648=CARTESIAN_POINT('',(-8.82534149900311,-121.874332147849,-1.77793555307867));
#1649=CARTESIAN_POINT('',(-8.86326977710987,-121.359509400523,-1.56283359900237));
#1650=CARTESIAN_POINT('',(-8.86326977710988,-121.359509400523,-1.56283359900237));
#1651=CARTESIAN_POINT('',(-9.97226812408383,-124.359509400523,-0.744223394809298));
#1652=CARTESIAN_POINT('',(-9.63358399863021,-123.904976573788,-0.701833848422543));
#1653=CARTESIAN_POINT('',(-9.11526210088528,-122.9125306716,-0.940226013290757));
#1654=CARTESIAN_POINT('',(-8.90130649113345,-121.875803963762,-1.34711667428262));
#1655=CARTESIAN_POINT('',(-8.86326977710988,-121.359509400523,-1.56283359900237));
#1656=CARTESIAN_POINT('',(-9.97226812408384,-124.359509400523,-0.744223394809298));
#1657=CARTESIAN_POINT('',(0.,-124.359509400523,0.));
#1658=CARTESIAN_POINT('',(-9.11632737654112,-124.359509400523,4.11005780539969));
#1659=CARTESIAN_POINT('',(-9.11632737654113,-124.359509400523,4.11005780539969));
#1660=CARTESIAN_POINT('',(-8.81256648180557,-123.904976573788,3.95438786833173));
#1661=CARTESIAN_POINT('',(-8.24396830124116,-122.91253066792,4.00112668924858));
#1662=CARTESIAN_POINT('',(-7.90375097838793,-121.875803971119,4.31030173505988));
#1663=CARTESIAN_POINT('',(-7.79422863405994,-121.359509400523,4.5));
#1664=CARTESIAN_POINT('',(-7.79422863405995,-121.359509400523,4.5));
#1665=CARTESIAN_POINT('',(-8.11757815876921,-124.359509400523,5.83994219460032));
#1666=CARTESIAN_POINT('',(-7.83088359129521,-123.904976573788,5.65471251161712));
#1667=CARTESIAN_POINT('',(-7.58706151161055,-122.912530671605,5.13892262472651));
#1668=CARTESIAN_POINT('',(-7.68470628105048,-121.875803963752,4.68969827997693));
#1669=CARTESIAN_POINT('',(-7.79422863405995,-121.359509400523,4.5));
#1670=CARTESIAN_POINT('',(-8.11757815876921,-124.359509400523,5.83994219460032));
#1671=CARTESIAN_POINT('',(0.,-124.359509400523,0.));
#1672=CARTESIAN_POINT('',(-4.34161769604636,-124.359509400523,9.00834922621104));
#1673=CARTESIAN_POINT('',(-4.34161769604636,-124.359509400523,9.00834922621104));
#1674=CARTESIAN_POINT('',(-4.20898445703126,-123.904971089461,8.6938416017587));
#1675=CARTESIAN_POINT('',(-3.74364918844587,-122.913232840058,8.36405100964458));
#1676=CARTESIAN_POINT('',(-3.28342918558915,-121.874332147863,8.38252946240784));
#1677=CARTESIAN_POINT('',(-3.07818128993102,-121.359509400523,8.45723358707318));
#1678=CARTESIAN_POINT('',(-3.07818128993102,-121.359509400523,8.45723358707318));
#1679=CARTESIAN_POINT('',(-2.46458315613691,-124.359509400534,9.69153392743655));
#1680=CARTESIAN_POINT('',(-2.36402572101528,-123.904976573798,9.36535604234807));
#1681=CARTESIAN_POINT('',(-2.50879052024107,-122.912530671604,8.81351225389073));
#1682=CARTESIAN_POINT('',(-2.87234659609372,-121.875803963768,8.53215128880928));
#1683=CARTESIAN_POINT('',(-3.07818128993102,-121.359509400523,8.45723358707318));
#1684=CARTESIAN_POINT('',(-2.46458315613691,-124.359509400534,9.69153392743655));
#1685=CARTESIAN_POINT('',(0.,-124.359509400523,0.));
#1686=CARTESIAN_POINT('',(0.,-125.577740989663,11.315503350649));
#1687=CARTESIAN_POINT('',(0.,-124.442094445914,9.53102724556654));
#1688=CARTESIAN_POINT('',(0.,-122.500331480242,8.6922158084221));
#1689=CARTESIAN_POINT('',(0.,-120.422602827594,9.08856374635656));
#1690=CARTESIAN_POINT('',(0.,-125.,10.5726353863185));
#1691=CARTESIAN_POINT('',(21.1452707726369,-125.,10.5726353863185));
#1692=CARTESIAN_POINT('',(21.1452707726369,-125.,-10.5726353863185));
#1693=CARTESIAN_POINT('',(0.,-125.,-10.5726353863185));
#1694=CARTESIAN_POINT('',(0.,-124.035405679501,9.54805908589516));
#1695=CARTESIAN_POINT('',(19.0961181717903,-124.035405679501,9.54805908589516));
#1696=CARTESIAN_POINT('',(19.0961181717903,-124.035405679501,-9.54805908589516));
#1697=CARTESIAN_POINT('',(0.,-124.035405679501,-9.54805908589516));
#1698=CARTESIAN_POINT('',(0.,-122.742415671818,8.99336569797622));
#1699=CARTESIAN_POINT('',(17.9867313959524,-122.742415671818,8.99336569797622));
#1700=CARTESIAN_POINT('',(17.9867313959524,-122.742415671818,-8.99336569797622));
#1701=CARTESIAN_POINT('',(0.,-122.742415671818,-8.99336569797622));
#1702=CARTESIAN_POINT('',(0.,-121.33572735461,9.00005655889067));
#1703=CARTESIAN_POINT('',(18.0001131177813,-121.33572735461,9.00005655889067));
#1704=CARTESIAN_POINT('',(18.0001131177813,-121.33572735461,-9.00005655889067));
#1705=CARTESIAN_POINT('',(0.,-121.33572735461,-9.00005655889067));
#1706=CARTESIAN_POINT('',(0.,-125.,0.));
#1707=CARTESIAN_POINT('',(2.46458315613429,-124.359509400523,9.69153392742805));
#1708=CARTESIAN_POINT('',(2.36402450770493,-123.904971089461,9.36535210672618));
#1709=CARTESIAN_POINT('',(2.50850669799258,-122.913232840059,8.8136061112473));
#1710=CARTESIAN_POINT('',(2.87293339426753,-121.87433214786,8.53193771174046));
#1711=CARTESIAN_POINT('',(3.07818128993102,-121.359509400523,8.45723358707318));
#1712=CARTESIAN_POINT('',(3.07818128993102,-121.359509400523,8.45723358707318));
#1713=CARTESIAN_POINT('',(4.34161769604906,-124.359509400532,9.00834922621743));
#1714=CARTESIAN_POINT('',(4.20898605734937,-123.904976573796,8.69384539651967));
#1715=CARTESIAN_POINT('',(3.74337143762812,-122.912530671609,8.36416154816862));
#1716=CARTESIAN_POINT('',(3.28401598379342,-121.875803963757,8.38231588532799));
#1717=CARTESIAN_POINT('',(3.07818128993102,-121.359509400523,8.45723358707318));
#1718=CARTESIAN_POINT('',(4.34161769604906,-124.359509400532,9.00834922621743));
#1719=CARTESIAN_POINT('',(0.,-124.359509400523,0.));
#1720=CARTESIAN_POINT('',(8.11757815876921,-124.359509400523,5.83994219460031));
#1721=CARTESIAN_POINT('',(8.11757815876876,-124.359509400523,5.83994219460002));
#1722=CARTESIAN_POINT('',(7.83088013207974,-123.904971089461,5.65471027666214));
#1723=CARTESIAN_POINT('',(7.58690442149381,-122.913232840061,5.13917696107075));
#1724=CARTESIAN_POINT('',(7.68501850984861,-121.874332147856,4.68915748383495));
#1725=CARTESIAN_POINT('',(7.79422863405995,-121.359509400523,4.5));
#1726=CARTESIAN_POINT('',(7.79422863405995,-121.359509400523,4.5));
#1727=CARTESIAN_POINT('',(9.11632737654112,-124.359509400523,4.11005780539969));
#1728=CARTESIAN_POINT('',(8.81256648180573,-123.904976573788,3.95438786833182));
#1729=CARTESIAN_POINT('',(8.24396829690211,-122.912530671604,4.00112669676479));
#1730=CARTESIAN_POINT('',(7.90375098706729,-121.875803963754,4.31030172002683));
#1731=CARTESIAN_POINT('',(7.79422863405995,-121.359509400523,4.5));
#1732=CARTESIAN_POINT('',(9.11632737654112,-124.359509400523,4.11005780539969));
#1733=CARTESIAN_POINT('',(0.,-124.359509400523,0.));
#1734=CARTESIAN_POINT('',(9.97226812408369,-124.359509400522,-0.744223394809281));
#1735=CARTESIAN_POINT('',(9.97226812408321,-124.359509400523,-0.744223394809222));
#1736=CARTESIAN_POINT('',(9.63357991211603,-123.904971089461,-0.701833336956558));
#1737=CARTESIAN_POINT('',(9.11530524712119,-122.913232840065,-0.939930204788553));
#1738=CARTESIAN_POINT('',(8.90119805521741,-121.874332147847,-1.3477316449217));
#1739=CARTESIAN_POINT('',(8.86326977710987,-121.359509400523,-1.56283359900237));
#1740=CARTESIAN_POINT('',(8.86326977710988,-121.359509400523,-1.56283359900237));
#1741=CARTESIAN_POINT('',(9.62540616085911,-124.359509400523,-2.71137534076261));
#1742=CARTESIAN_POINT('',(9.2926491086623,-123.904976573788,-2.63537169157093));
#1743=CARTESIAN_POINT('',(8.88712076855641,-122.912530671602,-2.2340798036308));
#1744=CARTESIAN_POINT('',(8.82523306308468,-121.875803963758,-1.77855052373158));
#1745=CARTESIAN_POINT('',(8.86326977710988,-121.359509400523,-1.56283359900237));
#1746=CARTESIAN_POINT('',(9.62540616085911,-124.359509400523,-2.71137534076261));
#1747=CARTESIAN_POINT('',(0.,-124.359509400523,0.));
#1748=CARTESIAN_POINT('',(7.1608230047357,-124.359509400544,-6.98015858667781));
#1749=CARTESIAN_POINT('',(7.16082300473565,-124.359509400544,-6.98015858667775));
#1750=CARTESIAN_POINT('',(6.9286233876572,-123.904976573807,-6.72998435077493));
#1751=CARTESIAN_POINT('',(6.37833025497359,-122.912530667922,-6.57943244466082));
#1752=CARTESIAN_POINT('',(5.9528864536801,-121.875803971145,-6.75360077626731));
#1753=CARTESIAN_POINT('',(5.78508848717886,-121.359509400523,-6.8943999880708));
#1754=CARTESIAN_POINT('',(5.78508848717886,-121.359509400523,-6.89439998807081));
#1755=CARTESIAN_POINT('',(5.63065042803747,-124.359509400523,-8.26412583140174));
#1756=CARTESIAN_POINT('',(5.42459794128483,-123.904976573788,-7.99201154809377));
#1757=CARTESIAN_POINT('',(5.37189066325758,-122.912530671603,-7.42393553486961));
#1758=CARTESIAN_POINT('',(5.61729050734476,-121.875803963756,-7.03519921106191));
#1759=CARTESIAN_POINT('',(5.78508848717886,-121.359509400523,-6.8943999880708));
#1760=CARTESIAN_POINT('',(5.63065042803747,-124.359509400523,-8.26412583140174));
#1761=CARTESIAN_POINT('',(0.,-124.359509400523,0.));
#1762=CARTESIAN_POINT('',(0.99874921777191,-124.359509400522,-9.95));
#1763=CARTESIAN_POINT('',(0.9987492177719,-124.359509400522,-9.94999999999982));
#1764=CARTESIAN_POINT('',(0.981682684590619,-123.90497108946,-9.60909626670342));
#1765=CARTESIAN_POINT('',(0.657205592075549,-122.913232840064,-9.14004044563323));
#1766=CARTESIAN_POINT('',(0.21842024843949,-121.874332147849,-9.00000000000001));
#1767=CARTESIAN_POINT('',(-6.86300717707593E-15,-121.359509400523,-9.00000000000001));
#1768=CARTESIAN_POINT('',(-9.81202712061373,-101.786856680618,-2.73583174938871));
#1769=CARTESIAN_POINT('',(-9.81202712061373,-125.568682355233,-2.73583174938871));
#1770=CARTESIAN_POINT('',(-9.16019349574575,-101.786856680618,-2.71231759543936));
#1771=CARTESIAN_POINT('',(-9.16019349574575,-125.568682355233,-2.71231759543936));
#1772=CARTESIAN_POINT('',(-8.75000643174514,-101.786856680618,-2.20518195039846));
#1773=CARTESIAN_POINT('',(-8.75000643174514,-125.568682355233,-2.20518195039846));
#1774=CARTESIAN_POINT('',(-8.86326977710987,-101.786856680618,-1.56283359900237));
#1775=CARTESIAN_POINT('',(-8.86326977710987,-125.568682355233,-1.56283359900237));
#1776=CARTESIAN_POINT('',(-8.9765331224746,-101.786856680618,-0.920485247606278));
#1777=CARTESIAN_POINT('',(-8.9765331224746,-125.568682355233,-0.920485247606278));
#1778=CARTESIAN_POINT('',(-9.53543348566026,-101.786856680618,-0.584225862643669));
#1779=CARTESIAN_POINT('',(-9.53543348566026,-125.568682355233,-0.584225862643669));
#1780=CARTESIAN_POINT('',(-10.1559990472328,-101.786856680618,-0.78507001549528));
#1781=CARTESIAN_POINT('',(-10.1559990472328,-125.568682355233,-0.78507001549528));
#1782=CARTESIAN_POINT('',(-9.62540616085911,-114.645539978917,-2.71137534076261));
#1783=CARTESIAN_POINT('',(-9.62540616085911,-104.,-2.71137534076261));
#1784=CARTESIAN_POINT('',(-9.62540616085911,-104.,-2.71137534076261));
#1785=CARTESIAN_POINT('',(-9.40971987424489,-103.779035868146,-2.66211133642353));
#1786=CARTESIAN_POINT('',(-9.11528944935735,-103.447196892509,-2.48906815025425));
#1787=CARTESIAN_POINT('',(-8.86016605168598,-103.087432766454,-2.03167906049347));
#1788=CARTESIAN_POINT('',(-8.82453964125931,-102.956241984796,-1.55662113127335));
#1789=CARTESIAN_POINT('',(-9.02091519795155,-103.087599735996,-1.12098885105732));
#1790=CARTESIAN_POINT('',(-9.41532321437903,-103.445707672516,-0.779183095915119));
#1791=CARTESIAN_POINT('',(-9.75600236386955,-103.782319542174,-0.717155673633434));
#1792=CARTESIAN_POINT('',(-9.97226812408384,-104.,-0.744223394809302));
#1793=CARTESIAN_POINT('',(-9.97226812408384,-104.,-0.744223394809298));
#1794=CARTESIAN_POINT('',(-9.97226812408384,-114.645539978917,-0.744223394809298));
#1795=CARTESIAN_POINT('',(-5.75789010078475,-101.786856680618,-8.40281816796649));
#1796=CARTESIAN_POINT('',(-5.75789010078475,-125.568682355243,-8.40281816796649));
#1797=CARTESIAN_POINT('',(-5.27367118142604,-101.786856680618,-7.96581470335548));
#1798=CARTESIAN_POINT('',(-5.27367118142604,-125.568682355243,-7.96581470335548));
#1799=CARTESIAN_POINT('',(-5.28543016947303,-101.786856680618,-7.31366309816919));
#1800=CARTESIAN_POINT('',(-5.28543016947303,-125.568682355243,-7.31366309816919));
#1801=CARTESIAN_POINT('',(-5.78508848718176,-101.786856680618,-6.89439998806836));
#1802=CARTESIAN_POINT('',(-5.78508848718176,-125.568682355243,-6.89439998806836));
#1803=CARTESIAN_POINT('',(-6.2847468048905,-101.786856680618,-6.47513687796754));
#1804=CARTESIAN_POINT('',(-6.2847468048905,-125.568682355243,-6.47513687796754));
#1805=CARTESIAN_POINT('',(-6.92903268866211,-101.786856680618,-6.57680147317932));
#1806=CARTESIAN_POINT('',(-6.92903268866211,-125.568682355243,-6.57680147317932));
#1807=CARTESIAN_POINT('',(-7.27531335576154,-101.786856680618,-7.12954887438544));
#1808=CARTESIAN_POINT('',(-7.27531335576154,-125.568682355243,-7.12954887438544));
#1809=CARTESIAN_POINT('',(-5.63065042803747,-114.802149660562,-8.26412583140174));
#1810=CARTESIAN_POINT('',(-5.63065042803747,-104.,-8.26412583140174));
#1811=CARTESIAN_POINT('',(-5.63065042803747,-104.,-8.26412583140174));
#1812=CARTESIAN_POINT('',(-5.49714984205558,-103.779132493109,-8.08782407038846));
#1813=CARTESIAN_POINT('',(-5.38285572888682,-103.447443679847,-7.76617217063202));
#1814=CARTESIAN_POINT('',(-5.48115959933906,-103.087749499873,-7.25208872379615));
#1815=CARTESIAN_POINT('',(-5.75877002973727,-102.956304928287,-6.86536219983524));
#1816=CARTESIAN_POINT('',(-6.18887803695641,-103.087035415059,-6.65741002979375));
#1817=CARTESIAN_POINT('',(-6.71102499571196,-103.445307124087,-6.64906947671582));
#1818=CARTESIAN_POINT('',(-7.01040160043174,-103.779161567034,-6.81809303137053));
#1819=CARTESIAN_POINT('',(-7.16082300472467,-104.,-6.98015858666592));
#1820=CARTESIAN_POINT('',(-7.16082300472467,-104.,-6.98015858666592));
#1821=CARTESIAN_POINT('',(-7.16082300472467,-114.802149660562,-6.98015858666592));
#1822=CARTESIAN_POINT('',(-7.1608230047244,-124.359509400533,-6.98015858666619));
#1823=CARTESIAN_POINT('',(-7.1608230047244,-104.,-6.98015858666619));
#1824=CARTESIAN_POINT('',(-8.304762971323,-124.359509400533,-5.80661051793165));
#1825=CARTESIAN_POINT('',(-8.304762971323,-104.,-5.80661051793165));
#1826=CARTESIAN_POINT('',(-9.16028568749818,-124.359509400533,-4.36255708698693));
#1827=CARTESIAN_POINT('',(-9.16028568749818,-104.,-4.36255708698693));
#1828=CARTESIAN_POINT('',(-9.62540616085911,-124.359509400533,-2.7113753407626));
#1829=CARTESIAN_POINT('',(-9.62540616085911,-104.,-2.7113753407626));
#1830=CARTESIAN_POINT('',(0.,-104.,1.10218211923262E-15));
#1831=CARTESIAN_POINT('',(-9.27500760217296,-101.786856680618,4.21128075011111));
#1832=CARTESIAN_POINT('',(-9.27500760217296,-125.568682355233,4.21128075011111));
#1833=CARTESIAN_POINT('',(-8.76055946919384,-101.786856680618,3.81030305943644));
#1834=CARTESIAN_POINT('',(-8.76055946919384,-125.568682355233,3.81030305943644));
#1835=CARTESIAN_POINT('',(-8.1203574391142,-101.786856680618,3.93512833983429));
#1836=CARTESIAN_POINT('',(-8.1203574391142,-125.568682355233,3.93512833983429));
#1837=CARTESIAN_POINT('',(-7.79422863405994,-101.786856680618,4.5));
#1838=CARTESIAN_POINT('',(-7.79422863405994,-125.568682355233,4.5));
#1839=CARTESIAN_POINT('',(-7.46809982900568,-101.786856680618,5.06487166016572));
#1840=CARTESIAN_POINT('',(-7.46809982900568,-125.568682355233,5.06487166016572));
#1841=CARTESIAN_POINT('',(-7.68009898018645,-101.786856680618,5.68171552196797));
#1842=CARTESIAN_POINT('',(-7.68009898018645,-125.568682355233,5.68171552196797));
#1843=CARTESIAN_POINT('',(-8.28457991315109,-101.786856680618,5.92675182872003));
#1844=CARTESIAN_POINT('',(-8.28457991315109,-125.568682355233,5.92675182872003));
#1845=CARTESIAN_POINT('',(-9.11632737654112,-114.706631306566,4.11005780539969));
#1846=CARTESIAN_POINT('',(-9.11632737654112,-104.,4.11005780539969));
#1847=CARTESIAN_POINT('',(-9.11632737654112,-104.,4.11005780539969));
#1848=CARTESIAN_POINT('',(-8.91952190195231,-103.779132493109,4.00919987281248));
#1849=CARTESIAN_POINT('',(-8.58290965283131,-103.447443679847,3.95249641027604));
#1850=CARTESIAN_POINT('',(-8.09370657665372,-103.087749499873,4.13857647776026));
#1851=CARTESIAN_POINT('',(-7.76106184290149,-102.956304928287,4.47912373807478));
#1852=CARTESIAN_POINT('',(-7.63095640524249,-103.087035415059,4.93880795358643));
#1853=CARTESIAN_POINT('',(-7.71341243176917,-103.445307124087,5.45447064862338));
#1854=CARTESIAN_POINT('',(-7.93185434068051,-103.779161567034,5.71994841777328));
#1855=CARTESIAN_POINT('',(-8.11757815876922,-104.,5.83994219460031));
#1856=CARTESIAN_POINT('',(-8.11757815876921,-104.,5.83994219460032));
#1857=CARTESIAN_POINT('',(-8.11757815876921,-114.706631306566,5.83994219460032));
#1858=CARTESIAN_POINT('',(-4.39810894644803,-101.786856680618,9.18788818346177));
#1859=CARTESIAN_POINT('',(-4.39810894644803,-125.568682355244,9.18788818346177));
#1860=CARTESIAN_POINT('',(-4.26176230423239,-101.786856680618,8.55004056599839));
#1861=CARTESIAN_POINT('',(-4.26176230423239,-125.568682355244,8.55004056599839));
#1862=CARTESIAN_POINT('',(-3.69110295299854,-101.786856680618,8.23414834577676));
#1863=CARTESIAN_POINT('',(-3.69110295299854,-125.568682355244,8.23414834577676));
#1864=CARTESIAN_POINT('',(-3.07818128992709,-101.786856680618,8.45723358707462));
#1865=CARTESIAN_POINT('',(-3.07818128992709,-125.568682355244,8.45723358707462));
#1866=CARTESIAN_POINT('',(-2.46525962685563,-101.786856680618,8.68031882837247));
#1867=CARTESIAN_POINT('',(-2.46525962685563,-125.568682355244,8.68031882837247));
#1868=CARTESIAN_POINT('',(-2.23116080708899,-101.786856680618,9.2891190686246));
#1869=CARTESIAN_POINT('',(-2.23116080708899,-125.568682355244,9.2891190686246));
#1870=CARTESIAN_POINT('',(-2.53671376486014,-101.786856680618,9.86538062377513));
#1871=CARTESIAN_POINT('',(-2.53671376486014,-125.568682355244,9.86538062377513));
#1872=CARTESIAN_POINT('',(-4.34161769604636,-114.891217859797,9.00834922621104));
#1873=CARTESIAN_POINT('',(-4.34161769604636,-104.,9.00834922621104));
#1874=CARTESIAN_POINT('',(-4.34161769604636,-104.,9.00834922621103));
#1875=CARTESIAN_POINT('',(-4.2556485920105,-103.779035868146,8.804494303513));
#1876=CARTESIAN_POINT('',(-4.03410701393361,-103.447196892509,8.54458557229702));
#1877=CARTESIAN_POINT('',(-3.5393649791081,-103.087432766454,8.37276285421716));
#1878=CARTESIAN_POINT('',(-3.06533778603488,-102.956241984796,8.42017063271231));
#1879=CARTESIAN_POINT('',(-2.67042399657366,-103.087599735996,8.68920955503733));
#1880=CARTESIAN_POINT('',(-2.40229927219536,-103.445707672516,9.13697957396177));
#1881=CARTESIAN_POINT('',(-2.4003724993111,-103.782319542174,9.48325399051418));
#1882=CARTESIAN_POINT('',(-2.46458315613444,-104.,9.69153392742853));
#1883=CARTESIAN_POINT('',(-2.46458315613444,-104.,9.69153392742854));
#1884=CARTESIAN_POINT('',(-2.46458315613444,-114.891217859797,9.69153392742854));
#1885=CARTESIAN_POINT('',(2.53671376485622,-101.786856680618,9.86538062376773));
#1886=CARTESIAN_POINT('',(2.53671376485622,-125.568682355242,9.86538062376773));
#1887=CARTESIAN_POINT('',(2.23116080709006,-101.786856680618,9.28911906861496));
#1888=CARTESIAN_POINT('',(2.23116080709006,-125.568682355242,9.28911906861496));
#1889=CARTESIAN_POINT('',(2.46525962686146,-101.786856680618,8.68031882836504));
#1890=CARTESIAN_POINT('',(2.46525962686146,-125.568682355242,8.68031882836504));
#1891=CARTESIAN_POINT('',(3.07818128993428,-101.786856680618,8.457233587072));
#1892=CARTESIAN_POINT('',(3.07818128993428,-125.568682355242,8.457233587072));
#1893=CARTESIAN_POINT('',(3.6911029530071,-101.786856680618,8.23414834577896));
#1894=CARTESIAN_POINT('',(3.6911029530071,-125.568682355242,8.23414834577896));
#1895=CARTESIAN_POINT('',(4.26176230423834,-101.786856680618,8.55004056600458));
#1896=CARTESIAN_POINT('',(4.26176230423834,-125.568682355242,8.55004056600458));
#1897=CARTESIAN_POINT('',(4.39810894644948,-101.786856680618,9.18788818346856));
#1898=CARTESIAN_POINT('',(4.39810894644948,-125.568682355242,9.18788818346856));
#1899=CARTESIAN_POINT('',(4.34161769604636,-114.891107088412,9.00834922621104));
#1900=CARTESIAN_POINT('',(8.28457991315109,-101.786856680618,5.92675182872003));
#1901=CARTESIAN_POINT('',(8.28457991315109,-125.568682355233,5.92675182872003));
#1902=CARTESIAN_POINT('',(7.68009898018645,-101.786856680618,5.68171552196796));
#1903=CARTESIAN_POINT('',(7.68009898018645,-125.568682355233,5.68171552196796));
#1904=CARTESIAN_POINT('',(7.46809982900569,-101.786856680618,5.06487166016571));
#1905=CARTESIAN_POINT('',(7.46809982900569,-125.568682355233,5.06487166016571));
#1906=CARTESIAN_POINT('',(7.79422863405995,-101.786856680618,4.5));
#1907=CARTESIAN_POINT('',(7.79422863405995,-125.568682355233,4.5));
#1908=CARTESIAN_POINT('',(8.12035743911421,-101.786856680618,3.93512833983429));
#1909=CARTESIAN_POINT('',(8.12035743911421,-125.568682355233,3.93512833983429));
#1910=CARTESIAN_POINT('',(8.76055946919385,-101.786856680618,3.81030305943644));
#1911=CARTESIAN_POINT('',(8.76055946919385,-125.568682355233,3.81030305943644));
#1912=CARTESIAN_POINT('',(9.27500760217297,-101.786856680618,4.2112807501111));
#1913=CARTESIAN_POINT('',(9.27500760217297,-125.568682355233,4.2112807501111));
#1914=CARTESIAN_POINT('',(8.11757815876921,-114.706403158515,5.83994219460031));
#1915=CARTESIAN_POINT('',(9.11632737654112,-114.706403158515,4.11005780539969));
#1916=CARTESIAN_POINT('',(10.1559990472328,-101.786856680618,-0.78507001549528));
#1917=CARTESIAN_POINT('',(10.1559990472328,-125.568682355233,-0.78507001549528));
#1918=CARTESIAN_POINT('',(9.53543348566026,-101.786856680618,-0.584225862643669));
#1919=CARTESIAN_POINT('',(9.53543348566026,-125.568682355233,-0.584225862643669));
#1920=CARTESIAN_POINT('',(8.9765331224746,-101.786856680618,-0.920485247606278));
#1921=CARTESIAN_POINT('',(8.9765331224746,-125.568682355233,-0.920485247606278));
#1922=CARTESIAN_POINT('',(8.86326977710987,-101.786856680618,-1.56283359900237));
#1923=CARTESIAN_POINT('',(8.86326977710987,-125.568682355233,-1.56283359900237));
#1924=CARTESIAN_POINT('',(8.75000643174514,-101.786856680618,-2.20518195039846));
#1925=CARTESIAN_POINT('',(8.75000643174514,-125.568682355233,-2.20518195039846));
#1926=CARTESIAN_POINT('',(9.16019349574575,-101.786856680618,-2.71231759543936));
#1927=CARTESIAN_POINT('',(9.16019349574575,-125.568682355233,-2.71231759543936));
#1928=CARTESIAN_POINT('',(9.81202712061373,-101.786856680618,-2.73583174938871));
#1929=CARTESIAN_POINT('',(9.81202712061373,-125.568682355233,-2.73583174938871));
#1930=CARTESIAN_POINT('',(9.97226812408384,-114.645289393054,-0.7442233948093));
#1931=CARTESIAN_POINT('',(9.62540616085911,-114.645289393054,-2.71137534076261));
#1932=CARTESIAN_POINT('',(7.27531335576612,-101.786856680617,-7.12954887439275));
#1933=CARTESIAN_POINT('',(7.27531335576612,-125.568682355255,-7.12954887439275));
#1934=CARTESIAN_POINT('',(6.92903268867032,-101.786856680617,-6.57680147318183));
#1935=CARTESIAN_POINT('',(6.92903268867032,-125.568682355255,-6.57680147318183));
#1936=CARTESIAN_POINT('',(6.28474680489725,-101.786856680617,-6.47513687796554));
#1937=CARTESIAN_POINT('',(6.28474680489725,-125.568682355255,-6.47513687796554));
#1938=CARTESIAN_POINT('',(5.78508848718507,-101.786856680617,-6.89439998806559));
#1939=CARTESIAN_POINT('',(5.78508848718507,-125.568682355255,-6.89439998806559));
#1940=CARTESIAN_POINT('',(5.28543016947289,-101.786856680617,-7.31366309816564));
#1941=CARTESIAN_POINT('',(5.28543016947289,-125.568682355255,-7.31366309816564));
#1942=CARTESIAN_POINT('',(5.27367118142445,-101.786856680617,-7.96581470335404));
#1943=CARTESIAN_POINT('',(5.27367118142445,-125.568682355255,-7.96581470335404));
#1944=CARTESIAN_POINT('',(5.75789010078474,-101.786856680617,-8.40281816796649));
#1945=CARTESIAN_POINT('',(5.75789010078474,-125.568682355255,-8.40281816796649));
#1946=CARTESIAN_POINT('',(7.16082300472466,-114.801968426611,-6.98015858666592));
#1947=CARTESIAN_POINT('',(5.63065042803747,-114.801968426611,-8.26412583140174));
#1948=CARTESIAN_POINT('',(0.990427689021883,-101.786856680618,-10.1380325788311));
#1949=CARTESIAN_POINT('',(0.990427689021883,-125.568682355233,-10.1380325788311));
#1950=CARTESIAN_POINT('',(1.08046048900739,-101.786856680618,-9.49201858140441));
#1951=CARTESIAN_POINT('',(1.08046048900739,-125.568682355233,-9.49201858140441));
#1952=CARTESIAN_POINT('',(0.652257610108526,-101.786856680618,-9.));
#1953=CARTESIAN_POINT('',(0.652257610108526,-125.568682355233,-9.));
#1954=CARTESIAN_POINT('',(1.01064309961486E-15,-101.786856680618,-9.));
#1955=CARTESIAN_POINT('',(1.01064309961486E-15,-125.568682355233,-9.));
#1956=CARTESIAN_POINT('',(-0.652257610108524,-101.786856680618,-9.));
#1957=CARTESIAN_POINT('',(-0.652257610108524,-125.568682355233,-9.));
#1958=CARTESIAN_POINT('',(-1.08046048900739,-101.786856680618,-9.49201858140441));
#1959=CARTESIAN_POINT('',(-1.08046048900739,-125.568682355233,-9.49201858140441));
#1960=CARTESIAN_POINT('',(-0.990427689021883,-101.786856680618,-10.1380325788311));
#1961=CARTESIAN_POINT('',(-0.990427689021883,-125.568682355233,-10.1380325788311));
#1962=CARTESIAN_POINT('',(0.99874921777191,-115.,-9.95));
#1963=CARTESIAN_POINT('',(1.53286538958112E-14,-103.,-9.));
#1964=CARTESIAN_POINT('',(-0.155163876908348,-103.,-9.));
#1965=CARTESIAN_POINT('',(-0.462235116213753,-103.08778233339,-9.07869139994546));
#1966=CARTESIAN_POINT('',(-0.867941624596584,-103.445793891835,-9.40766990271465));
#1967=CARTESIAN_POINT('',(-0.987853694266176,-103.782362088429,-9.7323620884287));
#1968=CARTESIAN_POINT('',(-0.998749217771909,-104.,-9.94999999999999));
#1969=CARTESIAN_POINT('',(-0.99874921777191,-104.,-9.95));
#1970=CARTESIAN_POINT('',(-0.99874921777191,-115.,-9.95));
#1971=CARTESIAN_POINT('',(-9.97226812408383,-124.359509400523,-0.744223394809294));
#1972=CARTESIAN_POINT('',(-9.97226812408383,-104.,-0.744223394809294));
#1973=CARTESIAN_POINT('',(-10.0980428498976,-124.359509400523,0.94110294375471));
#1974=CARTESIAN_POINT('',(-10.0980428498976,-104.,0.94110294375471));
#1975=CARTESIAN_POINT('',(-9.80065452539829,-124.359509400523,2.59218369826647));
#1976=CARTESIAN_POINT('',(-9.80065452539829,-104.,2.59218369826647));
#1977=CARTESIAN_POINT('',(-9.11632737654112,-124.359509400523,4.1100578053997));
#1978=CARTESIAN_POINT('',(-9.11632737654112,-104.,4.1100578053997));
#1979=CARTESIAN_POINT('',(0.,-104.,1.10218211923262E-15));
#1980=CARTESIAN_POINT('',(-8.11757815876921,-124.359509400523,5.8399421946003));
#1981=CARTESIAN_POINT('',(-8.11757815876921,-104.,5.8399421946003));
#1982=CARTESIAN_POINT('',(-7.09969044716407,-124.359509400523,7.25481631158136));
#1983=CARTESIAN_POINT('',(-7.09969044716406,-104.,7.25481631158136));
#1984=CARTESIAN_POINT('',(-5.79164309184443,-124.359509400523,8.30950243863358));
#1985=CARTESIAN_POINT('',(-5.79164309184442,-104.,8.30950243863358));
#1986=CARTESIAN_POINT('',(-4.34161769604637,-124.359509400523,9.00834922621104));
#1987=CARTESIAN_POINT('',(-4.34161769604637,-104.,9.00834922621104));
#1988=CARTESIAN_POINT('',(0.,-104.,1.10218211923262E-15));
#1989=CARTESIAN_POINT('',(-2.46458315613491,-124.359509400534,9.69153392742842));
#1990=CARTESIAN_POINT('',(-2.46458315613491,-104.,9.69153392742842));
#1991=CARTESIAN_POINT('',(-1.62881369390169,-124.359509400534,9.90407235059819));
#1992=CARTESIAN_POINT('',(-1.62881369390169,-104.,9.90407235059819));
#1993=CARTESIAN_POINT('',(-0.800980110022947,-124.359509400534,10.));
#1994=CARTESIAN_POINT('',(-0.800980110022947,-104.,10.));
#1995=CARTESIAN_POINT('',(0.,-124.359509400534,10.));
#1996=CARTESIAN_POINT('',(0.,-104.,10.));
#1997=CARTESIAN_POINT('',(0.,-104.,1.10218211923262E-15));
#1998=CARTESIAN_POINT('',(4.34161769604605,-124.359509400532,9.00834922621119));
#1999=CARTESIAN_POINT('',(4.34161769604605,-104.,9.00834922621119));
#2000=CARTESIAN_POINT('',(5.79164309184423,-124.359509400532,8.30950243863374));
#2001=CARTESIAN_POINT('',(5.79164309184423,-104.,8.30950243863374));
#2002=CARTESIAN_POINT('',(7.09969044716398,-124.359509400532,7.25481631158147));
#2003=CARTESIAN_POINT('',(7.09969044716398,-104.,7.25481631158147));
#2004=CARTESIAN_POINT('',(8.11757815876921,-124.359509400532,5.83994219460031));
#2005=CARTESIAN_POINT('',(8.11757815876921,-104.,5.83994219460031));
#2006=CARTESIAN_POINT('',(9.11632737654113,-124.359509400523,4.11005780539967));
#2007=CARTESIAN_POINT('',(9.11632737654113,-104.,4.11005780539967));
#2008=CARTESIAN_POINT('',(9.8006545253983,-124.359509400523,2.59218369826645));
#2009=CARTESIAN_POINT('',(9.8006545253983,-104.,2.59218369826645));
#2010=CARTESIAN_POINT('',(10.0980428498976,-124.359509400523,0.941102943754699));
#2011=CARTESIAN_POINT('',(10.0980428498976,-104.,0.941102943754699));
#2012=CARTESIAN_POINT('',(9.97226812408383,-124.359509400523,-0.744223394809297));
#2013=CARTESIAN_POINT('',(9.97226812408383,-104.,-0.744223394809297));
#2014=CARTESIAN_POINT('',(9.62540616085911,-124.359509400544,-2.7113753407626));
#2015=CARTESIAN_POINT('',(9.62540616085911,-104.,-2.7113753407626));
#2016=CARTESIAN_POINT('',(9.16028568749814,-124.359509400544,-4.36255708698708));
#2017=CARTESIAN_POINT('',(9.16028568749814,-104.,-4.36255708698708));
#2018=CARTESIAN_POINT('',(8.30476297132285,-124.359509400544,-5.80661051793191));
#2019=CARTESIAN_POINT('',(8.30476297132285,-104.,-5.80661051793191));
#2020=CARTESIAN_POINT('',(7.1608230047241,-124.359509400544,-6.98015858666651));
#2021=CARTESIAN_POINT('',(7.1608230047241,-104.,-6.9801585866665));
#2022=CARTESIAN_POINT('',(5.63065042803747,-124.359509400523,-8.26412583140174));
#2023=CARTESIAN_POINT('',(5.63065042803747,-104.,-8.26412583140174));
#2024=CARTESIAN_POINT('',(4.1638522836035,-124.359509400523,-9.26350892022394));
#2025=CARTESIAN_POINT('',(4.1638522836035,-104.,-9.26350892022394));
#2026=CARTESIAN_POINT('',(2.56547929759978,-124.359509400523,-9.79273663902635));
#2027=CARTESIAN_POINT('',(2.56547929759978,-104.,-9.79273663902635));
#2028=CARTESIAN_POINT('',(0.998749217771911,-124.359509400523,-9.95));
#2029=CARTESIAN_POINT('',(0.998749217771911,-104.,-9.95));
#2030=CARTESIAN_POINT('',(-0.998749217771909,-124.359509400523,-9.95));
#2031=CARTESIAN_POINT('',(-0.998749217771909,-104.,-9.95));
#2032=CARTESIAN_POINT('',(-2.56547929759978,-124.359509400523,-9.79273663902635));
#2033=CARTESIAN_POINT('',(-2.56547929759978,-104.,-9.79273663902635));
#2034=CARTESIAN_POINT('',(-4.1638522836035,-124.359509400523,-9.26350892022395));
#2035=CARTESIAN_POINT('',(-4.1638522836035,-104.,-9.26350892022395));
#2036=CARTESIAN_POINT('',(-5.63065042803747,-124.359509400523,-8.26412583140174));
#2037=CARTESIAN_POINT('',(-5.63065042803747,-104.,-8.26412583140174));
#2038=CARTESIAN_POINT('',(0.,-104.,1.10218211923262E-15));
#2039=CARTESIAN_POINT('',(-14.8614750080517,-125.,14.8358516854793));
#2040=CARTESIAN_POINT('',(14.7986298027083,-125.,14.8358516854793));
#2041=CARTESIAN_POINT('',(-14.8614750080517,-125.,-14.7480339175618));
#2042=CARTESIAN_POINT('',(14.7986298027083,-125.,-14.7480339175618));
#2043=CARTESIAN_POINT('',(0.,-125.,0.));
#2044=CARTESIAN_POINT('',(1.90709780801438E-15,-76.,15.5726353863185));
#2045=CARTESIAN_POINT('',(1.90709780801438E-15,-124.,15.5726353863185));
#2046=CARTESIAN_POINT('',(-31.145270772637,-76.,15.5726353863185));
#2047=CARTESIAN_POINT('',(-31.145270772637,-124.,15.5726353863185));
#2048=CARTESIAN_POINT('',(-31.145270772637,-76.,-15.5726353863185));
#2049=CARTESIAN_POINT('',(-31.145270772637,-124.,-15.5726353863185));
#2050=CARTESIAN_POINT('',(0.,-76.,-15.5726353863185));
#2051=CARTESIAN_POINT('',(0.,-124.,-15.5726353863185));
#2052=CARTESIAN_POINT('',(0.,-76.,0.));
#2053=CARTESIAN_POINT('',(0.,-124.,15.5726353863185));
#2054=CARTESIAN_POINT('',(31.145270772637,-124.,15.5726353863185));
#2055=CARTESIAN_POINT('',(31.145270772637,-124.,-15.5726353863185));
#2056=CARTESIAN_POINT('',(0.,-124.,-15.5726353863185));
#2057=CARTESIAN_POINT('',(0.,-125.,14.5726353863185));
#2058=CARTESIAN_POINT('',(29.145270772637,-125.,14.5726353863185));
#2059=CARTESIAN_POINT('',(29.145270772637,-125.,-14.5726353863185));
#2060=CARTESIAN_POINT('',(0.,-125.,-14.5726353863185));
#2061=CARTESIAN_POINT('',(0.,-102.,8.));
#2062=CARTESIAN_POINT('',(0.,-98.,8.));
#2063=CARTESIAN_POINT('',(16.,-102.,8.));
#2064=CARTESIAN_POINT('',(16.,-98.,8.));
#2065=CARTESIAN_POINT('',(16.,-102.,-8.));
#2066=CARTESIAN_POINT('',(16.,-98.,-8.));
#2067=CARTESIAN_POINT('',(9.79717439317883E-16,-102.,-8.));
#2068=CARTESIAN_POINT('',(9.79717439317883E-16,-98.,-8.));
#2069=CARTESIAN_POINT('',(0.,-98.,4.89858719658941E-16));
#2070=CARTESIAN_POINT('',(0.,-104.,10.));
#2071=CARTESIAN_POINT('',(-20.,-104.,10.));
#2072=CARTESIAN_POINT('',(-20.,-104.,-10.));
#2073=CARTESIAN_POINT('',(0.,-104.,-10.));
#2074=CARTESIAN_POINT('',(0.,-102.,8.));
#2075=CARTESIAN_POINT('',(-16.,-102.,8.));
#2076=CARTESIAN_POINT('',(-16.,-102.,-8.));
#2077=CARTESIAN_POINT('',(0.,-102.,-8.));
#2078=CARTESIAN_POINT('',(0.,-75.,10.5726353863185));
#2079=CARTESIAN_POINT('',(-21.145270772637,-75.,10.5726353863185));
#2080=CARTESIAN_POINT('',(-21.145270772637,-75.,-10.5726353863185));
#2081=CARTESIAN_POINT('',(0.,-75.,-10.5726353863185));
#2082=CARTESIAN_POINT('',(0.,-75.9645943204994,9.54805908589519));
#2083=CARTESIAN_POINT('',(-19.0961181717904,-75.9645943204995,9.54805908589519));
#2084=CARTESIAN_POINT('',(-19.0961181717904,-75.9645943204995,-9.54805908589519));
#2085=CARTESIAN_POINT('',(0.,-75.9645943204994,-9.54805908589519));
#2086=CARTESIAN_POINT('',(0.,-77.2575843281817,8.99336569797623));
#2087=CARTESIAN_POINT('',(-17.9867313959525,-77.2575843281817,8.99336569797623));
#2088=CARTESIAN_POINT('',(-17.9867313959525,-77.2575843281817,-8.99336569797623));
#2089=CARTESIAN_POINT('',(0.,-77.2575843281817,-8.99336569797623));
#2090=CARTESIAN_POINT('',(0.,-78.6642726453901,9.00005655889067));
#2091=CARTESIAN_POINT('',(-18.0001131177813,-78.6642726453901,9.00005655889067));
#2092=CARTESIAN_POINT('',(-18.0001131177813,-78.6642726453901,-9.00005655889067));
#2093=CARTESIAN_POINT('',(0.,-78.6642726453901,-9.00005655889067));
#2094=CARTESIAN_POINT('',(0.,-75.,0.));
#2095=CARTESIAN_POINT('',(-2.46458315613691,-75.6404905994663,9.69153392743655));
#2096=CARTESIAN_POINT('',(-2.36402572101527,-76.0950234262019,9.36535604234805));
#2097=CARTESIAN_POINT('',(-2.50879052024177,-77.0874693283955,8.81351225389056));
#2098=CARTESIAN_POINT('',(-2.87234659609223,-78.1241960362322,8.53215128880983));
#2099=CARTESIAN_POINT('',(-3.07818128993102,-78.6404905994772,8.45723358707318));
#2100=CARTESIAN_POINT('',(-3.07818128993102,-78.6404905994775,8.45723358707318));
#2101=CARTESIAN_POINT('',(-4.34161769604636,-75.6404905994775,9.00834922621103));
#2102=CARTESIAN_POINT('',(-4.2089860573453,-76.0950234262125,8.69384539651614));
#2103=CARTESIAN_POINT('',(-3.74337144581291,-77.0874693320952,8.36416154518821));
#2104=CARTESIAN_POINT('',(-3.28401596741685,-78.1241960288514,8.38231589128855));
#2105=CARTESIAN_POINT('',(-3.07818128993102,-78.6404905994775,8.45723358707318));
#2106=CARTESIAN_POINT('',(-4.34161769604636,-75.6404905994775,9.00834922621104));
#2107=CARTESIAN_POINT('',(0.,-75.6404905994775,0.));
#2108=CARTESIAN_POINT('',(-8.11757815876921,-75.6404905994775,5.83994219460032));
#2109=CARTESIAN_POINT('',(-8.11757815876921,-75.6404905994775,5.83994219460032));
#2110=CARTESIAN_POINT('',(-7.83088359129522,-76.0950234262123,5.65471251161713));
#2111=CARTESIAN_POINT('',(-7.58706151161094,-77.087469328395,5.13892262472585));
#2112=CARTESIAN_POINT('',(-7.6847062810497,-78.1241960362487,4.6896982799783));
#2113=CARTESIAN_POINT('',(-7.79422863405995,-78.6404905994772,4.5));
#2114=CARTESIAN_POINT('',(-7.79422863405995,-78.6404905994775,4.5));
#2115=CARTESIAN_POINT('',(-9.11632737654111,-75.6404905994775,4.11005780539969));
#2116=CARTESIAN_POINT('',(-8.81256648180556,-76.0950234262125,3.95438786833173));
#2117=CARTESIAN_POINT('',(-8.2439683012411,-77.0874693320801,4.00112668924868));
#2118=CARTESIAN_POINT('',(-7.90375097838804,-78.1241960288816,4.31030173505968));
#2119=CARTESIAN_POINT('',(-7.79422863405995,-78.6404905994775,4.5));
#2120=CARTESIAN_POINT('',(-9.11632737654112,-75.6404905994775,4.11005780539969));
#2121=CARTESIAN_POINT('',(0.,-75.6404905994775,0.));
#2122=CARTESIAN_POINT('',(-9.97226812408384,-75.6404905994775,-0.744223394809298));
#2123=CARTESIAN_POINT('',(-9.97226812408383,-75.6404905994775,-0.744223394809298));
#2124=CARTESIAN_POINT('',(-9.63358399863022,-76.0950234262123,-0.701833848422544));
#2125=CARTESIAN_POINT('',(-9.1152621008853,-77.0874693284005,-0.940226013290734));
#2126=CARTESIAN_POINT('',(-8.90130649113346,-78.1241960362377,-1.34711667428263));
#2127=CARTESIAN_POINT('',(-8.86326977710988,-78.6404905994772,-1.56283359900237));
#2128=CARTESIAN_POINT('',(-8.86326977710988,-78.6404905994775,-1.56283359900237));
#2129=CARTESIAN_POINT('',(-9.62540616085905,-75.6404905994774,-2.71137534076319));
#2130=CARTESIAN_POINT('',(-9.2926450936639,-76.0950289105393,-2.63537077452232));
#2131=CARTESIAN_POINT('',(-8.88706014028957,-77.0867671599327,-2.23437252957808));
#2132=CARTESIAN_POINT('',(-8.82534149900034,-78.1256678521574,-1.77793555309435));
#2133=CARTESIAN_POINT('',(-8.86326977710987,-78.6404905994775,-1.56283359900237));
#2134=CARTESIAN_POINT('',(-9.62540616085911,-75.6404905994775,-2.71137534076261));
#2135=CARTESIAN_POINT('',(0.,-75.6404905994775,0.));
#2136=CARTESIAN_POINT('',(-7.16082300472983,-75.6404905994674,-6.98015858667148));
#2137=CARTESIAN_POINT('',(-7.16082300472982,-75.6404905994674,-6.98015858667148));
#2138=CARTESIAN_POINT('',(-6.9286233876513,-76.0950234262029,-6.72998435077287));
#2139=CARTESIAN_POINT('',(-6.3783302482967,-77.0874693283869,-6.5794324502624));
#2140=CARTESIAN_POINT('',(-5.95288646702888,-78.124196036251,-6.75360076506639));
#2141=CARTESIAN_POINT('',(-5.78508848717886,-78.6404905994772,-6.8943999880708));
#2142=CARTESIAN_POINT('',(-5.78508848717886,-78.6404905994775,-6.89439998807081));
#2143=CARTESIAN_POINT('',(-5.63065042803747,-75.6404905994775,-8.26412583140173));
#2144=CARTESIAN_POINT('',(-5.42459794128472,-76.0950234262125,-7.99201154809361));
#2145=CARTESIAN_POINT('',(-5.37189065658479,-77.0874693320945,-7.42393554046824));
#2146=CARTESIAN_POINT('',(-5.61729052069075,-78.1241960288529,-7.03519919986327));
#2147=CARTESIAN_POINT('',(-5.78508848717886,-78.6404905994775,-6.8943999880708));
#2148=CARTESIAN_POINT('',(-5.63065042803747,-75.6404905994775,-8.26412583140174));
#2149=CARTESIAN_POINT('',(0.,-75.6404905994775,0.));
#2150=CARTESIAN_POINT('',(-0.99874921777191,-75.6404905994775,-9.95));
#2151=CARTESIAN_POINT('',(-0.99874921777191,-75.6404905994775,-9.95));
#2152=CARTESIAN_POINT('',(-0.98168289051052,-76.0950234262123,-9.60910037994894));
#2153=CARTESIAN_POINT('',(-0.656906785288479,-77.0874693283945,-9.14004932149317));
#2154=CARTESIAN_POINT('',(-0.219044706023002,-78.1241960362497,-9.00000000000003));
#2155=CARTESIAN_POINT('',(2.470987523065E-83,-78.6404905994772,-9.));
#2156=CARTESIAN_POINT('',(-10.1559990472328,-98.213143319382,-0.78507001549528));
#2157=CARTESIAN_POINT('',(-10.1559990472328,-74.4313176447675,-0.78507001549528));
#2158=CARTESIAN_POINT('',(-9.53543348566026,-98.213143319382,-0.584225862643669));
#2159=CARTESIAN_POINT('',(-9.53543348566026,-74.4313176447675,-0.584225862643669));
#2160=CARTESIAN_POINT('',(-8.9765331224746,-98.213143319382,-0.920485247606278));
#2161=CARTESIAN_POINT('',(-8.9765331224746,-74.4313176447675,-0.920485247606278));
#2162=CARTESIAN_POINT('',(-8.86326977710987,-98.213143319382,-1.56283359900237));
#2163=CARTESIAN_POINT('',(-8.86326977710987,-74.4313176447675,-1.56283359900237));
#2164=CARTESIAN_POINT('',(-8.75000643174514,-98.213143319382,-2.20518195039846));
#2165=CARTESIAN_POINT('',(-8.75000643174514,-74.4313176447675,-2.20518195039846));
#2166=CARTESIAN_POINT('',(-9.16019349574575,-98.213143319382,-2.71231759543936));
#2167=CARTESIAN_POINT('',(-9.16019349574575,-74.4313176447675,-2.71231759543936));
#2168=CARTESIAN_POINT('',(-9.81202712061373,-98.213143319382,-2.73583174938871));
#2169=CARTESIAN_POINT('',(-9.81202712061373,-74.4313176447675,-2.73583174938871));
#2170=CARTESIAN_POINT('',(-9.62540616085911,-85.3544600210826,-2.71137534076261));
#2171=CARTESIAN_POINT('',(-9.97226812408384,-85.3544600210826,-0.744223394809298));
#2172=CARTESIAN_POINT('',(-7.27531335576154,-98.2131433193826,-7.12954887438543));
#2173=CARTESIAN_POINT('',(-7.27531335576154,-74.4313176447568,-7.12954887438543));
#2174=CARTESIAN_POINT('',(-6.9290326886621,-98.2131433193826,-6.57680147317932));
#2175=CARTESIAN_POINT('',(-6.9290326886621,-74.4313176447568,-6.57680147317932));
#2176=CARTESIAN_POINT('',(-6.28474680489049,-98.2131433193826,-6.47513687796754));
#2177=CARTESIAN_POINT('',(-6.28474680489049,-74.4313176447568,-6.47513687796754));
#2178=CARTESIAN_POINT('',(-5.78508848718176,-98.2131433193826,-6.89439998806837));
#2179=CARTESIAN_POINT('',(-5.78508848718176,-74.4313176447568,-6.89439998806837));
#2180=CARTESIAN_POINT('',(-5.28543016947303,-98.2131433193826,-7.31366309816919));
#2181=CARTESIAN_POINT('',(-5.28543016947303,-74.4313176447568,-7.31366309816919));
#2182=CARTESIAN_POINT('',(-5.27367118142604,-98.2131433193826,-7.96581470335548));
#2183=CARTESIAN_POINT('',(-5.27367118142604,-74.4313176447568,-7.96581470335548));
#2184=CARTESIAN_POINT('',(-5.75789010078474,-98.2131433193826,-8.40281816796649));
#2185=CARTESIAN_POINT('',(-5.75789010078474,-74.4313176447568,-8.40281816796649));
#2186=CARTESIAN_POINT('',(-5.63065042803747,-85.1978503394378,-8.26412583140174));
#2187=CARTESIAN_POINT('',(-7.16082300472467,-85.1978503394378,-6.98015858666592));
#2188=CARTESIAN_POINT('',(-9.62540616085911,-75.6404905994674,-2.7113753407626));
#2189=CARTESIAN_POINT('',(-9.62540616085911,-96.,-2.7113753407626));
#2190=CARTESIAN_POINT('',(-9.16028568749818,-75.6404905994674,-4.36255708698692));
#2191=CARTESIAN_POINT('',(-9.16028568749818,-96.,-4.36255708698692));
#2192=CARTESIAN_POINT('',(-8.30476297132301,-75.6404905994674,-5.80661051793165));
#2193=CARTESIAN_POINT('',(-8.30476297132301,-96.,-5.80661051793165));
#2194=CARTESIAN_POINT('',(-7.1608230047244,-75.6404905994674,-6.98015858666619));
#2195=CARTESIAN_POINT('',(-7.1608230047244,-96.,-6.98015858666619));
#2196=CARTESIAN_POINT('',(-8.28457991315108,-98.213143319382,5.92675182872003));
#2197=CARTESIAN_POINT('',(-8.28457991315108,-74.4313176447675,5.92675182872003));
#2198=CARTESIAN_POINT('',(-7.68009898018645,-98.213143319382,5.68171552196797));
#2199=CARTESIAN_POINT('',(-7.68009898018645,-74.4313176447675,5.68171552196797));
#2200=CARTESIAN_POINT('',(-7.46809982900568,-98.213143319382,5.06487166016571));
#2201=CARTESIAN_POINT('',(-7.46809982900568,-74.4313176447675,5.06487166016571));
#2202=CARTESIAN_POINT('',(-7.79422863405994,-98.213143319382,4.5));
#2203=CARTESIAN_POINT('',(-7.79422863405994,-74.4313176447675,4.5));
#2204=CARTESIAN_POINT('',(-8.1203574391142,-98.213143319382,3.93512833983429));
#2205=CARTESIAN_POINT('',(-8.1203574391142,-74.4313176447675,3.93512833983429));
#2206=CARTESIAN_POINT('',(-8.76055946919384,-98.213143319382,3.81030305943644));
#2207=CARTESIAN_POINT('',(-8.76055946919384,-74.4313176447675,3.81030305943644));
#2208=CARTESIAN_POINT('',(-9.27500760217296,-98.213143319382,4.21128075011111));
#2209=CARTESIAN_POINT('',(-9.27500760217296,-74.4313176447675,4.21128075011111));
#2210=CARTESIAN_POINT('',(-9.11632737654112,-85.293368693434,4.11005780539969));
#2211=CARTESIAN_POINT('',(-8.11757815876921,-85.293368693434,5.83994219460032));
#2212=CARTESIAN_POINT('',(-2.53671376486014,-98.2131433193826,9.86538062377513));
#2213=CARTESIAN_POINT('',(-2.53671376486014,-74.4313176447557,9.86538062377513));
#2214=CARTESIAN_POINT('',(-2.23116080708899,-98.2131433193826,9.28911906862461));
#2215=CARTESIAN_POINT('',(-2.23116080708899,-74.4313176447557,9.28911906862461));
#2216=CARTESIAN_POINT('',(-2.46525962685563,-98.2131433193826,8.68031882837247));
#2217=CARTESIAN_POINT('',(-2.46525962685563,-74.4313176447557,8.68031882837247));
#2218=CARTESIAN_POINT('',(-3.07818128992708,-98.2131433193826,8.45723358707462));
#2219=CARTESIAN_POINT('',(-3.07818128992708,-74.4313176447557,8.45723358707462));
#2220=CARTESIAN_POINT('',(-3.69110295299853,-98.2131433193826,8.23414834577676));
#2221=CARTESIAN_POINT('',(-3.69110295299853,-74.4313176447557,8.23414834577676));
#2222=CARTESIAN_POINT('',(-4.26176230423239,-98.2131433193826,8.55004056599839));
#2223=CARTESIAN_POINT('',(-4.26176230423239,-74.4313176447557,8.55004056599839));
#2224=CARTESIAN_POINT('',(-4.39810894644803,-98.2131433193826,9.18788818346177));
#2225=CARTESIAN_POINT('',(-4.39810894644803,-74.4313176447557,9.18788818346177));
#2226=CARTESIAN_POINT('',(-4.34161769604636,-85.108782140203,9.00834922621104));
#2227=CARTESIAN_POINT('',(4.39810894644948,-98.2131433193825,9.18788818346856));
#2228=CARTESIAN_POINT('',(4.39810894644948,-74.4313176447577,9.18788818346856));
#2229=CARTESIAN_POINT('',(4.26176230423834,-98.2131433193825,8.55004056600458));
#2230=CARTESIAN_POINT('',(4.26176230423834,-74.4313176447577,8.55004056600458));
#2231=CARTESIAN_POINT('',(3.6911029530071,-98.2131433193825,8.23414834577896));
#2232=CARTESIAN_POINT('',(3.6911029530071,-74.4313176447577,8.23414834577896));
#2233=CARTESIAN_POINT('',(3.07818128993428,-98.2131433193825,8.457233587072));
#2234=CARTESIAN_POINT('',(3.07818128993428,-74.4313176447577,8.457233587072));
#2235=CARTESIAN_POINT('',(2.46525962686146,-98.2131433193825,8.68031882836503));
#2236=CARTESIAN_POINT('',(2.46525962686146,-74.4313176447577,8.68031882836503));
#2237=CARTESIAN_POINT('',(2.23116080709006,-98.2131433193825,9.28911906861496));
#2238=CARTESIAN_POINT('',(2.23116080709006,-74.4313176447577,9.28911906861496));
#2239=CARTESIAN_POINT('',(2.53671376485622,-98.2131433193825,9.86538062376773));
#2240=CARTESIAN_POINT('',(2.53671376485622,-74.4313176447577,9.86538062376773));
#2241=CARTESIAN_POINT('',(2.46458315613445,-85.1088929115881,9.69153392742854));
#2242=CARTESIAN_POINT('',(2.46458315613445,-96.,9.69153392742854));
#2243=CARTESIAN_POINT('',(4.34161769604636,-85.1088929115881,9.00834922621104));
#2244=CARTESIAN_POINT('',(4.34161769604636,-96.,9.00834922621104));
#2245=CARTESIAN_POINT('',(2.46458315613445,-96.,9.69153392742854));
#2246=CARTESIAN_POINT('',(2.399432394187,-96.2208675068914,9.48020457402121));
#2247=CARTESIAN_POINT('',(2.40204248829868,-96.5525563201528,9.13885976839114));
#2248=CARTESIAN_POINT('',(2.67024480412554,-96.9122505001272,8.68940125079273));
#2249=CARTESIAN_POINT('',(3.06338153817687,-97.0436950717128,8.42094554915801));
#2250=CARTESIAN_POINT('',(3.53867468970411,-96.9129645849407,8.37264003176819));
#2251=CARTESIAN_POINT('',(4.03218497097163,-96.5546928759132,8.54338725325824));
#2252=CARTESIAN_POINT('',(4.25569749687432,-96.2208384329662,8.80461026956087));
#2253=CARTESIAN_POINT('',(4.34161769604636,-96.0000000000001,9.00834922621104));
#2254=CARTESIAN_POINT('',(9.27500760217297,-98.213143319382,4.2112807501111));
#2255=CARTESIAN_POINT('',(9.27500760217297,-74.4313176447675,4.2112807501111));
#2256=CARTESIAN_POINT('',(8.76055946919384,-98.213143319382,3.81030305943644));
#2257=CARTESIAN_POINT('',(8.76055946919384,-74.4313176447675,3.81030305943644));
#2258=CARTESIAN_POINT('',(8.12035743911421,-98.213143319382,3.93512833983429));
#2259=CARTESIAN_POINT('',(8.12035743911421,-74.4313176447675,3.93512833983429));
#2260=CARTESIAN_POINT('',(7.79422863405995,-98.213143319382,4.5));
#2261=CARTESIAN_POINT('',(7.79422863405995,-74.4313176447675,4.5));
#2262=CARTESIAN_POINT('',(7.46809982900569,-98.213143319382,5.06487166016571));
#2263=CARTESIAN_POINT('',(7.46809982900569,-74.4313176447675,5.06487166016571));
#2264=CARTESIAN_POINT('',(7.68009898018646,-98.213143319382,5.68171552196796));
#2265=CARTESIAN_POINT('',(7.68009898018646,-74.4313176447675,5.68171552196796));
#2266=CARTESIAN_POINT('',(8.28457991315109,-98.213143319382,5.92675182872003));
#2267=CARTESIAN_POINT('',(8.28457991315109,-74.4313176447675,5.92675182872003));
#2268=CARTESIAN_POINT('',(8.11757815876921,-85.2935968414852,5.83994219460031));
#2269=CARTESIAN_POINT('',(8.11757815876921,-96.,5.83994219460031));
#2270=CARTESIAN_POINT('',(9.11632737654112,-85.2935968414852,4.11005780539969));
#2271=CARTESIAN_POINT('',(9.11632737654112,-96.,4.11005780539969));
#2272=CARTESIAN_POINT('',(8.11757815876923,-96.,5.83994219460031));
#2273=CARTESIAN_POINT('',(7.93182988968113,-96.2208675068914,5.71993262029616));
#2274=CARTESIAN_POINT('',(7.71441712608151,-96.5525563201527,5.45676959260056));
#2275=CARTESIAN_POINT('',(7.63096565357198,-96.9122505001272,4.94006726727922));
#2276=CARTESIAN_POINT('',(7.75956586531741,-97.0436950717127,4.4817148472574));
#2277=CARTESIAN_POINT('',(8.09261135483969,-96.9129645849407,4.13919812531839));
#2278=CARTESIAN_POINT('',(8.58041636178899,-96.5546928759133,3.95277579146713));
#2279=CARTESIAN_POINT('',(8.91954780846853,-96.2208384329662,4.00921314926056));
#2280=CARTESIAN_POINT('',(9.11632737654114,-96.,4.1100578053997));
#2281=CARTESIAN_POINT('',(9.81202712061373,-98.213143319382,-2.73583174938871));
#2282=CARTESIAN_POINT('',(9.81202712061373,-74.4313176447675,-2.73583174938871));
#2283=CARTESIAN_POINT('',(9.16019349574575,-98.213143319382,-2.71231759543936));
#2284=CARTESIAN_POINT('',(9.16019349574575,-74.4313176447675,-2.71231759543936));
#2285=CARTESIAN_POINT('',(8.75000643174514,-98.213143319382,-2.20518195039846));
#2286=CARTESIAN_POINT('',(8.75000643174514,-74.4313176447675,-2.20518195039846));
#2287=CARTESIAN_POINT('',(8.86326977710987,-98.213143319382,-1.56283359900237));
#2288=CARTESIAN_POINT('',(8.86326977710987,-74.4313176447675,-1.56283359900237));
#2289=CARTESIAN_POINT('',(8.9765331224746,-98.213143319382,-0.920485247606278));
#2290=CARTESIAN_POINT('',(8.9765331224746,-74.4313176447675,-0.920485247606278));
#2291=CARTESIAN_POINT('',(9.53543348566026,-98.213143319382,-0.584225862643669));
#2292=CARTESIAN_POINT('',(9.53543348566026,-74.4313176447675,-0.584225862643669));
#2293=CARTESIAN_POINT('',(10.1559990472328,-98.213143319382,-0.78507001549528));
#2294=CARTESIAN_POINT('',(10.1559990472328,-74.4313176447675,-0.78507001549528));
#2295=CARTESIAN_POINT('',(9.97226812408384,-85.3547106069461,-0.7442233948093));
#2296=CARTESIAN_POINT('',(9.97226812408384,-96.,-0.7442233948093));
#2297=CARTESIAN_POINT('',(9.62540616085911,-85.3547106069461,-2.71137534076261));
#2298=CARTESIAN_POINT('',(9.62540616085911,-96.,-2.71137534076261));
#2299=CARTESIAN_POINT('',(9.97226812408384,-96.,-0.744223394809301));
#2300=CARTESIAN_POINT('',(9.7527400303229,-96.2209641318542,-0.716747361495922));
#2301=CARTESIAN_POINT('',(9.41688167738604,-96.5528031074912,-0.778653630497011));
#2302=CARTESIAN_POINT('',(9.02070782116885,-96.9125672335464,-1.12120144193592));
#2303=CARTESIAN_POINT('',(8.82475056514597,-97.0437580152038,-1.55542492246957));
#2304=CARTESIAN_POINT('',(8.86028821175563,-96.9124002640039,-2.03194975761026));
#2305=CARTESIAN_POINT('',(9.11400606100806,-96.5542923274841,-2.48803758976684));
#2306=CARTESIAN_POINT('',(9.41292511598101,-96.2176804578259,-2.66284343230814));
#2307=CARTESIAN_POINT('',(9.6254061608591,-96.,-2.71137534076261));
#2308=CARTESIAN_POINT('',(5.75789010078474,-98.2131433193832,-8.40281816796649));
#2309=CARTESIAN_POINT('',(5.75789010078474,-74.4313176447447,-8.40281816796649));
#2310=CARTESIAN_POINT('',(5.27367118142445,-98.2131433193832,-7.96581470335404));
#2311=CARTESIAN_POINT('',(5.27367118142445,-74.4313176447447,-7.96581470335404));
#2312=CARTESIAN_POINT('',(5.28543016947289,-98.2131433193832,-7.31366309816564));
#2313=CARTESIAN_POINT('',(5.28543016947289,-74.4313176447447,-7.31366309816564));
#2314=CARTESIAN_POINT('',(5.78508848718507,-98.2131433193832,-6.89439998806559));
#2315=CARTESIAN_POINT('',(5.78508848718507,-74.4313176447447,-6.89439998806559));
#2316=CARTESIAN_POINT('',(6.28474680489725,-98.2131433193832,-6.47513687796554));
#2317=CARTESIAN_POINT('',(6.28474680489725,-74.4313176447447,-6.47513687796554));
#2318=CARTESIAN_POINT('',(6.92903268867032,-98.2131433193832,-6.57680147318183));
#2319=CARTESIAN_POINT('',(6.92903268867032,-74.4313176447447,-6.57680147318183));
#2320=CARTESIAN_POINT('',(7.27531335576612,-98.2131433193832,-7.12954887439275));
#2321=CARTESIAN_POINT('',(7.27531335576612,-74.4313176447447,-7.12954887439275));
#2322=CARTESIAN_POINT('',(7.16082300472466,-85.1980315733887,-6.98015858666592));
#2323=CARTESIAN_POINT('',(7.16082300472466,-96.,-6.98015858666592));
#2324=CARTESIAN_POINT('',(5.63065042803747,-85.1980315733887,-8.26412583140174));
#2325=CARTESIAN_POINT('',(5.63065042803747,-96.,-8.26412583140174));
#2326=CARTESIAN_POINT('',(7.16082300472466,-96.,-6.98015858666592));
#2327=CARTESIAN_POINT('',(7.0103817970823,-96.2208675068914,-6.81807169503986));
#2328=CARTESIAN_POINT('',(6.71346347690089,-96.5525563201529,-6.6496597000318));
#2329=CARTESIAN_POINT('',(6.19011982480003,-96.9122505001272,-6.65720046009248));
#2330=CARTESIAN_POINT('',(5.76106200036788,-97.0436950717128,-6.86343900812443));
#2331=CARTESIAN_POINT('',(5.48158161940176,-96.9129645849407,-7.25090219289688));
#2332=CARTESIAN_POINT('',(5.38269791020397,-96.5546928759133,-7.76366824424836));
#2333=CARTESIAN_POINT('',(5.49716741542391,-96.2208384329661,-8.08784727789546));
#2334=CARTESIAN_POINT('',(5.63065042803748,-96.,-8.26412583140174));
#2335=CARTESIAN_POINT('',(-0.990427689021883,-98.213143319382,-10.1380325788311));
#2336=CARTESIAN_POINT('',(-0.990427689021883,-74.4313176447675,-10.1380325788311));
#2337=CARTESIAN_POINT('',(-1.08046048900739,-98.213143319382,-9.49201858140441));
#2338=CARTESIAN_POINT('',(-1.08046048900739,-74.4313176447675,-9.49201858140441));
#2339=CARTESIAN_POINT('',(-0.652257610108525,-98.213143319382,-9.));
#2340=CARTESIAN_POINT('',(-0.652257610108525,-74.4313176447675,-9.));
#2341=CARTESIAN_POINT('',(0.,-98.213143319382,-9.));
#2342=CARTESIAN_POINT('',(0.,-74.4313176447675,-9.));
#2343=CARTESIAN_POINT('',(0.652257610108525,-98.213143319382,-9.));
#2344=CARTESIAN_POINT('',(0.652257610108525,-74.4313176447675,-9.));
#2345=CARTESIAN_POINT('',(1.08046048900739,-98.213143319382,-9.49201858140441));
#2346=CARTESIAN_POINT('',(1.08046048900739,-74.4313176447675,-9.49201858140441));
#2347=CARTESIAN_POINT('',(0.990427689021883,-98.213143319382,-10.1380325788311));
#2348=CARTESIAN_POINT('',(0.990427689021883,-74.4313176447675,-10.1380325788311));
#2349=CARTESIAN_POINT('',(0.99874921777191,-85.,-9.95));
#2350=CARTESIAN_POINT('',(0.99874921777191,-96.,-9.95));
#2351=CARTESIAN_POINT('',(-0.99874921777191,-85.,-9.95));
#2352=CARTESIAN_POINT('',(0.99874921777191,-96.,-9.95000000000001));
#2353=CARTESIAN_POINT('',(0.987685012865445,-96.221007319912,-9.72899268008799));
#2354=CARTESIAN_POINT('',(0.868650434765369,-96.5528879111775,-9.40894829755903));
#2355=CARTESIAN_POINT('',(0.461561455289615,-96.9127512686573,-9.07818977140112));
#2356=CARTESIAN_POINT('',(0.155224543193599,-97.,-9.00000000000001));
#2357=CARTESIAN_POINT('',(1.57445563901059E-14,-97.,-9.));
#2358=CARTESIAN_POINT('',(-9.11632737654112,-75.6404905994775,4.11005780539968));
#2359=CARTESIAN_POINT('',(-9.11632737654112,-96.,4.11005780539968));
#2360=CARTESIAN_POINT('',(-9.80065452539829,-75.6404905994775,2.59218369826646));
#2361=CARTESIAN_POINT('',(-9.80065452539829,-96.,2.59218369826646));
#2362=CARTESIAN_POINT('',(-10.0980428498976,-75.6404905994775,0.941102943754699));
#2363=CARTESIAN_POINT('',(-10.0980428498976,-96.,0.941102943754699));
#2364=CARTESIAN_POINT('',(-9.97226812408383,-75.6404905994775,-0.744223394809298));
#2365=CARTESIAN_POINT('',(-9.97226812408383,-96.,-0.744223394809298));
#2366=CARTESIAN_POINT('',(-4.34161769604637,-75.6404905994775,9.00834922621104));
#2367=CARTESIAN_POINT('',(-4.34161769604637,-96.,9.00834922621104));
#2368=CARTESIAN_POINT('',(-5.79164309184442,-75.6404905994775,8.30950243863358));
#2369=CARTESIAN_POINT('',(-5.79164309184442,-96.,8.30950243863358));
#2370=CARTESIAN_POINT('',(-7.09969044716406,-75.6404905994775,7.25481631158137));
#2371=CARTESIAN_POINT('',(-7.09969044716406,-96.,7.25481631158137));
#2372=CARTESIAN_POINT('',(-8.11757815876921,-75.6404905994775,5.83994219460032));
#2373=CARTESIAN_POINT('',(-8.11757815876921,-96.,5.83994219460032));
#2374=CARTESIAN_POINT('',(2.46458315613451,-75.6404905994775,9.69153392742852));
#2375=CARTESIAN_POINT('',(2.46458315613451,-96.,9.69153392742852));
#2376=CARTESIAN_POINT('',(1.62881369390143,-75.6404905994775,9.90407235059822));
#2377=CARTESIAN_POINT('',(1.62881369390143,-96.,9.90407235059822));
#2378=CARTESIAN_POINT('',(0.800980110022819,-75.6404905994775,10.));
#2379=CARTESIAN_POINT('',(0.800980110022819,-96.,10.));
#2380=CARTESIAN_POINT('',(1.22464679914735E-15,-75.6404905994775,10.));
#2381=CARTESIAN_POINT('',(1.22464679914735E-15,-96.,10.));
#2382=CARTESIAN_POINT('',(0.,-96.,1.10218211923262E-15));
#2383=CARTESIAN_POINT('',(8.11757815876921,-75.6404905994682,5.8399421946003));
#2384=CARTESIAN_POINT('',(8.11757815876921,-96.,5.8399421946003));
#2385=CARTESIAN_POINT('',(7.09969044716399,-75.6404905994682,7.25481631158147));
#2386=CARTESIAN_POINT('',(7.09969044716399,-96.,7.25481631158147));
#2387=CARTESIAN_POINT('',(5.79164309184423,-75.6404905994682,8.30950243863373));
#2388=CARTESIAN_POINT('',(5.79164309184423,-96.,8.30950243863373));
#2389=CARTESIAN_POINT('',(4.34161769604606,-75.6404905994682,9.00834922621119));
#2390=CARTESIAN_POINT('',(4.34161769604606,-96.,9.00834922621119));
#2391=CARTESIAN_POINT('',(0.,-96.,1.10218211923262E-15));
#2392=CARTESIAN_POINT('',(9.97226812408383,-75.6404905994775,-0.744223394809303));
#2393=CARTESIAN_POINT('',(9.97226812408383,-96.,-0.744223394809303));
#2394=CARTESIAN_POINT('',(10.0980428498976,-75.6404905994775,0.9411029437547));
#2395=CARTESIAN_POINT('',(10.0980428498976,-96.,0.941102943754701));
#2396=CARTESIAN_POINT('',(9.80065452539829,-75.6404905994775,2.59218369826646));
#2397=CARTESIAN_POINT('',(9.80065452539829,-96.,2.59218369826646));
#2398=CARTESIAN_POINT('',(9.11632737654112,-75.6404905994775,4.11005780539969));
#2399=CARTESIAN_POINT('',(9.11632737654112,-96.,4.11005780539969));
#2400=CARTESIAN_POINT('',(0.,-96.,1.10218211923262E-15));
#2401=CARTESIAN_POINT('',(7.1608230047241,-75.6404905994559,-6.9801585866665));
#2402=CARTESIAN_POINT('',(7.1608230047241,-96.,-6.9801585866665));
#2403=CARTESIAN_POINT('',(8.30476297132285,-75.6404905994559,-5.80661051793191));
#2404=CARTESIAN_POINT('',(8.30476297132285,-96.,-5.80661051793191));
#2405=CARTESIAN_POINT('',(9.16028568749814,-75.6404905994559,-4.36255708698707));
#2406=CARTESIAN_POINT('',(9.16028568749814,-96.,-4.36255708698707));
#2407=CARTESIAN_POINT('',(9.62540616085911,-75.6404905994559,-2.7113753407626));
#2408=CARTESIAN_POINT('',(9.62540616085911,-96.,-2.7113753407626));
#2409=CARTESIAN_POINT('',(0.,-96.,1.10218211923262E-15));
#2410=CARTESIAN_POINT('',(0.99874921777191,-75.6404905994775,-9.95));
#2411=CARTESIAN_POINT('',(0.99874921777191,-96.,-9.95));
#2412=CARTESIAN_POINT('',(2.56547929759978,-75.6404905994775,-9.79273663902635));
#2413=CARTESIAN_POINT('',(2.56547929759978,-96.,-9.79273663902635));
#2414=CARTESIAN_POINT('',(4.1638522836035,-75.6404905994775,-9.26350892022394));
#2415=CARTESIAN_POINT('',(4.1638522836035,-96.,-9.26350892022395));
#2416=CARTESIAN_POINT('',(5.63065042803747,-75.6404905994775,-8.26412583140174));
#2417=CARTESIAN_POINT('',(5.63065042803747,-96.,-8.26412583140174));
#2418=CARTESIAN_POINT('',(0.,-96.,1.10218211923262E-15));
#2419=CARTESIAN_POINT('',(-5.63065042803747,-75.6404905994775,-8.26412583140174));
#2420=CARTESIAN_POINT('',(-5.63065042803747,-96.,-8.26412583140174));
#2421=CARTESIAN_POINT('',(-4.1638522836035,-75.6404905994775,-9.26350892022394));
#2422=CARTESIAN_POINT('',(-4.1638522836035,-96.,-9.26350892022394));
#2423=CARTESIAN_POINT('',(-2.56547929759978,-75.6404905994775,-9.79273663902635));
#2424=CARTESIAN_POINT('',(-2.56547929759978,-96.,-9.79273663902635));
#2425=CARTESIAN_POINT('',(-0.99874921777191,-75.6404905994775,-9.95));
#2426=CARTESIAN_POINT('',(-0.99874921777191,-96.,-9.95));
#2427=CARTESIAN_POINT('',(14.7986298027083,-75.,14.8358516854793));
#2428=CARTESIAN_POINT('',(-14.8614750080517,-75.,14.8358516854793));
#2429=CARTESIAN_POINT('',(14.7986298027083,-75.,-14.7480339175618));
#2430=CARTESIAN_POINT('',(-14.8614750080517,-75.,-14.7480339175618));
#2431=CARTESIAN_POINT('',(0.,-75.,0.));
#2432=CARTESIAN_POINT('',(0.,-76.,15.5726353863185));
#2433=CARTESIAN_POINT('',(-31.145270772637,-76.,15.5726353863185));
#2434=CARTESIAN_POINT('',(-31.145270772637,-76.,-15.5726353863185));
#2435=CARTESIAN_POINT('',(0.,-76.,-15.5726353863185));
#2436=CARTESIAN_POINT('',(0.,-75.,14.5726353863185));
#2437=CARTESIAN_POINT('',(-29.145270772637,-75.,14.5726353863185));
#2438=CARTESIAN_POINT('',(-29.145270772637,-75.,-14.5726353863185));
#2439=CARTESIAN_POINT('',(0.,-75.,-14.5726353863185));
#2440=CARTESIAN_POINT('',(0.,-96.,10.));
#2441=CARTESIAN_POINT('',(20.0000000000001,-96.,10.));
#2442=CARTESIAN_POINT('',(20.0000000000001,-96.,-10.));
#2443=CARTESIAN_POINT('',(0.,-96.,-10.));
#2444=CARTESIAN_POINT('',(0.,-98.,8.));
#2445=CARTESIAN_POINT('',(16.,-98.,8.));
#2446=CARTESIAN_POINT('',(16.,-98.,-7.99999999999999));
#2447=CARTESIAN_POINT('',(0.,-98.,-7.99999999999999));
#2448=MECHANICAL_DESIGN_GEOMETRIC_PRESENTATION_REPRESENTATION('',(#1053),
#2449);
#2449=(
GEOMETRIC_REPRESENTATION_CONTEXT(3)
GLOBAL_UNCERTAINTY_ASSIGNED_CONTEXT((#2450))
GLOBAL_UNIT_ASSIGNED_CONTEXT((#2453,#2452,#2451))
REPRESENTATION_CONTEXT('Connector','TOP_LEVEL_ASSEMBLY_PART')
);
#2450=UNCERTAINTY_MEASURE_WITH_UNIT(LENGTH_MEASURE(1.E-5),#2453,
'DISTANCE_ACCURACY_VALUE','Maximum Tolerance applied to model');
#2451=(
NAMED_UNIT(*)
SI_UNIT($,.STERADIAN.)
SOLID_ANGLE_UNIT()
);
#2452=(
NAMED_UNIT(*)
PLANE_ANGLE_UNIT()
SI_UNIT($,.RADIAN.)
);
#2453=(
LENGTH_UNIT()
NAMED_UNIT(*)
SI_UNIT(.MILLI.,.METRE.)
);
#2454=PRODUCT_DEFINITION_SHAPE('','',#2455);
#2455=PRODUCT_DEFINITION('','',#2457,#2456);
#2456=PRODUCT_DEFINITION_CONTEXT('',#2463,'design');
#2457=PRODUCT_DEFINITION_FORMATION_WITH_SPECIFIED_SOURCE('','',#2459,
 .NOT_KNOWN.);
#2458=PRODUCT_RELATED_PRODUCT_CATEGORY('','',(#2459));
#2459=PRODUCT('Connector','Connector','Connector',(#2461));
#2460=PRODUCT_CATEGORY('','');
#2461=PRODUCT_CONTEXT('',#2463,'mechanical');
#2462=APPLICATION_PROTOCOL_DEFINITION('international standard',
'ap242_managed_model_based_3d_engineering',2020,#2463);
#2463=APPLICATION_CONTEXT('managed model based 3d engineering');
ENDSEC;
END-ISO-10303-21;
