ISO-10303-21;
HEADER;
/*Generated by software containing ST-Developer
 * from STEP Tools, Inc. (www.steptools.com) 
 */
/*OPTION: using custom renumber hook */
/*description */
/*implementation_level */
FILE_DESCRIPTION(('STEP AP242 Edition 2','STEP AP242 Edition 2''CAx-IF Rec.Pracs.---Representation and Presentation of Product Manufa
cturing Information (PMI)---4.0---2014-10-13','STEP AP242 Edition 2''CAx-IF Rec.Pracs.---Representation and Presentation of Product Manufa
cturing Information (PMI)---4.0---2014-10-13''CAx-IF Rec.Pracs.---3D Tessellated Geometry---0.4---2014-09-14','STEP AP242 Edition 2''CAx-IF Rec.Pracs.---Representation and Presentation of Product Manufa
cturing Information (PMI)---4.0---2014-10-13''CAx-IF Rec.Pracs.---3D Tessellated Geometry---0.4---2014-09-14''2;1','STEP AP242 Edition 2''CAx-IF Rec.Pracs.---Representation and Presentation of Product Manufa
cturing Information (PMI)---4.0---2014-10-13''CAx-IF Rec.Pracs.---3D Tessellated Geometry---0.4---2014-09-14''2;1''CAx-IF Rec.Pracs.---User Defined Attributes---1.5---2016-08-15'),'2;1');
/*name */
/*time_stamp */
/*author */
/*organization */
/*preprocessor_version */
/*originating_system */
/*authorisation */
FILE_NAME('/vol/tmp/translate-945220472872336044/Nail Darts - Part 7.step','2026-02-22T13:37:52',(''),(''),'ST-DEVELOPER v20','ONSHAPE BY PTC INC, 1.211','  ');
FILE_SCHEMA(('AP242_MANAGED_MODEL_BASED_3D_ENGINEERING_MIM_LF { 1 0 10303 442 3 1 4 }'));
ENDSEC;
DATA;
#10=SHAPE_REPRESENTATION_RELATIONSHIP('','',#1615,#11);
#11=ADVANCED_BREP_SHAPE_REPRESENTATION('',(#1613),#3673);
#12=B_SPLINE_CURVE_WITH_KNOTS('',3,(#2163,#2164,#2165,#2166),.UNSPECIFIED.,.F.,.F.,(4,4),(0.,0.000694916002152551),.UNSPECIFIED.);
#13=B_SPLINE_CURVE_WITH_KNOTS('',3,(#2194,#2195,#2196,#2197),.UNSPECIFIED.,.F.,.F.,(4,4),(0.,0.000694916002152394),.UNSPECIFIED.);
#14=B_SPLINE_CURVE_WITH_KNOTS('',3,(#2225,#2226,#2227,#2228),.UNSPECIFIED.,.F.,.F.,(4,4),(0.,0.000694916002152149),.UNSPECIFIED.);
#15=B_SPLINE_CURVE_WITH_KNOTS('',3,(#2256,#2257,#2258,#2259),.UNSPECIFIED.,.F.,.F.,(4,4),(0.,0.000694916002152659),.UNSPECIFIED.);
#16=B_SPLINE_CURVE_WITH_KNOTS('',3,(#2287,#2288,#2289,#2290),.UNSPECIFIED.,.F.,.F.,(4,4),(4.33680868994202E-19,0.000694916002152341),.UNSPECIFIED.);
#17=B_SPLINE_CURVE_WITH_KNOTS('',3,(#2360,#2361,#2362,#2363),.UNSPECIFIED.,.F.,.F.,(4,4),(0.,0.000696281187978647),.UNSPECIFIED.);
#18=B_SPLINE_CURVE_WITH_KNOTS('',3,(#2366,#2367,#2368,#2369),.UNSPECIFIED.,.F.,.F.,(4,4),(0.,0.00500353639739167),.UNSPECIFIED.);
#19=B_SPLINE_CURVE_WITH_KNOTS('',3,(#2370,#2371,#2372,#2373),.UNSPECIFIED.,.F.,.F.,(4,4),(0.,0.0017722671822653),.UNSPECIFIED.);
#20=B_SPLINE_CURVE_WITH_KNOTS('',3,(#2375,#2376,#2377,#2378,#2379,#2380,#2381,#2382,#2383,#2384,#2385,#2386,#2387),.UNSPECIFIED.,.F.,.F.,(4,1,1,1,1,1,1,1,1,1,4),(0.,4.67046059118102E-05,9.34092118236204E-05,0.000186818423647241,0.000280227635470861,0.000373636847294482,0.000467046059118102,0.000560455270941722,0.000653864482765343,0.000700569088677153,0.000747273694588963),.UNSPECIFIED.);
#21=B_SPLINE_CURVE_WITH_KNOTS('',3,(#2389,#2390,#2391,#2392),.UNSPECIFIED.,.F.,.F.,(4,4),(0.257469247620504,0.259974446577757),.UNSPECIFIED.);
#22=B_SPLINE_CURVE_WITH_KNOTS('',3,(#2416,#2417,#2418,#2419,#2420,#2421,#2422,#2423,#2424,#2425,#2426,#2427,#2428),.UNSPECIFIED.,.F.,.F.,(4,1,1,1,1,1,1,1,1,1,4),(0.,3.96981850005769E-05,7.93963700011538E-05,0.000158792740002308,0.000317585480004615,0.000476378220006923,0.00063517096000923,0.000952756440013846,0.00127034192001846,0.00190551288002769,0.00254068384003692),.UNSPECIFIED.);
#23=B_SPLINE_CURVE_WITH_KNOTS('',3,(#2433,#2434,#2435,#2436,#2437,#2438,#2439,#2440,#2441,#2442,#2443,#2444),.UNSPECIFIED.,.F.,.F.,(4,1,1,1,1,1,1,1,1,4),(0.,0.000445883942881573,0.000891767885763145,0.00111470985720393,0.00133765182864472,0.00144912281436511,0.0015605938000855,0.0016720647858059,0.00172780027866609,0.00178353577152629),.UNSPECIFIED.);
#24=B_SPLINE_CURVE_WITH_KNOTS('',3,(#2625,#2626,#2627,#2628),.UNSPECIFIED.,.F.,.F.,(4,4),(0.,0.000696281187977873),.UNSPECIFIED.);
#25=B_SPLINE_CURVE_WITH_KNOTS('',3,(#2631,#2632,#2633,#2634),.UNSPECIFIED.,.F.,.F.,(4,4),(0.,0.00500353639739167),.UNSPECIFIED.);
#26=B_SPLINE_CURVE_WITH_KNOTS('',3,(#2635,#2636,#2637,#2638),.UNSPECIFIED.,.F.,.F.,(4,4),(0.,0.0017722671822649),.UNSPECIFIED.);
#27=B_SPLINE_CURVE_WITH_KNOTS('',3,(#2640,#2641,#2642,#2643,#2644,#2645,#2646,#2647,#2648,#2649,#2650,#2651,#2652),.UNSPECIFIED.,.F.,.F.,(4,1,1,1,1,1,1,1,1,1,4),(0.,4.67046059014508E-05,9.34092118029017E-05,0.000186818423605803,0.000280227635408705,0.000373636847211607,0.000467046059014508,0.00056045527081741,0.000653864482620312,0.000700569088521762,0.000747273694423213),.UNSPECIFIED.);
#28=B_SPLINE_CURVE_WITH_KNOTS('',3,(#2654,#2655,#2656,#2657),.UNSPECIFIED.,.F.,.F.,(4,4),(0.257469247620504,0.259974446577757),.UNSPECIFIED.);
#29=B_SPLINE_CURVE_WITH_KNOTS('',3,(#2681,#2682,#2683,#2684,#2685,#2686,#2687,#2688,#2689,#2690,#2691,#2692,#2693),.UNSPECIFIED.,.F.,.F.,(4,1,1,1,1,1,1,1,1,1,4),(0.,3.96981849039015E-05,7.93963698078029E-05,0.000158792739615606,0.000317585479231212,0.000476378218846818,0.000635170958462423,0.000952756437693635,0.00127034191692485,0.00190551287538727,0.00254068383384969),.UNSPECIFIED.);
#30=B_SPLINE_CURVE_WITH_KNOTS('',3,(#2698,#2699,#2700,#2701,#2702,#2703,#2704,#2705,#2706,#2707,#2708,#2709),.UNSPECIFIED.,.F.,.F.,(4,1,1,1,1,1,1,1,1,4),(0.,0.000445883942763719,0.000891767885527438,0.0011147098569093,0.00133765182829116,0.00144912281398209,0.00156059379967302,0.00167206478536395,0.00172780027820941,0.00178353577105488),.UNSPECIFIED.);
#31=B_SPLINE_CURVE_WITH_KNOTS('',3,(#2888,#2889,#2890,#2891),.UNSPECIFIED.,.F.,.F.,(4,4),(0.,0.000696281187978244),.UNSPECIFIED.);
#32=B_SPLINE_CURVE_WITH_KNOTS('',3,(#2894,#2895,#2896,#2897),.UNSPECIFIED.,.F.,.F.,(4,4),(0.,0.00500353639739167),.UNSPECIFIED.);
#33=B_SPLINE_CURVE_WITH_KNOTS('',3,(#2898,#2899,#2900,#2901),.UNSPECIFIED.,.F.,.F.,(4,4),(0.,0.00177226718226605),.UNSPECIFIED.);
#34=B_SPLINE_CURVE_WITH_KNOTS('',3,(#2903,#2904,#2905,#2906,#2907,#2908,#2909,#2910,#2911,#2912,#2913,#2914,#2915),.UNSPECIFIED.,.F.,.F.,(4,1,1,1,1,1,1,1,1,1,4),(0.,4.67046059122307E-05,9.34092118244615E-05,0.000186818423648923,0.000280227635473384,0.000373636847297846,0.000467046059122307,0.000560455270946769,0.00065386448277123,0.000700569088683461,0.000747273694595692),.UNSPECIFIED.);
#35=B_SPLINE_CURVE_WITH_KNOTS('',3,(#2917,#2918,#2919,#2920),.UNSPECIFIED.,.F.,.F.,(4,4),(0.257469247620504,0.259974446577756),.UNSPECIFIED.);
#36=B_SPLINE_CURVE_WITH_KNOTS('',3,(#2944,#2945,#2946,#2947,#2948,#2949,#2950,#2951,#2952,#2953,#2954,#2955,#2956),.UNSPECIFIED.,.F.,.F.,(4,1,1,1,1,1,1,1,1,1,4),(0.,3.96981847860735E-05,7.9396369572147E-05,0.000158792739144294,0.000317585478288588,0.000476378217432882,0.000635170956577176,0.000952756434865764,0.00127034191315435,0.00190551286973153,0.0025406838263087),.UNSPECIFIED.);
#37=B_SPLINE_CURVE_WITH_KNOTS('',3,(#2961,#2962,#2963,#2964,#2965,#2966,#2967,#2968,#2969,#2970,#2971,#2972),.UNSPECIFIED.,.F.,.F.,(4,1,1,1,1,1,1,1,1,4),(0.,0.0004458839426335,0.000891767885267001,0.00111470985658375,0.0013376518279005,0.00144912281355888,0.00156059379921725,0.00167206478487563,0.00172780027770481,0.001783535770534),.UNSPECIFIED.);
#38=B_SPLINE_CURVE_WITH_KNOTS('',3,(#3138,#3139,#3140,#3141),.UNSPECIFIED.,.F.,.F.,(4,4),(0.,0.000696281187978092),.UNSPECIFIED.);
#39=B_SPLINE_CURVE_WITH_KNOTS('',3,(#3144,#3145,#3146,#3147),.UNSPECIFIED.,.F.,.F.,(4,4),(0.,0.00500353639739167),.UNSPECIFIED.);
#40=B_SPLINE_CURVE_WITH_KNOTS('',3,(#3148,#3149,#3150,#3151),.UNSPECIFIED.,.F.,.F.,(4,4),(0.,0.00177226718226585),.UNSPECIFIED.);
#41=B_SPLINE_CURVE_WITH_KNOTS('',3,(#3153,#3154,#3155,#3156,#3157,#3158,#3159,#3160,#3161,#3162,#3163,#3164,#3165),.UNSPECIFIED.,.F.,.F.,(4,1,1,1,1,1,1,1,1,1,4),(0.,4.67046059087667E-05,9.34092118175335E-05,0.000186818423635067,0.0002802276354526,0.000373636847270134,0.000467046059087667,0.000560455270905201,0.000653864482722734,0.000700569088631501,0.000747273694540268),.UNSPECIFIED.);
#42=B_SPLINE_CURVE_WITH_KNOTS('',3,(#3167,#3168,#3169,#3170),.UNSPECIFIED.,.F.,.F.,(4,4),(0.257469247620504,0.259974446577756),.UNSPECIFIED.);
#43=B_SPLINE_CURVE_WITH_KNOTS('',3,(#3194,#3195,#3196,#3197,#3198,#3199,#3200,#3201,#3202,#3203,#3204,#3205,#3206),.UNSPECIFIED.,.F.,.F.,(4,1,1,1,1,1,1,1,1,1,4),(0.,3.96981850064363E-05,7.93963700128726E-05,0.000158792740025745,0.00031758548005149,0.000476378220077235,0.000635170960102981,0.000952756440154471,0.00127034192020596,0.00190551288030894,0.00254068384041192),.UNSPECIFIED.);
#44=B_SPLINE_CURVE_WITH_KNOTS('',3,(#3211,#3212,#3213,#3214,#3215,#3216,#3217,#3218,#3219,#3220,#3221,#3222),.UNSPECIFIED.,.F.,.F.,(4,1,1,1,1,1,1,1,1,4),(0.,0.000445883942878909,0.000891767885757818,0.00111470985719727,0.00133765182863673,0.00144912281435645,0.00156059380007618,0.00167206478579591,0.00172780027865577,0.00178353577151564),.UNSPECIFIED.);
#45=B_SPLINE_CURVE_WITH_KNOTS('',3,(#3372,#3373,#3374,#3375,#3376,#3377,#3378,#3379,#3380,#3381,#3382,#3383,#3384),.UNSPECIFIED.,.F.,.F.,(4,1,1,1,1,1,1,1,1,1,4),(0.,4.67046059112508E-05,9.34092118225017E-05,0.000186818423645003,0.000280227635467505,0.000373636847290007,0.000467046059112508,0.00056045527093501,0.000653864482757512,0.000700569088668762,0.000747273694580013),.UNSPECIFIED.);
#46=B_SPLINE_CURVE_WITH_KNOTS('',3,(#3480,#3481,#3482,#3483),.UNSPECIFIED.,.F.,.F.,(4,4),(0.,0.000696281187978348),.UNSPECIFIED.);
#47=B_SPLINE_CURVE_WITH_KNOTS('',3,(#3519,#3520,#3521,#3522,#3523,#3524,#3525,#3526,#3527,#3528,#3529,#3530),.UNSPECIFIED.,.F.,.F.,(4,1,1,1,1,1,1,1,1,4),(0.,0.000445883942754054,0.000891767885508108,0.00111470985688514,0.00133765182826216,0.00144912281395068,0.00156059379963919,0.0016720647853277,0.00172780027817196,0.00178353577101622),.UNSPECIFIED.);
#48=B_SPLINE_CURVE_WITH_KNOTS('',3,(#3531,#3532,#3533,#3534),.UNSPECIFIED.,.F.,.F.,(4,4),(0.,0.00177226718226565),.UNSPECIFIED.);
#49=B_SPLINE_CURVE_WITH_KNOTS('',3,(#3563,#3564,#3565,#3566,#3567,#3568,#3569,#3570,#3571,#3572,#3573,#3574,#3575),.UNSPECIFIED.,.F.,.F.,(4,1,1,1,1,1,1,1,1,1,4),(0.,3.96981849330137E-05,7.93963698660275E-05,0.000158792739732055,0.00031758547946411,0.000476378219196165,0.00063517095892822,0.00095275643839233,0.00127034191785644,0.00190551287678466,0.00254068383571288),.UNSPECIFIED.);
#50=B_SPLINE_CURVE_WITH_KNOTS('',3,(#3576,#3577,#3578,#3579),.UNSPECIFIED.,.F.,.F.,(4,4),(0.257469247620504,0.259974446577756),.UNSPECIFIED.);
#51=B_SPLINE_SURFACE_WITH_KNOTS('',1,1,((#2140,#2141),(#2142,#2143)),.PLANE_SURF.,.F.,.F.,.F.,(2,2),(2,2),(0.,1.),(0.,1.),.UNSPECIFIED.);
#52=B_SPLINE_SURFACE_WITH_KNOTS('',3,3,((#2336,#2337,#2338,#2339,#2340,
#2341),(#2342,#2343,#2344,#2345,#2346,#2347),(#2348,#2349,#2350,#2351,#2352,
#2353),(#2354,#2355,#2356,#2357,#2358,#2359)),.UNSPECIFIED.,.F.,.F.,.F.,(4,4),(4,2,4),(0.00504203048748315,0.0101033174192182),(0.,0.503000044990299,1.0060000899806),.UNSPECIFIED.);
#53=B_SPLINE_SURFACE_WITH_KNOTS('',1,1,((#2521,#2522),(#2523,#2524)),.PLANE_SURF.,.F.,.F.,.F.,(2,2),(2,2),(0.,1.),(0.,1.),.UNSPECIFIED.);
#54=B_SPLINE_SURFACE_WITH_KNOTS('',1,1,((#2568,#2569),(#2570,#2571)),.PLANE_SURF.,.F.,.F.,.F.,(2,2),(2,2),(0.0454545454545452,0.948769868482535),(0.0454545454545455,0.954545454545454),.PIECEWISE_BEZIER_KNOTS.);
#55=B_SPLINE_SURFACE_WITH_KNOTS('',3,3,((#2601,#2602,#2603,#2604,#2605,
#2606),(#2607,#2608,#2609,#2610,#2611,#2612),(#2613,#2614,#2615,#2616,#2617,
#2618),(#2619,#2620,#2621,#2622,#2623,#2624)),.UNSPECIFIED.,.F.,.F.,.F.,(4,4),(4,2,4),(0.00504203048748314,0.0101033174192182),(0.,0.503000044990137,1.00600008998027),.UNSPECIFIED.);
#56=B_SPLINE_SURFACE_WITH_KNOTS('',1,1,((#2786,#2787),(#2788,#2789)),.PLANE_SURF.,.F.,.F.,.F.,(2,2),(2,2),(0.,1.),(0.,1.),.UNSPECIFIED.);
#57=B_SPLINE_SURFACE_WITH_KNOTS('',1,1,((#2831,#2832),(#2833,#2834)),.PLANE_SURF.,.F.,.F.,.F.,(2,2),(2,2),(0.0454545454545462,0.948769868482508),(0.0454545454545458,0.954545454545454),.PIECEWISE_BEZIER_KNOTS.);
#58=B_SPLINE_SURFACE_WITH_KNOTS('',3,3,((#2864,#2865,#2866,#2867,#2868,
#2869),(#2870,#2871,#2872,#2873,#2874,#2875),(#2876,#2877,#2878,#2879,#2880,
#2881),(#2882,#2883,#2884,#2885,#2886,#2887)),.UNSPECIFIED.,.F.,.F.,.F.,(4,4),(4,2,4),(0.00504203048748315,0.0101033174192182),(0.,0.503000044990115,1.00600008998023),.UNSPECIFIED.);
#59=B_SPLINE_SURFACE_WITH_KNOTS('',1,1,((#3049,#3050),(#3051,#3052)),.PLANE_SURF.,.F.,.F.,.F.,(2,2),(2,2),(0.,1.),(0.,1.),.UNSPECIFIED.);
#60=B_SPLINE_SURFACE_WITH_KNOTS('',1,1,((#3094,#3095),(#3096,#3097)),.PLANE_SURF.,.F.,.F.,.F.,(2,2),(2,2),(0.045454545454543,0.94876986848252),(0.0454545454545461,0.954545454545454),.PIECEWISE_BEZIER_KNOTS.);
#61=B_SPLINE_SURFACE_WITH_KNOTS('',3,3,((#3114,#3115,#3116,#3117,#3118,
#3119),(#3120,#3121,#3122,#3123,#3124,#3125),(#3126,#3127,#3128,#3129,#3130,
#3131),(#3132,#3133,#3134,#3135,#3136,#3137)),.UNSPECIFIED.,.F.,.F.,.F.,(4,4),(4,2,4),(0.00504203048748314,0.0101033174192182),(0.,0.503000044990037,1.00600008998007),.UNSPECIFIED.);
#62=B_SPLINE_SURFACE_WITH_KNOTS('',1,1,((#3299,#3300),(#3301,#3302)),.PLANE_SURF.,.F.,.F.,.F.,(2,2),(2,2),(0.,1.),(0.,1.),.UNSPECIFIED.);
#63=B_SPLINE_SURFACE_WITH_KNOTS('',1,1,((#3346,#3347),(#3348,#3349)),.PLANE_SURF.,.F.,.F.,.F.,(2,2),(2,2),(0.0454545454545466,0.948769868482517),(0.0454545454545449,0.954545454545454),.PIECEWISE_BEZIER_KNOTS.);
#64=B_SPLINE_SURFACE_WITH_KNOTS('',1,1,((#3385,#3386),(#3387,#3388)),.PLANE_SURF.,.F.,.F.,.F.,(2,2),(2,2),(0.,1.),(0.,1.),.UNSPECIFIED.);
#65=B_SPLINE_SURFACE_WITH_KNOTS('',1,1,((#3451,#3452),(#3453,#3454)),.PLANE_SURF.,.F.,.F.,.F.,(2,2),(2,2),(0.045454545454545,0.9464720352974),(0.0454545450713009,0.954545455184072),.PIECEWISE_BEZIER_KNOTS.);
#66=B_SPLINE_SURFACE_WITH_KNOTS('',1,1,((#3463,#3464),(#3465,#3466)),.PLANE_SURF.,.F.,.F.,.F.,(2,2),(2,2),(0.,1.),(0.,1.),.UNSPECIFIED.);
#67=B_SPLINE_SURFACE_WITH_KNOTS('',3,3,((#3596,#3597,#3598,#3599,#3600,
#3601),(#3602,#3603,#3604,#3605,#3606,#3607),(#3608,#3609,#3610,#3611,#3612,
#3613),(#3614,#3615,#3616,#3617,#3618,#3619)),.UNSPECIFIED.,.F.,.F.,.F.,(4,4),(4,2,4),(0.00504203048748315,0.0101033174192182),(0.,0.503000044990113,1.00600008998023),.UNSPECIFIED.);
#68=B_SPLINE_SURFACE_WITH_KNOTS('',1,1,((#3628,#3629),(#3630,#3631)),.PLANE_SURF.,.F.,.F.,.F.,(2,2),(2,2),(0.,1.),(0.,1.),.UNSPECIFIED.);
#69=B_SPLINE_SURFACE_WITH_KNOTS('',1,1,((#3634,#3635),(#3636,#3637)),.PLANE_SURF.,.F.,.F.,.F.,(2,2),(2,2),(0.,1.),(0.,1.),.UNSPECIFIED.);
#70=LINE('',#2112,#150);
#71=LINE('',#2137,#151);
#72=LINE('',#2144,#152);
#73=LINE('',#2157,#153);
#74=LINE('',#2168,#154);
#75=LINE('',#2188,#155);
#76=LINE('',#2199,#156);
#77=LINE('',#2219,#157);
#78=LINE('',#2230,#158);
#79=LINE('',#2250,#159);
#80=LINE('',#2261,#160);
#81=LINE('',#2281,#161);
#82=LINE('',#2292,#162);
#83=LINE('',#2304,#163);
#84=LINE('',#2319,#164);
#85=LINE('',#2320,#165);
#86=LINE('',#2332,#166);
#87=LINE('',#2333,#167);
#88=LINE('',#2404,#168);
#89=LINE('',#2405,#169);
#90=LINE('',#2431,#170);
#91=LINE('',#2445,#171);
#92=LINE('',#2525,#172);
#93=LINE('',#2536,#173);
#94=LINE('',#2554,#174);
#95=LINE('',#2558,#175);
#96=LINE('',#2572,#176);
#97=LINE('',#2584,#177);
#98=LINE('',#2585,#178);
#99=LINE('',#2597,#179);
#100=LINE('',#2598,#180);
#101=LINE('',#2669,#181);
#102=LINE('',#2670,#182);
#103=LINE('',#2696,#183);
#104=LINE('',#2710,#184);
#105=LINE('',#2790,#185);
#106=LINE('',#2801,#186);
#107=LINE('',#2819,#187);
#108=LINE('',#2835,#188);
#109=LINE('',#2847,#189);
#110=LINE('',#2848,#190);
#111=LINE('',#2860,#191);
#112=LINE('',#2861,#192);
#113=LINE('',#2932,#193);
#114=LINE('',#2933,#194);
#115=LINE('',#2959,#195);
#116=LINE('',#2973,#196);
#117=LINE('',#3053,#197);
#118=LINE('',#3064,#198);
#119=LINE('',#3082,#199);
#120=LINE('',#3098,#200);
#121=LINE('',#3110,#201);
#122=LINE('',#3111,#202);
#123=LINE('',#3182,#203);
#124=LINE('',#3183,#204);
#125=LINE('',#3209,#205);
#126=LINE('',#3223,#206);
#127=LINE('',#3303,#207);
#128=LINE('',#3314,#208);
#129=LINE('',#3323,#209);
#130=LINE('',#3334,#210);
#131=LINE('',#3350,#211);
#132=LINE('',#3368,#212);
#133=LINE('',#3389,#213);
#134=LINE('',#3392,#214);
#135=LINE('',#3393,#215);
#136=LINE('',#3405,#216);
#137=LINE('',#3406,#217);
#138=LINE('',#3415,#218);
#139=LINE('',#3438,#219);
#140=LINE('',#3439,#220);
#141=LINE('',#3448,#221);
#142=LINE('',#3460,#222);
#143=LINE('',#3462,#223);
#144=LINE('',#3469,#224);
#145=LINE('',#3474,#225);
#146=LINE('',#3632,#226);
#147=LINE('',#3633,#227);
#148=LINE('',#3638,#228);
#149=LINE('',#3639,#229);
#150=VECTOR('',#1755,1000.);
#151=VECTOR('',#1762,1000.);
#152=VECTOR('',#1765,1000.);
#153=VECTOR('',#1776,1000.);
#154=VECTOR('',#1781,1000.);
#155=VECTOR('',#1800,1000.);
#156=VECTOR('',#1805,1000.);
#157=VECTOR('',#1824,1000.);
#158=VECTOR('',#1829,1000.);
#159=VECTOR('',#1848,1000.);
#160=VECTOR('',#1853,1000.);
#161=VECTOR('',#1872,1000.);
#162=VECTOR('',#1877,1000.);
#163=VECTOR('',#1888,1000.);
#164=VECTOR('',#1895,1000.);
#165=VECTOR('',#1896,1000.);
#166=VECTOR('',#1899,1000.);
#167=VECTOR('',#1900,1000.);
#168=VECTOR('',#1905,1000.);
#169=VECTOR('',#1906,1000.);
#170=VECTOR('',#1909,1000.);
#171=VECTOR('',#1910,1000.);
#172=VECTOR('',#1919,1000.);
#173=VECTOR('',#1922,1000.);
#174=VECTOR('',#1925,1000.);
#175=VECTOR('',#1928,1000.);
#176=VECTOR('',#1931,1000.);
#177=VECTOR('',#1934,1000.);
#178=VECTOR('',#1935,1000.);
#179=VECTOR('',#1938,1000.);
#180=VECTOR('',#1939,1000.);
#181=VECTOR('',#1944,1000.);
#182=VECTOR('',#1945,1000.);
#183=VECTOR('',#1948,1000.);
#184=VECTOR('',#1949,1000.);
#185=VECTOR('',#1958,1000.);
#186=VECTOR('',#1961,1000.);
#187=VECTOR('',#1964,1000.);
#188=VECTOR('',#1969,1000.);
#189=VECTOR('',#1972,1000.);
#190=VECTOR('',#1973,1000.);
#191=VECTOR('',#1976,1000.);
#192=VECTOR('',#1977,1000.);
#193=VECTOR('',#1982,1000.);
#194=VECTOR('',#1983,1000.);
#195=VECTOR('',#1986,1000.);
#196=VECTOR('',#1987,1000.);
#197=VECTOR('',#1996,1000.);
#198=VECTOR('',#1999,1000.);
#199=VECTOR('',#2002,1000.);
#200=VECTOR('',#2007,1000.);
#201=VECTOR('',#2010,1000.);
#202=VECTOR('',#2011,1000.);
#203=VECTOR('',#2016,1000.);
#204=VECTOR('',#2017,1000.);
#205=VECTOR('',#2020,1000.);
#206=VECTOR('',#2021,1000.);
#207=VECTOR('',#2030,1000.);
#208=VECTOR('',#2033,1000.);
#209=VECTOR('',#2034,1000.);
#210=VECTOR('',#2037,1000.);
#211=VECTOR('',#2042,1000.);
#212=VECTOR('',#2045,1000.);
#213=VECTOR('',#2048,1000.);
#214=VECTOR('',#2049,1000.);
#215=VECTOR('',#2050,1000.);
#216=VECTOR('',#2053,1000.);
#217=VECTOR('',#2054,1000.);
#218=VECTOR('',#2055,1000.);
#219=VECTOR('',#2062,1000.);
#220=VECTOR('',#2063,1000.);
#221=VECTOR('',#2064,1000.);
#222=VECTOR('',#2067,1000.);
#223=VECTOR('',#2068,1000.);
#224=VECTOR('',#2071,1000.);
#225=VECTOR('',#2076,1000.);
#226=VECTOR('',#2091,1000.);
#227=VECTOR('',#2092,1000.);
#228=VECTOR('',#2093,1000.);
#229=VECTOR('',#2094,1000.);
#230=(
B_SPLINE_CURVE(1,(#2107,#2108),.UNSPECIFIED.,.F.,.F.)
B_SPLINE_CURVE_WITH_KNOTS((2,2),(0.,1.),.PIECEWISE_BEZIER_KNOTS.)
BOUNDED_CURVE()
CURVE()
GEOMETRIC_REPRESENTATION_ITEM()
RATIONAL_B_SPLINE_CURVE((1.,1.))
REPRESENTATION_ITEM('')
);
#231=(
B_SPLINE_CURVE(1,(#2123,#2124),.UNSPECIFIED.,.F.,.F.)
B_SPLINE_CURVE_WITH_KNOTS((2,2),(0.,1.),.PIECEWISE_BEZIER_KNOTS.)
BOUNDED_CURVE()
CURVE()
GEOMETRIC_REPRESENTATION_ITEM()
RATIONAL_B_SPLINE_CURVE((1.,1.))
REPRESENTATION_ITEM('')
);
#232=(
B_SPLINE_CURVE(3,(#3455,#3456,#3457,#3458),.UNSPECIFIED.,.F.,.F.)
B_SPLINE_CURVE_WITH_KNOTS((4,4),(0.00504203048748315,0.0101033174192182),.PIECEWISE_BEZIER_KNOTS.)
BOUNDED_CURVE()
CURVE()
GEOMETRIC_REPRESENTATION_ITEM()
RATIONAL_B_SPLINE_CURVE((1.,1.,1.,1.))
REPRESENTATION_ITEM('')
);
#233=ORIENTED_EDGE('',*,*,#741,.T.);
#234=ORIENTED_EDGE('',*,*,#742,.T.);
#235=ORIENTED_EDGE('',*,*,#743,.F.);
#236=ORIENTED_EDGE('',*,*,#744,.T.);
#237=ORIENTED_EDGE('',*,*,#742,.F.);
#238=ORIENTED_EDGE('',*,*,#745,.T.);
#239=ORIENTED_EDGE('',*,*,#746,.T.);
#240=ORIENTED_EDGE('',*,*,#747,.F.);
#241=ORIENTED_EDGE('',*,*,#746,.F.);
#242=ORIENTED_EDGE('',*,*,#748,.T.);
#243=ORIENTED_EDGE('',*,*,#749,.T.);
#244=ORIENTED_EDGE('',*,*,#750,.F.);
#245=ORIENTED_EDGE('',*,*,#751,.T.);
#246=ORIENTED_EDGE('',*,*,#752,.T.);
#247=ORIENTED_EDGE('',*,*,#753,.T.);
#248=ORIENTED_EDGE('',*,*,#754,.F.);
#249=ORIENTED_EDGE('',*,*,#755,.T.);
#250=ORIENTED_EDGE('',*,*,#756,.T.);
#251=ORIENTED_EDGE('',*,*,#757,.F.);
#252=ORIENTED_EDGE('',*,*,#758,.T.);
#253=ORIENTED_EDGE('',*,*,#759,.T.);
#254=ORIENTED_EDGE('',*,*,#760,.T.);
#255=ORIENTED_EDGE('',*,*,#761,.T.);
#256=ORIENTED_EDGE('',*,*,#762,.T.);
#257=ORIENTED_EDGE('',*,*,#763,.T.);
#258=ORIENTED_EDGE('',*,*,#764,.F.);
#259=ORIENTED_EDGE('',*,*,#765,.T.);
#260=ORIENTED_EDGE('',*,*,#766,.F.);
#261=ORIENTED_EDGE('',*,*,#767,.T.);
#262=ORIENTED_EDGE('',*,*,#768,.F.);
#263=ORIENTED_EDGE('',*,*,#769,.T.);
#264=ORIENTED_EDGE('',*,*,#770,.T.);
#265=ORIENTED_EDGE('',*,*,#771,.F.);
#266=ORIENTED_EDGE('',*,*,#772,.T.);
#267=ORIENTED_EDGE('',*,*,#773,.T.);
#268=ORIENTED_EDGE('',*,*,#774,.T.);
#269=ORIENTED_EDGE('',*,*,#775,.T.);
#270=ORIENTED_EDGE('',*,*,#776,.T.);
#271=ORIENTED_EDGE('',*,*,#777,.T.);
#272=ORIENTED_EDGE('',*,*,#778,.F.);
#273=ORIENTED_EDGE('',*,*,#779,.T.);
#274=ORIENTED_EDGE('',*,*,#780,.F.);
#275=ORIENTED_EDGE('',*,*,#781,.T.);
#276=ORIENTED_EDGE('',*,*,#782,.F.);
#277=ORIENTED_EDGE('',*,*,#783,.T.);
#278=ORIENTED_EDGE('',*,*,#784,.T.);
#279=ORIENTED_EDGE('',*,*,#785,.F.);
#280=ORIENTED_EDGE('',*,*,#786,.T.);
#281=ORIENTED_EDGE('',*,*,#787,.T.);
#282=ORIENTED_EDGE('',*,*,#788,.T.);
#283=ORIENTED_EDGE('',*,*,#789,.T.);
#284=ORIENTED_EDGE('',*,*,#790,.T.);
#285=ORIENTED_EDGE('',*,*,#791,.T.);
#286=ORIENTED_EDGE('',*,*,#792,.F.);
#287=ORIENTED_EDGE('',*,*,#793,.T.);
#288=ORIENTED_EDGE('',*,*,#794,.F.);
#289=ORIENTED_EDGE('',*,*,#795,.T.);
#290=ORIENTED_EDGE('',*,*,#796,.F.);
#291=ORIENTED_EDGE('',*,*,#797,.T.);
#292=ORIENTED_EDGE('',*,*,#798,.T.);
#293=ORIENTED_EDGE('',*,*,#799,.F.);
#294=ORIENTED_EDGE('',*,*,#800,.T.);
#295=ORIENTED_EDGE('',*,*,#801,.T.);
#296=ORIENTED_EDGE('',*,*,#802,.T.);
#297=ORIENTED_EDGE('',*,*,#803,.T.);
#298=ORIENTED_EDGE('',*,*,#804,.T.);
#299=ORIENTED_EDGE('',*,*,#805,.T.);
#300=ORIENTED_EDGE('',*,*,#806,.F.);
#301=ORIENTED_EDGE('',*,*,#807,.T.);
#302=ORIENTED_EDGE('',*,*,#808,.F.);
#303=ORIENTED_EDGE('',*,*,#809,.T.);
#304=ORIENTED_EDGE('',*,*,#810,.F.);
#305=ORIENTED_EDGE('',*,*,#811,.T.);
#306=ORIENTED_EDGE('',*,*,#812,.T.);
#307=ORIENTED_EDGE('',*,*,#813,.F.);
#308=ORIENTED_EDGE('',*,*,#814,.T.);
#309=ORIENTED_EDGE('',*,*,#815,.T.);
#310=ORIENTED_EDGE('',*,*,#816,.T.);
#311=ORIENTED_EDGE('',*,*,#817,.T.);
#312=ORIENTED_EDGE('',*,*,#818,.T.);
#313=ORIENTED_EDGE('',*,*,#819,.T.);
#314=ORIENTED_EDGE('',*,*,#820,.F.);
#315=ORIENTED_EDGE('',*,*,#821,.T.);
#316=ORIENTED_EDGE('',*,*,#822,.T.);
#317=ORIENTED_EDGE('',*,*,#823,.T.);
#318=ORIENTED_EDGE('',*,*,#824,.T.);
#319=ORIENTED_EDGE('',*,*,#743,.T.);
#320=ORIENTED_EDGE('',*,*,#747,.T.);
#321=ORIENTED_EDGE('',*,*,#750,.T.);
#322=ORIENTED_EDGE('',*,*,#825,.T.);
#323=ORIENTED_EDGE('',*,*,#826,.F.);
#324=ORIENTED_EDGE('',*,*,#827,.T.);
#325=ORIENTED_EDGE('',*,*,#794,.T.);
#326=ORIENTED_EDGE('',*,*,#828,.F.);
#327=ORIENTED_EDGE('',*,*,#829,.F.);
#328=ORIENTED_EDGE('',*,*,#830,.F.);
#329=ORIENTED_EDGE('',*,*,#805,.F.);
#330=ORIENTED_EDGE('',*,*,#804,.F.);
#331=ORIENTED_EDGE('',*,*,#831,.F.);
#332=ORIENTED_EDGE('',*,*,#832,.F.);
#333=ORIENTED_EDGE('',*,*,#833,.F.);
#334=ORIENTED_EDGE('',*,*,#834,.F.);
#335=ORIENTED_EDGE('',*,*,#802,.F.);
#336=ORIENTED_EDGE('',*,*,#835,.F.);
#337=ORIENTED_EDGE('',*,*,#836,.F.);
#338=ORIENTED_EDGE('',*,*,#837,.F.);
#339=ORIENTED_EDGE('',*,*,#838,.F.);
#340=ORIENTED_EDGE('',*,*,#839,.F.);
#341=ORIENTED_EDGE('',*,*,#798,.F.);
#342=ORIENTED_EDGE('',*,*,#797,.F.);
#343=ORIENTED_EDGE('',*,*,#840,.F.);
#344=ORIENTED_EDGE('',*,*,#841,.F.);
#345=ORIENTED_EDGE('',*,*,#842,.F.);
#346=ORIENTED_EDGE('',*,*,#843,.F.);
#347=ORIENTED_EDGE('',*,*,#844,.F.);
#348=ORIENTED_EDGE('',*,*,#800,.F.);
#349=ORIENTED_EDGE('',*,*,#845,.F.);
#350=ORIENTED_EDGE('',*,*,#846,.F.);
#351=ORIENTED_EDGE('',*,*,#847,.F.);
#352=ORIENTED_EDGE('',*,*,#842,.T.);
#353=ORIENTED_EDGE('',*,*,#848,.T.);
#354=ORIENTED_EDGE('',*,*,#837,.T.);
#355=ORIENTED_EDGE('',*,*,#801,.F.);
#356=ORIENTED_EDGE('',*,*,#844,.T.);
#357=ORIENTED_EDGE('',*,*,#849,.F.);
#358=ORIENTED_EDGE('',*,*,#835,.T.);
#359=ORIENTED_EDGE('',*,*,#849,.T.);
#360=ORIENTED_EDGE('',*,*,#843,.T.);
#361=ORIENTED_EDGE('',*,*,#847,.T.);
#362=ORIENTED_EDGE('',*,*,#836,.T.);
#363=ORIENTED_EDGE('',*,*,#850,.F.);
#364=ORIENTED_EDGE('',*,*,#845,.T.);
#365=ORIENTED_EDGE('',*,*,#799,.T.);
#366=ORIENTED_EDGE('',*,*,#839,.T.);
#367=ORIENTED_EDGE('',*,*,#851,.F.);
#368=ORIENTED_EDGE('',*,*,#840,.T.);
#369=ORIENTED_EDGE('',*,*,#796,.T.);
#370=ORIENTED_EDGE('',*,*,#852,.F.);
#371=ORIENTED_EDGE('',*,*,#795,.F.);
#372=ORIENTED_EDGE('',*,*,#827,.F.);
#373=ORIENTED_EDGE('',*,*,#853,.T.);
#374=ORIENTED_EDGE('',*,*,#852,.T.);
#375=ORIENTED_EDGE('',*,*,#807,.F.);
#376=ORIENTED_EDGE('',*,*,#854,.F.);
#377=ORIENTED_EDGE('',*,*,#855,.T.);
#378=ORIENTED_EDGE('',*,*,#856,.T.);
#379=ORIENTED_EDGE('',*,*,#806,.T.);
#380=ORIENTED_EDGE('',*,*,#830,.T.);
#381=ORIENTED_EDGE('',*,*,#857,.F.);
#382=ORIENTED_EDGE('',*,*,#854,.T.);
#383=ORIENTED_EDGE('',*,*,#803,.F.);
#384=ORIENTED_EDGE('',*,*,#834,.T.);
#385=ORIENTED_EDGE('',*,*,#858,.T.);
#386=ORIENTED_EDGE('',*,*,#831,.T.);
#387=ORIENTED_EDGE('',*,*,#859,.F.);
#388=ORIENTED_EDGE('',*,*,#860,.T.);
#389=ORIENTED_EDGE('',*,*,#780,.T.);
#390=ORIENTED_EDGE('',*,*,#861,.F.);
#391=ORIENTED_EDGE('',*,*,#862,.F.);
#392=ORIENTED_EDGE('',*,*,#863,.F.);
#393=ORIENTED_EDGE('',*,*,#791,.F.);
#394=ORIENTED_EDGE('',*,*,#790,.F.);
#395=ORIENTED_EDGE('',*,*,#864,.F.);
#396=ORIENTED_EDGE('',*,*,#865,.F.);
#397=ORIENTED_EDGE('',*,*,#866,.F.);
#398=ORIENTED_EDGE('',*,*,#867,.F.);
#399=ORIENTED_EDGE('',*,*,#788,.F.);
#400=ORIENTED_EDGE('',*,*,#868,.F.);
#401=ORIENTED_EDGE('',*,*,#869,.F.);
#402=ORIENTED_EDGE('',*,*,#870,.F.);
#403=ORIENTED_EDGE('',*,*,#871,.F.);
#404=ORIENTED_EDGE('',*,*,#872,.F.);
#405=ORIENTED_EDGE('',*,*,#784,.F.);
#406=ORIENTED_EDGE('',*,*,#783,.F.);
#407=ORIENTED_EDGE('',*,*,#873,.F.);
#408=ORIENTED_EDGE('',*,*,#874,.F.);
#409=ORIENTED_EDGE('',*,*,#875,.F.);
#410=ORIENTED_EDGE('',*,*,#876,.F.);
#411=ORIENTED_EDGE('',*,*,#877,.F.);
#412=ORIENTED_EDGE('',*,*,#786,.F.);
#413=ORIENTED_EDGE('',*,*,#878,.F.);
#414=ORIENTED_EDGE('',*,*,#879,.F.);
#415=ORIENTED_EDGE('',*,*,#880,.F.);
#416=ORIENTED_EDGE('',*,*,#875,.T.);
#417=ORIENTED_EDGE('',*,*,#881,.T.);
#418=ORIENTED_EDGE('',*,*,#870,.T.);
#419=ORIENTED_EDGE('',*,*,#787,.F.);
#420=ORIENTED_EDGE('',*,*,#877,.T.);
#421=ORIENTED_EDGE('',*,*,#882,.F.);
#422=ORIENTED_EDGE('',*,*,#868,.T.);
#423=ORIENTED_EDGE('',*,*,#882,.T.);
#424=ORIENTED_EDGE('',*,*,#876,.T.);
#425=ORIENTED_EDGE('',*,*,#880,.T.);
#426=ORIENTED_EDGE('',*,*,#869,.T.);
#427=ORIENTED_EDGE('',*,*,#883,.F.);
#428=ORIENTED_EDGE('',*,*,#878,.T.);
#429=ORIENTED_EDGE('',*,*,#785,.T.);
#430=ORIENTED_EDGE('',*,*,#872,.T.);
#431=ORIENTED_EDGE('',*,*,#884,.F.);
#432=ORIENTED_EDGE('',*,*,#873,.T.);
#433=ORIENTED_EDGE('',*,*,#782,.T.);
#434=ORIENTED_EDGE('',*,*,#885,.F.);
#435=ORIENTED_EDGE('',*,*,#781,.F.);
#436=ORIENTED_EDGE('',*,*,#860,.F.);
#437=ORIENTED_EDGE('',*,*,#886,.T.);
#438=ORIENTED_EDGE('',*,*,#885,.T.);
#439=ORIENTED_EDGE('',*,*,#793,.F.);
#440=ORIENTED_EDGE('',*,*,#887,.F.);
#441=ORIENTED_EDGE('',*,*,#888,.T.);
#442=ORIENTED_EDGE('',*,*,#828,.T.);
#443=ORIENTED_EDGE('',*,*,#792,.T.);
#444=ORIENTED_EDGE('',*,*,#863,.T.);
#445=ORIENTED_EDGE('',*,*,#889,.F.);
#446=ORIENTED_EDGE('',*,*,#887,.T.);
#447=ORIENTED_EDGE('',*,*,#789,.F.);
#448=ORIENTED_EDGE('',*,*,#867,.T.);
#449=ORIENTED_EDGE('',*,*,#890,.T.);
#450=ORIENTED_EDGE('',*,*,#864,.T.);
#451=ORIENTED_EDGE('',*,*,#891,.F.);
#452=ORIENTED_EDGE('',*,*,#892,.T.);
#453=ORIENTED_EDGE('',*,*,#766,.T.);
#454=ORIENTED_EDGE('',*,*,#893,.F.);
#455=ORIENTED_EDGE('',*,*,#894,.F.);
#456=ORIENTED_EDGE('',*,*,#895,.F.);
#457=ORIENTED_EDGE('',*,*,#777,.F.);
#458=ORIENTED_EDGE('',*,*,#776,.F.);
#459=ORIENTED_EDGE('',*,*,#896,.F.);
#460=ORIENTED_EDGE('',*,*,#897,.F.);
#461=ORIENTED_EDGE('',*,*,#898,.F.);
#462=ORIENTED_EDGE('',*,*,#899,.F.);
#463=ORIENTED_EDGE('',*,*,#774,.F.);
#464=ORIENTED_EDGE('',*,*,#900,.F.);
#465=ORIENTED_EDGE('',*,*,#901,.F.);
#466=ORIENTED_EDGE('',*,*,#902,.F.);
#467=ORIENTED_EDGE('',*,*,#903,.F.);
#468=ORIENTED_EDGE('',*,*,#904,.F.);
#469=ORIENTED_EDGE('',*,*,#770,.F.);
#470=ORIENTED_EDGE('',*,*,#769,.F.);
#471=ORIENTED_EDGE('',*,*,#905,.F.);
#472=ORIENTED_EDGE('',*,*,#906,.F.);
#473=ORIENTED_EDGE('',*,*,#907,.F.);
#474=ORIENTED_EDGE('',*,*,#908,.F.);
#475=ORIENTED_EDGE('',*,*,#909,.F.);
#476=ORIENTED_EDGE('',*,*,#772,.F.);
#477=ORIENTED_EDGE('',*,*,#910,.F.);
#478=ORIENTED_EDGE('',*,*,#911,.F.);
#479=ORIENTED_EDGE('',*,*,#912,.F.);
#480=ORIENTED_EDGE('',*,*,#907,.T.);
#481=ORIENTED_EDGE('',*,*,#913,.T.);
#482=ORIENTED_EDGE('',*,*,#902,.T.);
#483=ORIENTED_EDGE('',*,*,#773,.F.);
#484=ORIENTED_EDGE('',*,*,#909,.T.);
#485=ORIENTED_EDGE('',*,*,#914,.F.);
#486=ORIENTED_EDGE('',*,*,#900,.T.);
#487=ORIENTED_EDGE('',*,*,#914,.T.);
#488=ORIENTED_EDGE('',*,*,#908,.T.);
#489=ORIENTED_EDGE('',*,*,#912,.T.);
#490=ORIENTED_EDGE('',*,*,#901,.T.);
#491=ORIENTED_EDGE('',*,*,#915,.F.);
#492=ORIENTED_EDGE('',*,*,#910,.T.);
#493=ORIENTED_EDGE('',*,*,#771,.T.);
#494=ORIENTED_EDGE('',*,*,#904,.T.);
#495=ORIENTED_EDGE('',*,*,#916,.F.);
#496=ORIENTED_EDGE('',*,*,#905,.T.);
#497=ORIENTED_EDGE('',*,*,#768,.T.);
#498=ORIENTED_EDGE('',*,*,#917,.F.);
#499=ORIENTED_EDGE('',*,*,#767,.F.);
#500=ORIENTED_EDGE('',*,*,#892,.F.);
#501=ORIENTED_EDGE('',*,*,#918,.T.);
#502=ORIENTED_EDGE('',*,*,#917,.T.);
#503=ORIENTED_EDGE('',*,*,#779,.F.);
#504=ORIENTED_EDGE('',*,*,#919,.F.);
#505=ORIENTED_EDGE('',*,*,#920,.T.);
#506=ORIENTED_EDGE('',*,*,#861,.T.);
#507=ORIENTED_EDGE('',*,*,#778,.T.);
#508=ORIENTED_EDGE('',*,*,#895,.T.);
#509=ORIENTED_EDGE('',*,*,#921,.F.);
#510=ORIENTED_EDGE('',*,*,#919,.T.);
#511=ORIENTED_EDGE('',*,*,#775,.F.);
#512=ORIENTED_EDGE('',*,*,#899,.T.);
#513=ORIENTED_EDGE('',*,*,#922,.T.);
#514=ORIENTED_EDGE('',*,*,#896,.T.);
#515=ORIENTED_EDGE('',*,*,#923,.F.);
#516=ORIENTED_EDGE('',*,*,#924,.F.);
#517=ORIENTED_EDGE('',*,*,#763,.F.);
#518=ORIENTED_EDGE('',*,*,#762,.F.);
#519=ORIENTED_EDGE('',*,*,#925,.F.);
#520=ORIENTED_EDGE('',*,*,#926,.F.);
#521=ORIENTED_EDGE('',*,*,#927,.F.);
#522=ORIENTED_EDGE('',*,*,#928,.F.);
#523=ORIENTED_EDGE('',*,*,#760,.F.);
#524=ORIENTED_EDGE('',*,*,#929,.F.);
#525=ORIENTED_EDGE('',*,*,#930,.F.);
#526=ORIENTED_EDGE('',*,*,#931,.F.);
#527=ORIENTED_EDGE('',*,*,#932,.F.);
#528=ORIENTED_EDGE('',*,*,#933,.F.);
#529=ORIENTED_EDGE('',*,*,#756,.F.);
#530=ORIENTED_EDGE('',*,*,#755,.F.);
#531=ORIENTED_EDGE('',*,*,#934,.F.);
#532=ORIENTED_EDGE('',*,*,#935,.F.);
#533=ORIENTED_EDGE('',*,*,#936,.F.);
#534=ORIENTED_EDGE('',*,*,#937,.F.);
#535=ORIENTED_EDGE('',*,*,#938,.F.);
#536=ORIENTED_EDGE('',*,*,#758,.F.);
#537=ORIENTED_EDGE('',*,*,#939,.F.);
#538=ORIENTED_EDGE('',*,*,#940,.F.);
#539=ORIENTED_EDGE('',*,*,#941,.F.);
#540=ORIENTED_EDGE('',*,*,#936,.T.);
#541=ORIENTED_EDGE('',*,*,#942,.T.);
#542=ORIENTED_EDGE('',*,*,#931,.T.);
#543=ORIENTED_EDGE('',*,*,#759,.F.);
#544=ORIENTED_EDGE('',*,*,#938,.T.);
#545=ORIENTED_EDGE('',*,*,#943,.F.);
#546=ORIENTED_EDGE('',*,*,#929,.T.);
#547=ORIENTED_EDGE('',*,*,#943,.T.);
#548=ORIENTED_EDGE('',*,*,#937,.T.);
#549=ORIENTED_EDGE('',*,*,#941,.T.);
#550=ORIENTED_EDGE('',*,*,#930,.T.);
#551=ORIENTED_EDGE('',*,*,#944,.F.);
#552=ORIENTED_EDGE('',*,*,#939,.T.);
#553=ORIENTED_EDGE('',*,*,#757,.T.);
#554=ORIENTED_EDGE('',*,*,#933,.T.);
#555=ORIENTED_EDGE('',*,*,#945,.F.);
#556=ORIENTED_EDGE('',*,*,#934,.T.);
#557=ORIENTED_EDGE('',*,*,#754,.T.);
#558=ORIENTED_EDGE('',*,*,#946,.F.);
#559=ORIENTED_EDGE('',*,*,#753,.F.);
#560=ORIENTED_EDGE('',*,*,#947,.T.);
#561=ORIENTED_EDGE('',*,*,#948,.T.);
#562=ORIENTED_EDGE('',*,*,#946,.T.);
#563=ORIENTED_EDGE('',*,*,#765,.F.);
#564=ORIENTED_EDGE('',*,*,#949,.F.);
#565=ORIENTED_EDGE('',*,*,#950,.T.);
#566=ORIENTED_EDGE('',*,*,#893,.T.);
#567=ORIENTED_EDGE('',*,*,#764,.T.);
#568=ORIENTED_EDGE('',*,*,#924,.T.);
#569=ORIENTED_EDGE('',*,*,#951,.F.);
#570=ORIENTED_EDGE('',*,*,#949,.T.);
#571=ORIENTED_EDGE('',*,*,#761,.F.);
#572=ORIENTED_EDGE('',*,*,#928,.T.);
#573=ORIENTED_EDGE('',*,*,#952,.T.);
#574=ORIENTED_EDGE('',*,*,#925,.T.);
#575=ORIENTED_EDGE('',*,*,#953,.T.);
#576=ORIENTED_EDGE('',*,*,#954,.T.);
#577=ORIENTED_EDGE('',*,*,#955,.T.);
#578=ORIENTED_EDGE('',*,*,#956,.T.);
#579=ORIENTED_EDGE('',*,*,#957,.F.);
#580=ORIENTED_EDGE('',*,*,#958,.T.);
#581=ORIENTED_EDGE('',*,*,#813,.T.);
#582=ORIENTED_EDGE('',*,*,#959,.T.);
#583=ORIENTED_EDGE('',*,*,#960,.F.);
#584=ORIENTED_EDGE('',*,*,#961,.T.);
#585=ORIENTED_EDGE('',*,*,#810,.T.);
#586=ORIENTED_EDGE('',*,*,#962,.F.);
#587=ORIENTED_EDGE('',*,*,#809,.F.);
#588=ORIENTED_EDGE('',*,*,#963,.F.);
#589=ORIENTED_EDGE('',*,*,#964,.T.);
#590=ORIENTED_EDGE('',*,*,#962,.T.);
#591=ORIENTED_EDGE('',*,*,#965,.F.);
#592=ORIENTED_EDGE('',*,*,#963,.T.);
#593=ORIENTED_EDGE('',*,*,#808,.T.);
#594=ORIENTED_EDGE('',*,*,#856,.F.);
#595=ORIENTED_EDGE('',*,*,#966,.T.);
#596=ORIENTED_EDGE('',*,*,#967,.T.);
#597=ORIENTED_EDGE('',*,*,#821,.F.);
#598=ORIENTED_EDGE('',*,*,#968,.F.);
#599=ORIENTED_EDGE('',*,*,#820,.T.);
#600=ORIENTED_EDGE('',*,*,#969,.T.);
#601=ORIENTED_EDGE('',*,*,#970,.F.);
#602=ORIENTED_EDGE('',*,*,#968,.T.);
#603=ORIENTED_EDGE('',*,*,#817,.F.);
#604=ORIENTED_EDGE('',*,*,#971,.T.);
#605=ORIENTED_EDGE('',*,*,#972,.T.);
#606=ORIENTED_EDGE('',*,*,#973,.T.);
#607=ORIENTED_EDGE('',*,*,#948,.F.);
#608=ORIENTED_EDGE('',*,*,#974,.T.);
#609=ORIENTED_EDGE('',*,*,#975,.T.);
#610=ORIENTED_EDGE('',*,*,#976,.T.);
#611=ORIENTED_EDGE('',*,*,#748,.F.);
#612=ORIENTED_EDGE('',*,*,#745,.F.);
#613=ORIENTED_EDGE('',*,*,#741,.F.);
#614=ORIENTED_EDGE('',*,*,#977,.T.);
#615=ORIENTED_EDGE('',*,*,#978,.T.);
#616=ORIENTED_EDGE('',*,*,#979,.T.);
#617=ORIENTED_EDGE('',*,*,#966,.F.);
#618=ORIENTED_EDGE('',*,*,#970,.T.);
#619=ORIENTED_EDGE('',*,*,#980,.T.);
#620=ORIENTED_EDGE('',*,*,#981,.T.);
#621=ORIENTED_EDGE('',*,*,#972,.F.);
#622=ORIENTED_EDGE('',*,*,#982,.T.);
#623=ORIENTED_EDGE('',*,*,#983,.F.);
#624=ORIENTED_EDGE('',*,*,#984,.T.);
#625=ORIENTED_EDGE('',*,*,#957,.T.);
#626=ORIENTED_EDGE('',*,*,#985,.T.);
#627=ORIENTED_EDGE('',*,*,#986,.T.);
#628=ORIENTED_EDGE('',*,*,#960,.T.);
#629=ORIENTED_EDGE('',*,*,#964,.F.);
#630=ORIENTED_EDGE('',*,*,#965,.T.);
#631=ORIENTED_EDGE('',*,*,#855,.F.);
#632=ORIENTED_EDGE('',*,*,#857,.T.);
#633=ORIENTED_EDGE('',*,*,#829,.T.);
#634=ORIENTED_EDGE('',*,*,#832,.T.);
#635=ORIENTED_EDGE('',*,*,#858,.F.);
#636=ORIENTED_EDGE('',*,*,#833,.T.);
#637=ORIENTED_EDGE('',*,*,#848,.F.);
#638=ORIENTED_EDGE('',*,*,#846,.T.);
#639=ORIENTED_EDGE('',*,*,#850,.T.);
#640=ORIENTED_EDGE('',*,*,#838,.T.);
#641=ORIENTED_EDGE('',*,*,#841,.T.);
#642=ORIENTED_EDGE('',*,*,#851,.T.);
#643=ORIENTED_EDGE('',*,*,#853,.F.);
#644=ORIENTED_EDGE('',*,*,#826,.T.);
#645=ORIENTED_EDGE('',*,*,#888,.F.);
#646=ORIENTED_EDGE('',*,*,#889,.T.);
#647=ORIENTED_EDGE('',*,*,#862,.T.);
#648=ORIENTED_EDGE('',*,*,#865,.T.);
#649=ORIENTED_EDGE('',*,*,#890,.F.);
#650=ORIENTED_EDGE('',*,*,#866,.T.);
#651=ORIENTED_EDGE('',*,*,#881,.F.);
#652=ORIENTED_EDGE('',*,*,#879,.T.);
#653=ORIENTED_EDGE('',*,*,#883,.T.);
#654=ORIENTED_EDGE('',*,*,#871,.T.);
#655=ORIENTED_EDGE('',*,*,#874,.T.);
#656=ORIENTED_EDGE('',*,*,#884,.T.);
#657=ORIENTED_EDGE('',*,*,#886,.F.);
#658=ORIENTED_EDGE('',*,*,#859,.T.);
#659=ORIENTED_EDGE('',*,*,#920,.F.);
#660=ORIENTED_EDGE('',*,*,#921,.T.);
#661=ORIENTED_EDGE('',*,*,#894,.T.);
#662=ORIENTED_EDGE('',*,*,#897,.T.);
#663=ORIENTED_EDGE('',*,*,#922,.F.);
#664=ORIENTED_EDGE('',*,*,#898,.T.);
#665=ORIENTED_EDGE('',*,*,#913,.F.);
#666=ORIENTED_EDGE('',*,*,#911,.T.);
#667=ORIENTED_EDGE('',*,*,#915,.T.);
#668=ORIENTED_EDGE('',*,*,#903,.T.);
#669=ORIENTED_EDGE('',*,*,#906,.T.);
#670=ORIENTED_EDGE('',*,*,#916,.T.);
#671=ORIENTED_EDGE('',*,*,#918,.F.);
#672=ORIENTED_EDGE('',*,*,#891,.T.);
#673=ORIENTED_EDGE('',*,*,#950,.F.);
#674=ORIENTED_EDGE('',*,*,#951,.T.);
#675=ORIENTED_EDGE('',*,*,#923,.T.);
#676=ORIENTED_EDGE('',*,*,#926,.T.);
#677=ORIENTED_EDGE('',*,*,#952,.F.);
#678=ORIENTED_EDGE('',*,*,#927,.T.);
#679=ORIENTED_EDGE('',*,*,#942,.F.);
#680=ORIENTED_EDGE('',*,*,#940,.T.);
#681=ORIENTED_EDGE('',*,*,#944,.T.);
#682=ORIENTED_EDGE('',*,*,#932,.T.);
#683=ORIENTED_EDGE('',*,*,#935,.T.);
#684=ORIENTED_EDGE('',*,*,#945,.T.);
#685=ORIENTED_EDGE('',*,*,#815,.F.);
#686=ORIENTED_EDGE('',*,*,#987,.T.);
#687=ORIENTED_EDGE('',*,*,#953,.F.);
#688=ORIENTED_EDGE('',*,*,#988,.T.);
#689=ORIENTED_EDGE('',*,*,#955,.F.);
#690=ORIENTED_EDGE('',*,*,#989,.T.);
#691=ORIENTED_EDGE('',*,*,#983,.T.);
#692=ORIENTED_EDGE('',*,*,#990,.T.);
#693=ORIENTED_EDGE('',*,*,#989,.F.);
#694=ORIENTED_EDGE('',*,*,#954,.F.);
#695=ORIENTED_EDGE('',*,*,#987,.F.);
#696=ORIENTED_EDGE('',*,*,#814,.F.);
#697=ORIENTED_EDGE('',*,*,#958,.F.);
#698=ORIENTED_EDGE('',*,*,#984,.F.);
#699=ORIENTED_EDGE('',*,*,#985,.F.);
#700=ORIENTED_EDGE('',*,*,#959,.F.);
#701=ORIENTED_EDGE('',*,*,#812,.F.);
#702=ORIENTED_EDGE('',*,*,#811,.F.);
#703=ORIENTED_EDGE('',*,*,#961,.F.);
#704=ORIENTED_EDGE('',*,*,#986,.F.);
#705=ORIENTED_EDGE('',*,*,#982,.F.);
#706=ORIENTED_EDGE('',*,*,#971,.F.);
#707=ORIENTED_EDGE('',*,*,#816,.F.);
#708=ORIENTED_EDGE('',*,*,#988,.F.);
#709=ORIENTED_EDGE('',*,*,#956,.F.);
#710=ORIENTED_EDGE('',*,*,#990,.F.);
#711=ORIENTED_EDGE('',*,*,#980,.F.);
#712=ORIENTED_EDGE('',*,*,#969,.F.);
#713=ORIENTED_EDGE('',*,*,#819,.F.);
#714=ORIENTED_EDGE('',*,*,#818,.F.);
#715=ORIENTED_EDGE('',*,*,#973,.F.);
#716=ORIENTED_EDGE('',*,*,#981,.F.);
#717=ORIENTED_EDGE('',*,*,#975,.F.);
#718=ORIENTED_EDGE('',*,*,#991,.T.);
#719=ORIENTED_EDGE('',*,*,#751,.F.);
#720=ORIENTED_EDGE('',*,*,#992,.T.);
#721=ORIENTED_EDGE('',*,*,#978,.F.);
#722=ORIENTED_EDGE('',*,*,#993,.T.);
#723=ORIENTED_EDGE('',*,*,#823,.F.);
#724=ORIENTED_EDGE('',*,*,#994,.T.);
#725=ORIENTED_EDGE('',*,*,#974,.F.);
#726=ORIENTED_EDGE('',*,*,#947,.F.);
#727=ORIENTED_EDGE('',*,*,#752,.F.);
#728=ORIENTED_EDGE('',*,*,#991,.F.);
#729=ORIENTED_EDGE('',*,*,#976,.F.);
#730=ORIENTED_EDGE('',*,*,#992,.F.);
#731=ORIENTED_EDGE('',*,*,#825,.F.);
#732=ORIENTED_EDGE('',*,*,#749,.F.);
#733=ORIENTED_EDGE('',*,*,#977,.F.);
#734=ORIENTED_EDGE('',*,*,#744,.F.);
#735=ORIENTED_EDGE('',*,*,#824,.F.);
#736=ORIENTED_EDGE('',*,*,#993,.F.);
#737=ORIENTED_EDGE('',*,*,#979,.F.);
#738=ORIENTED_EDGE('',*,*,#994,.F.);
#739=ORIENTED_EDGE('',*,*,#822,.F.);
#740=ORIENTED_EDGE('',*,*,#967,.F.);
#741=EDGE_CURVE('',#995,#996,#1171,.T.);
#742=EDGE_CURVE('',#996,#997,#230,.T.);
#743=EDGE_CURVE('',#998,#997,#1172,.T.);
#744=EDGE_CURVE('',#998,#995,#70,.F.);
#745=EDGE_CURVE('',#996,#999,#1173,.T.);
#746=EDGE_CURVE('',#999,#1000,#231,.T.);
#747=EDGE_CURVE('',#997,#1000,#1174,.T.);
#748=EDGE_CURVE('',#999,#1001,#1175,.T.);
#749=EDGE_CURVE('',#1001,#1002,#71,.T.);
#750=EDGE_CURVE('',#1000,#1002,#1176,.T.);
#751=EDGE_CURVE('',#1003,#1004,#72,.T.);
#752=EDGE_CURVE('',#1004,#1005,#1177,.F.);
#753=EDGE_CURVE('',#1005,#1006,#1178,.T.);
#754=EDGE_CURVE('',#1007,#1006,#1179,.T.);
#755=EDGE_CURVE('',#1007,#1008,#1180,.F.);
#756=EDGE_CURVE('',#1008,#1009,#1181,.F.);
#757=EDGE_CURVE('',#1010,#1009,#73,.T.);
#758=EDGE_CURVE('',#1010,#1011,#1182,.F.);
#759=EDGE_CURVE('',#1011,#1012,#1183,.F.);
#760=EDGE_CURVE('',#1012,#1013,#12,.T.);
#761=EDGE_CURVE('',#1013,#1014,#74,.T.);
#762=EDGE_CURVE('',#1014,#1015,#1184,.F.);
#763=EDGE_CURVE('',#1015,#1016,#1185,.F.);
#764=EDGE_CURVE('',#1017,#1016,#1186,.T.);
#765=EDGE_CURVE('',#1017,#1018,#1187,.T.);
#766=EDGE_CURVE('',#1019,#1018,#1188,.T.);
#767=EDGE_CURVE('',#1019,#1020,#1189,.T.);
#768=EDGE_CURVE('',#1021,#1020,#1190,.T.);
#769=EDGE_CURVE('',#1021,#1022,#1191,.F.);
#770=EDGE_CURVE('',#1022,#1023,#1192,.F.);
#771=EDGE_CURVE('',#1024,#1023,#75,.T.);
#772=EDGE_CURVE('',#1024,#1025,#1193,.F.);
#773=EDGE_CURVE('',#1025,#1026,#1194,.F.);
#774=EDGE_CURVE('',#1026,#1027,#13,.T.);
#775=EDGE_CURVE('',#1027,#1028,#76,.T.);
#776=EDGE_CURVE('',#1028,#1029,#1195,.F.);
#777=EDGE_CURVE('',#1029,#1030,#1196,.F.);
#778=EDGE_CURVE('',#1031,#1030,#1197,.T.);
#779=EDGE_CURVE('',#1031,#1032,#1198,.T.);
#780=EDGE_CURVE('',#1033,#1032,#1199,.T.);
#781=EDGE_CURVE('',#1033,#1034,#1200,.T.);
#782=EDGE_CURVE('',#1035,#1034,#1201,.T.);
#783=EDGE_CURVE('',#1035,#1036,#1202,.F.);
#784=EDGE_CURVE('',#1036,#1037,#1203,.F.);
#785=EDGE_CURVE('',#1038,#1037,#77,.T.);
#786=EDGE_CURVE('',#1038,#1039,#1204,.F.);
#787=EDGE_CURVE('',#1039,#1040,#1205,.F.);
#788=EDGE_CURVE('',#1040,#1041,#14,.T.);
#789=EDGE_CURVE('',#1041,#1042,#78,.T.);
#790=EDGE_CURVE('',#1042,#1043,#1206,.F.);
#791=EDGE_CURVE('',#1043,#1044,#1207,.F.);
#792=EDGE_CURVE('',#1045,#1044,#1208,.T.);
#793=EDGE_CURVE('',#1045,#1046,#1209,.T.);
#794=EDGE_CURVE('',#1047,#1046,#1210,.T.);
#795=EDGE_CURVE('',#1047,#1048,#1211,.T.);
#796=EDGE_CURVE('',#1049,#1048,#1212,.T.);
#797=EDGE_CURVE('',#1049,#1050,#1213,.F.);
#798=EDGE_CURVE('',#1050,#1051,#1214,.F.);
#799=EDGE_CURVE('',#1052,#1051,#79,.T.);
#800=EDGE_CURVE('',#1052,#1053,#1215,.F.);
#801=EDGE_CURVE('',#1053,#1054,#1216,.F.);
#802=EDGE_CURVE('',#1054,#1055,#15,.T.);
#803=EDGE_CURVE('',#1055,#1056,#80,.T.);
#804=EDGE_CURVE('',#1056,#1057,#1217,.F.);
#805=EDGE_CURVE('',#1057,#1058,#1218,.F.);
#806=EDGE_CURVE('',#1059,#1058,#1219,.T.);
#807=EDGE_CURVE('',#1059,#1060,#1220,.T.);
#808=EDGE_CURVE('',#1061,#1060,#1221,.T.);
#809=EDGE_CURVE('',#1061,#1062,#1222,.T.);
#810=EDGE_CURVE('',#1063,#1062,#1223,.T.);
#811=EDGE_CURVE('',#1063,#1064,#1224,.F.);
#812=EDGE_CURVE('',#1064,#1065,#1225,.F.);
#813=EDGE_CURVE('',#1066,#1065,#81,.T.);
#814=EDGE_CURVE('',#1066,#1067,#1226,.F.);
#815=EDGE_CURVE('',#1067,#1068,#1227,.F.);
#816=EDGE_CURVE('',#1068,#1069,#16,.T.);
#817=EDGE_CURVE('',#1069,#1070,#82,.T.);
#818=EDGE_CURVE('',#1070,#1071,#1228,.F.);
#819=EDGE_CURVE('',#1071,#1072,#1229,.F.);
#820=EDGE_CURVE('',#1073,#1072,#1230,.T.);
#821=EDGE_CURVE('',#1073,#1074,#1231,.T.);
#822=EDGE_CURVE('',#1074,#1075,#1232,.F.);
#823=EDGE_CURVE('',#1075,#1076,#83,.T.);
#824=EDGE_CURVE('',#1076,#998,#1233,.F.);
#825=EDGE_CURVE('',#1002,#1003,#1234,.F.);
#826=EDGE_CURVE('',#1077,#1078,#1235,.T.);
#827=EDGE_CURVE('',#1077,#1047,#84,.T.);
#828=EDGE_CURVE('',#1078,#1046,#85,.T.);
#829=EDGE_CURVE('',#1079,#1080,#1236,.T.);
#830=EDGE_CURVE('',#1058,#1079,#86,.F.);
#831=EDGE_CURVE('',#1081,#1056,#87,.F.);
#832=EDGE_CURVE('',#1080,#1081,#1237,.T.);
#833=EDGE_CURVE('',#1082,#1083,#17,.T.);
#834=EDGE_CURVE('',#1055,#1082,#18,.T.);
#835=EDGE_CURVE('',#1084,#1054,#19,.T.);
#836=EDGE_CURVE('',#1085,#1084,#20,.T.);
#837=EDGE_CURVE('',#1083,#1085,#21,.T.);
#838=EDGE_CURVE('',#1086,#1087,#1238,.T.);
#839=EDGE_CURVE('',#1051,#1086,#88,.F.);
#840=EDGE_CURVE('',#1088,#1049,#89,.T.);
#841=EDGE_CURVE('',#1087,#1088,#1239,.T.);
#842=EDGE_CURVE('',#1089,#1090,#22,.T.);
#843=EDGE_CURVE('',#1091,#1089,#90,.F.);
#844=EDGE_CURVE('',#1053,#1091,#23,.T.);
#845=EDGE_CURVE('',#1092,#1052,#91,.T.);
#846=EDGE_CURVE('',#1090,#1092,#1240,.T.);
#847=EDGE_CURVE('',#1089,#1085,#1241,.F.);
#848=EDGE_CURVE('',#1090,#1083,#1242,.F.);
#849=EDGE_CURVE('',#1084,#1091,#1243,.T.);
#850=EDGE_CURVE('',#1092,#1086,#92,.T.);
#851=EDGE_CURVE('',#1088,#1093,#1244,.T.);
#852=EDGE_CURVE('',#1093,#1048,#93,.T.);
#853=EDGE_CURVE('',#1077,#1093,#1245,.T.);
#854=EDGE_CURVE('',#1094,#1059,#94,.T.);
#855=EDGE_CURVE('',#1094,#1095,#1246,.T.);
#856=EDGE_CURVE('',#1095,#1060,#95,.T.);
#857=EDGE_CURVE('',#1094,#1079,#1247,.T.);
#858=EDGE_CURVE('',#1082,#1081,#96,.T.);
#859=EDGE_CURVE('',#1096,#1097,#1248,.T.);
#860=EDGE_CURVE('',#1096,#1033,#97,.T.);
#861=EDGE_CURVE('',#1097,#1032,#98,.T.);
#862=EDGE_CURVE('',#1098,#1099,#1249,.T.);
#863=EDGE_CURVE('',#1044,#1098,#99,.F.);
#864=EDGE_CURVE('',#1100,#1042,#100,.F.);
#865=EDGE_CURVE('',#1099,#1100,#1250,.T.);
#866=EDGE_CURVE('',#1101,#1102,#24,.T.);
#867=EDGE_CURVE('',#1041,#1101,#25,.T.);
#868=EDGE_CURVE('',#1103,#1040,#26,.T.);
#869=EDGE_CURVE('',#1104,#1103,#27,.T.);
#870=EDGE_CURVE('',#1102,#1104,#28,.T.);
#871=EDGE_CURVE('',#1105,#1106,#1251,.T.);
#872=EDGE_CURVE('',#1037,#1105,#101,.F.);
#873=EDGE_CURVE('',#1107,#1035,#102,.T.);
#874=EDGE_CURVE('',#1106,#1107,#1252,.T.);
#875=EDGE_CURVE('',#1108,#1109,#29,.T.);
#876=EDGE_CURVE('',#1110,#1108,#103,.F.);
#877=EDGE_CURVE('',#1039,#1110,#30,.T.);
#878=EDGE_CURVE('',#1111,#1038,#104,.T.);
#879=EDGE_CURVE('',#1109,#1111,#1253,.T.);
#880=EDGE_CURVE('',#1108,#1104,#1254,.F.);
#881=EDGE_CURVE('',#1109,#1102,#1255,.F.);
#882=EDGE_CURVE('',#1103,#1110,#1256,.T.);
#883=EDGE_CURVE('',#1111,#1105,#105,.T.);
#884=EDGE_CURVE('',#1107,#1112,#1257,.T.);
#885=EDGE_CURVE('',#1112,#1034,#106,.T.);
#886=EDGE_CURVE('',#1096,#1112,#1258,.T.);
#887=EDGE_CURVE('',#1113,#1045,#107,.T.);
#888=EDGE_CURVE('',#1113,#1078,#1259,.T.);
#889=EDGE_CURVE('',#1113,#1098,#1260,.T.);
#890=EDGE_CURVE('',#1101,#1100,#108,.T.);
#891=EDGE_CURVE('',#1114,#1115,#1261,.T.);
#892=EDGE_CURVE('',#1114,#1019,#109,.T.);
#893=EDGE_CURVE('',#1115,#1018,#110,.T.);
#894=EDGE_CURVE('',#1116,#1117,#1262,.T.);
#895=EDGE_CURVE('',#1030,#1116,#111,.F.);
#896=EDGE_CURVE('',#1118,#1028,#112,.F.);
#897=EDGE_CURVE('',#1117,#1118,#1263,.T.);
#898=EDGE_CURVE('',#1119,#1120,#31,.T.);
#899=EDGE_CURVE('',#1027,#1119,#32,.T.);
#900=EDGE_CURVE('',#1121,#1026,#33,.T.);
#901=EDGE_CURVE('',#1122,#1121,#34,.T.);
#902=EDGE_CURVE('',#1120,#1122,#35,.T.);
#903=EDGE_CURVE('',#1123,#1124,#1264,.T.);
#904=EDGE_CURVE('',#1023,#1123,#113,.F.);
#905=EDGE_CURVE('',#1125,#1021,#114,.T.);
#906=EDGE_CURVE('',#1124,#1125,#1265,.T.);
#907=EDGE_CURVE('',#1126,#1127,#36,.T.);
#908=EDGE_CURVE('',#1128,#1126,#115,.F.);
#909=EDGE_CURVE('',#1025,#1128,#37,.T.);
#910=EDGE_CURVE('',#1129,#1024,#116,.T.);
#911=EDGE_CURVE('',#1127,#1129,#1266,.T.);
#912=EDGE_CURVE('',#1126,#1122,#1267,.F.);
#913=EDGE_CURVE('',#1127,#1120,#1268,.F.);
#914=EDGE_CURVE('',#1121,#1128,#1269,.T.);
#915=EDGE_CURVE('',#1129,#1123,#117,.T.);
#916=EDGE_CURVE('',#1125,#1130,#1270,.T.);
#917=EDGE_CURVE('',#1130,#1020,#118,.T.);
#918=EDGE_CURVE('',#1114,#1130,#1271,.T.);
#919=EDGE_CURVE('',#1131,#1031,#119,.T.);
#920=EDGE_CURVE('',#1131,#1097,#1272,.T.);
#921=EDGE_CURVE('',#1131,#1116,#1273,.T.);
#922=EDGE_CURVE('',#1119,#1118,#120,.T.);
#923=EDGE_CURVE('',#1132,#1133,#1274,.T.);
#924=EDGE_CURVE('',#1016,#1132,#121,.F.);
#925=EDGE_CURVE('',#1134,#1014,#122,.F.);
#926=EDGE_CURVE('',#1133,#1134,#1275,.T.);
#927=EDGE_CURVE('',#1135,#1136,#38,.T.);
#928=EDGE_CURVE('',#1013,#1135,#39,.T.);
#929=EDGE_CURVE('',#1137,#1012,#40,.T.);
#930=EDGE_CURVE('',#1138,#1137,#41,.T.);
#931=EDGE_CURVE('',#1136,#1138,#42,.T.);
#932=EDGE_CURVE('',#1139,#1140,#1276,.T.);
#933=EDGE_CURVE('',#1009,#1139,#123,.F.);
#934=EDGE_CURVE('',#1141,#1007,#124,.T.);
#935=EDGE_CURVE('',#1140,#1141,#1277,.T.);
#936=EDGE_CURVE('',#1142,#1143,#43,.T.);
#937=EDGE_CURVE('',#1144,#1142,#125,.F.);
#938=EDGE_CURVE('',#1011,#1144,#44,.T.);
#939=EDGE_CURVE('',#1145,#1010,#126,.T.);
#940=EDGE_CURVE('',#1143,#1145,#1278,.T.);
#941=EDGE_CURVE('',#1142,#1138,#1279,.F.);
#942=EDGE_CURVE('',#1143,#1136,#1280,.F.);
#943=EDGE_CURVE('',#1137,#1144,#1281,.T.);
#944=EDGE_CURVE('',#1145,#1139,#127,.T.);
#945=EDGE_CURVE('',#1141,#1146,#1282,.T.);
#946=EDGE_CURVE('',#1146,#1006,#128,.T.);
#947=EDGE_CURVE('',#1005,#1147,#129,.F.);
#948=EDGE_CURVE('',#1147,#1146,#1283,.T.);
#949=EDGE_CURVE('',#1148,#1017,#130,.T.);
#950=EDGE_CURVE('',#1148,#1115,#1284,.T.);
#951=EDGE_CURVE('',#1148,#1132,#1285,.T.);
#952=EDGE_CURVE('',#1135,#1134,#131,.T.);
#953=EDGE_CURVE('',#1149,#1150,#1286,.T.);
#954=EDGE_CURVE('',#1150,#1151,#132,.F.);
#955=EDGE_CURVE('',#1151,#1152,#1287,.F.);
#956=EDGE_CURVE('',#1152,#1149,#45,.T.);
#957=EDGE_CURVE('',#1153,#1154,#133,.T.);
#958=EDGE_CURVE('',#1153,#1066,#134,.T.);
#959=EDGE_CURVE('',#1065,#1154,#135,.F.);
#960=EDGE_CURVE('',#1155,#1156,#1288,.T.);
#961=EDGE_CURVE('',#1155,#1063,#136,.T.);
#962=EDGE_CURVE('',#1156,#1062,#137,.T.);
#963=EDGE_CURVE('',#1157,#1061,#138,.T.);
#964=EDGE_CURVE('',#1157,#1156,#1289,.T.);
#965=EDGE_CURVE('',#1157,#1095,#1290,.T.);
#966=EDGE_CURVE('',#1158,#1159,#1291,.T.);
#967=EDGE_CURVE('',#1159,#1074,#139,.T.);
#968=EDGE_CURVE('',#1158,#1073,#140,.T.);
#969=EDGE_CURVE('',#1072,#1160,#141,.F.);
#970=EDGE_CURVE('',#1158,#1160,#1292,.T.);
#971=EDGE_CURVE('',#1069,#1161,#232,.T.);
#972=EDGE_CURVE('',#1161,#1162,#142,.T.);
#973=EDGE_CURVE('',#1162,#1070,#143,.F.);
#974=EDGE_CURVE('',#1147,#1163,#1293,.T.);
#975=EDGE_CURVE('',#1163,#1164,#144,.T.);
#976=EDGE_CURVE('',#1164,#1001,#1294,.T.);
#977=EDGE_CURVE('',#995,#1165,#1295,.T.);
#978=EDGE_CURVE('',#1165,#1166,#145,.T.);
#979=EDGE_CURVE('',#1166,#1159,#1296,.T.);
#980=EDGE_CURVE('',#1160,#1167,#1297,.T.);
#981=EDGE_CURVE('',#1167,#1162,#1298,.T.);
#982=EDGE_CURVE('',#1161,#1168,#46,.T.);
#983=EDGE_CURVE('',#1169,#1168,#1299,.F.);
#984=EDGE_CURVE('',#1169,#1153,#1300,.T.);
#985=EDGE_CURVE('',#1154,#1170,#1301,.T.);
#986=EDGE_CURVE('',#1170,#1155,#1302,.T.);
#987=EDGE_CURVE('',#1067,#1150,#47,.T.);
#988=EDGE_CURVE('',#1149,#1068,#48,.T.);
#989=EDGE_CURVE('',#1151,#1169,#49,.T.);
#990=EDGE_CURVE('',#1168,#1152,#50,.T.);
#991=EDGE_CURVE('',#1163,#1004,#146,.T.);
#992=EDGE_CURVE('',#1003,#1164,#147,.F.);
#993=EDGE_CURVE('',#1165,#1076,#148,.T.);
#994=EDGE_CURVE('',#1075,#1166,#149,.F.);
#995=VERTEX_POINT('',#2105);
#996=VERTEX_POINT('',#2106);
#997=VERTEX_POINT('',#2109);
#998=VERTEX_POINT('',#2111);
#999=VERTEX_POINT('',#2122);
#1000=VERTEX_POINT('',#2125);
#1001=VERTEX_POINT('',#2136);
#1002=VERTEX_POINT('',#2138);
#1003=VERTEX_POINT('',#2145);
#1004=VERTEX_POINT('',#2146);
#1005=VERTEX_POINT('',#2148);
#1006=VERTEX_POINT('',#2150);
#1007=VERTEX_POINT('',#2152);
#1008=VERTEX_POINT('',#2154);
#1009=VERTEX_POINT('',#2156);
#1010=VERTEX_POINT('',#2158);
#1011=VERTEX_POINT('',#2160);
#1012=VERTEX_POINT('',#2162);
#1013=VERTEX_POINT('',#2167);
#1014=VERTEX_POINT('',#2169);
#1015=VERTEX_POINT('',#2171);
#1016=VERTEX_POINT('',#2173);
#1017=VERTEX_POINT('',#2175);
#1018=VERTEX_POINT('',#2177);
#1019=VERTEX_POINT('',#2179);
#1020=VERTEX_POINT('',#2181);
#1021=VERTEX_POINT('',#2183);
#1022=VERTEX_POINT('',#2185);
#1023=VERTEX_POINT('',#2187);
#1024=VERTEX_POINT('',#2189);
#1025=VERTEX_POINT('',#2191);
#1026=VERTEX_POINT('',#2193);
#1027=VERTEX_POINT('',#2198);
#1028=VERTEX_POINT('',#2200);
#1029=VERTEX_POINT('',#2202);
#1030=VERTEX_POINT('',#2204);
#1031=VERTEX_POINT('',#2206);
#1032=VERTEX_POINT('',#2208);
#1033=VERTEX_POINT('',#2210);
#1034=VERTEX_POINT('',#2212);
#1035=VERTEX_POINT('',#2214);
#1036=VERTEX_POINT('',#2216);
#1037=VERTEX_POINT('',#2218);
#1038=VERTEX_POINT('',#2220);
#1039=VERTEX_POINT('',#2222);
#1040=VERTEX_POINT('',#2224);
#1041=VERTEX_POINT('',#2229);
#1042=VERTEX_POINT('',#2231);
#1043=VERTEX_POINT('',#2233);
#1044=VERTEX_POINT('',#2235);
#1045=VERTEX_POINT('',#2237);
#1046=VERTEX_POINT('',#2239);
#1047=VERTEX_POINT('',#2241);
#1048=VERTEX_POINT('',#2243);
#1049=VERTEX_POINT('',#2245);
#1050=VERTEX_POINT('',#2247);
#1051=VERTEX_POINT('',#2249);
#1052=VERTEX_POINT('',#2251);
#1053=VERTEX_POINT('',#2253);
#1054=VERTEX_POINT('',#2255);
#1055=VERTEX_POINT('',#2260);
#1056=VERTEX_POINT('',#2262);
#1057=VERTEX_POINT('',#2264);
#1058=VERTEX_POINT('',#2266);
#1059=VERTEX_POINT('',#2268);
#1060=VERTEX_POINT('',#2270);
#1061=VERTEX_POINT('',#2272);
#1062=VERTEX_POINT('',#2274);
#1063=VERTEX_POINT('',#2276);
#1064=VERTEX_POINT('',#2278);
#1065=VERTEX_POINT('',#2280);
#1066=VERTEX_POINT('',#2282);
#1067=VERTEX_POINT('',#2284);
#1068=VERTEX_POINT('',#2286);
#1069=VERTEX_POINT('',#2291);
#1070=VERTEX_POINT('',#2293);
#1071=VERTEX_POINT('',#2295);
#1072=VERTEX_POINT('',#2297);
#1073=VERTEX_POINT('',#2299);
#1074=VERTEX_POINT('',#2301);
#1075=VERTEX_POINT('',#2303);
#1076=VERTEX_POINT('',#2305);
#1077=VERTEX_POINT('',#2317);
#1078=VERTEX_POINT('',#2318);
#1079=VERTEX_POINT('',#2330);
#1080=VERTEX_POINT('',#2331);
#1081=VERTEX_POINT('',#2334);
#1082=VERTEX_POINT('',#2364);
#1083=VERTEX_POINT('',#2365);
#1084=VERTEX_POINT('',#2374);
#1085=VERTEX_POINT('',#2388);
#1086=VERTEX_POINT('',#2402);
#1087=VERTEX_POINT('',#2403);
#1088=VERTEX_POINT('',#2406);
#1089=VERTEX_POINT('',#2429);
#1090=VERTEX_POINT('',#2430);
#1091=VERTEX_POINT('',#2432);
#1092=VERTEX_POINT('',#2446);
#1093=VERTEX_POINT('',#2535);
#1094=VERTEX_POINT('',#2555);
#1095=VERTEX_POINT('',#2557);
#1096=VERTEX_POINT('',#2582);
#1097=VERTEX_POINT('',#2583);
#1098=VERTEX_POINT('',#2595);
#1099=VERTEX_POINT('',#2596);
#1100=VERTEX_POINT('',#2599);
#1101=VERTEX_POINT('',#2629);
#1102=VERTEX_POINT('',#2630);
#1103=VERTEX_POINT('',#2639);
#1104=VERTEX_POINT('',#2653);
#1105=VERTEX_POINT('',#2667);
#1106=VERTEX_POINT('',#2668);
#1107=VERTEX_POINT('',#2671);
#1108=VERTEX_POINT('',#2694);
#1109=VERTEX_POINT('',#2695);
#1110=VERTEX_POINT('',#2697);
#1111=VERTEX_POINT('',#2711);
#1112=VERTEX_POINT('',#2800);
#1113=VERTEX_POINT('',#2820);
#1114=VERTEX_POINT('',#2845);
#1115=VERTEX_POINT('',#2846);
#1116=VERTEX_POINT('',#2858);
#1117=VERTEX_POINT('',#2859);
#1118=VERTEX_POINT('',#2862);
#1119=VERTEX_POINT('',#2892);
#1120=VERTEX_POINT('',#2893);
#1121=VERTEX_POINT('',#2902);
#1122=VERTEX_POINT('',#2916);
#1123=VERTEX_POINT('',#2930);
#1124=VERTEX_POINT('',#2931);
#1125=VERTEX_POINT('',#2934);
#1126=VERTEX_POINT('',#2957);
#1127=VERTEX_POINT('',#2958);
#1128=VERTEX_POINT('',#2960);
#1129=VERTEX_POINT('',#2974);
#1130=VERTEX_POINT('',#3063);
#1131=VERTEX_POINT('',#3083);
#1132=VERTEX_POINT('',#3108);
#1133=VERTEX_POINT('',#3109);
#1134=VERTEX_POINT('',#3112);
#1135=VERTEX_POINT('',#3142);
#1136=VERTEX_POINT('',#3143);
#1137=VERTEX_POINT('',#3152);
#1138=VERTEX_POINT('',#3166);
#1139=VERTEX_POINT('',#3180);
#1140=VERTEX_POINT('',#3181);
#1141=VERTEX_POINT('',#3184);
#1142=VERTEX_POINT('',#3207);
#1143=VERTEX_POINT('',#3208);
#1144=VERTEX_POINT('',#3210);
#1145=VERTEX_POINT('',#3224);
#1146=VERTEX_POINT('',#3313);
#1147=VERTEX_POINT('',#3324);
#1148=VERTEX_POINT('',#3335);
#1149=VERTEX_POINT('',#3366);
#1150=VERTEX_POINT('',#3367);
#1151=VERTEX_POINT('',#3369);
#1152=VERTEX_POINT('',#3371);
#1153=VERTEX_POINT('',#3390);
#1154=VERTEX_POINT('',#3391);
#1155=VERTEX_POINT('',#3403);
#1156=VERTEX_POINT('',#3404);
#1157=VERTEX_POINT('',#3416);
#1158=VERTEX_POINT('',#3436);
#1159=VERTEX_POINT('',#3437);
#1160=VERTEX_POINT('',#3449);
#1161=VERTEX_POINT('',#3459);
#1162=VERTEX_POINT('',#3461);
#1163=VERTEX_POINT('',#3468);
#1164=VERTEX_POINT('',#3470);
#1165=VERTEX_POINT('',#3473);
#1166=VERTEX_POINT('',#3475);
#1167=VERTEX_POINT('',#3478);
#1168=VERTEX_POINT('',#3484);
#1169=VERTEX_POINT('',#3486);
#1170=VERTEX_POINT('',#3489);
#1171=CIRCLE('',#1617,9.);
#1172=CIRCLE('',#1618,9.);
#1173=CIRCLE('',#1619,9.);
#1174=CIRCLE('',#1620,9.);
#1175=CIRCLE('',#1621,9.);
#1176=CIRCLE('',#1622,9.);
#1177=CIRCLE('',#1623,1.);
#1178=CIRCLE('',#1624,8.34533375132758);
#1179=CIRCLE('',#1625,4.75);
#1180=CIRCLE('',#1626,0.5);
#1181=CIRCLE('',#1627,0.5);
#1182=CIRCLE('',#1628,0.5);
#1183=CIRCLE('',#1629,2.49384541814464);
#1184=CIRCLE('',#1630,0.5);
#1185=CIRCLE('',#1631,0.5);
#1186=CIRCLE('',#1632,4.75);
#1187=CIRCLE('',#1633,7.22999034123369);
#1188=CIRCLE('',#1634,11.);
#1189=CIRCLE('',#1635,8.34533375132758);
#1190=CIRCLE('',#1636,4.75);
#1191=CIRCLE('',#1637,0.5);
#1192=CIRCLE('',#1638,0.5);
#1193=CIRCLE('',#1639,0.5);
#1194=CIRCLE('',#1640,2.49384541814463);
#1195=CIRCLE('',#1641,0.5);
#1196=CIRCLE('',#1642,0.5);
#1197=CIRCLE('',#1643,4.75);
#1198=CIRCLE('',#1644,7.22999034123369);
#1199=CIRCLE('',#1645,11.);
#1200=CIRCLE('',#1646,8.34533375132758);
#1201=CIRCLE('',#1647,4.75);
#1202=CIRCLE('',#1648,0.5);
#1203=CIRCLE('',#1649,0.5);
#1204=CIRCLE('',#1650,0.5);
#1205=CIRCLE('',#1651,2.49384541814463);
#1206=CIRCLE('',#1652,0.5);
#1207=CIRCLE('',#1653,0.5);
#1208=CIRCLE('',#1654,4.75);
#1209=CIRCLE('',#1655,7.22999034123369);
#1210=CIRCLE('',#1656,11.);
#1211=CIRCLE('',#1657,8.34533375132758);
#1212=CIRCLE('',#1658,4.75);
#1213=CIRCLE('',#1659,0.5);
#1214=CIRCLE('',#1660,0.5);
#1215=CIRCLE('',#1661,0.5);
#1216=CIRCLE('',#1662,2.49384541814463);
#1217=CIRCLE('',#1663,0.5);
#1218=CIRCLE('',#1664,0.5);
#1219=CIRCLE('',#1665,4.75);
#1220=CIRCLE('',#1666,7.22999034123369);
#1221=CIRCLE('',#1667,11.);
#1222=CIRCLE('',#1668,8.34533375132758);
#1223=CIRCLE('',#1669,4.75);
#1224=CIRCLE('',#1670,0.5);
#1225=CIRCLE('',#1671,0.5);
#1226=CIRCLE('',#1672,0.5);
#1227=CIRCLE('',#1673,2.49384541814464);
#1228=CIRCLE('',#1674,0.5);
#1229=CIRCLE('',#1675,0.5);
#1230=CIRCLE('',#1676,4.75);
#1231=CIRCLE('',#1677,7.22999034123369);
#1232=CIRCLE('',#1678,1.);
#1233=CIRCLE('',#1679,1.);
#1234=CIRCLE('',#1680,1.);
#1235=CIRCLE('',#1681,11.);
#1236=CIRCLE('',#1682,0.5);
#1237=CIRCLE('',#1683,0.5);
#1238=CIRCLE('',#1684,0.5);
#1239=CIRCLE('',#1685,0.5);
#1240=CIRCLE('',#1686,0.5);
#1241=CIRCLE('',#1687,2.45649896327423);
#1242=CIRCLE('',#1688,2.52955224486796);
#1243=CIRCLE('',#1689,2.45649896327423);
#1244=CIRCLE('',#1690,4.75);
#1245=CIRCLE('',#1691,8.34533375132758);
#1246=CIRCLE('',#1692,7.22999034123369);
#1247=CIRCLE('',#1693,4.75);
#1248=CIRCLE('',#1694,11.);
#1249=CIRCLE('',#1695,0.5);
#1250=CIRCLE('',#1696,0.5);
#1251=CIRCLE('',#1697,0.5);
#1252=CIRCLE('',#1698,0.5);
#1253=CIRCLE('',#1699,0.5);
#1254=CIRCLE('',#1700,2.45649896327423);
#1255=CIRCLE('',#1701,2.52955224486796);
#1256=CIRCLE('',#1702,2.45649896327424);
#1257=CIRCLE('',#1703,4.75);
#1258=CIRCLE('',#1704,8.34533375132758);
#1259=CIRCLE('',#1705,7.22999034123369);
#1260=CIRCLE('',#1706,4.75);
#1261=CIRCLE('',#1707,11.);
#1262=CIRCLE('',#1708,0.5);
#1263=CIRCLE('',#1709,0.5);
#1264=CIRCLE('',#1710,0.5);
#1265=CIRCLE('',#1711,0.5);
#1266=CIRCLE('',#1712,0.5);
#1267=CIRCLE('',#1713,2.45649896327423);
#1268=CIRCLE('',#1714,2.52955224486797);
#1269=CIRCLE('',#1715,2.45649896327423);
#1270=CIRCLE('',#1716,4.75);
#1271=CIRCLE('',#1717,8.34533375132758);
#1272=CIRCLE('',#1718,7.22999034123369);
#1273=CIRCLE('',#1719,4.75);
#1274=CIRCLE('',#1720,0.5);
#1275=CIRCLE('',#1721,0.5);
#1276=CIRCLE('',#1722,0.5);
#1277=CIRCLE('',#1723,0.5);
#1278=CIRCLE('',#1724,0.5);
#1279=CIRCLE('',#1725,2.45649896327421);
#1280=CIRCLE('',#1726,2.52955224486796);
#1281=CIRCLE('',#1727,2.45649896327423);
#1282=CIRCLE('',#1728,4.75);
#1283=CIRCLE('',#1729,8.34533375132758);
#1284=CIRCLE('',#1730,7.22999034123369);
#1285=CIRCLE('',#1731,4.75);
#1286=CIRCLE('',#1732,2.45649896327423);
#1287=CIRCLE('',#1733,2.45649896327423);
#1288=CIRCLE('',#1734,4.75);
#1289=CIRCLE('',#1735,8.34533375132758);
#1290=CIRCLE('',#1736,11.);
#1291=CIRCLE('',#1737,7.22999034123369);
#1292=CIRCLE('',#1738,4.75);
#1293=CIRCLE('',#1739,1.);
#1294=CIRCLE('',#1740,1.);
#1295=CIRCLE('',#1741,1.);
#1296=CIRCLE('',#1742,1.);
#1297=CIRCLE('',#1743,0.5);
#1298=CIRCLE('',#1744,0.5);
#1299=CIRCLE('',#1745,2.52955224486796);
#1300=CIRCLE('',#1746,0.5);
#1301=CIRCLE('',#1747,0.5);
#1302=CIRCLE('',#1748,0.5);
#1303=EDGE_LOOP('',(#233,#234,#235,#236));
#1304=EDGE_LOOP('',(#237,#238,#239,#240));
#1305=EDGE_LOOP('',(#241,#242,#243,#244));
#1306=EDGE_LOOP('',(#245,#246,#247,#248,#249,#250,#251,#252,#253,#254,#255,#256,#257,#258,#259,#260,#261,#262,#263,#264,#265,#266,#267,#268,#269,#270,#271,#272,#273,#274,#275,#276,#277,#278,#279,#280,#281,#282,#283,#284,#285,#286,#287,#288,#289,#290,#291,#292,#293,#294,#295,#296,#297,#298,#299,#300,#301,#302,#303,#304,#305,#306,#307,#308,#309,#310,#311,#312,#313,#314,#315,#316,#317,#318,#319,#320,#321,#322));
#1307=EDGE_LOOP('',(#323,#324,#325,#326));
#1308=EDGE_LOOP('',(#327,#328,#329,#330,#331,#332));
#1309=EDGE_LOOP('',(#333,#334,#335,#336,#337,#338));
#1310=EDGE_LOOP('',(#339,#340,#341,#342,#343,#344));
#1311=EDGE_LOOP('',(#345,#346,#347,#348,#349,#350));
#1312=EDGE_LOOP('',(#351,#352,#353,#354));
#1313=EDGE_LOOP('',(#355,#356,#357,#358));
#1314=EDGE_LOOP('',(#359,#360,#361,#362));
#1315=EDGE_LOOP('',(#363,#364,#365,#366));
#1316=EDGE_LOOP('',(#367,#368,#369,#370));
#1317=EDGE_LOOP('',(#371,#372,#373,#374));
#1318=EDGE_LOOP('',(#375,#376,#377,#378));
#1319=EDGE_LOOP('',(#379,#380,#381,#382));
#1320=EDGE_LOOP('',(#383,#384,#385,#386));
#1321=EDGE_LOOP('',(#387,#388,#389,#390));
#1322=EDGE_LOOP('',(#391,#392,#393,#394,#395,#396));
#1323=EDGE_LOOP('',(#397,#398,#399,#400,#401,#402));
#1324=EDGE_LOOP('',(#403,#404,#405,#406,#407,#408));
#1325=EDGE_LOOP('',(#409,#410,#411,#412,#413,#414));
#1326=EDGE_LOOP('',(#415,#416,#417,#418));
#1327=EDGE_LOOP('',(#419,#420,#421,#422));
#1328=EDGE_LOOP('',(#423,#424,#425,#426));
#1329=EDGE_LOOP('',(#427,#428,#429,#430));
#1330=EDGE_LOOP('',(#431,#432,#433,#434));
#1331=EDGE_LOOP('',(#435,#436,#437,#438));
#1332=EDGE_LOOP('',(#439,#440,#441,#442));
#1333=EDGE_LOOP('',(#443,#444,#445,#446));
#1334=EDGE_LOOP('',(#447,#448,#449,#450));
#1335=EDGE_LOOP('',(#451,#452,#453,#454));
#1336=EDGE_LOOP('',(#455,#456,#457,#458,#459,#460));
#1337=EDGE_LOOP('',(#461,#462,#463,#464,#465,#466));
#1338=EDGE_LOOP('',(#467,#468,#469,#470,#471,#472));
#1339=EDGE_LOOP('',(#473,#474,#475,#476,#477,#478));
#1340=EDGE_LOOP('',(#479,#480,#481,#482));
#1341=EDGE_LOOP('',(#483,#484,#485,#486));
#1342=EDGE_LOOP('',(#487,#488,#489,#490));
#1343=EDGE_LOOP('',(#491,#492,#493,#494));
#1344=EDGE_LOOP('',(#495,#496,#497,#498));
#1345=EDGE_LOOP('',(#499,#500,#501,#502));
#1346=EDGE_LOOP('',(#503,#504,#505,#506));
#1347=EDGE_LOOP('',(#507,#508,#509,#510));
#1348=EDGE_LOOP('',(#511,#512,#513,#514));
#1349=EDGE_LOOP('',(#515,#516,#517,#518,#519,#520));
#1350=EDGE_LOOP('',(#521,#522,#523,#524,#525,#526));
#1351=EDGE_LOOP('',(#527,#528,#529,#530,#531,#532));
#1352=EDGE_LOOP('',(#533,#534,#535,#536,#537,#538));
#1353=EDGE_LOOP('',(#539,#540,#541,#542));
#1354=EDGE_LOOP('',(#543,#544,#545,#546));
#1355=EDGE_LOOP('',(#547,#548,#549,#550));
#1356=EDGE_LOOP('',(#551,#552,#553,#554));
#1357=EDGE_LOOP('',(#555,#556,#557,#558));
#1358=EDGE_LOOP('',(#559,#560,#561,#562));
#1359=EDGE_LOOP('',(#563,#564,#565,#566));
#1360=EDGE_LOOP('',(#567,#568,#569,#570));
#1361=EDGE_LOOP('',(#571,#572,#573,#574));
#1362=EDGE_LOOP('',(#575,#576,#577,#578));
#1363=EDGE_LOOP('',(#579,#580,#581,#582));
#1364=EDGE_LOOP('',(#583,#584,#585,#586));
#1365=EDGE_LOOP('',(#587,#588,#589,#590));
#1366=EDGE_LOOP('',(#591,#592,#593,#594));
#1367=EDGE_LOOP('',(#595,#596,#597,#598));
#1368=EDGE_LOOP('',(#599,#600,#601,#602));
#1369=EDGE_LOOP('',(#603,#604,#605,#606));
#1370=EDGE_LOOP('',(#607,#608,#609,#610,#611,#612,#613,#614,#615,#616,#617,#618,#619,#620,#621,#622,#623,#624,#625,#626,#627,#628,#629,#630,#631,#632,#633,#634,#635,#636,#637,#638,#639,#640,#641,#642,#643,#644,#645,#646,#647,#648,#649,#650,#651,#652,#653,#654,#655,#656,#657,#658,#659,#660,#661,#662,#663,#664,#665,#666,#667,#668,#669,#670,#671,#672,#673,#674,#675,#676,#677,#678,#679,#680,#681,#682,#683,#684));
#1371=EDGE_LOOP('',(#685,#686,#687,#688));
#1372=EDGE_LOOP('',(#689,#690,#691,#692));
#1373=EDGE_LOOP('',(#693,#694,#695,#696,#697,#698));
#1374=EDGE_LOOP('',(#699,#700,#701,#702,#703,#704));
#1375=EDGE_LOOP('',(#705,#706,#707,#708,#709,#710));
#1376=EDGE_LOOP('',(#711,#712,#713,#714,#715,#716));
#1377=EDGE_LOOP('',(#717,#718,#719,#720));
#1378=EDGE_LOOP('',(#721,#722,#723,#724));
#1379=EDGE_LOOP('',(#725,#726,#727,#728));
#1380=EDGE_LOOP('',(#729,#730,#731,#732));
#1381=EDGE_LOOP('',(#733,#734,#735,#736));
#1382=EDGE_LOOP('',(#737,#738,#739,#740));
#1383=FACE_BOUND('',#1303,.T.);
#1384=FACE_BOUND('',#1304,.T.);
#1385=FACE_BOUND('',#1305,.T.);
#1386=FACE_BOUND('',#1306,.T.);
#1387=FACE_BOUND('',#1307,.T.);
#1388=FACE_BOUND('',#1308,.T.);
#1389=FACE_BOUND('',#1309,.T.);
#1390=FACE_BOUND('',#1310,.T.);
#1391=FACE_BOUND('',#1311,.T.);
#1392=FACE_BOUND('',#1312,.T.);
#1393=FACE_BOUND('',#1313,.T.);
#1394=FACE_BOUND('',#1314,.T.);
#1395=FACE_BOUND('',#1315,.T.);
#1396=FACE_BOUND('',#1316,.T.);
#1397=FACE_BOUND('',#1317,.T.);
#1398=FACE_BOUND('',#1318,.T.);
#1399=FACE_BOUND('',#1319,.T.);
#1400=FACE_BOUND('',#1320,.T.);
#1401=FACE_BOUND('',#1321,.T.);
#1402=FACE_BOUND('',#1322,.T.);
#1403=FACE_BOUND('',#1323,.T.);
#1404=FACE_BOUND('',#1324,.T.);
#1405=FACE_BOUND('',#1325,.T.);
#1406=FACE_BOUND('',#1326,.T.);
#1407=FACE_BOUND('',#1327,.T.);
#1408=FACE_BOUND('',#1328,.T.);
#1409=FACE_BOUND('',#1329,.T.);
#1410=FACE_BOUND('',#1330,.T.);
#1411=FACE_BOUND('',#1331,.T.);
#1412=FACE_BOUND('',#1332,.T.);
#1413=FACE_BOUND('',#1333,.T.);
#1414=FACE_BOUND('',#1334,.T.);
#1415=FACE_BOUND('',#1335,.T.);
#1416=FACE_BOUND('',#1336,.T.);
#1417=FACE_BOUND('',#1337,.T.);
#1418=FACE_BOUND('',#1338,.T.);
#1419=FACE_BOUND('',#1339,.T.);
#1420=FACE_BOUND('',#1340,.T.);
#1421=FACE_BOUND('',#1341,.T.);
#1422=FACE_BOUND('',#1342,.T.);
#1423=FACE_BOUND('',#1343,.T.);
#1424=FACE_BOUND('',#1344,.T.);
#1425=FACE_BOUND('',#1345,.T.);
#1426=FACE_BOUND('',#1346,.T.);
#1427=FACE_BOUND('',#1347,.T.);
#1428=FACE_BOUND('',#1348,.T.);
#1429=FACE_BOUND('',#1349,.T.);
#1430=FACE_BOUND('',#1350,.T.);
#1431=FACE_BOUND('',#1351,.T.);
#1432=FACE_BOUND('',#1352,.T.);
#1433=FACE_BOUND('',#1353,.T.);
#1434=FACE_BOUND('',#1354,.T.);
#1435=FACE_BOUND('',#1355,.T.);
#1436=FACE_BOUND('',#1356,.T.);
#1437=FACE_BOUND('',#1357,.T.);
#1438=FACE_BOUND('',#1358,.T.);
#1439=FACE_BOUND('',#1359,.T.);
#1440=FACE_BOUND('',#1360,.T.);
#1441=FACE_BOUND('',#1361,.T.);
#1442=FACE_BOUND('',#1362,.T.);
#1443=FACE_BOUND('',#1363,.T.);
#1444=FACE_BOUND('',#1364,.T.);
#1445=FACE_BOUND('',#1365,.T.);
#1446=FACE_BOUND('',#1366,.T.);
#1447=FACE_BOUND('',#1367,.T.);
#1448=FACE_BOUND('',#1368,.T.);
#1449=FACE_BOUND('',#1369,.T.);
#1450=FACE_BOUND('',#1370,.T.);
#1451=FACE_BOUND('',#1371,.T.);
#1452=FACE_BOUND('',#1372,.T.);
#1453=FACE_BOUND('',#1373,.T.);
#1454=FACE_BOUND('',#1374,.T.);
#1455=FACE_BOUND('',#1375,.T.);
#1456=FACE_BOUND('',#1376,.T.);
#1457=FACE_BOUND('',#1377,.T.);
#1458=FACE_BOUND('',#1378,.T.);
#1459=FACE_BOUND('',#1379,.T.);
#1460=FACE_BOUND('',#1380,.T.);
#1461=FACE_BOUND('',#1381,.T.);
#1462=FACE_BOUND('',#1382,.T.);
#1463=(
B_SPLINE_SURFACE(3,1,((#2096,#2097),(#2098,#2099),(#2100,#2101),(#2102,
#2103)),.CYLINDRICAL_SURF.,.F.,.F.,.F.)
B_SPLINE_SURFACE_WITH_KNOTS((4,4),(2,2),(0.5,0.588455932838126),(0.0454545454545454,0.954545454545455),.PIECEWISE_BEZIER_KNOTS.)
BOUNDED_SURFACE()
GEOMETRIC_REPRESENTATION_ITEM()
RATIONAL_B_SPLINE_SURFACE(((1.,1.),(0.882058756215832,0.882058756215832),(0.784982717909699,0.784982717909699),(0.708771885081601,0.708771885081601)))
REPRESENTATION_ITEM('')
SURFACE()
);
#1464=(
B_SPLINE_SURFACE(3,1,((#2113,#2114),(#2115,#2116),(#2117,#2118),(#2119,
#2120)),.CYLINDRICAL_SURF.,.F.,.F.,.F.)
B_SPLINE_SURFACE_WITH_KNOTS((4,4),(2,2),(0.,0.5),(0.0454545454545455,0.954545454545455),.PIECEWISE_BEZIER_KNOTS.)
BOUNDED_SURFACE()
GEOMETRIC_REPRESENTATION_ITEM()
RATIONAL_B_SPLINE_SURFACE(((1.,1.),(0.333333333333333,0.333333333333333),(0.333333333333333,0.333333333333333),(1.,1.)))
REPRESENTATION_ITEM('')
SURFACE()
);
#1465=(
B_SPLINE_SURFACE(3,1,((#2127,#2128),(#2129,#2130),(#2131,#2132),(#2133,
#2134)),.CYLINDRICAL_SURF.,.F.,.F.,.F.)
B_SPLINE_SURFACE_WITH_KNOTS((4,4),(2,2),(0.76253140723345,1.),(0.0454545454545453,0.954545454545455),.PIECEWISE_BEZIER_KNOTS.)
BOUNDED_SURFACE()
GEOMETRIC_REPRESENTATION_ITEM()
RATIONAL_B_SPLINE_SURFACE(((0.501256289338004,0.501256289338004),(0.517127306090601,
0.517127306090601),(0.6833752096446,0.6833752096446),(1.,1.)))
REPRESENTATION_ITEM('')
SURFACE()
);
#1466=(
B_SPLINE_SURFACE(3,1,((#2308,#2309),(#2310,#2311),(#2312,#2313),(#2314,
#2315)),.CYLINDRICAL_SURF.,.F.,.F.,.F.)
B_SPLINE_SURFACE_WITH_KNOTS((4,4),(2,2),(0.245286302056114,0.254713697943886),(0.0454545454545448,0.954545454545455),.PIECEWISE_BEZIER_KNOTS.)
BOUNDED_SURFACE()
GEOMETRIC_REPRESENTATION_ITEM()
RATIONAL_B_SPLINE_SURFACE(((0.50017775158645,0.50017775158645),(0.499940749471183,
0.499940749471183),(0.499940749471183,0.499940749471184),(0.50017775158645,
0.50017775158645)))
REPRESENTATION_ITEM('')
SURFACE()
);
#1467=(
B_SPLINE_SURFACE(3,1,((#2321,#2322),(#2323,#2324),(#2325,#2326),(#2327,
#2328)),.CYLINDRICAL_SURF.,.F.,.F.,.F.)
B_SPLINE_SURFACE_WITH_KNOTS((4,4),(2,2),(0.,1.),(0.,1.),.PIECEWISE_BEZIER_KNOTS.)
BOUNDED_SURFACE()
GEOMETRIC_REPRESENTATION_ITEM()
RATIONAL_B_SPLINE_SURFACE(((1.,1.),(0.674913462153373,0.674913462153373),(0.674913462153373,0.674913462153373),(1.,1.)))
REPRESENTATION_ITEM('')
SURFACE()
);
#1468=(
B_SPLINE_SURFACE(3,1,((#2393,#2394),(#2395,#2396),(#2397,#2398),(#2399,
#2400)),.CYLINDRICAL_SURF.,.F.,.F.,.F.)
B_SPLINE_SURFACE_WITH_KNOTS((4,4),(2,2),(0.,1.),(0.,1.),.PIECEWISE_BEZIER_KNOTS.)
BOUNDED_SURFACE()
GEOMETRIC_REPRESENTATION_ITEM()
RATIONAL_B_SPLINE_SURFACE(((1.,1.),(0.674913462153384,0.674913462153384),(0.674913462153384,0.674913462153384),(1.,1.)))
REPRESENTATION_ITEM('')
SURFACE()
);
#1469=(
B_SPLINE_SURFACE(3,1,((#2408,#2409),(#2410,#2411),(#2412,#2413),(#2414,
#2415)),.CYLINDRICAL_SURF.,.F.,.F.,.F.)
B_SPLINE_SURFACE_WITH_KNOTS((4,4),(2,2),(0.,1.),(0.,1.),.PIECEWISE_BEZIER_KNOTS.)
BOUNDED_SURFACE()
GEOMETRIC_REPRESENTATION_ITEM()
RATIONAL_B_SPLINE_SURFACE(((1.,1.),(0.753497757347665,0.753497757347665),(0.753497757347665,0.753497757347665),(1.,1.)))
REPRESENTATION_ITEM('')
SURFACE()
);
#1470=(
B_SPLINE_SURFACE(3,3,((#2448,#2449,#2450,#2451,#2452,#2453,#2454),(#2455,
#2456,#2457,#2458,#2459,#2460,#2461),(#2462,#2463,#2464,#2465,#2466,#2467,
#2468),(#2469,#2470,#2471,#2472,#2473,#2474,#2475)),.SURF_OF_REVOLUTION.,.F.,.F.,.F.)
B_SPLINE_SURFACE_WITH_KNOTS((4,4),(4,3,4),(0.50115202978989,0.783124941803538),(0.00139511642666839,0.5,0.998604883573334),.PIECEWISE_BEZIER_KNOTS.)
BOUNDED_SURFACE()
GEOMETRIC_REPRESENTATION_ITEM()
RATIONAL_B_SPLINE_SURFACE(((0.996876035258705,0.625756284509595,0.626797606090027,
1.,0.626797606090025,0.625756284509595,0.996876035258711),(0.996876035258705,
0.625756284509595,0.626797606090027,1.,0.626797606090025,0.625756284509595,
0.996876035258711),(0.996876035258705,0.625756284509595,0.626797606090027,
1.,0.626797606090025,0.625756284509595,0.996876035258711),(0.996876035258705,
0.625756284509595,0.626797606090027,1.,0.626797606090025,0.625756284509595,
0.996876035258711)))
REPRESENTATION_ITEM('')
SURFACE()
);
#1471=(
B_SPLINE_SURFACE(3,3,((#2478,#2479,#2480,#2481,#2482,#2483,#2484),(#2485,
#2486,#2487,#2488,#2489,#2490,#2491),(#2492,#2493,#2494,#2495,#2496,#2497,
#2498),(#2499,#2500,#2501,#2502,#2503,#2504,#2505)),.SURF_OF_REVOLUTION.,.F.,.F.,.F.)
B_SPLINE_SURFACE_WITH_KNOTS((4,4),(4,3,4),(0.21687767534447,0.418360874665505),(0.00197991049876951,0.5,0.99167513198487),.PIECEWISE_BEZIER_KNOTS.)
BOUNDED_SURFACE()
GEOMETRIC_REPRESENTATION_ITEM()
RATIONAL_B_SPLINE_SURFACE(((0.99557175578505,0.625759239105504,0.627235320510488,
1.,0.631984478435682,0.625857117146598,0.981617916132748),(0.99557175578505,
0.625759239105504,0.627235320510488,1.,0.631984478435682,0.625857117146598,
0.981617916132748),(0.99557175578505,0.625759239105504,0.627235320510488,
1.,0.631984478435682,0.625857117146598,0.981617916132748),(0.99557175578505,
0.625759239105504,0.627235320510488,1.,0.631984478435682,0.625857117146598,
0.981617916132748)))
REPRESENTATION_ITEM('')
SURFACE()
);
#1472=(
B_SPLINE_SURFACE(3,1,((#2507,#2508),(#2509,#2510),(#2511,#2512),(#2513,
#2514),(#2515,#2516),(#2517,#2518),(#2519,#2520)),.CYLINDRICAL_SURF.,.F.,.F.,.F.)
B_SPLINE_SURFACE_WITH_KNOTS((4,3,4),(2,2),(0.00136390209550157,0.5,1.),(0.0454545454545468,0.954545454545458),.PIECEWISE_BEZIER_KNOTS.)
BOUNDED_SURFACE()
GEOMETRIC_REPRESENTATION_ITEM()
RATIONAL_B_SPLINE_SURFACE(((0.997083551240042,0.997083551240042),(0.642642450809181,
0.642642450809181),(0.643614600395834,0.643614600395834),(1.,1.),(0.642639791721995,
0.642639791721995),(0.642639791721995,0.642639791721995),(1.,1.)))
REPRESENTATION_ITEM('')
SURFACE()
);
#1473=(
B_SPLINE_SURFACE(3,1,((#2526,#2527),(#2528,#2529),(#2530,#2531),(#2532,
#2533)),.CYLINDRICAL_SURF.,.F.,.F.,.F.)
B_SPLINE_SURFACE_WITH_KNOTS((4,4),(2,2),(0.,1.),(0.,1.),.PIECEWISE_BEZIER_KNOTS.)
BOUNDED_SURFACE()
GEOMETRIC_REPRESENTATION_ITEM()
RATIONAL_B_SPLINE_SURFACE(((1.,1.),(0.771012837939767,0.771012837939767),(0.771012837939767,0.771012837939767),(1.,1.)))
REPRESENTATION_ITEM('')
SURFACE()
);
#1474=(
B_SPLINE_SURFACE(3,1,((#2537,#2538),(#2539,#2540),(#2541,#2542),(#2543,
#2544)),.CYLINDRICAL_SURF.,.F.,.F.,.F.)
B_SPLINE_SURFACE_WITH_KNOTS((4,4),(2,2),(0.,1.),(0.,1.),.PIECEWISE_BEZIER_KNOTS.)
BOUNDED_SURFACE()
GEOMETRIC_REPRESENTATION_ITEM()
RATIONAL_B_SPLINE_SURFACE(((1.,1.),(0.648854074685198,0.648854074685198),(0.648854074685198,0.648854074685198),(1.,1.)))
REPRESENTATION_ITEM('')
SURFACE()
);
#1475=(
B_SPLINE_SURFACE(3,1,((#2546,#2547),(#2548,#2549),(#2550,#2551),(#2552,
#2553)),.CYLINDRICAL_SURF.,.F.,.F.,.F.)
B_SPLINE_SURFACE_WITH_KNOTS((4,4),(2,2),(0.,1.),(0.,1.),.PIECEWISE_BEZIER_KNOTS.)
BOUNDED_SURFACE()
GEOMETRIC_REPRESENTATION_ITEM()
RATIONAL_B_SPLINE_SURFACE(((1.,1.),(0.587742961722236,0.587742961722236),(0.587742961722236,0.587742961722236),(1.,1.)))
REPRESENTATION_ITEM('')
SURFACE()
);
#1476=(
B_SPLINE_SURFACE(3,1,((#2559,#2560),(#2561,#2562),(#2563,#2564),(#2565,
#2566)),.CYLINDRICAL_SURF.,.F.,.F.,.F.)
B_SPLINE_SURFACE_WITH_KNOTS((4,4),(2,2),(0.,1.),(0.,1.),.PIECEWISE_BEZIER_KNOTS.)
BOUNDED_SURFACE()
GEOMETRIC_REPRESENTATION_ITEM()
RATIONAL_B_SPLINE_SURFACE(((1.,1.),(0.717822869386796,0.717822869386796),(0.717822869386796,0.717822869386796),(1.,1.)))
REPRESENTATION_ITEM('')
SURFACE()
);
#1477=(
B_SPLINE_SURFACE(3,1,((#2573,#2574),(#2575,#2576),(#2577,#2578),(#2579,
#2580)),.CYLINDRICAL_SURF.,.F.,.F.,.F.)
B_SPLINE_SURFACE_WITH_KNOTS((4,4),(2,2),(0.0993083325256303,0.111879683427705),(0.0454545454545449,0.954545454545455),.PIECEWISE_BEZIER_KNOTS.)
BOUNDED_SURFACE()
GEOMETRIC_REPRESENTATION_ITEM()
RATIONAL_B_SPLINE_SURFACE(((0.681663829169648,0.681663829169648),(0.671560374077174,
0.671560374077174),(0.66187835595404,0.66187835595404),(0.652617774800249,
0.652617774800249)))
REPRESENTATION_ITEM('')
SURFACE()
);
#1478=(
B_SPLINE_SURFACE(3,1,((#2586,#2587),(#2588,#2589),(#2590,#2591),(#2592,
#2593)),.CYLINDRICAL_SURF.,.F.,.F.,.F.)
B_SPLINE_SURFACE_WITH_KNOTS((4,4),(2,2),(0.,1.),(0.,1.),.PIECEWISE_BEZIER_KNOTS.)
BOUNDED_SURFACE()
GEOMETRIC_REPRESENTATION_ITEM()
RATIONAL_B_SPLINE_SURFACE(((1.,1.),(0.674913462153395,0.674913462153395),(0.674913462153395,0.674913462153395),(1.,1.)))
REPRESENTATION_ITEM('')
SURFACE()
);
#1479=(
B_SPLINE_SURFACE(3,1,((#2658,#2659),(#2660,#2661),(#2662,#2663),(#2664,
#2665)),.CYLINDRICAL_SURF.,.F.,.F.,.F.)
B_SPLINE_SURFACE_WITH_KNOTS((4,4),(2,2),(0.,1.),(0.,1.),.PIECEWISE_BEZIER_KNOTS.)
BOUNDED_SURFACE()
GEOMETRIC_REPRESENTATION_ITEM()
RATIONAL_B_SPLINE_SURFACE(((1.,1.),(0.674913462153387,0.674913462153387),(0.674913462153387,0.674913462153387),(1.,1.)))
REPRESENTATION_ITEM('')
SURFACE()
);
#1480=(
B_SPLINE_SURFACE(3,1,((#2673,#2674),(#2675,#2676),(#2677,#2678),(#2679,
#2680)),.CYLINDRICAL_SURF.,.F.,.F.,.F.)
B_SPLINE_SURFACE_WITH_KNOTS((4,4),(2,2),(0.,1.),(0.,1.),.PIECEWISE_BEZIER_KNOTS.)
BOUNDED_SURFACE()
GEOMETRIC_REPRESENTATION_ITEM()
RATIONAL_B_SPLINE_SURFACE(((1.,1.),(0.753497757582373,0.753497757582373),(0.753497757582373,0.753497757582373),(1.,1.)))
REPRESENTATION_ITEM('')
SURFACE()
);
#1481=(
B_SPLINE_SURFACE(3,3,((#2713,#2714,#2715,#2716,#2717,#2718,#2719),(#2720,
#2721,#2722,#2723,#2724,#2725,#2726),(#2727,#2728,#2729,#2730,#2731,#2732,
#2733),(#2734,#2735,#2736,#2737,#2738,#2739,#2740)),.SURF_OF_REVOLUTION.,.F.,.F.,.F.)
B_SPLINE_SURFACE_WITH_KNOTS((4,4),(4,3,4),(0.501152029789904,0.783124941803538),(0.00139511642667142,0.5,0.998604883573336),.PIECEWISE_BEZIER_KNOTS.)
BOUNDED_SURFACE()
GEOMETRIC_REPRESENTATION_ITEM()
RATIONAL_B_SPLINE_SURFACE(((0.996876035258699,0.625756284509593,0.626797606090027,
1.,0.626797606090021,0.625756284509593,0.996876035258715),(0.996876035258699,
0.625756284509593,0.626797606090027,1.,0.626797606090021,0.625756284509593,
0.996876035258715),(0.996876035258699,0.625756284509593,0.626797606090027,
1.,0.626797606090021,0.625756284509593,0.996876035258715),(0.996876035258699,
0.625756284509593,0.626797606090027,1.,0.626797606090021,0.625756284509593,
0.996876035258715)))
REPRESENTATION_ITEM('')
SURFACE()
);
#1482=(
B_SPLINE_SURFACE(3,3,((#2743,#2744,#2745,#2746,#2747,#2748,#2749),(#2750,
#2751,#2752,#2753,#2754,#2755,#2756),(#2757,#2758,#2759,#2760,#2761,#2762,
#2763),(#2764,#2765,#2766,#2767,#2768,#2769,#2770)),.SURF_OF_REVOLUTION.,.F.,.F.,.F.)
B_SPLINE_SURFACE_WITH_KNOTS((4,4),(4,3,4),(0.216877675344469,0.418360874665459),(0.00197991049876823,0.5,0.99167513198487),.PIECEWISE_BEZIER_KNOTS.)
BOUNDED_SURFACE()
GEOMETRIC_REPRESENTATION_ITEM()
RATIONAL_B_SPLINE_SURFACE(((0.995571755785052,0.625759239105503,0.627235320510485,
1.,0.63198447843568,0.625857117146596,0.981617916132747),(0.995571755785052,
0.625759239105503,0.627235320510485,1.,0.631984478435681,0.625857117146596,
0.981617916132747),(0.995571755785052,0.625759239105503,0.627235320510485,
1.,0.631984478435681,0.625857117146596,0.981617916132747),(0.995571755785052,
0.625759239105503,0.627235320510485,1.,0.631984478435681,0.625857117146596,
0.981617916132747)))
REPRESENTATION_ITEM('')
SURFACE()
);
#1483=(
B_SPLINE_SURFACE(3,1,((#2772,#2773),(#2774,#2775),(#2776,#2777),(#2778,
#2779),(#2780,#2781),(#2782,#2783),(#2784,#2785)),.CYLINDRICAL_SURF.,.F.,.F.,.F.)
B_SPLINE_SURFACE_WITH_KNOTS((4,3,4),(2,2),(0.0013639020920142,0.5,1.),(0.0454545454545443,0.954545454545456),.PIECEWISE_BEZIER_KNOTS.)
BOUNDED_SURFACE()
GEOMETRIC_REPRESENTATION_ITEM()
RATIONAL_B_SPLINE_SURFACE(((0.997083551247313,0.997083551247313),(0.642642450788831,
0.642642450788831),(0.64361460037306,0.64361460037306),(1.,1.),(0.642639791701659,
0.642639791701659),(0.642639791701659,0.642639791701659),(1.,1.)))
REPRESENTATION_ITEM('')
SURFACE()
);
#1484=(
B_SPLINE_SURFACE(3,1,((#2791,#2792),(#2793,#2794),(#2795,#2796),(#2797,
#2798)),.CYLINDRICAL_SURF.,.F.,.F.,.F.)
B_SPLINE_SURFACE_WITH_KNOTS((4,4),(2,2),(0.,1.),(0.,1.),.PIECEWISE_BEZIER_KNOTS.)
BOUNDED_SURFACE()
GEOMETRIC_REPRESENTATION_ITEM()
RATIONAL_B_SPLINE_SURFACE(((1.,1.),(0.771012837939769,0.771012837939769),(0.771012837939769,0.771012837939769),(1.,1.)))
REPRESENTATION_ITEM('')
SURFACE()
);
#1485=(
B_SPLINE_SURFACE(3,1,((#2802,#2803),(#2804,#2805),(#2806,#2807),(#2808,
#2809)),.CYLINDRICAL_SURF.,.F.,.F.,.F.)
B_SPLINE_SURFACE_WITH_KNOTS((4,4),(2,2),(0.,1.),(0.,1.),.PIECEWISE_BEZIER_KNOTS.)
BOUNDED_SURFACE()
GEOMETRIC_REPRESENTATION_ITEM()
RATIONAL_B_SPLINE_SURFACE(((1.,1.),(0.648854074685195,0.648854074685195),(0.648854074685195,0.648854074685195),(1.,1.)))
REPRESENTATION_ITEM('')
SURFACE()
);
#1486=(
B_SPLINE_SURFACE(3,1,((#2811,#2812),(#2813,#2814),(#2815,#2816),(#2817,
#2818)),.CYLINDRICAL_SURF.,.F.,.F.,.F.)
B_SPLINE_SURFACE_WITH_KNOTS((4,4),(2,2),(0.,1.),(0.,1.),.PIECEWISE_BEZIER_KNOTS.)
BOUNDED_SURFACE()
GEOMETRIC_REPRESENTATION_ITEM()
RATIONAL_B_SPLINE_SURFACE(((1.,1.),(0.587742961722237,0.587742961722237),(0.587742961722237,0.587742961722237),(1.,1.)))
REPRESENTATION_ITEM('')
SURFACE()
);
#1487=(
B_SPLINE_SURFACE(3,1,((#2822,#2823),(#2824,#2825),(#2826,#2827),(#2828,
#2829)),.CYLINDRICAL_SURF.,.F.,.F.,.F.)
B_SPLINE_SURFACE_WITH_KNOTS((4,4),(2,2),(0.,1.),(0.,1.),.PIECEWISE_BEZIER_KNOTS.)
BOUNDED_SURFACE()
GEOMETRIC_REPRESENTATION_ITEM()
RATIONAL_B_SPLINE_SURFACE(((1.,1.),(0.717822869386796,0.717822869386796),(0.717822869386796,0.717822869386796),(1.,1.)))
REPRESENTATION_ITEM('')
SURFACE()
);
#1488=(
B_SPLINE_SURFACE(3,1,((#2836,#2837),(#2838,#2839),(#2840,#2841),(#2842,
#2843)),.CYLINDRICAL_SURF.,.F.,.F.,.F.)
B_SPLINE_SURFACE_WITH_KNOTS((4,4),(2,2),(0.888120316572295,0.90069166747437),(0.0454545454545455,0.954545454545454),.PIECEWISE_BEZIER_KNOTS.)
BOUNDED_SURFACE()
GEOMETRIC_REPRESENTATION_ITEM()
RATIONAL_B_SPLINE_SURFACE(((0.652617774800248,0.652617774800248),(0.66187835595404,
0.66187835595404),(0.671560374077174,0.671560374077173),(0.681663829169648,
0.681663829169648)))
REPRESENTATION_ITEM('')
SURFACE()
);
#1489=(
B_SPLINE_SURFACE(3,1,((#2849,#2850),(#2851,#2852),(#2853,#2854),(#2855,
#2856)),.CYLINDRICAL_SURF.,.F.,.F.,.F.)
B_SPLINE_SURFACE_WITH_KNOTS((4,4),(2,2),(0.,1.),(0.,1.),.PIECEWISE_BEZIER_KNOTS.)
BOUNDED_SURFACE()
GEOMETRIC_REPRESENTATION_ITEM()
RATIONAL_B_SPLINE_SURFACE(((1.,1.),(0.674913462153353,0.674913462153353),(0.674913462153353,0.674913462153353),(1.,1.)))
REPRESENTATION_ITEM('')
SURFACE()
);
#1490=(
B_SPLINE_SURFACE(3,1,((#2921,#2922),(#2923,#2924),(#2925,#2926),(#2927,
#2928)),.CYLINDRICAL_SURF.,.F.,.F.,.F.)
B_SPLINE_SURFACE_WITH_KNOTS((4,4),(2,2),(0.,1.),(0.,1.),.PIECEWISE_BEZIER_KNOTS.)
BOUNDED_SURFACE()
GEOMETRIC_REPRESENTATION_ITEM()
RATIONAL_B_SPLINE_SURFACE(((1.,1.),(0.674913462153357,0.674913462153357),(0.674913462153357,0.674913462153357),(1.,1.)))
REPRESENTATION_ITEM('')
SURFACE()
);
#1491=(
B_SPLINE_SURFACE(3,1,((#2936,#2937),(#2938,#2939),(#2940,#2941),(#2942,
#2943)),.CYLINDRICAL_SURF.,.F.,.F.,.F.)
B_SPLINE_SURFACE_WITH_KNOTS((4,4),(2,2),(0.,1.),(0.,1.),.PIECEWISE_BEZIER_KNOTS.)
BOUNDED_SURFACE()
GEOMETRIC_REPRESENTATION_ITEM()
RATIONAL_B_SPLINE_SURFACE(((1.,1.),(0.753497757845563,0.753497757845563),(0.753497757845563,0.753497757845563),(1.,1.)))
REPRESENTATION_ITEM('')
SURFACE()
);
#1492=(
B_SPLINE_SURFACE(3,3,((#2976,#2977,#2978,#2979,#2980,#2981,#2982),(#2983,
#2984,#2985,#2986,#2987,#2988,#2989),(#2990,#2991,#2992,#2993,#2994,#2995,
#2996),(#2997,#2998,#2999,#3000,#3001,#3002,#3003)),.SURF_OF_REVOLUTION.,.F.,.F.,.F.)
B_SPLINE_SURFACE_WITH_KNOTS((4,4),(4,3,4),(0.501152029789893,0.783124941803538),(0.00139511642666914,0.5,0.998604883573328),.PIECEWISE_BEZIER_KNOTS.)
BOUNDED_SURFACE()
GEOMETRIC_REPRESENTATION_ITEM()
RATIONAL_B_SPLINE_SURFACE(((0.996876035258704,0.625756284509594,0.626797606090026,
1.,0.626797606090028,0.625756284509594,0.996876035258697),(0.996876035258704,
0.625756284509594,0.626797606090026,1.,0.626797606090028,0.625756284509594,
0.996876035258697),(0.996876035258704,0.625756284509594,0.626797606090026,
1.,0.626797606090028,0.625756284509594,0.996876035258697),(0.996876035258704,
0.625756284509594,0.626797606090026,1.,0.626797606090028,0.625756284509594,
0.996876035258697)))
REPRESENTATION_ITEM('')
SURFACE()
);
#1493=(
B_SPLINE_SURFACE(3,3,((#3006,#3007,#3008,#3009,#3010,#3011,#3012),(#3013,
#3014,#3015,#3016,#3017,#3018,#3019),(#3020,#3021,#3022,#3023,#3024,#3025,
#3026),(#3027,#3028,#3029,#3030,#3031,#3032,#3033)),.SURF_OF_REVOLUTION.,.F.,.F.,.F.)
B_SPLINE_SURFACE_WITH_KNOTS((4,4),(4,3,4),(0.21687767534447,0.418360874665589),(0.00197991049877213,0.5,0.991675131984862),.PIECEWISE_BEZIER_KNOTS.)
BOUNDED_SURFACE()
GEOMETRIC_REPRESENTATION_ITEM()
RATIONAL_B_SPLINE_SURFACE(((0.995571755785044,0.625759239105504,0.627235320510489,
1.,0.631984478435687,0.625857117146597,0.98161791613273),(0.995571755785044,
0.625759239105504,0.627235320510489,1.,0.631984478435687,0.625857117146597,
0.98161791613273),(0.995571755785044,0.625759239105504,0.627235320510489,
1.,0.631984478435687,0.625857117146597,0.98161791613273),(0.995571755785044,
0.625759239105504,0.627235320510489,1.,0.631984478435687,0.625857117146597,
0.98161791613273)))
REPRESENTATION_ITEM('')
SURFACE()
);
#1494=(
B_SPLINE_SURFACE(3,1,((#3035,#3036),(#3037,#3038),(#3039,#3040),(#3041,
#3042),(#3043,#3044),(#3045,#3046),(#3047,#3048)),.CYLINDRICAL_SURF.,.F.,.F.,.F.)
B_SPLINE_SURFACE_WITH_KNOTS((4,3,4),(2,2),(0.00136390209363061,0.5,1.),(0.0454545454545386,0.954545454545457),.PIECEWISE_BEZIER_KNOTS.)
BOUNDED_SURFACE()
GEOMETRIC_REPRESENTATION_ITEM()
RATIONAL_B_SPLINE_SURFACE(((0.997083551243615,0.997083551243615),(0.642642450758148,
0.642642450758148),(0.64361460034361,0.64361460034361),(1.,1.),(0.642639791670969,
0.642639791670969),(0.642639791670969,0.642639791670969),(1.,1.)))
REPRESENTATION_ITEM('')
SURFACE()
);
#1495=(
B_SPLINE_SURFACE(3,1,((#3054,#3055),(#3056,#3057),(#3058,#3059),(#3060,
#3061)),.CYLINDRICAL_SURF.,.F.,.F.,.F.)
B_SPLINE_SURFACE_WITH_KNOTS((4,4),(2,2),(0.,1.),(0.,1.),.PIECEWISE_BEZIER_KNOTS.)
BOUNDED_SURFACE()
GEOMETRIC_REPRESENTATION_ITEM()
RATIONAL_B_SPLINE_SURFACE(((1.,1.),(0.771012837939766,0.771012837939766),(0.771012837939766,0.771012837939766),(1.,1.)))
REPRESENTATION_ITEM('')
SURFACE()
);
#1496=(
B_SPLINE_SURFACE(3,1,((#3065,#3066),(#3067,#3068),(#3069,#3070),(#3071,
#3072)),.CYLINDRICAL_SURF.,.F.,.F.,.F.)
B_SPLINE_SURFACE_WITH_KNOTS((4,4),(2,2),(0.,1.),(0.,1.),.PIECEWISE_BEZIER_KNOTS.)
BOUNDED_SURFACE()
GEOMETRIC_REPRESENTATION_ITEM()
RATIONAL_B_SPLINE_SURFACE(((1.,1.),(0.648854074685197,0.648854074685197),(0.648854074685197,0.648854074685197),(1.,1.)))
REPRESENTATION_ITEM('')
SURFACE()
);
#1497=(
B_SPLINE_SURFACE(3,1,((#3074,#3075),(#3076,#3077),(#3078,#3079),(#3080,
#3081)),.CYLINDRICAL_SURF.,.F.,.F.,.F.)
B_SPLINE_SURFACE_WITH_KNOTS((4,4),(2,2),(0.,1.),(0.,1.),.PIECEWISE_BEZIER_KNOTS.)
BOUNDED_SURFACE()
GEOMETRIC_REPRESENTATION_ITEM()
RATIONAL_B_SPLINE_SURFACE(((1.,1.),(0.587742961722234,0.587742961722234),(0.587742961722234,0.587742961722234),(1.,1.)))
REPRESENTATION_ITEM('')
SURFACE()
);
#1498=(
B_SPLINE_SURFACE(3,1,((#3085,#3086),(#3087,#3088),(#3089,#3090),(#3091,
#3092)),.CYLINDRICAL_SURF.,.F.,.F.,.F.)
B_SPLINE_SURFACE_WITH_KNOTS((4,4),(2,2),(0.,1.),(0.,1.),.PIECEWISE_BEZIER_KNOTS.)
BOUNDED_SURFACE()
GEOMETRIC_REPRESENTATION_ITEM()
RATIONAL_B_SPLINE_SURFACE(((1.,1.),(0.717822869386797,0.717822869386797),(0.717822869386797,0.717822869386797),(1.,1.)))
REPRESENTATION_ITEM('')
SURFACE()
);
#1499=(
B_SPLINE_SURFACE(3,1,((#3099,#3100),(#3101,#3102),(#3103,#3104),(#3105,
#3106)),.CYLINDRICAL_SURF.,.F.,.F.,.F.)
B_SPLINE_SURFACE_WITH_KNOTS((4,4),(2,2),(0.,1.),(0.,1.),.PIECEWISE_BEZIER_KNOTS.)
BOUNDED_SURFACE()
GEOMETRIC_REPRESENTATION_ITEM()
RATIONAL_B_SPLINE_SURFACE(((1.,1.),(0.674913462153381,0.674913462153381),(0.674913462153381,0.674913462153381),(1.,1.)))
REPRESENTATION_ITEM('')
SURFACE()
);
#1500=(
B_SPLINE_SURFACE(3,1,((#3171,#3172),(#3173,#3174),(#3175,#3176),(#3177,
#3178)),.CYLINDRICAL_SURF.,.F.,.F.,.F.)
B_SPLINE_SURFACE_WITH_KNOTS((4,4),(2,2),(0.,1.),(0.,1.),.PIECEWISE_BEZIER_KNOTS.)
BOUNDED_SURFACE()
GEOMETRIC_REPRESENTATION_ITEM()
RATIONAL_B_SPLINE_SURFACE(((1.,1.),(0.674913462153396,0.674913462153396),(0.674913462153396,0.674913462153396),(1.,1.)))
REPRESENTATION_ITEM('')
SURFACE()
);
#1501=(
B_SPLINE_SURFACE(3,1,((#3186,#3187),(#3188,#3189),(#3190,#3191),(#3192,
#3193)),.CYLINDRICAL_SURF.,.F.,.F.,.F.)
B_SPLINE_SURFACE_WITH_KNOTS((4,4),(2,2),(0.,1.),(0.,1.),.PIECEWISE_BEZIER_KNOTS.)
BOUNDED_SURFACE()
GEOMETRIC_REPRESENTATION_ITEM()
RATIONAL_B_SPLINE_SURFACE(((1.,1.),(0.75349775735328,0.75349775735328),(0.75349775735328,0.75349775735328),(1.,1.)))
REPRESENTATION_ITEM('')
SURFACE()
);
#1502=(
B_SPLINE_SURFACE(3,3,((#3226,#3227,#3228,#3229,#3230,#3231,#3232),(#3233,
#3234,#3235,#3236,#3237,#3238,#3239),(#3240,#3241,#3242,#3243,#3244,#3245,
#3246),(#3247,#3248,#3249,#3250,#3251,#3252,#3253)),.SURF_OF_REVOLUTION.,.F.,.F.,.F.)
B_SPLINE_SURFACE_WITH_KNOTS((4,4),(4,3,4),(0.501152029789717,0.783124941803537),(0.00139511642667127,0.5,0.99860488357334),.PIECEWISE_BEZIER_KNOTS.)
BOUNDED_SURFACE()
GEOMETRIC_REPRESENTATION_ITEM()
RATIONAL_B_SPLINE_SURFACE(((0.996876035258699,0.625756284509595,0.626797606090029,
1.,0.62679760609002,0.625756284509595,0.996876035258725),(0.996876035258699,
0.625756284509595,0.626797606090029,1.,0.62679760609002,0.625756284509595,
0.996876035258725),(0.996876035258699,0.625756284509595,0.626797606090029,
1.,0.62679760609002,0.625756284509595,0.996876035258725),(0.996876035258699,
0.625756284509595,0.626797606090029,1.,0.62679760609002,0.625756284509595,
0.996876035258725)))
REPRESENTATION_ITEM('')
SURFACE()
);
#1503=(
B_SPLINE_SURFACE(3,3,((#3256,#3257,#3258,#3259,#3260,#3261,#3262),(#3263,
#3264,#3265,#3266,#3267,#3268,#3269),(#3270,#3271,#3272,#3273,#3274,#3275,
#3276),(#3277,#3278,#3279,#3280,#3281,#3282,#3283)),.SURF_OF_REVOLUTION.,.F.,.F.,.F.)
B_SPLINE_SURFACE_WITH_KNOTS((4,4),(4,3,4),(0.21687767534447,0.418360874665567),(0.0019799104987733,0.5,0.991675131984873),.PIECEWISE_BEZIER_KNOTS.)
BOUNDED_SURFACE()
GEOMETRIC_REPRESENTATION_ITEM()
RATIONAL_B_SPLINE_SURFACE(((0.995571755785041,0.625759239105505,0.627235320510491,
1.,0.63198447843568,0.625857117146598,0.981617916132754),(0.995571755785041,
0.625759239105505,0.627235320510491,1.,0.63198447843568,0.625857117146598,
0.981617916132754),(0.995571755785041,0.625759239105505,0.627235320510491,
1.,0.63198447843568,0.625857117146598,0.981617916132754),(0.995571755785041,
0.625759239105505,0.627235320510491,1.,0.63198447843568,0.625857117146598,
0.981617916132754)))
REPRESENTATION_ITEM('')
SURFACE()
);
#1504=(
B_SPLINE_SURFACE(3,1,((#3285,#3286),(#3287,#3288),(#3289,#3290),(#3291,
#3292),(#3293,#3294),(#3295,#3296),(#3297,#3298)),.CYLINDRICAL_SURF.,.F.,.F.,.F.)
B_SPLINE_SURFACE_WITH_KNOTS((4,3,4),(2,2),(0.00136390209128555,0.5,1.),(0.045454545454559,0.954545454545454),.PIECEWISE_BEZIER_KNOTS.)
BOUNDED_SURFACE()
GEOMETRIC_REPRESENTATION_ITEM()
RATIONAL_B_SPLINE_SURFACE(((0.997083551249021,0.997083551249021),(0.642642450807783,
0.642642450807783),(0.643614600391443,0.643614600391443),(1.,1.),(0.642639791720614,
0.642639791720614),(0.642639791720614,0.642639791720614),(1.,1.)))
REPRESENTATION_ITEM('')
SURFACE()
);
#1505=(
B_SPLINE_SURFACE(3,1,((#3304,#3305),(#3306,#3307),(#3308,#3309),(#3310,
#3311)),.CYLINDRICAL_SURF.,.F.,.F.,.F.)
B_SPLINE_SURFACE_WITH_KNOTS((4,4),(2,2),(0.,1.),(0.,1.),.PIECEWISE_BEZIER_KNOTS.)
BOUNDED_SURFACE()
GEOMETRIC_REPRESENTATION_ITEM()
RATIONAL_B_SPLINE_SURFACE(((1.,1.),(0.771012837939765,0.771012837939765),(0.771012837939765,0.771012837939765),(1.,1.)))
REPRESENTATION_ITEM('')
SURFACE()
);
#1506=(
B_SPLINE_SURFACE(3,1,((#3315,#3316),(#3317,#3318),(#3319,#3320),(#3321,
#3322)),.CYLINDRICAL_SURF.,.F.,.F.,.F.)
B_SPLINE_SURFACE_WITH_KNOTS((4,4),(2,2),(0.,1.),(0.,1.),.PIECEWISE_BEZIER_KNOTS.)
BOUNDED_SURFACE()
GEOMETRIC_REPRESENTATION_ITEM()
RATIONAL_B_SPLINE_SURFACE(((1.,1.),(0.668255221278073,0.668255221278073),(0.668255221278073,0.668255221278073),(1.,1.)))
REPRESENTATION_ITEM('')
SURFACE()
);
#1507=(
B_SPLINE_SURFACE(3,1,((#3326,#3327),(#3328,#3329),(#3330,#3331),(#3332,
#3333)),.CYLINDRICAL_SURF.,.F.,.F.,.F.)
B_SPLINE_SURFACE_WITH_KNOTS((4,4),(2,2),(0.,1.),(0.,1.),.PIECEWISE_BEZIER_KNOTS.)
BOUNDED_SURFACE()
GEOMETRIC_REPRESENTATION_ITEM()
RATIONAL_B_SPLINE_SURFACE(((1.,1.),(0.587742961722236,0.587742961722236),(0.587742961722236,0.587742961722236),(1.,1.)))
REPRESENTATION_ITEM('')
SURFACE()
);
#1508=(
B_SPLINE_SURFACE(3,1,((#3337,#3338),(#3339,#3340),(#3341,#3342),(#3343,
#3344)),.CYLINDRICAL_SURF.,.F.,.F.,.F.)
B_SPLINE_SURFACE_WITH_KNOTS((4,4),(2,2),(0.,1.),(0.,1.),.PIECEWISE_BEZIER_KNOTS.)
BOUNDED_SURFACE()
GEOMETRIC_REPRESENTATION_ITEM()
RATIONAL_B_SPLINE_SURFACE(((1.,1.),(0.717822869386798,0.717822869386798),(0.717822869386798,0.717822869386798),(1.,1.)))
REPRESENTATION_ITEM('')
SURFACE()
);
#1509=(
B_SPLINE_SURFACE(3,1,((#3351,#3352),(#3353,#3354),(#3355,#3356),(#3357,
#3358),(#3359,#3360),(#3361,#3362),(#3363,#3364)),.CYLINDRICAL_SURF.,.F.,.F.,.F.)
B_SPLINE_SURFACE_WITH_KNOTS((4,3,4),(2,2),(0.00136390209243302,0.5,1.),(0.045454545454547,0.95454545454547),.PIECEWISE_BEZIER_KNOTS.)
BOUNDED_SURFACE()
GEOMETRIC_REPRESENTATION_ITEM()
RATIONAL_B_SPLINE_SURFACE(((0.997083551246401,0.997083551246401),(0.642642450786558,
0.642642450786557),(0.643614600371091,0.64361460037109),(1.,1.),(0.642639791699383,
0.642639791699383),(0.642639791699383,0.642639791699383),(1.,1.)))
REPRESENTATION_ITEM('')
SURFACE()
);
#1510=(
B_SPLINE_SURFACE(3,1,((#3394,#3395),(#3396,#3397),(#3398,#3399),(#3400,
#3401)),.CYLINDRICAL_SURF.,.F.,.F.,.F.)
B_SPLINE_SURFACE_WITH_KNOTS((4,4),(2,2),(0.,1.),(0.,1.),.PIECEWISE_BEZIER_KNOTS.)
BOUNDED_SURFACE()
GEOMETRIC_REPRESENTATION_ITEM()
RATIONAL_B_SPLINE_SURFACE(((1.,1.),(0.771012837939769,0.771012837939769),(0.771012837939769,0.771012837939769),(1.,1.)))
REPRESENTATION_ITEM('')
SURFACE()
);
#1511=(
B_SPLINE_SURFACE(3,1,((#3407,#3408),(#3409,#3410),(#3411,#3412),(#3413,
#3414)),.CYLINDRICAL_SURF.,.F.,.F.,.F.)
B_SPLINE_SURFACE_WITH_KNOTS((4,4),(2,2),(0.,1.),(0.,1.),.PIECEWISE_BEZIER_KNOTS.)
BOUNDED_SURFACE()
GEOMETRIC_REPRESENTATION_ITEM()
RATIONAL_B_SPLINE_SURFACE(((1.,1.),(0.648854074685196,0.648854074685196),(0.648854074685196,0.648854074685196),(1.,1.)))
REPRESENTATION_ITEM('')
SURFACE()
);
#1512=(
B_SPLINE_SURFACE(3,1,((#3418,#3419),(#3420,#3421),(#3422,#3423),(#3424,
#3425)),.CYLINDRICAL_SURF.,.F.,.F.,.F.)
B_SPLINE_SURFACE_WITH_KNOTS((4,4),(2,2),(0.388120316572295,0.40069166747437),(0.0454545454545461,0.954545454545455),.PIECEWISE_BEZIER_KNOTS.)
BOUNDED_SURFACE()
GEOMETRIC_REPRESENTATION_ITEM()
RATIONAL_B_SPLINE_SURFACE(((0.652617774800248,0.652617774800248),(0.66187835595404,
0.66187835595404),(0.671560374077173,0.671560374077173),(0.681663829169648,
0.681663829169648)))
REPRESENTATION_ITEM('')
SURFACE()
);
#1513=(
B_SPLINE_SURFACE(3,1,((#3427,#3428),(#3429,#3430),(#3431,#3432),(#3433,
#3434)),.CYLINDRICAL_SURF.,.F.,.F.,.F.)
B_SPLINE_SURFACE_WITH_KNOTS((4,4),(2,2),(0.,1.),(0.,1.),.PIECEWISE_BEZIER_KNOTS.)
BOUNDED_SURFACE()
GEOMETRIC_REPRESENTATION_ITEM()
RATIONAL_B_SPLINE_SURFACE(((1.,1.),(0.610885403616079,0.610885403616079),(0.610885403616079,0.610885403616079),(1.,1.)))
REPRESENTATION_ITEM('')
SURFACE()
);
#1514=(
B_SPLINE_SURFACE(3,1,((#3440,#3441),(#3442,#3443),(#3444,#3445),(#3446,
#3447)),.CYLINDRICAL_SURF.,.F.,.F.,.F.)
B_SPLINE_SURFACE_WITH_KNOTS((4,4),(2,2),(0.,1.),(0.,1.),.PIECEWISE_BEZIER_KNOTS.)
BOUNDED_SURFACE()
GEOMETRIC_REPRESENTATION_ITEM()
RATIONAL_B_SPLINE_SURFACE(((1.,1.),(0.717822869386798,0.717822869386798),(0.717822869386798,0.717822869386798),(1.,1.)))
REPRESENTATION_ITEM('')
SURFACE()
);
#1515=(
B_SPLINE_SURFACE(3,3,((#3491,#3492,#3493,#3494,#3495,#3496,#3497),(#3498,
#3499,#3500,#3501,#3502,#3503,#3504),(#3505,#3506,#3507,#3508,#3509,#3510,
#3511),(#3512,#3513,#3514,#3515,#3516,#3517,#3518)),.SURF_OF_REVOLUTION.,.F.,.F.,.F.)
B_SPLINE_SURFACE_WITH_KNOTS((4,4),(4,3,4),(0.21687767534447,0.418360874665544),(0.00197991049876896,0.5,0.991675131984867),.PIECEWISE_BEZIER_KNOTS.)
BOUNDED_SURFACE()
GEOMETRIC_REPRESENTATION_ITEM()
RATIONAL_B_SPLINE_SURFACE(((0.995571755785051,0.625759239105505,0.627235320510488,
1.,0.631984478435685,0.625857117146598,0.98161791613274),(0.995571755785051,
0.625759239105505,0.627235320510488,1.,0.631984478435685,0.625857117146598,
0.98161791613274),(0.995571755785051,0.625759239105505,0.627235320510488,
1.,0.631984478435685,0.625857117146598,0.98161791613274),(0.995571755785051,
0.625759239105505,0.627235320510488,1.,0.631984478435685,0.625857117146598,
0.98161791613274)))
REPRESENTATION_ITEM('')
SURFACE()
);
#1516=(
B_SPLINE_SURFACE(3,3,((#3535,#3536,#3537,#3538,#3539,#3540,#3541),(#3542,
#3543,#3544,#3545,#3546,#3547,#3548),(#3549,#3550,#3551,#3552,#3553,#3554,
#3555),(#3556,#3557,#3558,#3559,#3560,#3561,#3562)),.SURF_OF_REVOLUTION.,.F.,.F.,.F.)
B_SPLINE_SURFACE_WITH_KNOTS((4,4),(4,3,4),(0.50115202978991,0.783124941803537),(0.00139511642666879,0.5,0.998604883573332),.PIECEWISE_BEZIER_KNOTS.)
BOUNDED_SURFACE()
GEOMETRIC_REPRESENTATION_ITEM()
RATIONAL_B_SPLINE_SURFACE(((0.996876035258705,0.625756284509596,0.626797606090027,
1.,0.626797606090027,0.625756284509596,0.996876035258706),(0.996876035258705,
0.625756284509596,0.626797606090027,1.,0.626797606090027,0.625756284509596,
0.996876035258706),(0.996876035258705,0.625756284509596,0.626797606090027,
1.,0.626797606090027,0.625756284509596,0.996876035258706),(0.996876035258705,
0.625756284509596,0.626797606090027,1.,0.626797606090027,0.625756284509596,
0.996876035258706)))
REPRESENTATION_ITEM('')
SURFACE()
);
#1517=(
B_SPLINE_SURFACE(3,1,((#3580,#3581),(#3582,#3583),(#3584,#3585),(#3586,
#3587)),.CYLINDRICAL_SURF.,.F.,.F.,.F.)
B_SPLINE_SURFACE_WITH_KNOTS((4,4),(2,2),(0.,1.),(0.,1.),.PIECEWISE_BEZIER_KNOTS.)
BOUNDED_SURFACE()
GEOMETRIC_REPRESENTATION_ITEM()
RATIONAL_B_SPLINE_SURFACE(((1.,1.),(0.753497757553895,0.753497757553895),(0.753497757553895,0.753497757553895),(1.,1.)))
REPRESENTATION_ITEM('')
SURFACE()
);
#1518=(
B_SPLINE_SURFACE(3,1,((#3588,#3589),(#3590,#3591),(#3592,#3593),(#3594,
#3595)),.CYLINDRICAL_SURF.,.F.,.F.,.F.)
B_SPLINE_SURFACE_WITH_KNOTS((4,4),(2,2),(0.,1.),(0.,1.),.PIECEWISE_BEZIER_KNOTS.)
BOUNDED_SURFACE()
GEOMETRIC_REPRESENTATION_ITEM()
RATIONAL_B_SPLINE_SURFACE(((1.,1.),(0.674913462153378,0.674913462153378),(0.674913462153378,0.674913462153378),(1.,1.)))
REPRESENTATION_ITEM('')
SURFACE()
);
#1519=(
B_SPLINE_SURFACE(3,1,((#3620,#3621),(#3622,#3623),(#3624,#3625),(#3626,
#3627)),.CYLINDRICAL_SURF.,.F.,.F.,.F.)
B_SPLINE_SURFACE_WITH_KNOTS((4,4),(2,2),(0.,1.),(0.,1.),.PIECEWISE_BEZIER_KNOTS.)
BOUNDED_SURFACE()
GEOMETRIC_REPRESENTATION_ITEM()
RATIONAL_B_SPLINE_SURFACE(((1.,1.),(0.674913462153378,0.674913462153378),(0.674913462153378,0.674913462153378),(1.,1.)))
REPRESENTATION_ITEM('')
SURFACE()
);
#1520=(
B_SPLINE_SURFACE(3,1,((#3640,#3641),(#3642,#3643),(#3644,#3645),(#3646,
#3647)),.CYLINDRICAL_SURF.,.F.,.F.,.F.)
B_SPLINE_SURFACE_WITH_KNOTS((4,4),(2,2),(0.,1.),(0.,1.),.PIECEWISE_BEZIER_KNOTS.)
BOUNDED_SURFACE()
GEOMETRIC_REPRESENTATION_ITEM()
RATIONAL_B_SPLINE_SURFACE(((1.,1.),(0.716004540863534,0.716004540863534),(0.716004540863534,0.716004540863534),(1.,1.)))
REPRESENTATION_ITEM('')
SURFACE()
);
#1521=(
B_SPLINE_SURFACE(3,1,((#3648,#3649),(#3650,#3651),(#3652,#3653),(#3654,
#3655)),.CYLINDRICAL_SURF.,.F.,.F.,.F.)
B_SPLINE_SURFACE_WITH_KNOTS((4,4),(2,2),(0.,1.),(0.,1.),.PIECEWISE_BEZIER_KNOTS.)
BOUNDED_SURFACE()
GEOMETRIC_REPRESENTATION_ITEM()
RATIONAL_B_SPLINE_SURFACE(((1.,1.),(0.73518967675777,0.73518967675777),(0.73518967675777,0.73518967675777),(1.,1.)))
REPRESENTATION_ITEM('')
SURFACE()
);
#1522=(
B_SPLINE_SURFACE(3,1,((#3656,#3657),(#3658,#3659),(#3660,#3661),(#3662,
#3663)),.CYLINDRICAL_SURF.,.F.,.F.,.F.)
B_SPLINE_SURFACE_WITH_KNOTS((4,4),(2,2),(0.,1.),(0.,1.),.PIECEWISE_BEZIER_KNOTS.)
BOUNDED_SURFACE()
GEOMETRIC_REPRESENTATION_ITEM()
RATIONAL_B_SPLINE_SURFACE(((1.,1.),(0.735189676757772,0.735189676757772),(0.735189676757772,0.735189676757772),(1.,1.)))
REPRESENTATION_ITEM('')
SURFACE()
);
#1523=(
B_SPLINE_SURFACE(3,1,((#3664,#3665),(#3666,#3667),(#3668,#3669),(#3670,
#3671)),.CYLINDRICAL_SURF.,.F.,.F.,.F.)
B_SPLINE_SURFACE_WITH_KNOTS((4,4),(2,2),(0.,1.),(0.,1.),.PIECEWISE_BEZIER_KNOTS.)
BOUNDED_SURFACE()
GEOMETRIC_REPRESENTATION_ITEM()
RATIONAL_B_SPLINE_SURFACE(((1.,1.),(0.7184681261493,0.7184681261493),(0.7184681261493,
0.7184681261493),(1.,1.)))
REPRESENTATION_ITEM('')
SURFACE()
);
#1524=ADVANCED_FACE('',(#1383),#1463,.F.);
#1525=ADVANCED_FACE('',(#1384),#1464,.F.);
#1526=ADVANCED_FACE('',(#1385),#1465,.F.);
#1527=ADVANCED_FACE('',(#1386),#51,.F.);
#1528=ADVANCED_FACE('',(#1387),#1466,.T.);
#1529=ADVANCED_FACE('',(#1388),#1467,.T.);
#1530=ADVANCED_FACE('',(#1389),#52,.T.);
#1531=ADVANCED_FACE('',(#1390),#1468,.T.);
#1532=ADVANCED_FACE('',(#1391),#1469,.T.);
#1533=ADVANCED_FACE('',(#1392),#1470,.F.);
#1534=ADVANCED_FACE('',(#1393),#1471,.F.);
#1535=ADVANCED_FACE('',(#1394),#1472,.F.);
#1536=ADVANCED_FACE('',(#1395),#53,.F.);
#1537=ADVANCED_FACE('',(#1396),#1473,.T.);
#1538=ADVANCED_FACE('',(#1397),#1474,.F.);
#1539=ADVANCED_FACE('',(#1398),#1475,.F.);
#1540=ADVANCED_FACE('',(#1399),#1476,.T.);
#1541=ADVANCED_FACE('',(#1400),#54,.T.);
#1542=ADVANCED_FACE('',(#1401),#1477,.T.);
#1543=ADVANCED_FACE('',(#1402),#1478,.T.);
#1544=ADVANCED_FACE('',(#1403),#55,.T.);
#1545=ADVANCED_FACE('',(#1404),#1479,.T.);
#1546=ADVANCED_FACE('',(#1405),#1480,.T.);
#1547=ADVANCED_FACE('',(#1406),#1481,.F.);
#1548=ADVANCED_FACE('',(#1407),#1482,.F.);
#1549=ADVANCED_FACE('',(#1408),#1483,.F.);
#1550=ADVANCED_FACE('',(#1409),#56,.F.);
#1551=ADVANCED_FACE('',(#1410),#1484,.T.);
#1552=ADVANCED_FACE('',(#1411),#1485,.F.);
#1553=ADVANCED_FACE('',(#1412),#1486,.F.);
#1554=ADVANCED_FACE('',(#1413),#1487,.T.);
#1555=ADVANCED_FACE('',(#1414),#57,.T.);
#1556=ADVANCED_FACE('',(#1415),#1488,.T.);
#1557=ADVANCED_FACE('',(#1416),#1489,.T.);
#1558=ADVANCED_FACE('',(#1417),#58,.T.);
#1559=ADVANCED_FACE('',(#1418),#1490,.T.);
#1560=ADVANCED_FACE('',(#1419),#1491,.T.);
#1561=ADVANCED_FACE('',(#1420),#1492,.F.);
#1562=ADVANCED_FACE('',(#1421),#1493,.F.);
#1563=ADVANCED_FACE('',(#1422),#1494,.F.);
#1564=ADVANCED_FACE('',(#1423),#59,.F.);
#1565=ADVANCED_FACE('',(#1424),#1495,.T.);
#1566=ADVANCED_FACE('',(#1425),#1496,.F.);
#1567=ADVANCED_FACE('',(#1426),#1497,.F.);
#1568=ADVANCED_FACE('',(#1427),#1498,.T.);
#1569=ADVANCED_FACE('',(#1428),#60,.T.);
#1570=ADVANCED_FACE('',(#1429),#1499,.T.);
#1571=ADVANCED_FACE('',(#1430),#61,.T.);
#1572=ADVANCED_FACE('',(#1431),#1500,.T.);
#1573=ADVANCED_FACE('',(#1432),#1501,.T.);
#1574=ADVANCED_FACE('',(#1433),#1502,.F.);
#1575=ADVANCED_FACE('',(#1434),#1503,.F.);
#1576=ADVANCED_FACE('',(#1435),#1504,.F.);
#1577=ADVANCED_FACE('',(#1436),#62,.F.);
#1578=ADVANCED_FACE('',(#1437),#1505,.T.);
#1579=ADVANCED_FACE('',(#1438),#1506,.F.);
#1580=ADVANCED_FACE('',(#1439),#1507,.F.);
#1581=ADVANCED_FACE('',(#1440),#1508,.T.);
#1582=ADVANCED_FACE('',(#1441),#63,.T.);
#1583=ADVANCED_FACE('',(#1442),#1509,.F.);
#1584=ADVANCED_FACE('',(#1443),#64,.F.);
#1585=ADVANCED_FACE('',(#1444),#1510,.T.);
#1586=ADVANCED_FACE('',(#1445),#1511,.F.);
#1587=ADVANCED_FACE('',(#1446),#1512,.T.);
#1588=ADVANCED_FACE('',(#1447),#1513,.F.);
#1589=ADVANCED_FACE('',(#1448),#1514,.T.);
#1590=ADVANCED_FACE('',(#1449),#65,.T.);
#1591=ADVANCED_FACE('',(#1450),#66,.T.);
#1592=ADVANCED_FACE('',(#1451),#1515,.F.);
#1593=ADVANCED_FACE('',(#1452),#1516,.F.);
#1594=ADVANCED_FACE('',(#1453),#1517,.T.);
#1595=ADVANCED_FACE('',(#1454),#1518,.T.);
#1596=ADVANCED_FACE('',(#1455),#67,.T.);
#1597=ADVANCED_FACE('',(#1456),#1519,.T.);
#1598=ADVANCED_FACE('',(#1457),#68,.T.);
#1599=ADVANCED_FACE('',(#1458),#69,.T.);
#1600=ADVANCED_FACE('',(#1459),#1520,.T.);
#1601=ADVANCED_FACE('',(#1460),#1521,.T.);
#1602=ADVANCED_FACE('',(#1461),#1522,.T.);
#1603=ADVANCED_FACE('',(#1462),#1523,.T.);
#1604=CLOSED_SHELL('',(#1524,#1525,#1526,#1527,#1528,#1529,#1530,#1531,#1532,#1533,#1534,#1535,#1536,#1537,#1538,#1539,#1540,#1541,#1542,#1543,#1544,#1545,#1546,#1547,#1548,#1549,#1550,#1551,#1552,#1553,#1554,#1555,#1556,#1557,#1558,#1559,#1560,#1561,#1562,#1563,#1564,#1565,#1566,#1567,#1568,#1569,#1570,#1571,#1572,#1573,#1574,#1575,#1576,#1577,#1578,#1579,#1580,#1581,#1582,#1583,#1584,#1585,#1586,#1587,#1588,#1589,#1590,#1591,#1592,#1593,#1594,#1595,#1596,#1597,#1598,#1599,#1600,#1601,#1602,#1603));
#1605=STYLED_ITEM('',(#1606),#1613);
#1606=PRESENTATION_STYLE_ASSIGNMENT((#1607));
#1607=SURFACE_STYLE_USAGE(.BOTH.,#1608);
#1608=SURFACE_SIDE_STYLE('',(#1609));
#1609=SURFACE_STYLE_FILL_AREA(#1610);
#1610=FILL_AREA_STYLE('',(#1611));
#1611=FILL_AREA_STYLE_COLOUR('',#1612);
#1612=COLOUR_RGB('',0.647058823529412,0.647058823529412,0.647058823529412);
#1613=MANIFOLD_SOLID_BREP('Part 7',#1604);
#1614=SHAPE_DEFINITION_REPRESENTATION(#3678,#1615);
#1615=SHAPE_REPRESENTATION('Part 7',(#1616),#3673);
#1616=AXIS2_PLACEMENT_3D('',#2095,#1749,#1750);
#1617=AXIS2_PLACEMENT_3D('',#2104,#1751,#1752);
#1618=AXIS2_PLACEMENT_3D('',#2110,#1753,#1754);
#1619=AXIS2_PLACEMENT_3D('',#2121,#1756,#1757);
#1620=AXIS2_PLACEMENT_3D('',#2126,#1758,#1759);
#1621=AXIS2_PLACEMENT_3D('',#2135,#1760,#1761);
#1622=AXIS2_PLACEMENT_3D('',#2139,#1763,#1764);
#1623=AXIS2_PLACEMENT_3D('',#2147,#1766,#1767);
#1624=AXIS2_PLACEMENT_3D('',#2149,#1768,#1769);
#1625=AXIS2_PLACEMENT_3D('',#2151,#1770,#1771);
#1626=AXIS2_PLACEMENT_3D('',#2153,#1772,#1773);
#1627=AXIS2_PLACEMENT_3D('',#2155,#1774,#1775);
#1628=AXIS2_PLACEMENT_3D('',#2159,#1777,#1778);
#1629=AXIS2_PLACEMENT_3D('',#2161,#1779,#1780);
#1630=AXIS2_PLACEMENT_3D('',#2170,#1782,#1783);
#1631=AXIS2_PLACEMENT_3D('',#2172,#1784,#1785);
#1632=AXIS2_PLACEMENT_3D('',#2174,#1786,#1787);
#1633=AXIS2_PLACEMENT_3D('',#2176,#1788,#1789);
#1634=AXIS2_PLACEMENT_3D('',#2178,#1790,#1791);
#1635=AXIS2_PLACEMENT_3D('',#2180,#1792,#1793);
#1636=AXIS2_PLACEMENT_3D('',#2182,#1794,#1795);
#1637=AXIS2_PLACEMENT_3D('',#2184,#1796,#1797);
#1638=AXIS2_PLACEMENT_3D('',#2186,#1798,#1799);
#1639=AXIS2_PLACEMENT_3D('',#2190,#1801,#1802);
#1640=AXIS2_PLACEMENT_3D('',#2192,#1803,#1804);
#1641=AXIS2_PLACEMENT_3D('',#2201,#1806,#1807);
#1642=AXIS2_PLACEMENT_3D('',#2203,#1808,#1809);
#1643=AXIS2_PLACEMENT_3D('',#2205,#1810,#1811);
#1644=AXIS2_PLACEMENT_3D('',#2207,#1812,#1813);
#1645=AXIS2_PLACEMENT_3D('',#2209,#1814,#1815);
#1646=AXIS2_PLACEMENT_3D('',#2211,#1816,#1817);
#1647=AXIS2_PLACEMENT_3D('',#2213,#1818,#1819);
#1648=AXIS2_PLACEMENT_3D('',#2215,#1820,#1821);
#1649=AXIS2_PLACEMENT_3D('',#2217,#1822,#1823);
#1650=AXIS2_PLACEMENT_3D('',#2221,#1825,#1826);
#1651=AXIS2_PLACEMENT_3D('',#2223,#1827,#1828);
#1652=AXIS2_PLACEMENT_3D('',#2232,#1830,#1831);
#1653=AXIS2_PLACEMENT_3D('',#2234,#1832,#1833);
#1654=AXIS2_PLACEMENT_3D('',#2236,#1834,#1835);
#1655=AXIS2_PLACEMENT_3D('',#2238,#1836,#1837);
#1656=AXIS2_PLACEMENT_3D('',#2240,#1838,#1839);
#1657=AXIS2_PLACEMENT_3D('',#2242,#1840,#1841);
#1658=AXIS2_PLACEMENT_3D('',#2244,#1842,#1843);
#1659=AXIS2_PLACEMENT_3D('',#2246,#1844,#1845);
#1660=AXIS2_PLACEMENT_3D('',#2248,#1846,#1847);
#1661=AXIS2_PLACEMENT_3D('',#2252,#1849,#1850);
#1662=AXIS2_PLACEMENT_3D('',#2254,#1851,#1852);
#1663=AXIS2_PLACEMENT_3D('',#2263,#1854,#1855);
#1664=AXIS2_PLACEMENT_3D('',#2265,#1856,#1857);
#1665=AXIS2_PLACEMENT_3D('',#2267,#1858,#1859);
#1666=AXIS2_PLACEMENT_3D('',#2269,#1860,#1861);
#1667=AXIS2_PLACEMENT_3D('',#2271,#1862,#1863);
#1668=AXIS2_PLACEMENT_3D('',#2273,#1864,#1865);
#1669=AXIS2_PLACEMENT_3D('',#2275,#1866,#1867);
#1670=AXIS2_PLACEMENT_3D('',#2277,#1868,#1869);
#1671=AXIS2_PLACEMENT_3D('',#2279,#1870,#1871);
#1672=AXIS2_PLACEMENT_3D('',#2283,#1873,#1874);
#1673=AXIS2_PLACEMENT_3D('',#2285,#1875,#1876);
#1674=AXIS2_PLACEMENT_3D('',#2294,#1878,#1879);
#1675=AXIS2_PLACEMENT_3D('',#2296,#1880,#1881);
#1676=AXIS2_PLACEMENT_3D('',#2298,#1882,#1883);
#1677=AXIS2_PLACEMENT_3D('',#2300,#1884,#1885);
#1678=AXIS2_PLACEMENT_3D('',#2302,#1886,#1887);
#1679=AXIS2_PLACEMENT_3D('',#2306,#1889,#1890);
#1680=AXIS2_PLACEMENT_3D('',#2307,#1891,#1892);
#1681=AXIS2_PLACEMENT_3D('',#2316,#1893,#1894);
#1682=AXIS2_PLACEMENT_3D('',#2329,#1897,#1898);
#1683=AXIS2_PLACEMENT_3D('',#2335,#1901,#1902);
#1684=AXIS2_PLACEMENT_3D('',#2401,#1903,#1904);
#1685=AXIS2_PLACEMENT_3D('',#2407,#1907,#1908);
#1686=AXIS2_PLACEMENT_3D('',#2447,#1911,#1912);
#1687=AXIS2_PLACEMENT_3D('',#2476,#1913,#1914);
#1688=AXIS2_PLACEMENT_3D('',#2477,#1915,#1916);
#1689=AXIS2_PLACEMENT_3D('',#2506,#1917,#1918);
#1690=AXIS2_PLACEMENT_3D('',#2534,#1920,#1921);
#1691=AXIS2_PLACEMENT_3D('',#2545,#1923,#1924);
#1692=AXIS2_PLACEMENT_3D('',#2556,#1926,#1927);
#1693=AXIS2_PLACEMENT_3D('',#2567,#1929,#1930);
#1694=AXIS2_PLACEMENT_3D('',#2581,#1932,#1933);
#1695=AXIS2_PLACEMENT_3D('',#2594,#1936,#1937);
#1696=AXIS2_PLACEMENT_3D('',#2600,#1940,#1941);
#1697=AXIS2_PLACEMENT_3D('',#2666,#1942,#1943);
#1698=AXIS2_PLACEMENT_3D('',#2672,#1946,#1947);
#1699=AXIS2_PLACEMENT_3D('',#2712,#1950,#1951);
#1700=AXIS2_PLACEMENT_3D('',#2741,#1952,#1953);
#1701=AXIS2_PLACEMENT_3D('',#2742,#1954,#1955);
#1702=AXIS2_PLACEMENT_3D('',#2771,#1956,#1957);
#1703=AXIS2_PLACEMENT_3D('',#2799,#1959,#1960);
#1704=AXIS2_PLACEMENT_3D('',#2810,#1962,#1963);
#1705=AXIS2_PLACEMENT_3D('',#2821,#1965,#1966);
#1706=AXIS2_PLACEMENT_3D('',#2830,#1967,#1968);
#1707=AXIS2_PLACEMENT_3D('',#2844,#1970,#1971);
#1708=AXIS2_PLACEMENT_3D('',#2857,#1974,#1975);
#1709=AXIS2_PLACEMENT_3D('',#2863,#1978,#1979);
#1710=AXIS2_PLACEMENT_3D('',#2929,#1980,#1981);
#1711=AXIS2_PLACEMENT_3D('',#2935,#1984,#1985);
#1712=AXIS2_PLACEMENT_3D('',#2975,#1988,#1989);
#1713=AXIS2_PLACEMENT_3D('',#3004,#1990,#1991);
#1714=AXIS2_PLACEMENT_3D('',#3005,#1992,#1993);
#1715=AXIS2_PLACEMENT_3D('',#3034,#1994,#1995);
#1716=AXIS2_PLACEMENT_3D('',#3062,#1997,#1998);
#1717=AXIS2_PLACEMENT_3D('',#3073,#2000,#2001);
#1718=AXIS2_PLACEMENT_3D('',#3084,#2003,#2004);
#1719=AXIS2_PLACEMENT_3D('',#3093,#2005,#2006);
#1720=AXIS2_PLACEMENT_3D('',#3107,#2008,#2009);
#1721=AXIS2_PLACEMENT_3D('',#3113,#2012,#2013);
#1722=AXIS2_PLACEMENT_3D('',#3179,#2014,#2015);
#1723=AXIS2_PLACEMENT_3D('',#3185,#2018,#2019);
#1724=AXIS2_PLACEMENT_3D('',#3225,#2022,#2023);
#1725=AXIS2_PLACEMENT_3D('',#3254,#2024,#2025);
#1726=AXIS2_PLACEMENT_3D('',#3255,#2026,#2027);
#1727=AXIS2_PLACEMENT_3D('',#3284,#2028,#2029);
#1728=AXIS2_PLACEMENT_3D('',#3312,#2031,#2032);
#1729=AXIS2_PLACEMENT_3D('',#3325,#2035,#2036);
#1730=AXIS2_PLACEMENT_3D('',#3336,#2038,#2039);
#1731=AXIS2_PLACEMENT_3D('',#3345,#2040,#2041);
#1732=AXIS2_PLACEMENT_3D('',#3365,#2043,#2044);
#1733=AXIS2_PLACEMENT_3D('',#3370,#2046,#2047);
#1734=AXIS2_PLACEMENT_3D('',#3402,#2051,#2052);
#1735=AXIS2_PLACEMENT_3D('',#3417,#2056,#2057);
#1736=AXIS2_PLACEMENT_3D('',#3426,#2058,#2059);
#1737=AXIS2_PLACEMENT_3D('',#3435,#2060,#2061);
#1738=AXIS2_PLACEMENT_3D('',#3450,#2065,#2066);
#1739=AXIS2_PLACEMENT_3D('',#3467,#2069,#2070);
#1740=AXIS2_PLACEMENT_3D('',#3471,#2072,#2073);
#1741=AXIS2_PLACEMENT_3D('',#3472,#2074,#2075);
#1742=AXIS2_PLACEMENT_3D('',#3476,#2077,#2078);
#1743=AXIS2_PLACEMENT_3D('',#3477,#2079,#2080);
#1744=AXIS2_PLACEMENT_3D('',#3479,#2081,#2082);
#1745=AXIS2_PLACEMENT_3D('',#3485,#2083,#2084);
#1746=AXIS2_PLACEMENT_3D('',#3487,#2085,#2086);
#1747=AXIS2_PLACEMENT_3D('',#3488,#2087,#2088);
#1748=AXIS2_PLACEMENT_3D('',#3490,#2089,#2090);
#1749=DIRECTION('',(0.,0.,1.));
#1750=DIRECTION('',(1.,0.,0.));
#1751=DIRECTION('',(0.,0.,1.));
#1752=DIRECTION('',(1.,0.,0.));
#1753=DIRECTION('',(0.,0.,1.));
#1754=DIRECTION('',(1.,0.,0.));
#1755=DIRECTION('',(0.,0.,-1.));
#1756=DIRECTION('',(0.,0.,1.));
#1757=DIRECTION('',(1.,0.,0.));
#1758=DIRECTION('',(0.,0.,1.));
#1759=DIRECTION('',(1.,0.,0.));
#1760=DIRECTION('',(0.,0.,1.));
#1761=DIRECTION('',(1.,0.,0.));
#1762=DIRECTION('',(0.,0.,-1.));
#1763=DIRECTION('',(0.,0.,1.));
#1764=DIRECTION('',(1.,0.,0.));
#1765=DIRECTION('',(-2.20782987851594E-15,-1.,0.));
#1766=DIRECTION('',(0.,0.,1.));
#1767=DIRECTION('',(1.,0.,0.));
#1768=DIRECTION('',(0.,0.,1.));
#1769=DIRECTION('',(-0.5,-0.866025403784439,0.));
#1770=DIRECTION('',(0.,0.,1.));
#1771=DIRECTION('',(-0.5,-0.866025403784439,0.));
#1772=DIRECTION('',(0.,0.,1.));
#1773=DIRECTION('',(-0.5,-0.866025403784439,0.));
#1774=DIRECTION('',(0.,0.,1.));
#1775=DIRECTION('',(-0.5,-0.866025403784439,0.));
#1776=DIRECTION('',(0.286662364785468,-0.958031674119183,0.));
#1777=DIRECTION('',(0.,0.,1.));
#1778=DIRECTION('',(-0.5,-0.866025403784439,0.));
#1779=DIRECTION('',(0.,0.,-1.));
#1780=DIRECTION('',(-1.,0.,0.));
#1781=DIRECTION('',(-0.97301094981008,-0.230758946846455,0.));
#1782=DIRECTION('',(0.,0.,1.));
#1783=DIRECTION('',(-0.5,-0.866025403784439,0.));
#1784=DIRECTION('',(0.,0.,1.));
#1785=DIRECTION('',(-0.5,-0.866025403784439,0.));
#1786=DIRECTION('',(0.,0.,1.));
#1787=DIRECTION('',(-0.5,-0.866025403784439,0.));
#1788=DIRECTION('',(0.,0.,1.));
#1789=DIRECTION('',(-0.5,-0.866025403784439,0.));
#1790=DIRECTION('',(0.,0.,1.));
#1791=DIRECTION('',(1.,0.,0.));
#1792=DIRECTION('',(0.,0.,1.));
#1793=DIRECTION('',(-1.,-1.22464679914735E-16,0.));
#1794=DIRECTION('',(0.,0.,1.));
#1795=DIRECTION('',(-1.,-1.22464679914735E-16,0.));
#1796=DIRECTION('',(0.,0.,1.));
#1797=DIRECTION('',(-1.,-1.22464679914735E-16,0.));
#1798=DIRECTION('',(0.,0.,1.));
#1799=DIRECTION('',(-1.,-1.22464679914735E-16,0.));
#1800=DIRECTION('',(-0.686348585024613,-0.727272727272728,0.));
#1801=DIRECTION('',(0.,0.,1.));
#1802=DIRECTION('',(-1.,-1.22464679914735E-16,0.));
#1803=DIRECTION('',(0.,0.,-1.));
#1804=DIRECTION('',(-1.,0.,0.));
#1805=DIRECTION('',(-0.686348585024614,0.727272727272727,0.));
#1806=DIRECTION('',(0.,0.,1.));
#1807=DIRECTION('',(-1.,-1.22464679914735E-16,0.));
#1808=DIRECTION('',(0.,0.,1.));
#1809=DIRECTION('',(-1.,-1.22464679914735E-16,0.));
#1810=DIRECTION('',(0.,0.,1.));
#1811=DIRECTION('',(-1.,-1.22464679914735E-16,0.));
#1812=DIRECTION('',(0.,0.,1.));
#1813=DIRECTION('',(-1.,-1.22464679914735E-16,0.));
#1814=DIRECTION('',(0.,0.,1.));
#1815=DIRECTION('',(1.,0.,0.));
#1816=DIRECTION('',(0.,0.,1.));
#1817=DIRECTION('',(-0.5,0.866025403784438,0.));
#1818=DIRECTION('',(0.,0.,1.));
#1819=DIRECTION('',(-0.5,0.866025403784438,0.));
#1820=DIRECTION('',(0.,0.,1.));
#1821=DIRECTION('',(-0.5,0.866025403784438,0.));
#1822=DIRECTION('',(0.,0.,1.));
#1823=DIRECTION('',(-0.5,0.866025403784438,0.));
#1824=DIRECTION('',(-0.973010949810081,0.230758946846454,0.));
#1825=DIRECTION('',(0.,0.,1.));
#1826=DIRECTION('',(-0.5,0.866025403784438,0.));
#1827=DIRECTION('',(0.,0.,-1.));
#1828=DIRECTION('',(-1.,0.,0.));
#1829=DIRECTION('',(0.286662364785467,0.958031674119183,0.));
#1830=DIRECTION('',(0.,0.,1.));
#1831=DIRECTION('',(-0.5,0.866025403784438,0.));
#1832=DIRECTION('',(0.,0.,1.));
#1833=DIRECTION('',(-0.5,0.866025403784438,0.));
#1834=DIRECTION('',(0.,0.,1.));
#1835=DIRECTION('',(-0.5,0.866025403784438,0.));
#1836=DIRECTION('',(0.,0.,1.));
#1837=DIRECTION('',(-0.5,0.866025403784438,0.));
#1838=DIRECTION('',(0.,0.,1.));
#1839=DIRECTION('',(1.,0.,0.));
#1840=DIRECTION('',(0.,0.,1.));
#1841=DIRECTION('',(0.5,0.866025403784439,0.));
#1842=DIRECTION('',(0.,0.,1.));
#1843=DIRECTION('',(0.5,0.866025403784439,0.));
#1844=DIRECTION('',(0.,0.,1.));
#1845=DIRECTION('',(0.5,0.866025403784439,0.));
#1846=DIRECTION('',(0.,0.,1.));
#1847=DIRECTION('',(0.5,0.866025403784439,0.));
#1848=DIRECTION('',(-0.286662364785468,0.958031674119183,0.));
#1849=DIRECTION('',(0.,0.,1.));
#1850=DIRECTION('',(0.5,0.866025403784439,0.));
#1851=DIRECTION('',(0.,0.,-1.));
#1852=DIRECTION('',(-1.,0.,0.));
#1853=DIRECTION('',(0.97301094981008,0.230758946846456,0.));
#1854=DIRECTION('',(0.,0.,1.));
#1855=DIRECTION('',(0.5,0.866025403784439,0.));
#1856=DIRECTION('',(0.,0.,1.));
#1857=DIRECTION('',(0.5,0.866025403784439,0.));
#1858=DIRECTION('',(0.,0.,1.));
#1859=DIRECTION('',(0.5,0.866025403784439,0.));
#1860=DIRECTION('',(0.,0.,1.));
#1861=DIRECTION('',(0.5,0.866025403784439,0.));
#1862=DIRECTION('',(0.,0.,1.));
#1863=DIRECTION('',(1.,0.,0.));
#1864=DIRECTION('',(0.,0.,1.));
#1865=DIRECTION('',(1.,0.,0.));
#1866=DIRECTION('',(0.,0.,1.));
#1867=DIRECTION('',(1.,0.,0.));
#1868=DIRECTION('',(0.,0.,1.));
#1869=DIRECTION('',(1.,0.,0.));
#1870=DIRECTION('',(0.,0.,1.));
#1871=DIRECTION('',(1.,0.,0.));
#1872=DIRECTION('',(0.686348585024613,0.727272727272728,0.));
#1873=DIRECTION('',(0.,0.,1.));
#1874=DIRECTION('',(1.,0.,0.));
#1875=DIRECTION('',(0.,0.,-1.));
#1876=DIRECTION('',(-1.,0.,0.));
#1877=DIRECTION('',(0.686348585024614,-0.727272727272727,0.));
#1878=DIRECTION('',(0.,0.,1.));
#1879=DIRECTION('',(1.,0.,0.));
#1880=DIRECTION('',(0.,0.,1.));
#1881=DIRECTION('',(1.,0.,0.));
#1882=DIRECTION('',(0.,0.,1.));
#1883=DIRECTION('',(1.,0.,0.));
#1884=DIRECTION('',(0.,0.,1.));
#1885=DIRECTION('',(1.,0.,0.));
#1886=DIRECTION('',(0.,0.,1.));
#1887=DIRECTION('',(1.,0.,0.));
#1888=DIRECTION('',(-0.866025403784439,0.5,0.));
#1889=DIRECTION('',(0.,0.,1.));
#1890=DIRECTION('',(1.,0.,0.));
#1891=DIRECTION('',(0.,0.,1.));
#1892=DIRECTION('',(1.,0.,0.));
#1893=DIRECTION('',(0.,0.,1.));
#1894=DIRECTION('',(1.,0.,0.));
#1895=DIRECTION('',(0.,0.,-1.));
#1896=DIRECTION('',(0.,0.,-1.));
#1897=DIRECTION('',(0.,0.,1.));
#1898=DIRECTION('',(0.5,0.866025403784439,0.));
#1899=DIRECTION('',(0.,0.,-1.));
#1900=DIRECTION('',(0.,0.,1.));
#1901=DIRECTION('',(0.,0.,1.));
#1902=DIRECTION('',(0.5,0.866025403784439,0.));
#1903=DIRECTION('',(0.,0.,1.));
#1904=DIRECTION('',(0.5,0.866025403784439,0.));
#1905=DIRECTION('',(0.,0.,-1.));
#1906=DIRECTION('',(0.,0.,-1.));
#1907=DIRECTION('',(0.,0.,1.));
#1908=DIRECTION('',(0.5,0.866025403784439,0.));
#1909=DIRECTION('',(0.,0.,-1.));
#1910=DIRECTION('',(0.,0.,-1.));
#1911=DIRECTION('',(0.,0.,1.));
#1912=DIRECTION('',(0.5,0.866025403784439,0.));
#1913=DIRECTION('',(0.,0.,-1.));
#1914=DIRECTION('',(-1.,0.,0.));
#1915=DIRECTION('',(0.,0.,-1.));
#1916=DIRECTION('',(-1.,0.,0.));
#1917=DIRECTION('',(0.,0.,-1.));
#1918=DIRECTION('',(-1.,0.,0.));
#1919=DIRECTION('',(-0.286662364785468,0.958031674119183,0.));
#1920=DIRECTION('',(0.,0.,1.));
#1921=DIRECTION('',(0.5,0.866025403784439,0.));
#1922=DIRECTION('',(0.,0.,-1.));
#1923=DIRECTION('',(0.,0.,1.));
#1924=DIRECTION('',(0.5,0.866025403784439,0.));
#1925=DIRECTION('',(0.,0.,-1.));
#1926=DIRECTION('',(0.,0.,1.));
#1927=DIRECTION('',(0.5,0.866025403784439,0.));
#1928=DIRECTION('',(0.,0.,-1.));
#1929=DIRECTION('',(0.,0.,1.));
#1930=DIRECTION('',(0.5,0.866025403784439,0.));
#1931=DIRECTION('',(0.97301094981008,0.230758946846456,0.));
#1932=DIRECTION('',(0.,0.,1.));
#1933=DIRECTION('',(1.,0.,0.));
#1934=DIRECTION('',(0.,0.,-1.));
#1935=DIRECTION('',(0.,0.,-1.));
#1936=DIRECTION('',(0.,0.,1.));
#1937=DIRECTION('',(-0.5,0.866025403784438,0.));
#1938=DIRECTION('',(0.,0.,-1.));
#1939=DIRECTION('',(0.,0.,1.));
#1940=DIRECTION('',(0.,0.,1.));
#1941=DIRECTION('',(-0.5,0.866025403784438,0.));
#1942=DIRECTION('',(0.,0.,1.));
#1943=DIRECTION('',(-0.5,0.866025403784438,0.));
#1944=DIRECTION('',(0.,0.,-1.));
#1945=DIRECTION('',(0.,0.,-1.));
#1946=DIRECTION('',(0.,0.,1.));
#1947=DIRECTION('',(-0.5,0.866025403784438,0.));
#1948=DIRECTION('',(0.,0.,-1.));
#1949=DIRECTION('',(0.,0.,-1.));
#1950=DIRECTION('',(0.,0.,1.));
#1951=DIRECTION('',(-0.5,0.866025403784438,0.));
#1952=DIRECTION('',(0.,0.,-1.));
#1953=DIRECTION('',(-1.,0.,0.));
#1954=DIRECTION('',(0.,0.,-1.));
#1955=DIRECTION('',(-1.,0.,0.));
#1956=DIRECTION('',(0.,0.,-1.));
#1957=DIRECTION('',(-1.,0.,0.));
#1958=DIRECTION('',(-0.973010949810081,0.230758946846454,0.));
#1959=DIRECTION('',(0.,0.,1.));
#1960=DIRECTION('',(-0.5,0.866025403784438,0.));
#1961=DIRECTION('',(0.,0.,-1.));
#1962=DIRECTION('',(0.,0.,1.));
#1963=DIRECTION('',(-0.5,0.866025403784438,0.));
#1964=DIRECTION('',(0.,0.,-1.));
#1965=DIRECTION('',(0.,0.,1.));
#1966=DIRECTION('',(-0.5,0.866025403784438,0.));
#1967=DIRECTION('',(0.,0.,1.));
#1968=DIRECTION('',(-0.5,0.866025403784438,0.));
#1969=DIRECTION('',(0.286662364785467,0.958031674119183,0.));
#1970=DIRECTION('',(0.,0.,1.));
#1971=DIRECTION('',(1.,0.,0.));
#1972=DIRECTION('',(0.,0.,-1.));
#1973=DIRECTION('',(0.,0.,-1.));
#1974=DIRECTION('',(0.,0.,1.));
#1975=DIRECTION('',(-1.,-1.22464679914735E-16,0.));
#1976=DIRECTION('',(0.,0.,-1.));
#1977=DIRECTION('',(0.,0.,1.));
#1978=DIRECTION('',(0.,0.,1.));
#1979=DIRECTION('',(-1.,-1.22464679914735E-16,0.));
#1980=DIRECTION('',(0.,0.,1.));
#1981=DIRECTION('',(-1.,-1.22464679914735E-16,0.));
#1982=DIRECTION('',(0.,0.,-1.));
#1983=DIRECTION('',(0.,0.,-1.));
#1984=DIRECTION('',(0.,0.,1.));
#1985=DIRECTION('',(-1.,-1.22464679914735E-16,0.));
#1986=DIRECTION('',(0.,0.,-1.));
#1987=DIRECTION('',(0.,0.,-1.));
#1988=DIRECTION('',(0.,0.,1.));
#1989=DIRECTION('',(-1.,-1.22464679914735E-16,0.));
#1990=DIRECTION('',(0.,0.,-1.));
#1991=DIRECTION('',(-1.,0.,0.));
#1992=DIRECTION('',(0.,0.,-1.));
#1993=DIRECTION('',(-1.,0.,0.));
#1994=DIRECTION('',(0.,0.,-1.));
#1995=DIRECTION('',(-1.,0.,0.));
#1996=DIRECTION('',(-0.686348585024613,-0.727272727272728,0.));
#1997=DIRECTION('',(0.,0.,1.));
#1998=DIRECTION('',(-1.,-1.22464679914735E-16,0.));
#1999=DIRECTION('',(0.,0.,-1.));
#2000=DIRECTION('',(0.,0.,1.));
#2001=DIRECTION('',(-1.,-1.22464679914735E-16,0.));
#2002=DIRECTION('',(0.,0.,-1.));
#2003=DIRECTION('',(0.,0.,1.));
#2004=DIRECTION('',(-1.,-1.22464679914735E-16,0.));
#2005=DIRECTION('',(0.,0.,1.));
#2006=DIRECTION('',(-1.,-1.22464679914735E-16,0.));
#2007=DIRECTION('',(-0.686348585024614,0.727272727272727,0.));
#2008=DIRECTION('',(0.,0.,1.));
#2009=DIRECTION('',(-0.5,-0.866025403784439,0.));
#2010=DIRECTION('',(0.,0.,-1.));
#2011=DIRECTION('',(0.,0.,1.));
#2012=DIRECTION('',(0.,0.,1.));
#2013=DIRECTION('',(-0.5,-0.866025403784439,0.));
#2014=DIRECTION('',(0.,0.,1.));
#2015=DIRECTION('',(-0.5,-0.866025403784439,0.));
#2016=DIRECTION('',(0.,0.,-1.));
#2017=DIRECTION('',(0.,0.,-1.));
#2018=DIRECTION('',(0.,0.,1.));
#2019=DIRECTION('',(-0.5,-0.866025403784439,0.));
#2020=DIRECTION('',(0.,0.,-1.));
#2021=DIRECTION('',(0.,0.,-1.));
#2022=DIRECTION('',(0.,0.,1.));
#2023=DIRECTION('',(-0.5,-0.866025403784439,0.));
#2024=DIRECTION('',(0.,0.,-1.));
#2025=DIRECTION('',(-1.,0.,0.));
#2026=DIRECTION('',(0.,0.,-1.));
#2027=DIRECTION('',(-1.,0.,0.));
#2028=DIRECTION('',(0.,0.,-1.));
#2029=DIRECTION('',(-1.,0.,0.));
#2030=DIRECTION('',(0.286662364785468,-0.958031674119183,0.));
#2031=DIRECTION('',(0.,0.,1.));
#2032=DIRECTION('',(-0.5,-0.866025403784439,0.));
#2033=DIRECTION('',(0.,0.,-1.));
#2034=DIRECTION('',(0.,0.,-1.));
#2035=DIRECTION('',(0.,0.,1.));
#2036=DIRECTION('',(-0.5,-0.866025403784439,0.));
#2037=DIRECTION('',(0.,0.,-1.));
#2038=DIRECTION('',(0.,0.,1.));
#2039=DIRECTION('',(-0.5,-0.866025403784439,0.));
#2040=DIRECTION('',(0.,0.,1.));
#2041=DIRECTION('',(-0.5,-0.866025403784439,0.));
#2042=DIRECTION('',(-0.97301094981008,-0.230758946846455,0.));
#2043=DIRECTION('',(0.,0.,-1.));
#2044=DIRECTION('',(-1.,0.,0.));
#2045=DIRECTION('',(0.,0.,-1.));
#2046=DIRECTION('',(0.,0.,-1.));
#2047=DIRECTION('',(-1.,0.,0.));
#2048=DIRECTION('',(0.686348585024613,0.727272727272728,0.));
#2049=DIRECTION('',(0.,0.,-1.));
#2050=DIRECTION('',(0.,0.,-1.));
#2051=DIRECTION('',(0.,0.,1.));
#2052=DIRECTION('',(1.,0.,0.));
#2053=DIRECTION('',(0.,0.,-1.));
#2054=DIRECTION('',(0.,0.,-1.));
#2055=DIRECTION('',(0.,0.,-1.));
#2056=DIRECTION('',(0.,0.,1.));
#2057=DIRECTION('',(1.,0.,0.));
#2058=DIRECTION('',(0.,0.,1.));
#2059=DIRECTION('',(1.,0.,0.));
#2060=DIRECTION('',(0.,0.,1.));
#2061=DIRECTION('',(1.,0.,0.));
#2062=DIRECTION('',(0.,0.,-1.));
#2063=DIRECTION('',(0.,0.,-1.));
#2064=DIRECTION('',(0.,0.,-1.));
#2065=DIRECTION('',(0.,0.,1.));
#2066=DIRECTION('',(1.,0.,0.));
#2067=DIRECTION('',(0.686348585024614,-0.727272727272727,0.));
#2068=DIRECTION('',(0.,0.,1.));
#2069=DIRECTION('',(0.,0.,1.));
#2070=DIRECTION('',(1.,0.,0.));
#2071=DIRECTION('',(2.20782987851594E-15,1.,0.));
#2072=DIRECTION('',(0.,0.,1.));
#2073=DIRECTION('',(1.,0.,0.));
#2074=DIRECTION('',(0.,0.,1.));
#2075=DIRECTION('',(1.,0.,0.));
#2076=DIRECTION('',(0.866025403784439,-0.5,0.));
#2077=DIRECTION('',(0.,0.,1.));
#2078=DIRECTION('',(1.,0.,0.));
#2079=DIRECTION('',(0.,0.,1.));
#2080=DIRECTION('',(1.,0.,0.));
#2081=DIRECTION('',(0.,0.,1.));
#2082=DIRECTION('',(1.,0.,0.));
#2083=DIRECTION('',(0.,0.,-1.));
#2084=DIRECTION('',(-1.,0.,0.));
#2085=DIRECTION('',(0.,0.,1.));
#2086=DIRECTION('',(1.,0.,0.));
#2087=DIRECTION('',(0.,0.,1.));
#2088=DIRECTION('',(1.,0.,0.));
#2089=DIRECTION('',(0.,0.,1.));
#2090=DIRECTION('',(1.,0.,0.));
#2091=DIRECTION('',(0.,0.,-1.));
#2092=DIRECTION('',(0.,0.,-1.));
#2093=DIRECTION('',(0.,0.,-1.));
#2094=DIRECTION('',(0.,0.,-1.));
#2095=CARTESIAN_POINT('',(0.,0.,0.));
#2096=CARTESIAN_POINT('',(-16.4789961905769,1.03477201381207,-20.5));
#2097=CARTESIAN_POINT('',(-16.4789961905769,1.03477201381207,-25.5));
#2098=CARTESIAN_POINT('',(-16.4789961905769,-0.168629898563229,-20.5));
#2099=CARTESIAN_POINT('',(-16.4789961905769,-0.168629898563229,-25.5));
#2100=CARTESIAN_POINT('',(-16.7182203735021,-1.43044855048998,-20.5));
#2101=CARTESIAN_POINT('',(-16.7182203735021,-1.43044855048998,-25.5));
#2102=CARTESIAN_POINT('',(-17.2738366177506,-2.66324858976172,-20.5));
#2103=CARTESIAN_POINT('',(-17.2738366177506,-2.66324858976172,-25.5));
#2104=CARTESIAN_POINT('',(-25.4789961905769,1.03477201381207,-20.5));
#2105=CARTESIAN_POINT('',(-17.2738366177506,-2.66324858976172,-20.5));
#2106=CARTESIAN_POINT('',(-16.4789961905769,1.03477201381207,-20.5));
#2107=CARTESIAN_POINT('',(-16.4789961905769,1.03477201381207,-20.25));
#2108=CARTESIAN_POINT('',(-16.4789961905769,1.03477201381207,-25.75));
#2109=CARTESIAN_POINT('',(-16.4789961905769,1.03477201381207,-25.5));
#2110=CARTESIAN_POINT('',(-25.4789961905769,1.03477201381207,-25.5));
#2111=CARTESIAN_POINT('',(-17.2738366177506,-2.66324858976172,-25.5));
#2112=CARTESIAN_POINT('',(-17.2738366177506,-2.66324858976172,-20.5));
#2113=CARTESIAN_POINT('',(-34.4789961905769,1.03477201381207,-20.5));
#2114=CARTESIAN_POINT('',(-34.4789961905769,1.03477201381207,-25.5));
#2115=CARTESIAN_POINT('',(-34.4789961905769,19.0347720138121,-20.5));
#2116=CARTESIAN_POINT('',(-34.4789961905769,19.0347720138121,-25.5));
#2117=CARTESIAN_POINT('',(-16.4789961905769,19.0347720138121,-20.5));
#2118=CARTESIAN_POINT('',(-16.4789961905769,19.0347720138121,-25.5));
#2119=CARTESIAN_POINT('',(-16.4789961905769,1.03477201381207,-20.5));
#2120=CARTESIAN_POINT('',(-16.4789961905769,1.03477201381207,-25.5));
#2121=CARTESIAN_POINT('',(-25.4789961905769,1.03477201381207,-20.5));
#2122=CARTESIAN_POINT('',(-34.4789961905769,1.03477201381207,-20.5));
#2123=CARTESIAN_POINT('',(-34.4789961905769,1.03477201381207,-20.25));
#2124=CARTESIAN_POINT('',(-34.4789961905769,1.03477201381207,-25.75));
#2125=CARTESIAN_POINT('',(-34.4789961905769,1.03477201381207,-25.5));
#2126=CARTESIAN_POINT('',(-25.4789961905769,1.03477201381207,-25.5));
#2127=CARTESIAN_POINT('',(-26.3789961905769,-7.92011492014751,-20.5));
#2128=CARTESIAN_POINT('',(-26.3789961905769,-7.92011492014751,-25.5));
#2129=CARTESIAN_POINT('',(-31.8618611731978,-7.36906625579806,-20.5));
#2130=CARTESIAN_POINT('',(-31.8618611731978,-7.36906625579806,-25.5));
#2131=CARTESIAN_POINT('',(-34.4789961905769,-3.13515260882766,-20.5));
#2132=CARTESIAN_POINT('',(-34.4789961905769,-3.13515260882766,-25.5));
#2133=CARTESIAN_POINT('',(-34.4789961905769,1.03477201381207,-20.5));
#2134=CARTESIAN_POINT('',(-34.4789961905769,1.03477201381207,-25.5));
#2135=CARTESIAN_POINT('',(-25.4789961905769,1.03477201381207,-20.5));
#2136=CARTESIAN_POINT('',(-26.3789961905769,-7.92011492014751,-20.5));
#2137=CARTESIAN_POINT('',(-26.3789961905769,-7.92011492014751,-20.5));
#2138=CARTESIAN_POINT('',(-26.3789961905769,-7.92011492014751,-25.5));
#2139=CARTESIAN_POINT('',(-25.4789961905769,1.03477201381207,-25.5));
#2140=CARTESIAN_POINT('',(-57.2186483802796,-27.9092207875455,-25.5));
#2141=CARTESIAN_POINT('',(-57.2186483802796,31.0135368289817,-25.5));
#2142=CARTESIAN_POINT('',(6.26065599912575,-27.9092207875455,-25.5));
#2143=CARTESIAN_POINT('',(6.26065599912575,31.0135368289817,-25.5));
#2144=CARTESIAN_POINT('',(-25.4789961905769,-4.46522798618793,-25.5));
#2145=CARTESIAN_POINT('',(-25.4789961905769,-8.91510235725414,-25.5));
#2146=CARTESIAN_POINT('',(-25.4789961905769,-8.95540122170723,-25.5));
#2147=CARTESIAN_POINT('',(-26.4789961905769,-8.95540122170723,-25.5));
#2148=CARTESIAN_POINT('',(-26.4500240022337,-9.95498143975009,-25.5));
#2149=CARTESIAN_POINT('',(-26.208241421003,-18.2968119705425,-25.5));
#2150=CARTESIAN_POINT('',(-34.4331670655322,-19.7093251786277,-25.5));
#2151=CARTESIAN_POINT('',(-39.1146331369517,-20.5132999432484,-25.5));
#2152=CARTESIAN_POINT('',(-37.2270722538206,-24.8721545992875,-25.5));
#2153=CARTESIAN_POINT('',(-37.4257628730975,-24.4133277933886,-25.5));
#2154=CARTESIAN_POINT('',(-37.6757628730975,-24.8463404952808,-25.5));
#2155=CARTESIAN_POINT('',(-37.4257628730975,-24.4133277933886,-25.5));
#2156=CARTESIAN_POINT('',(-37.9047787101572,-24.5566589757813,-25.5));
#2157=CARTESIAN_POINT('',(-38.0396492690062,-24.1059187211954,-25.5));
#2158=CARTESIAN_POINT('',(-38.279324085865,-23.3049204240829,-25.5));
#2159=CARTESIAN_POINT('',(-37.8003082488055,-23.1615892416901,-25.5));
#2160=CARTESIAN_POINT('',(-38.1645795504353,-22.8190889952539,-25.5));
#2161=CARTESIAN_POINT('',(-39.1146331369517,-20.5132999432484,-25.5));
#2162=CARTESIAN_POINT('',(-41.6032049954743,-20.6753958240432,-25.5));
#2163=CARTESIAN_POINT('',(-41.603204840307,-20.6753958139362,-25.5));
#2164=CARTESIAN_POINT('',(-41.5879319264591,-20.9098740851334,-25.5));
#2165=CARTESIAN_POINT('',(-41.7584464469723,-21.1403058111662,-25.5));
#2166=CARTESIAN_POINT('',(-41.9870781000972,-21.1945280164774,-25.5));
#2167=CARTESIAN_POINT('',(-41.9870781000972,-21.1945280164775,-25.5));
#2168=CARTESIAN_POINT('',(-42.7634241987396,-21.3786459939226,-25.5));
#2169=CARTESIAN_POINT('',(-43.2212119891439,-21.4872147910297,-25.5));
#2170=CARTESIAN_POINT('',(-43.336591462567,-21.0007093161246,-25.5));
#2171=CARTESIAN_POINT('',(-43.586591462567,-21.4337220180169,-25.5));
#2172=CARTESIAN_POINT('',(-43.336591462567,-21.0007093161246,-25.5));
#2173=CARTESIAN_POINT('',(-43.8332924420513,-21.0580515952865,-25.5));
#2174=CARTESIAN_POINT('',(-39.1146331369517,-20.5132999432484,-25.5));
#2175=CARTESIAN_POINT('',(-39.8272035577285,-15.8170521436286,-25.5));
#2176=CARTESIAN_POINT('',(-40.9118092966053,-8.66887820019883,-25.5));
#2177=CARTESIAN_POINT('',(-34.7911757907128,-4.82042320879255,-25.5));
#2178=CARTESIAN_POINT('',(-25.4789961905769,1.03477201381207,-25.5));
#2179=CARTESIAN_POINT('',(-35.2058337975377,-4.10221447320658,-25.5));
#2180=CARTESIAN_POINT('',(-42.5852616316335,-7.99947508322752,-25.5));
#2181=CARTESIAN_POINT('',(-47.9209967752808,-1.58273713486985,-25.5));
#2182=CARTESIAN_POINT('',(-50.9579923811538,2.06954402762414,-25.5));
#2183=CARTESIAN_POINT('',(-53.7890908031221,-1.74455897637677,-25.5));
#2184=CARTESIAN_POINT('',(-53.4910804429149,-1.34307444963983,-25.5));
#2185=CARTESIAN_POINT('',(-53.9910804429149,-1.34307444963983,-25.5));
#2186=CARTESIAN_POINT('',(-53.4910804429149,-1.34307444963983,-25.5));
#2187=CARTESIAN_POINT('',(-53.8547168065512,-0.999900157127525,-25.5));
#2188=CARTESIAN_POINT('',(-53.5317995749961,-0.657728699648591,-25.5));
#2189=CARTESIAN_POINT('',(-52.9579521097379,-0.0496650710452601,-25.5));
#2190=CARTESIAN_POINT('',(-52.5943157461016,-0.392839363557567,-25.5));
#2191=CARTESIAN_POINT('',(-52.4798374827003,0.0938789607416472,-25.5));
#2192=CARTESIAN_POINT('',(-50.9579923811538,2.06954402762413,-25.5));
#2193=CARTESIAN_POINT('',(-52.3426574610321,4.14366253585036,-25.5));
#2194=CARTESIAN_POINT('',(-52.3426573746956,4.14366240652498,-25.5));
#2195=CARTESIAN_POINT('',(-52.5380850572639,4.01319653954451,-25.5));
#2196=CARTESIAN_POINT('',(-52.8229020461026,4.0456505830067,-25.5));
#2197=CARTESIAN_POINT('',(-52.984175679914,4.2165403000663,-25.5));
#2198=CARTESIAN_POINT('',(-52.984175679914,4.21654030006628,-25.5));
#2199=CARTESIAN_POINT('',(-53.5317995749961,4.79681675489686,-25.5));
#2200=CARTESIAN_POINT('',(-53.8547168065512,5.1389882123758,-25.5));
#2201=CARTESIAN_POINT('',(-53.4910804429149,5.4821625048881,-25.5));
#2202=CARTESIAN_POINT('',(-53.9910804429149,5.4821625048881,-25.5));
#2203=CARTESIAN_POINT('',(-53.4910804429149,5.4821625048881,-25.5));
#2204=CARTESIAN_POINT('',(-53.7890908031221,5.88364703162504,-25.5));
#2205=CARTESIAN_POINT('',(-50.9579923811538,2.06954402762413,-25.5));
#2206=CARTESIAN_POINT('',(-47.2472076946046,5.03477201381207,-25.5));
#2207=CARTESIAN_POINT('',(-41.5990103383628,9.54815510848459,-25.5));
#2208=CARTESIAN_POINT('',(-35.2058337975377,6.17175850083072,-25.5));
#2209=CARTESIAN_POINT('',(-25.4789961905769,1.03477201381207,-25.5));
#2210=CARTESIAN_POINT('',(-34.7911757907128,6.88996723641668,-25.5));
#2211=CARTESIAN_POINT('',(-41.8560164012072,11.332108901127,-25.5));
#2212=CARTESIAN_POINT('',(-38.9668259003256,19.16136005757,-25.5));
#2213=CARTESIAN_POINT('',(-37.3223554347789,23.6176159846846,-25.5));
#2214=CARTESIAN_POINT('',(-42.0410147398783,24.1623676367228,-25.5));
#2215=CARTESIAN_POINT('',(-41.5443137603942,24.1050253575608,-25.5));
#2216=CARTESIAN_POINT('',(-41.7943137603942,24.5380380594531,-25.5));
#2217=CARTESIAN_POINT('',(-41.5443137603942,24.1050253575608,-25.5));
#2218=CARTESIAN_POINT('',(-41.428934286971,24.5915308324658,-25.5));
#2219=CARTESIAN_POINT('',(-40.9711464965667,24.4829620353589,-25.5));
#2220=CARTESIAN_POINT('',(-40.1576242144498,24.2900273668496,-25.5));
#2221=CARTESIAN_POINT('',(-40.2730036878731,23.8035218919446,-25.5));
#2222=CARTESIAN_POINT('',(-39.7942541228419,23.9477399698076,-25.5));
#2223=CARTESIAN_POINT('',(-37.3223554347789,23.6176159846846,-25.5));
#2224=CARTESIAN_POINT('',(-36.2184486561347,25.8538303737055,-25.5));
#2225=CARTESIAN_POINT('',(-36.2184487249655,25.8538302342732,-25.5));
#2226=CARTESIAN_POINT('',(-36.4291493213812,25.9578426384904,-25.5));
#2227=CARTESIAN_POINT('',(-36.5434517897069,26.2207284079847,-25.5));
#2228=CARTESIAN_POINT('',(-36.4760937703936,26.4458403303558,-25.5));
#2229=CARTESIAN_POINT('',(-36.4760937703936,26.4458403303558,-25.5));
#2230=CARTESIAN_POINT('',(-36.2473715668334,27.2102347626315,-25.5));
#2231=CARTESIAN_POINT('',(-36.1125010079843,27.6609750172176,-25.5));
#2232=CARTESIAN_POINT('',(-35.6334851709247,27.5176438348248,-25.5));
#2233=CARTESIAN_POINT('',(-35.8834851709247,27.950656536717,-25.5));
#2234=CARTESIAN_POINT('',(-35.6334851709247,27.5176438348248,-25.5));
#2235=CARTESIAN_POINT('',(-35.4347945516477,27.9764706407237,-25.5));
#2236=CARTESIAN_POINT('',(-37.3223554347789,23.6176159846846,-25.5));
#2237=CARTESIAN_POINT('',(-32.899000327453,21.8865961712527,-25.5));
#2238=CARTESIAN_POINT('',(-26.1661972323345,19.2518053224955,-25.5));
#2239=CARTESIAN_POINT('',(-25.8936541974018,12.0269537234353,-25.5));
#2240=CARTESIAN_POINT('',(-25.4789961905769,1.03477201381207,-25.5));
#2241=CARTESIAN_POINT('',(-25.064338183752,12.0269537234353,-25.5));
#2242=CARTESIAN_POINT('',(-24.7497509601507,20.3663559981667,-25.5));
#2243=CARTESIAN_POINT('',(-16.5248253156217,21.7788692062518,-25.5));
#2244=CARTESIAN_POINT('',(-11.843359244202,22.5828439708725,-25.5));
#2245=CARTESIAN_POINT('',(-13.7309201273332,26.9416986269116,-25.5));
#2246=CARTESIAN_POINT('',(-13.5322295080562,26.4828718210128,-25.5));
#2247=CARTESIAN_POINT('',(-13.2822295080562,26.915884522905,-25.5));
#2248=CARTESIAN_POINT('',(-13.5322295080562,26.4828718210128,-25.5));
#2249=CARTESIAN_POINT('',(-13.0532136709967,26.6262030034055,-25.5));
#2250=CARTESIAN_POINT('',(-12.9183431121475,26.1754627488195,-25.5));
#2251=CARTESIAN_POINT('',(-12.6786682952888,25.374464451707,-25.5));
#2252=CARTESIAN_POINT('',(-13.1576841323484,25.2311332693142,-25.5));
#2253=CARTESIAN_POINT('',(-12.7934128307185,24.8886330228781,-25.5));
#2254=CARTESIAN_POINT('',(-11.843359244202,22.5828439708725,-25.5));
#2255=CARTESIAN_POINT('',(-9.35478738567947,22.7449398516673,-25.5));
#2256=CARTESIAN_POINT('',(-9.35478754084681,22.7449398415604,-25.5));
#2257=CARTESIAN_POINT('',(-9.37006045469452,22.9794181127576,-25.5));
#2258=CARTESIAN_POINT('',(-9.19954593418154,23.2098498387904,-25.5));
#2259=CARTESIAN_POINT('',(-8.97091428105654,23.2640720441016,-25.5));
#2260=CARTESIAN_POINT('',(-8.97091428105654,23.2640720441016,-25.5));
#2261=CARTESIAN_POINT('',(-8.19456818241422,23.4481900215468,-25.5));
#2262=CARTESIAN_POINT('',(-7.73678039200994,23.5567588186538,-25.5));
#2263=CARTESIAN_POINT('',(-7.62140091858672,23.0702533437488,-25.5));
#2264=CARTESIAN_POINT('',(-7.37140091858672,23.503266045641,-25.5));
#2265=CARTESIAN_POINT('',(-7.62140091858672,23.0702533437488,-25.5));
#2266=CARTESIAN_POINT('',(-7.12469993910256,23.1275956229107,-25.5));
#2267=CARTESIAN_POINT('',(-11.843359244202,22.5828439708725,-25.5));
#2268=CARTESIAN_POINT('',(-11.1307888234253,17.8865961712528,-25.5));
#2269=CARTESIAN_POINT('',(-10.0461830845485,10.738422227823,-25.5));
#2270=CARTESIAN_POINT('',(-16.1668165904409,6.88996723641669,-25.5));
#2271=CARTESIAN_POINT('',(-25.4789961905769,1.03477201381207,-25.5));
#2272=CARTESIAN_POINT('',(-15.752158583616,6.17175850083072,-25.5));
#2273=CARTESIAN_POINT('',(-8.37273074952034,10.0690191108517,-25.5));
#2274=CARTESIAN_POINT('',(-3.03699560587295,3.65228116249399,-25.5));
#2275=CARTESIAN_POINT('',(-4.33680868994202E-16,-2.16840434497101E-15,-25.5));
#2276=CARTESIAN_POINT('',(2.83109842196828,3.81410300400091,-25.5));
#2277=CARTESIAN_POINT('',(2.53308806176109,3.41261847726397,-25.5));
#2278=CARTESIAN_POINT('',(3.03308806176109,3.41261847726397,-25.5));
#2279=CARTESIAN_POINT('',(2.53308806176109,3.41261847726397,-25.5));
#2280=CARTESIAN_POINT('',(2.89672442539745,3.06944418475166,-25.5));
#2281=CARTESIAN_POINT('',(2.5738071938423,2.72727272727272,-25.5));
#2282=CARTESIAN_POINT('',(1.99995972858416,2.11920909866939,-25.5));
#2283=CARTESIAN_POINT('',(1.6363233649478,2.4623833911817,-25.5));
#2284=CARTESIAN_POINT('',(1.52184510154655,1.97566506688249,-25.5));
#2285=CARTESIAN_POINT('',(0.,0.,-25.5));
#2286=CARTESIAN_POINT('',(1.38466507987833,-2.07411850822622,-25.5));
#2287=CARTESIAN_POINT('',(1.38466499354179,-2.07411837890083,-25.5));
#2288=CARTESIAN_POINT('',(1.58009267611028,-1.94365251192061,-25.5));
#2289=CARTESIAN_POINT('',(1.86490966494888,-1.97610655538247,-25.5));
#2290=CARTESIAN_POINT('',(2.02618329876019,-2.14699627244214,-25.5));
#2291=CARTESIAN_POINT('',(2.02618329876019,-2.14699627244214,-25.5));
#2292=CARTESIAN_POINT('',(2.5738071938423,-2.72727272727273,-25.5));
#2293=CARTESIAN_POINT('',(2.89672442539745,-3.06944418475166,-25.5));
#2294=CARTESIAN_POINT('',(2.53308806176109,-3.41261847726397,-25.5));
#2295=CARTESIAN_POINT('',(3.03308806176109,-3.41261847726397,-25.5));
#2296=CARTESIAN_POINT('',(2.53308806176109,-3.41261847726397,-25.5));
#2297=CARTESIAN_POINT('',(2.83109842196828,-3.81410300400091,-25.5));
#2298=CARTESIAN_POINT('',(1.3010426069826E-15,8.67361737988404E-16,-25.5));
#2299=CARTESIAN_POINT('',(-3.71078468654919,-2.96522798618793,-25.5));
#2300=CARTESIAN_POINT('',(-9.35898204279098,-7.47861108086046,-25.5));
#2301=CARTESIAN_POINT('',(-15.4784174243115,-3.62825123459575,-25.5));
#2302=CARTESIAN_POINT('',(-16.3248134902398,-3.09569729405927,-25.5));
#2303=CARTESIAN_POINT('',(-16.8248134902399,-3.96172269784371,-25.5));
#2304=CARTESIAN_POINT('',(-20.7158564697625,-1.71522798618794,-25.5));
#2305=CARTESIAN_POINT('',(-16.8621522207698,-3.94016517172103,-25.5));
#2306=CARTESIAN_POINT('',(-16.3621522207698,-3.07413976793659,-25.5));
#2307=CARTESIAN_POINT('',(-26.4789961905769,-8.91510235725413,-25.5));
#2308=CARTESIAN_POINT('',(-25.8936541974018,12.0269537234353,-20.5));
#2309=CARTESIAN_POINT('',(-25.8936541974018,12.0269537234353,-25.5));
#2310=CARTESIAN_POINT('',(-25.6172810504997,12.0373793460516,-20.5));
#2311=CARTESIAN_POINT('',(-25.6172810504997,12.0373793460516,-25.5));
#2312=CARTESIAN_POINT('',(-25.3407113306541,12.0373793460516,-20.5));
#2313=CARTESIAN_POINT('',(-25.3407113306541,12.0373793460516,-25.5));
#2314=CARTESIAN_POINT('',(-25.064338183752,12.0269537234353,-20.5));
#2315=CARTESIAN_POINT('',(-25.064338183752,12.0269537234353,-25.5));
#2316=CARTESIAN_POINT('',(-25.4789961905769,1.03477201381207,-20.5));
#2317=CARTESIAN_POINT('',(-25.064338183752,12.0269537234353,-20.5));
#2318=CARTESIAN_POINT('',(-25.8936541974018,12.0269537234353,-20.5));
#2319=CARTESIAN_POINT('',(-25.064338183752,12.0269537234353,-20.5));
#2320=CARTESIAN_POINT('',(-25.8936541974018,12.0269537234353,-20.5));
#2321=CARTESIAN_POINT('',(-7.82589873976701,23.5265215117515,-20.25));
#2322=CARTESIAN_POINT('',(-7.82589873976701,23.5265215117515,-25.75));
#2323=CARTESIAN_POINT('',(-7.43885950014299,23.6999911657071,-20.25));
#2324=CARTESIAN_POINT('',(-7.43885950014299,23.6999911657071,-25.75));
#2325=CARTESIAN_POINT('',(-7.09158251732346,23.4564962149258,-20.25));
#2326=CARTESIAN_POINT('',(-7.09158251732346,23.4564962149258,-25.75));
#2327=CARTESIAN_POINT('',(-7.12275300736428,23.0335074510055,-20.25));
#2328=CARTESIAN_POINT('',(-7.12275300736428,23.0335074510055,-25.75));
#2329=CARTESIAN_POINT('',(-7.62140091858672,23.0702533437488,-20.5));
#2330=CARTESIAN_POINT('',(-7.12469993910256,23.1275956229107,-20.5));
#2331=CARTESIAN_POINT('',(-7.37140091858672,23.503266045641,-20.5));
#2332=CARTESIAN_POINT('',(-7.12469993910256,23.1275956229107,-20.5));
#2333=CARTESIAN_POINT('',(-7.73678039200994,23.5567588186538,-25.5));
#2334=CARTESIAN_POINT('',(-7.73678039200994,23.5567588186538,-20.5));
#2335=CARTESIAN_POINT('',(-7.62140091858672,23.0702533437488,-20.5));
#2336=CARTESIAN_POINT('',(-9.35307981645419,22.7452934045265,-25.5481244869914));
#2337=CARTESIAN_POINT('',(-9.36014817801537,22.8532785947359,-25.5474608746299));
#2338=CARTESIAN_POINT('',(-9.32837704971748,22.978406035344,-25.5452616557095));
#2339=CARTESIAN_POINT('',(-9.18179385733946,23.175117566022,-25.5383455922198));
#2340=CARTESIAN_POINT('',(-9.07130839479431,23.2402626101376,-25.5338382562696));
#2341=CARTESIAN_POINT('',(-8.96608195419053,23.2652180771022,-25.5298602809638));
#2342=CARTESIAN_POINT('',(-9.41408865690406,22.7326603995729,-23.8468288497463));
#2343=CARTESIAN_POINT('',(-9.42073336012878,22.8404464599369,-23.8466457713888));
#2344=CARTESIAN_POINT('',(-9.38862577903292,22.965114569237,-23.8460758616973));
#2345=CARTESIAN_POINT('',(-9.24191771229152,23.1610514599946,-23.8443115945365));
#2346=CARTESIAN_POINT('',(-9.1316036978157,23.2259629965292,-23.8431686158779));
#2347=CARTESIAN_POINT('',(-9.02649436320252,23.2508906906704,-23.8421571787162));
#2348=CARTESIAN_POINT('',(-9.40759916736118,22.7339621643683,-22.1436850354937));
#2349=CARTESIAN_POINT('',(-9.41429522722368,22.841776643192,-22.1440800952899));
#2350=CARTESIAN_POINT('',(-9.38221973469986,22.9665065683747,-22.1453284816878));
#2351=CARTESIAN_POINT('',(-9.23549481136317,23.1625500957605,-22.1492086654069));
#2352=CARTESIAN_POINT('',(-9.12513773112333,23.2274964629991,-22.1517267938262));
#2353=CARTESIAN_POINT('',(-9.01999395498898,23.2524323252775,-22.153955274135));
#2354=CARTESIAN_POINT('',(-9.3164619088294,22.7528732998746,-20.4429758745227));
#2355=CARTESIAN_POINT('',(-9.32378928917689,22.860978631981,-20.4439551848842));
#2356=CARTESIAN_POINT('',(-9.29223434928772,22.98637882127,-20.4472333866068));
#2357=CARTESIAN_POINT('',(-9.14576921523387,23.1835453418415,-20.4575675539897));
#2358=CARTESIAN_POINT('',(-9.03520805003197,23.2488241556575,-20.4643086355246));
#2359=CARTESIAN_POINT('',(-8.92993363701761,23.2737909997427,-20.4702556551385));
#2360=CARTESIAN_POINT('',(-8.93529425312851,23.272519677844,-20.5));
#2361=CARTESIAN_POINT('',(-9.1643734542061,23.2181913322122,-20.5));
#2362=CARTESIAN_POINT('',(-9.33525284269621,22.9871542300267,-20.5));
#2363=CARTESIAN_POINT('',(-9.31948596778156,22.752245918898,-20.5));
#2364=CARTESIAN_POINT('',(-8.93529425312851,23.2725196778439,-20.5));
#2365=CARTESIAN_POINT('',(-9.31948572636641,22.7522459351016,-20.5));
#2366=CARTESIAN_POINT('',(-8.97091428105654,23.2640720441016,-25.5));
#2367=CARTESIAN_POINT('',(-9.02978017368977,23.2501114289699,-23.8332091825506));
#2368=CARTESIAN_POINT('',(-9.02338435444222,23.2516282592934,-22.1655819114774));
#2369=CARTESIAN_POINT('',(-8.93529425312851,23.2725196778439,-20.5));
#2370=CARTESIAN_POINT('',(-9.39172143589764,22.7373082497847,-23.7281786406918));
#2371=CARTESIAN_POINT('',(-9.38803395284612,22.7380685941567,-24.3189400392572));
#2372=CARTESIAN_POINT('',(-9.37551268344408,22.7406490453715,-24.9096066307025));
#2373=CARTESIAN_POINT('',(-9.35478738567947,22.7449398516673,-25.5));
#2374=CARTESIAN_POINT('',(-9.39172143589764,22.7373082497847,-23.7281786406918));
#2375=CARTESIAN_POINT('',(-9.39172143398696,22.7373082194585,-22.9967970105712));
#2376=CARTESIAN_POINT('',(-9.39272064015128,22.7531674984507,-22.9967970105712));
#2377=CARTESIAN_POINT('',(-9.39253266258587,22.7493882208134,-23.0448671668907));
#2378=CARTESIAN_POINT('',(-9.39332618695688,22.7612803833519,-23.0974637956954));
#2379=CARTESIAN_POINT('',(-9.39354070524106,22.7637929644094,-23.1786165402649));
#2380=CARTESIAN_POINT('',(-9.39381978554305,22.7676604117029,-23.2697504662803));
#2381=CARTESIAN_POINT('',(-9.39387492048398,22.7683356340505,-23.3625087977801));
#2382=CARTESIAN_POINT('',(-9.39381636084503,22.7676144879805,-23.4552904300118));
#2383=CARTESIAN_POINT('',(-9.39353591883264,22.7637309196855,-23.5464104366997));
#2384=CARTESIAN_POINT('',(-9.39331686829271,22.7611453358584,-23.6276146133224));
#2385=CARTESIAN_POINT('',(-9.39253093633774,22.7493706506788,-23.6802374435988));
#2386=CARTESIAN_POINT('',(-9.39270690928141,22.7529495606674,-23.7281786406285));
#2387=CARTESIAN_POINT('',(-9.39172143589763,22.7373082497846,-23.7281786406915));
#2388=CARTESIAN_POINT('',(-9.39172143398696,22.7373082194585,-22.9967970105712));
#2389=CARTESIAN_POINT('',(-9.31948572636643,22.7522459351017,-20.5));
#2390=CARTESIAN_POINT('',(-9.36304906334056,22.7432088464188,-21.3303042194685));
#2391=CARTESIAN_POINT('',(-9.38646770125779,22.7383913073334,-22.1639809925341));
#2392=CARTESIAN_POINT('',(-9.39172143398697,22.7373082194585,-22.9967970105713));
#2393=CARTESIAN_POINT('',(-13.8133763402679,26.8963406333038,-20.25));
#2394=CARTESIAN_POINT('',(-13.8133763402679,26.8963406333038,-25.75));
#2395=CARTESIAN_POINT('',(-13.462642570218,27.1348294514877,-20.25));
#2396=CARTESIAN_POINT('',(-13.462642570218,27.1348294514877,-25.75));
#2397=CARTESIAN_POINT('',(-13.0781312657384,26.955826237607,-20.25));
#2398=CARTESIAN_POINT('',(-13.0781312657384,26.955826237607,-25.75));
#2399=CARTESIAN_POINT('',(-13.0348407730376,26.5339055968534,-20.25));
#2400=CARTESIAN_POINT('',(-13.0348407730376,26.5339055968534,-25.75));
#2401=CARTESIAN_POINT('',(-13.5322295080562,26.4828718210128,-20.5));
#2402=CARTESIAN_POINT('',(-13.0532136709967,26.6262030034055,-20.5));
#2403=CARTESIAN_POINT('',(-13.2822295080562,26.915884522905,-20.5));
#2404=CARTESIAN_POINT('',(-13.0532136709967,26.6262030034055,-20.5));
#2405=CARTESIAN_POINT('',(-13.7309201273332,26.9416986269116,-20.5));
#2406=CARTESIAN_POINT('',(-13.7309201273332,26.9416986269116,-20.5));
#2407=CARTESIAN_POINT('',(-13.5322295080562,26.4828718210128,-20.5));
#2408=CARTESIAN_POINT('',(-12.7140105680855,25.4616842796661,-20.25));
#2409=CARTESIAN_POINT('',(-12.7140105680855,25.4616842796661,-25.75));
#2410=CARTESIAN_POINT('',(-12.555639250473,25.1569136917824,-20.25));
#2411=CARTESIAN_POINT('',(-12.555639250473,25.1569136917824,-25.75));
#2412=CARTESIAN_POINT('',(-12.6924486173052,24.8418743567332,-20.25));
#2413=CARTESIAN_POINT('',(-12.6924486173052,24.8418743567332,-25.75));
#2414=CARTESIAN_POINT('',(-13.023267221362,24.7495399823585,-20.25));
#2415=CARTESIAN_POINT('',(-13.023267221362,24.7495399823585,-25.75));
#2416=CARTESIAN_POINT('',(-12.9354065310805,24.7832575410426,-22.9967970105712));
#2417=CARTESIAN_POINT('',(-12.9233488793302,24.7892416695381,-22.9967949892863));
#2418=CARTESIAN_POINT('',(-12.9245745235678,24.7888754309643,-22.9568934348328));
#2419=CARTESIAN_POINT('',(-12.9137166038285,24.7945747265166,-22.9122757410469));
#2420=CARTESIAN_POINT('',(-12.9056866878247,24.7992914236656,-22.8170418189778));
#2421=CARTESIAN_POINT('',(-12.892724996081,24.8069719961818,-22.6893596726915));
#2422=CARTESIAN_POINT('',(-12.8802407275339,24.8150945527376,-22.5323180154504));
#2423=CARTESIAN_POINT('',(-12.8639774157704,24.8262759281609,-22.3241440056126));
#2424=CARTESIAN_POINT('',(-12.845019060231,24.8406137430132,-22.063414065405));
#2425=CARTESIAN_POINT('',(-12.8161701729693,24.8650802362894,-21.6464965124029));
#2426=CARTESIAN_POINT('',(-12.7827294942589,24.8987098402139,-21.1252984648601));
#2427=CARTESIAN_POINT('',(-12.7586785465698,24.9291696839836,-20.7084274427209));
#2428=CARTESIAN_POINT('',(-12.7474266158744,24.9453207955195,-20.5));
#2429=CARTESIAN_POINT('',(-12.9354065310805,24.7832575410426,-22.9967970105712));
#2430=CARTESIAN_POINT('',(-12.7474266158745,24.9453207955195,-20.5));
#2431=CARTESIAN_POINT('',(-12.9354068874596,24.7832573641746,-23.3625049201542));
#2432=CARTESIAN_POINT('',(-12.935406531191,24.7832575409878,-23.7281786406914));
#2433=CARTESIAN_POINT('',(-12.7934128307185,24.8886330228781,-25.5));
#2434=CARTESIAN_POINT('',(-12.8021401454156,24.8793509557335,-25.351914931665));
#2435=CARTESIAN_POINT('',(-12.8202994757873,24.8614540963235,-25.0557382356869));
#2436=CARTESIAN_POINT('',(-12.8448737201296,24.8406945035892,-24.6856130830707));
#2437=CARTESIAN_POINT('',(-12.8658603989489,24.8249585800526,-24.3894062412562));
#2438=CARTESIAN_POINT('',(-12.8799353704629,24.8152907103194,-24.2046570299414));
#2439=CARTESIAN_POINT('',(-12.8916197914303,24.8077276826035,-24.0561541232967));
#2440=CARTESIAN_POINT('',(-12.90218207146,24.8013686987081,-23.9469491342178));
#2441=CARTESIAN_POINT('',(-12.9084964621757,24.7974274751951,-23.8493566447078));
#2442=CARTESIAN_POINT('',(-12.9233537304072,24.7895937544012,-23.7865666971216));
#2443=CARTESIAN_POINT('',(-12.9185351409737,24.7916306943168,-23.7281814981246));
#2444=CARTESIAN_POINT('',(-12.9354065311986,24.7832575409842,-23.7281786407203));
#2445=CARTESIAN_POINT('',(-12.6786682952888,25.374464451707,-20.5));
#2446=CARTESIAN_POINT('',(-12.6786682952888,25.374464451707,-20.5));
#2447=CARTESIAN_POINT('',(-13.1576841323484,25.2311332693142,-20.5));
#2448=CARTESIAN_POINT('',(-9.39656581065967,22.7999030023103,-22.9967963948502));
#2449=CARTESIAN_POINT('',(-9.18932892924331,20.4638295513296,-22.9967963948502));
#2450=CARTESIAN_POINT('',(-11.1948821642695,19.2518806923591,-22.9967963948502));
#2451=CARTESIAN_POINT('',(-13.1671463097507,20.5136652606977,-22.9967963948502));
#2452=CARTESIAN_POINT('',(-15.1394104552319,21.7754498290363,-22.9967963948502));
#2453=CARTESIAN_POINT('',(-14.879677992757,24.1043128269864,-22.9967963948502));
#2454=CARTESIAN_POINT('',(-12.6718500760749,24.8953135752257,-22.9967963948502));
#2455=CARTESIAN_POINT('',(-9.39128744511926,22.8003712547161,-22.1657045579272));
#2456=CARTESIAN_POINT('',(-9.18360350021213,20.4592582898008,-22.1657045579272));
#2457=CARTESIAN_POINT('',(-11.1934832316806,19.2446949440468,-22.1657045579272));
#2458=CARTESIAN_POINT('',(-13.170002060438,20.5092015076686,-22.1657045579272));
#2459=CARTESIAN_POINT('',(-15.1465208891954,21.7737080712903,-22.1657045579272));
#2460=CARTESIAN_POINT('',(-14.8862281166998,24.1075950283651,-22.1657045579272));
#2461=CARTESIAN_POINT('',(-12.6736373448314,24.9003021695654,-22.1657045579272));
#2462=CARTESIAN_POINT('',(-9.3677822055331,22.802456442811,-21.3323213370897));
#2463=CARTESIAN_POINT('',(-9.15810742949082,20.4389018751827,-21.3323213370897));
#2464=CARTESIAN_POINT('',(-11.1872536052149,19.2126958840359,-21.3323213370897));
#2465=CARTESIAN_POINT('',(-13.1827190849773,20.4893238422055,-21.3323213370897));
#2466=CARTESIAN_POINT('',(-15.1781845647397,21.765951800375,-21.3323213370897));
#2467=CARTESIAN_POINT('',(-14.9153966597678,24.1222110925965,-21.3323213370897));
#2468=CARTESIAN_POINT('',(-12.681596282121,24.9225170207828,-21.3323213370896));
#2469=CARTESIAN_POINT('',(-9.32374860400255,22.8063627353357,-20.4999975208661));
#2470=CARTESIAN_POINT('',(-9.11034429929077,20.4007671330715,-20.4999975208662));
#2471=CARTESIAN_POINT('',(-11.175583318321,19.1527503619873,-20.4999975208661));
#2472=CARTESIAN_POINT('',(-13.2065425558746,20.4520859660651,-20.4999975208661));
#2473=CARTESIAN_POINT('',(-15.2375017934281,21.7514215701429,-20.4999975208661));
#2474=CARTESIAN_POINT('',(-14.9700396255616,24.1495921344257,-20.4999975208662));
#2475=CARTESIAN_POINT('',(-12.6965061779309,24.9641332699168,-20.4999975208661));
#2476=CARTESIAN_POINT('',(-11.843359244202,22.5828439708725,-22.9967970105712));
#2477=CARTESIAN_POINT('',(-11.843359244202,22.5828439708725,-20.5));
#2478=CARTESIAN_POINT('',(-9.35885212989864,22.797965781622,-25.5000015102622));
#2479=CARTESIAN_POINT('',(-9.15370666723298,20.428678540667,-25.5000015102622));
#2480=CARTESIAN_POINT('',(-11.188752693705,19.2035596622394,-25.5000015102622));
#2481=CARTESIAN_POINT('',(-13.1873019356936,20.4821605019819,-25.5000015102622));
#2482=CARTESIAN_POINT('',(-15.145561824265,21.7349856440183,-25.5000015102622));
#2483=CARTESIAN_POINT('',(-14.9326101561524,24.0614492135172,-25.5000015102622));
#2484=CARTESIAN_POINT('',(-12.7433116196733,24.9085994860478,-25.5000015102622));
#2485=CARTESIAN_POINT('',(-9.3796734130141,22.7961629644354,-24.9118813225806));
#2486=CARTESIAN_POINT('',(-9.17624716126695,20.4467314124183,-24.9118813225806));
#2487=CARTESIAN_POINT('',(-11.1942385899774,19.2318795792615,-24.9118813225806));
#2488=CARTESIAN_POINT('',(-13.1760390936154,20.499765170928,-24.9118813225806));
#2489=CARTESIAN_POINT('',(-15.1178878866746,21.7420910767875,-24.9118813225806));
#2490=CARTESIAN_POINT('',(-14.9067208489808,24.0490578389078,-24.9118813225806));
#2491=CARTESIAN_POINT('',(-12.7357696154294,24.8891086124817,-24.9118813225806));
#2492=CARTESIAN_POINT('',(-9.39237161814544,22.7950634864483,-24.3208663967021));
#2493=CARTESIAN_POINT('',(-9.18999385571502,20.457741255925,-24.3208663967021));
#2494=CARTESIAN_POINT('',(-11.1975842548824,19.2491509507545,-24.3208663967021));
#2495=CARTESIAN_POINT('',(-13.1691702624162,20.510501670514,-24.3208663967021));
#2496=CARTESIAN_POINT('',(-15.1010104764609,21.7464244429086,-24.320866396702));
#2497=CARTESIAN_POINT('',(-14.890931825252,24.0415007534113,-24.320866396702));
#2498=CARTESIAN_POINT('',(-12.7311699989475,24.8772217796983,-24.3208663967021));
#2499=CARTESIAN_POINT('',(-9.39610693080136,22.7947400632559,-23.7281792115119));
#2500=CARTESIAN_POINT('',(-9.1940375927013,20.4609799189773,-23.7281792115119));
#2501=CARTESIAN_POINT('',(-11.1985684179458,19.254231509137,-23.7281792115119));
#2502=CARTESIAN_POINT('',(-13.16714972236,20.5136599265328,-23.7281792115119));
#2503=CARTESIAN_POINT('',(-15.0960458059962,21.7476991488333,-23.7281792115119));
#2504=CARTESIAN_POINT('',(-14.8862873152957,24.039277756003,-23.7281792115119));
#2505=CARTESIAN_POINT('',(-12.7298169726356,24.8737251408839,-23.7281792115119));
#2506=CARTESIAN_POINT('',(-11.843359244202,22.5828439708725,-23.7281786406918));
#2507=CARTESIAN_POINT('',(-9.39835874285068,22.8202459610897,-22.9967970105712));
#2508=CARTESIAN_POINT('',(-9.39835874285068,22.8202459610897,-23.7281786406918));
#2509=CARTESIAN_POINT('',(-9.18078790611706,20.5794862926198,-22.9967970105712));
#2510=CARTESIAN_POINT('',(-9.18078790611706,20.5794862926198,-23.7281786406918));
#2511=CARTESIAN_POINT('',(-11.0620793631975,19.3460198411341,-22.9967970105712));
#2512=CARTESIAN_POINT('',(-11.0620793631975,19.3460198411341,-23.7281786406918));
#2513=CARTESIAN_POINT('',(-13.0302041567845,20.4320798485094,-22.9967970105712));
#2514=CARTESIAN_POINT('',(-13.0302041567845,20.4320798485094,-23.7281786406918));
#2515=CARTESIAN_POINT('',(-15.0067058729297,21.522762449231,-22.9967970105712));
#2516=CARTESIAN_POINT('',(-15.0067058729297,21.522762449231,-23.7281786406918));
#2517=CARTESIAN_POINT('',(-14.9575349237058,23.7796917319498,-22.9967970105712));
#2518=CARTESIAN_POINT('',(-14.9575349237058,23.7796917319498,-23.7281786406918));
#2519=CARTESIAN_POINT('',(-12.9354065310805,24.7832575410426,-22.9967970105712));
#2520=CARTESIAN_POINT('',(-12.9354065310805,24.7832575410426,-23.7281786406918));
#2521=CARTESIAN_POINT('',(-13.071940939782,26.6887899309904,-25.75));
#2522=CARTESIAN_POINT('',(-13.071940939782,26.6887899309904,-20.25));
#2523=CARTESIAN_POINT('',(-12.6599410265034,25.3118775241221,-25.75));
#2524=CARTESIAN_POINT('',(-12.6599410265034,25.3118775241221,-20.25));
#2525=CARTESIAN_POINT('',(-12.9183431121475,26.1754627488195,-20.5));
#2526=CARTESIAN_POINT('',(-16.2912538325881,20.915890543027,-20.25));
#2527=CARTESIAN_POINT('',(-16.2912538325881,20.915890543027,-25.75));
#2528=CARTESIAN_POINT('',(-17.3784803575867,23.8169127888261,-20.25));
#2529=CARTESIAN_POINT('',(-17.3784803575867,23.8169127888261,-25.75));
#2530=CARTESIAN_POINT('',(-15.9039975536591,26.5415947974657,-20.25));
#2531=CARTESIAN_POINT('',(-15.9039975536591,26.5415947974657,-25.75));
#2532=CARTESIAN_POINT('',(-12.8807183191392,27.2181849669208,-20.25));
#2533=CARTESIAN_POINT('',(-12.8807183191392,27.2181849669208,-25.75));
#2534=CARTESIAN_POINT('',(-11.843359244202,22.5828439708725,-20.5));
#2535=CARTESIAN_POINT('',(-16.5248253156217,21.7788692062518,-20.5));
#2536=CARTESIAN_POINT('',(-16.5248253156217,21.7788692062518,-20.5));
#2537=CARTESIAN_POINT('',(-16.9351899431391,23.2950470935963,-20.25));
#2538=CARTESIAN_POINT('',(-16.9351899431391,23.2950470935963,-25.75));
#2539=CARTESIAN_POINT('',(-14.2844475235083,16.2221303182794,-20.25));
#2540=CARTESIAN_POINT('',(-14.2844475235083,16.2221303182794,-25.75));
#2541=CARTESIAN_POINT('',(-19.2605146008375,10.5395830437106,-20.25));
#2542=CARTESIAN_POINT('',(-19.2605146008375,10.5395830437106,-25.75));
#2543=CARTESIAN_POINT('',(-26.6214141402347,12.2336152325105,-20.25));
#2544=CARTESIAN_POINT('',(-26.6214141402347,12.2336152325105,-25.75));
#2545=CARTESIAN_POINT('',(-24.7497509601507,20.3663559981667,-20.5));
#2546=CARTESIAN_POINT('',(-15.3372747883558,5.81124160232986,-20.25));
#2547=CARTESIAN_POINT('',(-15.3372747883558,5.81124160232986,-25.75));
#2548=CARTESIAN_POINT('',(-20.5031378359986,11.3586443041847,-20.25));
#2549=CARTESIAN_POINT('',(-20.5031378359986,11.3586443041847,-25.75));
#2550=CARTESIAN_POINT('',(-17.3469216512107,18.250532083192,-20.25));
#2551=CARTESIAN_POINT('',(-17.3469216512107,18.250532083192,-25.75));
#2552=CARTESIAN_POINT('',(-9.77214324350706,17.963217207603,-20.25));
#2553=CARTESIAN_POINT('',(-9.77214324350706,17.963217207603,-25.75));
#2554=CARTESIAN_POINT('',(-11.1307888234253,17.8865961712528,-20.5));
#2555=CARTESIAN_POINT('',(-11.1307888234253,17.8865961712528,-20.5));
#2556=CARTESIAN_POINT('',(-10.0461830845485,10.738422227823,-20.5));
#2557=CARTESIAN_POINT('',(-16.1668165904409,6.88996723641669,-20.5));
#2558=CARTESIAN_POINT('',(-16.1668165904409,6.88996723641669,-20.5));
#2559=CARTESIAN_POINT('',(-7.31035664895218,24.0021351571547,-20.25));
#2560=CARTESIAN_POINT('',(-7.31035664895218,24.0021351571547,-25.75));
#2561=CARTESIAN_POINT('',(-6.23352267156994,20.5628893834151,-20.25));
#2562=CARTESIAN_POINT('',(-6.23352267156994,20.5628893834151,-25.75));
#2563=CARTESIAN_POINT('',(-8.42210476843817,17.6996584614846,-20.25));
#2564=CARTESIAN_POINT('',(-8.42210476843817,17.6996584614846,-25.75));
#2565=CARTESIAN_POINT('',(-12.0233994909397,17.8362572488633,-20.25));
#2566=CARTESIAN_POINT('',(-12.0233994909397,17.8362572488633,-25.75));
#2567=CARTESIAN_POINT('',(-11.843359244202,22.5828439708725,-20.5));
#2568=CARTESIAN_POINT('',(-7.73678039200995,23.5567588186538,-25.5));
#2569=CARTESIAN_POINT('',(-7.73678039200995,23.5567588186538,-20.5));
#2570=CARTESIAN_POINT('',(-9.02440349312675,23.2513865607087,-25.5));
#2571=CARTESIAN_POINT('',(-9.02440349312675,23.2513865607087,-20.5));
#2572=CARTESIAN_POINT('',(-8.19456818241422,23.4481900215468,-20.5));
#2573=CARTESIAN_POINT('',(-35.2058337975377,6.17175850083072,-20.5));
#2574=CARTESIAN_POINT('',(-35.2058337975377,6.17175850083072,-25.5));
#2575=CARTESIAN_POINT('',(-35.0776172594565,6.41453535990836,-20.5));
#2576=CARTESIAN_POINT('',(-35.0776172594565,6.41453535990836,-25.5));
#2577=CARTESIAN_POINT('',(-34.9394562374774,6.65414006089748,-20.5));
#2578=CARTESIAN_POINT('',(-34.9394562374774,6.65414006089748,-25.5));
#2579=CARTESIAN_POINT('',(-34.7911757907128,6.88996723641668,-20.5));
#2580=CARTESIAN_POINT('',(-34.7911757907128,6.88996723641668,-25.5));
#2581=CARTESIAN_POINT('',(-25.4789961905769,1.03477201381207,-20.5));
#2582=CARTESIAN_POINT('',(-34.7911757907128,6.88996723641668,-20.5));
#2583=CARTESIAN_POINT('',(-35.2058337975377,6.17175850083072,-20.5));
#2584=CARTESIAN_POINT('',(-34.7911757907128,6.88996723641668,-20.5));
#2585=CARTESIAN_POINT('',(-35.2058337975377,6.17175850083072,-20.5));
#2586=CARTESIAN_POINT('',(-36.1308739059433,27.5686776106655,-20.25));
#2587=CARTESIAN_POINT('',(-36.1308739059433,27.5686776106655,-25.75));
#2588=CARTESIAN_POINT('',(-36.0875834132426,27.990598251419,-20.25));
#2589=CARTESIAN_POINT('',(-36.0875834132426,27.990598251419,-25.75));
#2590=CARTESIAN_POINT('',(-35.703072108763,28.1696014652997,-20.25));
#2591=CARTESIAN_POINT('',(-35.703072108763,28.1696014652997,-25.75));
#2592=CARTESIAN_POINT('',(-35.3523383387131,27.9311126471158,-20.25));
#2593=CARTESIAN_POINT('',(-35.3523383387131,27.9311126471158,-25.75));
#2594=CARTESIAN_POINT('',(-35.6334851709247,27.5176438348248,-20.5));
#2595=CARTESIAN_POINT('',(-35.4347945516477,27.9764706407237,-20.5));
#2596=CARTESIAN_POINT('',(-35.8834851709247,27.950656536717,-20.5));
#2597=CARTESIAN_POINT('',(-35.4347945516477,27.9764706407237,-20.5));
#2598=CARTESIAN_POINT('',(-36.1125010079843,27.6609750172176,-25.5));
#2599=CARTESIAN_POINT('',(-36.1125010079843,27.6609750172176,-20.5));
#2600=CARTESIAN_POINT('',(-35.6334851709247,27.5176438348248,-20.5));
#2601=CARTESIAN_POINT('',(-36.2179010572796,25.8554859484629,-25.5481244869914));
#2602=CARTESIAN_POINT('',(-36.3149531560141,25.9033571628925,-25.5474608746299));
#2603=CARTESIAN_POINT('',(-36.4074311341422,25.9934354874094,-25.5452616557095));
#2604=CARTESIAN_POINT('',(-36.5044967207377,26.2187360211155,-25.5383455922199));
#2605=CARTESIAN_POINT('',(-36.5056712526,26.3469917604863,-25.5338382562696));
#2606=CARTESIAN_POINT('',(-36.4746701006527,26.4505982646812,-25.5298602809638));
#2607=CARTESIAN_POINT('',(-36.2374649742356,25.796334240275,-23.8468288497477));
#2608=CARTESIAN_POINT('',(-36.3341327923015,25.8444727886623,-23.8466457713895));
#2609=CARTESIAN_POINT('',(-36.4260447514571,25.9346128241979,-23.8460758616967));
#2610=CARTESIAN_POINT('',(-36.5223770430399,26.1596341823295,-23.8443115945331));
#2611=CARTESIAN_POINT('',(-36.52343507545,26.2876246895379,-23.8431686158732));
#2612=CARTESIAN_POINT('',(-36.4924684245356,26.3911158905697,-23.8421571787104));
#2613=CARTESIAN_POINT('',(-36.2353475908893,25.8026051854955,-22.1436850354921));
#2614=CARTESIAN_POINT('',(-36.3320656983673,25.8507134669669,-22.1440800952893));
#2615=CARTESIAN_POINT('',(-36.4240472359188,25.9408566209293,-22.1453284816886));
#2616=CARTESIAN_POINT('',(-36.5204634492156,26.1659458956106,-22.1492086654106));
#2617=CARTESIAN_POINT('',(-36.5215301130164,26.2939911142086,-22.1517267938314));
#2618=CARTESIAN_POINT('',(-36.4905533151589,26.3975162265314,-22.1539552741411));
#2619=CARTESIAN_POINT('',(-36.2061564853967,25.8909879343735,-20.4429758745227));
#2620=CARTESIAN_POINT('',(-36.3034421394592,25.9386949029026,-20.4439551848842));
#2621=CARTESIAN_POINT('',(-36.3962644190782,26.028722377106,-20.4472333866068));
#2622=CARTESIAN_POINT('',(-36.493783067642,26.2541481642509,-20.4575675539897));
#2623=CARTESIAN_POINT('',(-36.4950355961347,26.3825363488958,-20.4643086355245));
#2624=CARTESIAN_POINT('',(-36.4640203108577,26.4861900869773,-20.4702556551385));
#2625=CARTESIAN_POINT('',(-36.4655996218524,26.4809119962962,-20.5));
#2626=CARTESIAN_POINT('',(-36.533089494928,26.2553594158685,-20.5));
#2627=CARTESIAN_POINT('',(-36.4184451894636,25.9918549733608,-20.5));
#2628=CARTESIAN_POINT('',(-36.2071251870093,25.8880553320102,-20.5));
#2629=CARTESIAN_POINT('',(-36.4655996218524,26.4809119962962,-20.5));
#2630=CARTESIAN_POINT('',(-36.2071250803345,25.8880555491836,-20.5));
#2631=CARTESIAN_POINT('',(-36.4760937703936,26.4458403303558,-25.5));
#2632=CARTESIAN_POINT('',(-36.4934364693537,26.3878806643531,-23.8332091825506));
#2633=CARTESIAN_POINT('',(-36.4915521733233,26.3941780214613,-22.1655819114774));
#2634=CARTESIAN_POINT('',(-36.4655996218524,26.4809119962962,-20.5));
#2635=CARTESIAN_POINT('',(-36.2303065201418,25.8180287470106,-23.7281786406922));
#2636=CARTESIAN_POINT('',(-36.2291212561579,25.8216023731953,-24.3189400392575));
#2637=CARTESIAN_POINT('',(-36.2250953577621,25.8337363361925,-24.9096066307027));
#2638=CARTESIAN_POINT('',(-36.2184486561347,25.8538303737056,-25.5));
#2639=CARTESIAN_POINT('',(-36.2303065201418,25.8180287470106,-23.7281786406922));
#2640=CARTESIAN_POINT('',(-36.2303064929233,25.8180287335023,-22.9967970105712));
#2641=CARTESIAN_POINT('',(-36.2445406344963,25.8250930350755,-22.9967970105713));
#2642=CARTESIAN_POINT('',(-36.2411736952744,25.823366189605,-23.0448671668901));
#2643=CARTESIAN_POINT('',(-36.2518693723227,25.8286250586098,-23.0974637956952));
#2644=CARTESIAN_POINT('',(-36.2541525904906,25.8296955708553,-23.1786165402646));
#2645=CARTESIAN_POINT('',(-36.2576414382452,25.8313876038707,-23.2697504662802));
#2646=CARTESIAN_POINT('',(-36.2582537654219,25.831677466785,-23.36250879778));
#2647=CARTESIAN_POINT('',(-36.2575999547861,25.831367607885,-23.4552904300118));
#2648=CARTESIAN_POINT('',(-36.2540964649788,25.8296686936444,-23.5464104366997));
#2649=CARTESIAN_POINT('',(-36.2517477584313,25.8285656050633,-23.6276146133225));
#2650=CARTESIAN_POINT('',(-36.2411576159661,25.8233588995119,-23.6802374435989));
#2651=CARTESIAN_POINT('',(-36.2443450294073,25.8249959574672,-23.7281786406287));
#2652=CARTESIAN_POINT('',(-36.2303065201418,25.8180287470107,-23.7281786406921));
#2653=CARTESIAN_POINT('',(-36.2303064929233,25.8180287335023,-22.9967970105712));
#2654=CARTESIAN_POINT('',(-36.2071250803345,25.8880555491836,-20.5));
#2655=CARTESIAN_POINT('',(-36.221080400446,25.845810048349,-21.3303042194685));
#2656=CARTESIAN_POINT('',(-36.2286176081729,25.8231201434479,-22.1639809925341));
#2657=CARTESIAN_POINT('',(-36.2303064929233,25.8180287335023,-22.9967970105713));
#2658=CARTESIAN_POINT('',(-42.0429616716166,24.0682794648175,-20.25));
#2659=CARTESIAN_POINT('',(-42.0429616716166,24.0682794648175,-25.75));
#2660=CARTESIAN_POINT('',(-42.0741321616575,24.4912682287378,-20.25));
#2661=CARTESIAN_POINT('',(-42.0741321616575,24.4912682287378,-25.75));
#2662=CARTESIAN_POINT('',(-41.7268551788379,24.7347631795191,-20.25));
#2663=CARTESIAN_POINT('',(-41.7268551788379,24.7347631795191,-25.75));
#2664=CARTESIAN_POINT('',(-41.3398159392139,24.5612935255635,-20.25));
#2665=CARTESIAN_POINT('',(-41.3398159392139,24.5612935255635,-25.75));
#2666=CARTESIAN_POINT('',(-41.5443137603942,24.1050253575608,-20.5));
#2667=CARTESIAN_POINT('',(-41.428934286971,24.5915308324658,-20.5));
#2668=CARTESIAN_POINT('',(-41.7943137603942,24.5380380594531,-20.5));
#2669=CARTESIAN_POINT('',(-41.428934286971,24.5915308324658,-20.5));
#2670=CARTESIAN_POINT('',(-42.0410147398784,24.1623676367228,-20.5));
#2671=CARTESIAN_POINT('',(-42.0410147398783,24.1623676367228,-20.5));
#2672=CARTESIAN_POINT('',(-41.5443137603942,24.1050253575608,-20.5));
#2673=CARTESIAN_POINT('',(-40.2508299375745,24.3030299747598,-20.25));
#2674=CARTESIAN_POINT('',(-40.2508299375745,24.3030299747598,-25.75));
#2675=CARTESIAN_POINT('',(-39.9077052075679,24.2877982651114,-20.25));
#2676=CARTESIAN_POINT('',(-39.9077052075679,24.2877982651114,-25.75));
#2677=CARTESIAN_POINT('',(-39.7032778236537,24.0117982107148,-20.25));
#2678=CARTESIAN_POINT('',(-39.7032778236537,24.0117982107148,-25.75));
#2679=CARTESIAN_POINT('',(-39.7887232114713,23.6791337085183,-20.25));
#2680=CARTESIAN_POINT('',(-39.7887232114713,23.6791337085183,-25.75));
#2681=CARTESIAN_POINT('',(-39.7739931287973,23.77208207752,-22.9967970105698));
#2682=CARTESIAN_POINT('',(-39.7731467102276,23.7855163744892,-22.9967949876508));
#2683=CARTESIAN_POINT('',(-39.7734423604503,23.7842718157952,-22.9568934351275));
#2684=CARTESIAN_POINT('',(-39.7729491353088,23.7965246980426,-22.9122757404024));
#2685=CARTESIAN_POINT('',(-39.7730189568639,23.8058371577565,-22.8170418189374));
#2686=CARTESIAN_POINT('',(-39.7731896819056,23.8209025983916,-22.689359672344));
#2687=CARTESIAN_POINT('',(-39.7739818879542,23.8357755703578,-22.5323180152253));
#2688=CARTESIAN_POINT('',(-39.7755335872386,23.8554506992074,-22.3241440053966));
#2689=CARTESIAN_POINT('',(-39.7784713213663,23.8790380241389,-22.0634140652323));
#2690=CARTESIAN_POINT('',(-39.7852354824548,23.916255140015,-21.6464965122528));
#2691=CARTESIAN_POINT('',(-39.7976392344172,23.9620304192545,-21.12529846477));
#2692=CARTESIAN_POINT('',(-39.8119927590709,23.9980890728182,-20.7084274426878));
#2693=CARTESIAN_POINT('',(-39.8203540666114,24.0159090864071,-20.5));
#2694=CARTESIAN_POINT('',(-39.7739931287973,23.77208207752,-22.9967970105698));
#2695=CARTESIAN_POINT('',(-39.8203540666114,24.0159090864071,-20.5));
#2696=CARTESIAN_POINT('',(-39.7739931538348,23.7720816801317,-23.3625049201542));
#2697=CARTESIAN_POINT('',(-39.7739931287963,23.7720820775343,-23.7281786406921));
#2698=CARTESIAN_POINT('',(-39.7942541228419,23.9477399698076,-25.5));
#2699=CARTESIAN_POINT('',(-39.7905792742446,23.935540860004,-25.3519149317041));
#2700=CARTESIAN_POINT('',(-39.7841598045349,23.9108659888884,-25.0557382358069));
#2701=CARTESIAN_POINT('',(-39.7784685920265,23.8792042726494,-24.6856130832786));
#2702=CARTESIAN_POINT('',(-39.7753342219011,23.8531613138926,-24.3894062415623));
#2703=CARTESIAN_POINT('',(-39.7739990868683,23.836138096137,-24.2046570302456));
#2704=CARTESIAN_POINT('',(-39.7732915232196,23.8222375769108,-24.056154123744));
#2705=CARTESIAN_POINT('',(-39.7730656216387,23.8099108821041,-23.946949134376));
#2706=CARTESIAN_POINT('',(-39.7728096173091,23.8024718477052,-23.8493566458849));
#2707=CARTESIAN_POINT('',(-39.7734540502142,23.7856882153679,-23.7865666962858));
#2708=CARTESIAN_POINT('',(-39.7728087971985,23.7908797067128,-23.7281815014245));
#2709=CARTESIAN_POINT('',(-39.7739931287971,23.7720820775257,-23.7281786407219));
#2710=CARTESIAN_POINT('',(-40.1576242144498,24.2900273668496,-20.5));
#2711=CARTESIAN_POINT('',(-40.1576242144498,24.2900273668496,-20.5));
#2712=CARTESIAN_POINT('',(-40.2730036878731,23.8035218919446,-20.5));
#2713=CARTESIAN_POINT('',(-36.2869373533537,25.8451307716641,-22.9967963948501));
#2714=CARTESIAN_POINT('',(-34.1602199589898,24.8565664500814,-22.9967963948501));
#2715=CARTESIAN_POINT('',(-34.1134180765469,22.5137319704214,-22.9967963948501));
#2716=CARTESIAN_POINT('',(-36.1922876395719,21.4365934016308,-22.9967963948501));
#2717=CARTESIAN_POINT('',(-38.271157202597,20.3594548328402,-22.9967963948501));
#2718=CARTESIAN_POINT('',(-40.1581454895179,21.7488212425059,-22.9967963948501));
#2719=CARTESIAN_POINT('',(-39.7392582735645,24.0563566796568,-22.9967963948501));
#2720=CARTESIAN_POINT('',(-36.2847036890623,25.8499360965155,-22.1657045579271));
#2721=CARTESIAN_POINT('',(-34.1533984158629,24.8592391863055,-22.1657045579271));
#2722=CARTESIAN_POINT('',(-34.1064955696688,22.5113506074254,-22.1657045579271));
#2723=CARTESIAN_POINT('',(-36.1898497913961,21.4318883724741,-22.1657045579271));
#2724=CARTESIAN_POINT('',(-38.2732040131234,20.3524261375227,-22.1657045579271));
#2725=CARTESIAN_POINT('',(-40.1642630212635,21.7447897694628,-22.1657045579271));
#2726=CARTESIAN_POINT('',(-39.7444721573701,24.0573031566801,-22.1657045579271));
#2727=CARTESIAN_POINT('',(-36.274756895131,25.8713348251666,-21.3323213370896));
#2728=CARTESIAN_POINT('',(-34.123021208313,24.8711412239379,-21.3323213370896));
#2729=CARTESIAN_POINT('',(-34.0756687575693,22.5007460921954,-21.3323213370896));
#2730=CARTESIAN_POINT('',(-36.1789937404068,21.410936273431,-21.3323213370896));
#2731=CARTESIAN_POINT('',(-38.2823187232443,20.3211264546666,-21.3323213370896));
#2732=CARTESIAN_POINT('',(-40.1915051757253,21.7268371022903,-21.3323213370896));
#2733=CARTESIAN_POINT('',(-39.7676902515105,24.0615179404089,-21.3323213370896));
#2734=CARTESIAN_POINT('',(-36.2561230429268,25.9114221889745,-20.4999975208661));
#2735=CARTESIAN_POINT('',(-34.0661139877779,24.8934379369997,-20.4999975208661));
#2736=CARTESIAN_POINT('',(-34.0179192691851,22.4808800960906,-20.4999975208661));
#2737=CARTESIAN_POINT('',(-36.1586565291349,21.3716856043574,-20.4999975208661));
#2738=CARTESIAN_POINT('',(-38.2993937890847,20.2624911126243,-20.4999975208661));
#2739=CARTESIAN_POINT('',(-40.2425393364284,21.6932054266894,-20.4999975208661));
#2740=CARTESIAN_POINT('',(-39.8111859283757,24.0694137164368,-20.4999975208661));
#2741=CARTESIAN_POINT('',(-37.3223554347789,23.6176159846846,-22.9967970105698));
#2742=CARTESIAN_POINT('',(-37.3223554347789,23.6176159846846,-20.5));
#2743=CARTESIAN_POINT('',(-36.2664028306444,25.8768231669293,-25.5000015102622));
#2744=CARTESIAN_POINT('',(-34.1119671597821,24.8698407285913,-25.5000015102622));
#2745=CARTESIAN_POINT('',(-34.0685061016439,22.4948797325822,-25.5000015102622));
#2746=CARTESIAN_POINT('',(-36.1750815311553,21.4033857381771,-25.5000015102622));
#2747=CARTESIAN_POINT('',(-38.2391898749444,20.3338954984804,-25.5000015102622));
#2748=CARTESIAN_POINT('',(-40.1474905930532,21.6815488375936,-25.5000015102622));
#2749=CARTESIAN_POINT('',(-39.786494981648,24.001112122918,-25.5000015102622));
#2750=CARTESIAN_POINT('',(-36.2752521867201,25.8578899982186,-24.9118813225807));
#2751=CARTESIAN_POINT('',(-34.138871652347,24.8593465240197,-24.9118813225807));
#2752=CARTESIAN_POINT('',(-34.0957748173543,22.5042887655588,-24.9118813225807));
#2753=CARTESIAN_POINT('',(-36.1846962006488,21.4219419800087,-24.9118813225807));
#2754=CARTESIAN_POINT('',(-38.2315063914322,20.361414547841,-24.9118813225807));
#2755=CARTESIAN_POINT('',(-40.1238146942678,21.6977739479859,-24.9118813225807));
#2756=CARTESIAN_POINT('',(-39.765844387876,23.9978982534056,-24.9118813225807));
#2757=CARTESIAN_POINT('',(-36.280649113418,25.8463432909988,-24.3208663967023));
#2758=CARTESIAN_POINT('',(-34.1552798037395,24.852946459163,-24.3208663967023));
#2759=CARTESIAN_POINT('',(-34.1124050962779,22.510027020505,-24.3208663967023));
#2760=CARTESIAN_POINT('',(-36.1905598664384,21.4332588121145,-24.3208663967023));
#2761=CARTESIAN_POINT('',(-38.2268204914702,20.3781974968967,-24.3208663967023));
#2762=CARTESIAN_POINT('',(-40.1093755543849,21.7076691008878,-24.3208663967023));
#2763=CARTESIAN_POINT('',(-39.753250280474,23.9959382217348,-24.3208663967023));
#2764=CARTESIAN_POINT('',(-36.2822366770453,25.8429467037515,-23.7281792115123));
#2765=CARTESIAN_POINT('',(-34.1601064367103,24.8510638117328,-23.7281792115123));
#2766=CARTESIAN_POINT('',(-34.1172970704343,22.5117149894819,-23.7281792115123));
#2767=CARTESIAN_POINT('',(-36.1922847263542,21.4365877791419,-23.7281792115123));
#2768=CARTESIAN_POINT('',(-38.225442083951,20.3831343806029,-23.7281792115123));
#2769=CARTESIAN_POINT('',(-40.1051281271787,21.7105798657939,-23.7281792115123));
#2770=CARTESIAN_POINT('',(-39.749545589277,23.9953616574858,-23.7281792115123));
#2771=CARTESIAN_POINT('',(-37.3223554347789,23.6176159846846,-23.7281786406922));
#2772=CARTESIAN_POINT('',(-36.30545133857,25.8537495262426,-22.9967970105698));
#2773=CARTESIAN_POINT('',(-36.30545133857,25.8537495262426,-23.7281786406922));
#2774=CARTESIAN_POINT('',(-34.256111123404,24.921791563716,-22.9967970105698));
#2775=CARTESIAN_POINT('',(-34.256111123404,24.921791563716,-23.7281786406922));
#2776=CARTESIAN_POINT('',(-34.1285435702884,22.6758121440842,-22.9967970105698));
#2777=CARTESIAN_POINT('',(-34.1285435702884,22.6758121440842,-23.7281786406922));
#2778=CARTESIAN_POINT('',(-36.0531615236984,21.5143960787681,-22.9967970105698));
#2779=CARTESIAN_POINT('',(-36.0531615236984,21.5143960787681,-23.7281786406922));
#2780=CARTESIAN_POINT('',(-37.9859712216367,20.3480366823969,-22.9967970105698));
#2781=CARTESIAN_POINT('',(-37.9859712216367,20.3480366823969,-23.7281786406922));
#2782=CARTESIAN_POINT('',(-39.9159438403804,21.5190846151681,-22.9967970105698));
#2783=CARTESIAN_POINT('',(-39.9159438403804,21.5190846151681,-23.7281786406922));
#2784=CARTESIAN_POINT('',(-39.7739931287963,23.7720820775343,-22.9967970105698));
#2785=CARTESIAN_POINT('',(-39.7739931287963,23.7720820775343,-23.7281786406922));
#2786=CARTESIAN_POINT('',(-41.4924997905971,24.6066060057467,-25.75));
#2787=CARTESIAN_POINT('',(-41.4924997905971,24.6066060057467,-20.25));
#2788=CARTESIAN_POINT('',(-40.0940587108237,24.2749521935689,-25.75));
#2789=CARTESIAN_POINT('',(-40.0940587108237,24.2749521935689,-20.25));
#2790=CARTESIAN_POINT('',(-40.9711464965667,24.4829620353589,-20.5));
#2791=CARTESIAN_POINT('',(-38.1026787135321,18.9321495638642,-20.25));
#2792=CARTESIAN_POINT('',(-38.1026787135321,18.9321495638642,-25.75));
#2793=CARTESIAN_POINT('',(-41.1586509378373,19.4410948964467,-20.25));
#2794=CARTESIAN_POINT('',(-41.1586509378373,19.4410948964467,-25.75));
#2795=CARTESIAN_POINT('',(-42.7810533725897,22.0803754664111,-20.25));
#2796=CARTESIAN_POINT('',(-42.7810533725897,22.0803754664111,-25.75));
#2797=CARTESIAN_POINT('',(-41.8553580300287,25.0369071709668,-20.25));
#2798=CARTESIAN_POINT('',(-41.8553580300287,25.0369071709668,-25.75));
#2799=CARTESIAN_POINT('',(-37.3223554347789,23.6176159846846,-20.5));
#2800=CARTESIAN_POINT('',(-38.9668259003256,19.16136005757,-20.5));
#2801=CARTESIAN_POINT('',(-38.9668259003256,19.16136005757,-20.5));
#2802=CARTESIAN_POINT('',(-40.4850567811809,19.5640628089975,-20.25));
#2803=CARTESIAN_POINT('',(-40.4850567811809,19.5640628089975,-25.75));
#2804=CARTESIAN_POINT('',(-33.0343599650879,18.3232146956284,-20.25));
#2805=CARTESIAN_POINT('',(-33.0343599650879,18.3232146956284,-25.75));
#2806=CARTESIAN_POINT('',(-30.6011632057698,11.1725405584415,-20.25));
#2807=CARTESIAN_POINT('',(-30.6011632057698,11.1725405584415,-25.75));
#2808=CARTESIAN_POINT('',(-35.7486878857977,5.64483065701826,-20.25));
#2809=CARTESIAN_POINT('',(-35.7486878857977,5.64483065701826,-25.75));
#2810=CARTESIAN_POINT('',(-41.8560164012072,11.332108901127,-20.5));
#2811=CARTESIAN_POINT('',(-24.5446794935265,12.2059951804988,-20.25));
#2812=CARTESIAN_POINT('',(-24.5446794935265,12.2059951804988,-25.75));
#2813=CARTESIAN_POINT('',(-31.9318026821766,10.5059278996962,-20.25));
#2814=CARTESIAN_POINT('',(-31.9318026821766,10.5059278996962,-25.75));
#2815=CARTESIAN_POINT('',(-36.3222444864345,16.6852351850618,-20.25));
#2816=CARTESIAN_POINT('',(-36.3222444864345,16.6852351850618,-25.75));
#2817=CARTESIAN_POINT('',(-32.2860333014375,23.1015282763765,-20.25));
#2818=CARTESIAN_POINT('',(-32.2860333014375,23.1015282763765,-25.75));
#2819=CARTESIAN_POINT('',(-32.899000327453,21.8865961712527,-20.5));
#2820=CARTESIAN_POINT('',(-32.899000327453,21.8865961712527,-20.5));
#2821=CARTESIAN_POINT('',(-26.1661972323345,19.2518053224955,-20.5));
#2822=CARTESIAN_POINT('',(-36.2849963598417,28.2529569807328,-20.25));
#2823=CARTESIAN_POINT('',(-36.2849963598417,28.2529569807328,-25.75));
#2824=CARTESIAN_POINT('',(-32.7681051612338,27.4658996739343,-20.25));
#2825=CARTESIAN_POINT('',(-32.7681051612338,27.4658996739343,-25.75));
#2826=CARTESIAN_POINT('',(-31.3827654943749,24.1389165188133,-20.25));
#2827=CARTESIAN_POINT('',(-31.3827654943749,24.1389165188133,-25.75));
#2828=CARTESIAN_POINT('',(-33.3017108756218,21.0884031963015,-20.25));
#2829=CARTESIAN_POINT('',(-33.3017108756218,21.0884031963015,-25.75));
#2830=CARTESIAN_POINT('',(-37.3223554347789,23.6176159846846,-20.5));
#2831=CARTESIAN_POINT('',(-36.1125010079843,27.6609750172175,-25.5));
#2832=CARTESIAN_POINT('',(-36.1125010079843,27.6609750172175,-20.5));
#2833=CARTESIAN_POINT('',(-36.4918524255511,26.3931745721781,-25.5));
#2834=CARTESIAN_POINT('',(-36.4918524255511,26.3931745721781,-20.5));
#2835=CARTESIAN_POINT('',(-36.2473715668334,27.2102347626315,-20.5));
#2836=CARTESIAN_POINT('',(-34.7911757907128,-4.82042320879254,-20.5));
#2837=CARTESIAN_POINT('',(-34.7911757907128,-4.82042320879254,-25.5));
#2838=CARTESIAN_POINT('',(-34.9394562374775,-4.58459603327334,-20.5));
#2839=CARTESIAN_POINT('',(-34.9394562374775,-4.58459603327334,-25.5));
#2840=CARTESIAN_POINT('',(-35.0776172594565,-4.34499133228422,-20.5));
#2841=CARTESIAN_POINT('',(-35.0776172594565,-4.34499133228422,-25.5));
#2842=CARTESIAN_POINT('',(-35.2058337975377,-4.10221447320657,-20.5));
#2843=CARTESIAN_POINT('',(-35.2058337975377,-4.10221447320657,-25.5));
#2844=CARTESIAN_POINT('',(-25.4789961905769,1.03477201381207,-20.5));
#2845=CARTESIAN_POINT('',(-35.2058337975377,-4.10221447320658,-20.5));
#2846=CARTESIAN_POINT('',(-34.7911757907128,-4.82042320879255,-20.5));
#2847=CARTESIAN_POINT('',(-35.2058337975377,-4.10221447320658,-20.5));
#2848=CARTESIAN_POINT('',(-34.7911757907128,-4.82042320879255,-20.5));
#2849=CARTESIAN_POINT('',(-53.7839713567532,5.07692811272604,-20.25));
#2850=CARTESIAN_POINT('',(-53.7839713567532,5.07692811272604,-25.75));
#2851=CARTESIAN_POINT('',(-54.1277201036765,5.32537909952403,-20.25));
#2852=CARTESIAN_POINT('',(-54.1277201036765,5.32537909952403,-25.75));
#2853=CARTESIAN_POINT('',(-54.0904857820165,5.74787726418601,-20.25));
#2854=CARTESIAN_POINT('',(-54.0904857820165,5.74787726418601,-25.75));
#2855=CARTESIAN_POINT('',(-53.7085815219257,5.93237720992242,-20.25));
#2856=CARTESIAN_POINT('',(-53.7085815219257,5.93237720992242,-25.75));
#2857=CARTESIAN_POINT('',(-53.4910804429149,5.4821625048881,-20.5));
#2858=CARTESIAN_POINT('',(-53.7890908031221,5.88364703162504,-20.5));
#2859=CARTESIAN_POINT('',(-53.9910804429149,5.4821625048881,-20.5));
#2860=CARTESIAN_POINT('',(-53.7890908031221,5.88364703162504,-20.5));
#2861=CARTESIAN_POINT('',(-53.8547168065512,5.1389882123758,-25.5));
#2862=CARTESIAN_POINT('',(-53.8547168065512,5.1389882123758,-20.5));
#2863=CARTESIAN_POINT('',(-53.4910804429149,5.4821625048881,-20.5));
#2864=CARTESIAN_POINT('',(-52.3438174314024,4.1449645577486,-25.5481244869914));
#2865=CARTESIAN_POINT('',(-52.4338011685756,4.0848505819688,-25.5474608746299));
#2866=CARTESIAN_POINT('',(-52.5580502750016,4.04980146587764,-25.5452616557095));
#2867=CARTESIAN_POINT('',(-52.801699053975,4.07839046890574,-25.5383455922198));
#2868=CARTESIAN_POINT('',(-52.9133590483824,4.14150116416079,-25.5338382562696));
#2869=CARTESIAN_POINT('',(-52.9875843370389,4.22015220139118,-25.5298602809638));
#2870=CARTESIAN_POINT('',(-52.3023725079441,4.09844585455204,-23.8468288497471));
#2871=CARTESIAN_POINT('',(-52.3923956227748,4.03879834257554,-23.8466457713901));
#2872=CARTESIAN_POINT('',(-52.5164151630167,4.00427026880749,-23.8460758616985));
#2873=CARTESIAN_POINT('',(-52.7594555213321,4.0333547361659,-23.8443115945366));
#2874=CARTESIAN_POINT('',(-52.8708275682192,4.09643370682832,-23.8431686158769));
#2875=CARTESIAN_POINT('',(-52.9449702519225,4.17499721370829,-23.8421571787141));
#2876=CARTESIAN_POINT('',(-52.3067446140997,4.10341503495504,-22.1436850354928));
#2877=CARTESIAN_POINT('',(-52.3967666617263,4.04370883760015,-22.1440800952886));
#2878=CARTESIAN_POINT('',(-52.5208236918106,4.0091220663745,-22.1453284816866));
#2879=CARTESIAN_POINT('',(-52.7639648284486,4.03816781365548,-22.1492086654069));
#2880=CARTESIAN_POINT('',(-52.8753885724846,4.10126666500624,-22.1517267938273));
#2881=CARTESIAN_POINT('',(-52.9495555507536,4.17985591504342,-22.1539552741371));
#2882=CARTESIAN_POINT('',(-52.3686907671443,4.17288664831105,-20.4429758745227));
#2883=CARTESIAN_POINT('',(-52.4586490408592,4.11248828473374,-20.4439551848842));
#2884=CARTESIAN_POINT('',(-52.5830262603674,4.07711556964815,-20.4472333866068));
#2885=CARTESIAN_POINT('',(-52.8270100429849,4.10537483622168,-20.4575675539897));
#2886=CARTESIAN_POINT('',(-52.9388237366795,4.16848420705041,-20.4643086355245));
#2887=CARTESIAN_POINT('',(-53.0130828644167,4.24717110104673,-20.4702556551385));
#2888=CARTESIAN_POINT('',(-53.0093015593008,4.2431643322643,-20.5));
#2889=CARTESIAN_POINT('',(-52.8477122312992,4.07194009746862,-20.5));
#2890=CARTESIAN_POINT('',(-52.5621885373451,4.03947275714597,-20.5));
#2891=CARTESIAN_POINT('',(-52.3666354098047,4.17058142692418,-20.5));
#2892=CARTESIAN_POINT('',(-53.0093015593008,4.24316433226427,-20.5));
#2893=CARTESIAN_POINT('',(-52.366635544545,4.17058162789402,-20.5));
#2894=CARTESIAN_POINT('',(-52.984175679914,4.21654030006628,-25.5));
#2895=CARTESIAN_POINT('',(-52.9426524862409,4.1725412491953,-23.8332091825506));
#2896=CARTESIAN_POINT('',(-52.9471640094581,4.17732177597993,-22.1655819114774));
#2897=CARTESIAN_POINT('',(-53.0093015593008,4.24316433226427,-20.5));
#2898=CARTESIAN_POINT('',(-52.3175812748211,4.11549251103809,-23.7281786406911));
#2899=CARTESIAN_POINT('',(-52.3200834938887,4.1183057928507,-24.3189400392567));
#2900=CARTESIAN_POINT('',(-52.3285788648949,4.12785930463311,-24.9096066307023));
#2901=CARTESIAN_POINT('',(-52.3426574610321,4.14366253585036,-25.5));
#2902=CARTESIAN_POINT('',(-52.3175812748211,4.11549251103809,-23.7281786406911));
#2903=CARTESIAN_POINT('',(-52.3175812495132,4.11549252785587,-22.996797010571));
#2904=CARTESIAN_POINT('',(-52.330816184925,4.10669755043716,-22.9967970105709));
#2905=CARTESIAN_POINT('',(-52.3276372232639,4.10874998260412,-23.0448671668908));
#2906=CARTESIAN_POINT('',(-52.3375393759437,4.10211668907034,-23.0974637956951));
#2907=CARTESIAN_POINT('',(-52.3396080758261,4.10067462025819,-23.1786165402649));
#2908=CARTESIAN_POINT('',(-52.3428178432792,4.09849920598016,-23.2697504662803));
#2909=CARTESIAN_POINT('',(-52.343375035515,4.09811384654686,-23.36250879778));
#2910=CARTESIAN_POINT('',(-52.342779784518,4.09852513371681,-23.4552904300117));
#2911=CARTESIAN_POINT('',(-52.3395567367232,4.10070978777142,-23.5464104366997));
#2912=CARTESIAN_POINT('',(-52.3374270807154,4.1021922830172,-23.6276146133221));
#2913=CARTESIAN_POINT('',(-52.3276228702058,4.10876026264566,-23.6802374435994));
#2914=CARTESIAN_POINT('',(-52.3306343107015,4.10681841061208,-23.7281786406272));
#2915=CARTESIAN_POINT('',(-52.3175812748212,4.11549251103803,-23.7281786406914));
#2916=CARTESIAN_POINT('',(-52.3175812495132,4.11549252785587,-22.996797010571));
#2917=CARTESIAN_POINT('',(-52.366635544545,4.17058162789403,-20.5));
#2918=CARTESIAN_POINT('',(-52.3370275276823,4.13737321574222,-21.3303042194684));
#2919=CARTESIAN_POINT('',(-52.321146097492,4.11950084992659,-22.1639809925337));
#2920=CARTESIAN_POINT('',(-52.3175812495132,4.11549252785588,-22.9967970105709));
#2921=CARTESIAN_POINT('',(-53.7085815219257,-1.79328915467415,-20.25));
#2922=CARTESIAN_POINT('',(-53.7085815219257,-1.79328915467415,-25.75));
#2923=CARTESIAN_POINT('',(-54.0904857820165,-1.60878920893774,-20.25));
#2924=CARTESIAN_POINT('',(-54.0904857820165,-1.60878920893774,-25.75));
#2925=CARTESIAN_POINT('',(-54.1277201036765,-1.18629104427575,-20.25));
#2926=CARTESIAN_POINT('',(-54.1277201036765,-1.18629104427575,-25.75));
#2927=CARTESIAN_POINT('',(-53.7839713567532,-0.937840057477774,-20.25));
#2928=CARTESIAN_POINT('',(-53.7839713567532,-0.937840057477774,-25.75));
#2929=CARTESIAN_POINT('',(-53.4910804429149,-1.34307444963983,-20.5));
#2930=CARTESIAN_POINT('',(-53.8547168065512,-0.999900157127525,-20.5));
#2931=CARTESIAN_POINT('',(-53.9910804429149,-1.34307444963983,-20.5));
#2932=CARTESIAN_POINT('',(-53.8547168065512,-0.999900157127525,-20.5));
#2933=CARTESIAN_POINT('',(-53.7890908031221,-1.74455897637677,-20.5));
#2934=CARTESIAN_POINT('',(-53.7890908031221,-1.74455897637677,-20.5));
#2935=CARTESIAN_POINT('',(-53.4910804429149,-1.34307444963983,-20.5));
#2936=CARTESIAN_POINT('',(-53.0158155600659,-0.123882291094205,-20.25));
#2937=CARTESIAN_POINT('',(-53.0158155600659,-0.123882291094205,-25.75));
#2938=CARTESIAN_POINT('',(-52.8310621477048,0.165656586713377,-20.25));
#2939=CARTESIAN_POINT('',(-52.8310621477048,0.165656586713377,-25.75));
#2940=CARTESIAN_POINT('',(-52.4898253974743,0.204695867357625,-20.25));
#2941=CARTESIAN_POINT('',(-52.4898253974743,0.204695867357625,-25.75));
#2942=CARTESIAN_POINT('',(-52.2444521814862,-0.0356342597941715,-20.25));
#2943=CARTESIAN_POINT('',(-52.2444521814862,-0.0356342597941715,-25.75));
#2944=CARTESIAN_POINT('',(-52.3175827890052,0.0235965504278689,-22.9967970105712));
#2945=CARTESIAN_POINT('',(-52.3287940221869,0.0310467188856769,-22.9967949850691));
#2946=CARTESIAN_POINT('',(-52.3278640273554,0.0301683986237164,-22.9568934355925));
#2947=CARTESIAN_POINT('',(-52.338228722283,0.0367219853746129,-22.9122757393853));
#2948=CARTESIAN_POINT('',(-52.3463284595921,0.0413177478949841,-22.8170418188737));
#2949=CARTESIAN_POINT('',(-52.3594608764938,0.0487026160331464,-22.6893596717954));
#2950=CARTESIAN_POINT('',(-52.3727373510418,0.0554530314342359,-22.5323180148701));
#2951=CARTESIAN_POINT('',(-52.3905523620923,0.0639467848602529,-22.3241440050555));
#2952=CARTESIAN_POINT('',(-52.4124484517468,0.0731962949366563,-22.0634140649599));
#2953=CARTESIAN_POINT('',(-52.4480615000934,0.08594691753464,-21.6464965120159));
#2954=CARTESIAN_POINT('',(-52.4939059307534,0.0980925928484127,-21.1252984646278));
#2955=CARTESIAN_POINT('',(-52.5323104030847,0.103691402644554,-20.7084274426355));
#2956=CARTESIAN_POINT('',(-52.5519236413138,0.105360304699719,-20.5));
#2957=CARTESIAN_POINT('',(-52.3175827890052,0.0235965504278689,-22.9967970105712));
#2958=CARTESIAN_POINT('',(-52.5519236413138,0.105360304699712,-20.5));
#2959=CARTESIAN_POINT('',(-52.3175824569521,0.0235963297691594,-23.3625049201542));
#2960=CARTESIAN_POINT('',(-52.3175827890151,0.0235965504344622,-23.7281786406915));
#2961=CARTESIAN_POINT('',(-52.4798374827003,0.0938789607416472,-25.5));
#2962=CARTESIAN_POINT('',(-52.4674353194118,0.0909619180810174,-25.3519149317473));
#2963=CARTESIAN_POINT('',(-52.4428565193433,0.0841839063731456,-25.0557382359396));
#2964=CARTESIAN_POINT('',(-52.4125910625061,0.0732817828677559,-24.6856130835084));
#2965=CARTESIAN_POINT('',(-52.3884700135799,0.062974747648793,-24.3894062419005));
#2966=CARTESIAN_POINT('',(-52.373059907032,0.0556193996268255,-24.2046570305818));
#2967=CARTESIAN_POINT('',(-52.3606679224493,0.0492819081196706,-24.0561541242378));
#2968=CARTESIAN_POINT('',(-52.3498797407799,0.0433141972056977,-23.9469491345517));
#2969=CARTESIAN_POINT('',(-52.343309345971,0.0398163863358081,-23.8493566471824));
#2970=CARTESIAN_POINT('',(-52.3290965102308,0.030866474768046,-23.7865666953673));
#2971=CARTESIAN_POINT('',(-52.3332698476315,0.0340210262616714,-23.7281815050595));
#2972=CARTESIAN_POINT('',(-52.317582789008,0.0235965504295251,-23.7281786407214));
#2973=CARTESIAN_POINT('',(-52.9579521097379,-0.0496650710452601,-20.5));
#2974=CARTESIAN_POINT('',(-52.9579521097379,-0.049665071045259,-20.5));
#2975=CARTESIAN_POINT('',(-52.5943157461016,-0.392839363557567,-20.5));
#2976=CARTESIAN_POINT('',(-52.3693677332709,4.0799997831659,-22.9967963948502));
#2977=CARTESIAN_POINT('',(-50.4498872203234,5.4275089125639,-22.9967963948502));
#2978=CARTESIAN_POINT('',(-48.3975321028543,4.29662329187432,-22.9967963948502));
#2979=CARTESIAN_POINT('',(-48.5041375203982,1.95770015474513,-22.9967963948502));
#2980=CARTESIAN_POINT('',(-48.610742937942,-0.381222982384032,-22.9967963948502));
#2981=CARTESIAN_POINT('',(-50.7574636873377,-1.32071957066838,-22.9967963948502));
#2982=CARTESIAN_POINT('',(-52.5464043880665,0.195815118243135,-22.9967963948502));
#2983=CARTESIAN_POINT('',(-52.3724124345199,4.08433685561145,-22.1657045579272));
#2984=CARTESIAN_POINT('',(-50.4487911062277,5.43475291031688,-22.1657045579272));
#2985=CARTESIAN_POINT('',(-48.3920085285651,4.30142767719064,-22.1657045579272));
#2986=CARTESIAN_POINT('',(-48.498843921535,1.9574588786176,-22.1657045579272));
#2987=CARTESIAN_POINT('',(-48.6056793145049,-0.386509919955416,-22.1657045579272));
#2988=CARTESIAN_POINT('',(-50.7570310951406,-1.32803324509011,-22.1657045579272));
#2989=CARTESIAN_POINT('',(-52.5498310031156,0.191773000926743,-22.1657045579272));
#2990=CARTESIAN_POINT('',(-52.3859708801748,4.10365039616765,-21.3323213370896));
#2991=CARTESIAN_POINT('',(-50.4439099693991,5.46701136256724,-21.3323213370896));
#2992=CARTESIAN_POINT('',(-48.3674113429313,4.32282222197154,-21.3323213370896));
#2993=CARTESIAN_POINT('',(-48.4752708460064,1.95638444503762,-21.3323213370896));
#2994=CARTESIAN_POINT('',(-48.5831303490815,-0.410053331896276,-21.3323213370896));
#2995=CARTESIAN_POINT('',(-50.7551047065344,-1.3606019764941,-21.3323213370896));
#2996=CARTESIAN_POINT('',(-52.5650901599664,0.173772933438112,-21.3323213370897));
#2997=CARTESIAN_POINT('',(-52.4113706295011,4.13983146745089,-20.4999975208661));
#2998=CARTESIAN_POINT('',(-50.4347658790641,5.52744281774038,-20.4999975208661));
#2999=CARTESIAN_POINT('',(-48.321332141441,4.36290174791542,-20.4999975208661));
#3000=CARTESIAN_POINT('',(-48.4311101638372,1.95437165210444,-20.4999975208661));
#3001=CARTESIAN_POINT('',(-48.5408881862335,-0.454158443706516,-20.4999975208661));
#3002=CARTESIAN_POINT('',(-50.7514959014437,-1.42161469392429,-20.4999975208661));
#3003=CARTESIAN_POINT('',(-52.5936759410217,0.140052460331998,-20.4999975208661));
#3004=CARTESIAN_POINT('',(-50.9579923811538,2.06954402762413,-22.9967970105712));
#3005=CARTESIAN_POINT('',(-50.9579923811538,2.06954402762413,-20.5));
#3006=CARTESIAN_POINT('',(-52.3865468913227,4.11362939911932,-25.5000015102622));
#3007=CARTESIAN_POINT('',(-50.437256683126,5.4759342017364,-25.5000015102622));
#3008=CARTESIAN_POINT('',(-48.3587495985159,4.32609208415483,-25.5000015102622));
#3009=CARTESIAN_POINT('',(-48.4667757860387,1.95599725000734,-25.5000015102622));
#3010=CARTESIAN_POINT('',(-48.5726242412564,-0.366318131725731,-25.5000015102622));
#3011=CARTESIAN_POINT('',(-50.6938766274776,-1.34512836211148,-25.5000015102622));
#3012=CARTESIAN_POINT('',(-52.5221795525516,0.127284650682234,-25.5000015102622));
#3013=CARTESIAN_POINT('',(-52.3745749642829,4.09649904759524,-24.9118813225803));
#3014=CARTESIAN_POINT('',(-50.441620681657,5.44738712541344,-24.9118813225803));
#3015=CARTESIAN_POINT('',(-48.3805324179539,4.30718120010937,-24.9118813225803));
#3016=CARTESIAN_POINT('',(-48.4876532976104,1.95694882289276,-24.9118813225803));
#3017=CARTESIAN_POINT('',(-48.5926146953346,-0.34590451513429,-24.9118813225803));
#3018=CARTESIAN_POINT('',(-50.6960900358639,-1.3165118771097,-24.9118813225803));
#3019=CARTESIAN_POINT('',(-52.5090709630234,0.143561654735948,-24.9118813225803));
#3020=CARTESIAN_POINT('',(-52.3672736858495,4.08605181836261,-24.3208663967016));
#3021=CARTESIAN_POINT('',(-50.4442821386014,5.42997721705003,-24.3208663967016));
#3022=CARTESIAN_POINT('',(-48.3938170319725,4.2956480835626,-24.3208663967016));
#3023=CARTESIAN_POINT('',(-48.5003857945991,1.95752915541259,-24.3208663967016));
#3024=CARTESIAN_POINT('',(-48.6048062055862,-0.333454932199704,-24.3208663967016));
#3025=CARTESIAN_POINT('',(-50.6974399197098,-1.29905963871136,-24.3208663967016));
#3026=CARTESIAN_POINT('',(-52.5010764721034,0.153488455848606,-24.3208663967016));
#3027=CARTESIAN_POINT('',(-52.3651259368208,4.08297865430767,-23.7281792115111));
#3028=CARTESIAN_POINT('',(-50.4450650345859,5.42485590656752,-23.7281792115111));
#3029=CARTESIAN_POINT('',(-48.3977248430654,4.29225549415695,-23.7281792115111));
#3030=CARTESIAN_POINT('',(-48.5041311945711,1.95769986642123,-23.7281792115111));
#3031=CARTESIAN_POINT('',(-48.6083924685317,-0.329792754418241,-23.7281792115111));
#3032=CARTESIAN_POINT('',(-50.6978370024598,-1.293925876397,-23.7281792115111));
#3033=CARTESIAN_POINT('',(-52.4987248072182,0.156408530413898,-23.7281792115111));
#3034=CARTESIAN_POINT('',(-50.9579923811538,2.06954402762413,-23.7281786406911));
#3035=CARTESIAN_POINT('',(-52.3860887862851,4.06827557893825,-22.996797010571));
#3036=CARTESIAN_POINT('',(-52.3860887862851,4.06827557893825,-23.7281786406916));
#3037=CARTESIAN_POINT('',(-50.5543194077582,5.37707728509225,-22.996797010571));
#3038=CARTESIAN_POINT('',(-50.5543194077582,5.37707728509225,-23.7281786406916));
#3039=CARTESIAN_POINT('',(-48.5454603973357,4.36456431679139,-22.996797010571));
#3040=CARTESIAN_POINT('',(-48.5454603973357,4.36456431679139,-23.7281786406916));
#3041=CARTESIAN_POINT('',(-48.5019535573399,2.11708824373947,-22.9967970105709));
#3042=CARTESIAN_POINT('',(-48.5019535573399,2.11708824373947,-23.7281786406916));
#3043=CARTESIAN_POINT('',(-48.4582615393359,-0.139953753715324,-22.9967970105709));
#3044=CARTESIAN_POINT('',(-48.4582615393359,-0.139953753715324,-23.7281786406916));
#3045=CARTESIAN_POINT('',(-50.4374051078525,-1.22583510354668,-22.9967970105709));
#3046=CARTESIAN_POINT('',(-50.4374051078525,-1.22583510354668,-23.7281786406916));
#3047=CARTESIAN_POINT('',(-52.3175827890151,0.0235965504344409,-22.9967970105709));
#3048=CARTESIAN_POINT('',(-52.3175827890151,0.0235965504344409,-23.7281786406916));
#3049=CARTESIAN_POINT('',(-53.8995550413919,-1.04741191143161,-25.75));
#3050=CARTESIAN_POINT('',(-53.8995550413919,-1.04741191143161,-20.25));
#3051=CARTESIAN_POINT('',(-52.9131138748973,-0.00215331674111377,-25.75));
#3052=CARTESIAN_POINT('',(-52.9131138748973,-0.00215331674111377,-20.25));
#3053=CARTESIAN_POINT('',(-53.5317995749961,-0.657728699648591,-20.5));
#3054=CARTESIAN_POINT('',(-47.2904210715209,-0.948968965350686,-20.25));
#3055=CARTESIAN_POINT('',(-47.2904210715209,-0.948968965350686,-25.75));
#3056=CARTESIAN_POINT('',(-49.2591667708275,-3.34104587856739,-20.25));
#3057=CARTESIAN_POINT('',(-49.2591667708275,-3.34104587856739,-25.75));
#3058=CARTESIAN_POINT('',(-52.3560520095075,-3.42644731724257,-20.25));
#3059=CARTESIAN_POINT('',(-52.3560520095075,-3.42644731724257,-25.75));
#3060=CARTESIAN_POINT('',(-54.4536359014664,-1.14650578214194,-20.25));
#3061=CARTESIAN_POINT('',(-54.4536359014664,-1.14650578214194,-25.75));
#3062=CARTESIAN_POINT('',(-50.9579923811538,2.06954402762414,-20.5));
#3063=CARTESIAN_POINT('',(-47.9209967752808,-1.58273713486985,-20.5));
#3064=CARTESIAN_POINT('',(-47.9209967752808,-1.58273713486985,-20.5));
#3065=CARTESIAN_POINT('',(-49.0288630286186,-2.69621227078669,-20.25));
#3066=CARTESIAN_POINT('',(-49.0288630286186,-2.69621227078669,-25.75));
#3067=CARTESIAN_POINT('',(-44.2289086321565,3.13585639116102,-20.25));
#3068=CARTESIAN_POINT('',(-44.2289086321565,3.13585639116102,-25.75));
#3069=CARTESIAN_POINT('',(-36.8196447955092,1.667729528543,-20.25));
#3070=CARTESIAN_POINT('',(-36.8196447955092,1.667729528543,-25.75));
#3071=CARTESIAN_POINT('',(-34.6062699361399,-5.55401256168018,-20.25));
#3072=CARTESIAN_POINT('',(-34.6062699361399,-5.55401256168018,-25.75));
#3073=CARTESIAN_POINT('',(-42.5852616316335,-7.99947508322752,-20.5));
#3074=CARTESIAN_POINT('',(-34.6864008957476,7.42952559198101,-20.25));
#3075=CARTESIAN_POINT('',(-34.6864008957476,7.42952559198101,-25.75));
#3076=CARTESIAN_POINT('',(-36.9076610367549,0.182055609323595,-20.25));
#3077=CARTESIAN_POINT('',(-36.9076610367549,0.182055609323595,-25.75));
#3078=CARTESIAN_POINT('',(-44.4543190258008,-0.530524884318126,-20.25));
#3079=CARTESIAN_POINT('',(-44.4543190258008,-0.530524884318126,-25.75));
#3080=CARTESIAN_POINT('',(-47.9928862485073,6.17308308258558,-20.25));
#3081=CARTESIAN_POINT('',(-47.9928862485073,6.17308308258558,-25.75));
#3082=CARTESIAN_POINT('',(-47.2472076946046,5.03477201381207,-20.5));
#3083=CARTESIAN_POINT('',(-47.2472076946046,5.03477201381207,-20.5));
#3084=CARTESIAN_POINT('',(-41.5990103383628,9.54815510848459,-20.5));
#3085=CARTESIAN_POINT('',(-54.4536359014664,5.28559383739022,-20.25));
#3086=CARTESIAN_POINT('',(-54.4536359014664,5.28559383739022,-25.75));
#3087=CARTESIAN_POINT('',(-52.0135786802407,7.93778230433129,-20.25));
#3088=CARTESIAN_POINT('',(-52.0135786802407,7.93778230433129,-25.75));
#3089=CARTESIAN_POINT('',(-48.4396569165137,7.47403007114083,-20.25));
#3090=CARTESIAN_POINT('',(-48.4396569165137,7.47403007114083,-25.75));
#3091=CARTESIAN_POINT('',(-46.757307575259,4.28691796125028,-20.25));
#3092=CARTESIAN_POINT('',(-46.757307575259,4.28691796125028,-25.75));
#3093=CARTESIAN_POINT('',(-50.9579923811538,2.06954402762413,-20.5));
#3094=CARTESIAN_POINT('',(-53.8547168065512,5.13898821237577,-25.5));
#3095=CARTESIAN_POINT('',(-53.8547168065512,5.13898821237577,-20.5));
#3096=CARTESIAN_POINT('',(-52.9464451230013,4.17656002528154,-25.5));
#3097=CARTESIAN_POINT('',(-52.9464451230013,4.17656002528154,-20.5));
#3098=CARTESIAN_POINT('',(-53.5317995749961,4.79681675489686,-20.5));
#3099=CARTESIAN_POINT('',(-43.1320936413868,-21.4569774841273,-20.25));
#3100=CARTESIAN_POINT('',(-43.1320936413868,-21.4569774841273,-25.75));
#3101=CARTESIAN_POINT('',(-43.5191328810108,-21.6304471380829,-20.25));
#3102=CARTESIAN_POINT('',(-43.5191328810108,-21.6304471380829,-25.75));
#3103=CARTESIAN_POINT('',(-43.8664098638303,-21.3869521873016,-20.25));
#3104=CARTESIAN_POINT('',(-43.8664098638303,-21.3869521873016,-25.75));
#3105=CARTESIAN_POINT('',(-43.8352393737895,-20.9639634233813,-20.25));
#3106=CARTESIAN_POINT('',(-43.8352393737895,-20.9639634233813,-25.75));
#3107=CARTESIAN_POINT('',(-43.336591462567,-21.0007093161246,-20.5));
#3108=CARTESIAN_POINT('',(-43.8332924420513,-21.0580515952865,-20.5));
#3109=CARTESIAN_POINT('',(-43.586591462567,-21.4337220180169,-20.5));
#3110=CARTESIAN_POINT('',(-43.8332924420513,-21.0580515952865,-20.5));
#3111=CARTESIAN_POINT('',(-43.2212119891439,-21.4872147910297,-25.5));
#3112=CARTESIAN_POINT('',(-43.2212119891439,-21.4872147910297,-20.5));
#3113=CARTESIAN_POINT('',(-43.336591462567,-21.0007093161246,-20.5));
#3114=CARTESIAN_POINT('',(-41.6049125646996,-20.6757493769023,-25.5481244869914));
#3115=CARTESIAN_POINT('',(-41.5978442031384,-20.7837345671117,-25.5474608746299));
#3116=CARTESIAN_POINT('',(-41.6296153314362,-20.9088620077197,-25.5452616557095));
#3117=CARTESIAN_POINT('',(-41.7761985238141,-21.1055735383976,-25.5383455922199));
#3118=CARTESIAN_POINT('',(-41.8866839863592,-21.1707185825134,-25.5338382562696));
#3119=CARTESIAN_POINT('',(-41.9919104269629,-21.195674049478,-25.5298602809638));
#3120=CARTESIAN_POINT('',(-41.5439037242481,-20.6631163719735,-23.8468288497456));
#3121=CARTESIAN_POINT('',(-41.5372590210266,-20.7709024323295,-23.8466457713856));
#3122=CARTESIAN_POINT('',(-41.5693666021266,-20.895570541622,-23.8460758616917));
#3123=CARTESIAN_POINT('',(-41.7160746688756,-21.0915074323719,-23.8443115945287));
#3124=CARTESIAN_POINT('',(-41.8263886833545,-21.1564189689067,-23.8431686158703));
#3125=CARTESIAN_POINT('',(-41.9314980179696,-21.1813466630507,-23.8421571787097));
#3126=CARTESIAN_POINT('',(-41.5503932137922,-20.6644181367499,-22.1436850354944));
#3127=CARTESIAN_POINT('',(-41.5436971539451,-20.7722326155735,-22.1440800952934));
#3128=CARTESIAN_POINT('',(-41.5757726464818,-20.8969625407562,-22.1453284816938));
#3129=CARTESIAN_POINT('',(-41.7224975698267,-21.0930060681417,-22.1492086654152));
#3130=CARTESIAN_POINT('',(-41.8328546500616,-21.1579524353802,-22.1517267938343));
#3131=CARTESIAN_POINT('',(-41.9379984261862,-21.1828882976586,-22.1539552741419));
#3132=CARTESIAN_POINT('',(-41.6415304723244,-20.6833292722505,-20.4429758745227));
#3133=CARTESIAN_POINT('',(-41.6342030919769,-20.7914346043568,-20.4439551848842));
#3134=CARTESIAN_POINT('',(-41.665758031866,-20.9168347936458,-20.4472333866068));
#3135=CARTESIAN_POINT('',(-41.8122231659197,-21.1140013142172,-20.4575675539897));
#3136=CARTESIAN_POINT('',(-41.9227843311215,-21.1792801280333,-20.4643086355246));
#3137=CARTESIAN_POINT('',(-42.0280587441358,-21.2042469721185,-20.4702556551385));
#3138=CARTESIAN_POINT('',(-42.0226981280253,-21.2029756502198,-20.5));
#3139=CARTESIAN_POINT('',(-41.7936189269479,-21.148647304588,-20.5));
#3140=CARTESIAN_POINT('',(-41.6227395384586,-20.9176102024025,-20.5));
#3141=CARTESIAN_POINT('',(-41.6385064133722,-20.6827018912739,-20.5));
#3142=CARTESIAN_POINT('',(-42.0226981280253,-21.2029756502198,-20.5));
#3143=CARTESIAN_POINT('',(-41.6385066547873,-20.6827019074775,-20.5));
#3144=CARTESIAN_POINT('',(-41.9870781000972,-21.1945280164775,-25.5));
#3145=CARTESIAN_POINT('',(-41.928212207464,-21.1805674013458,-23.8332091825506));
#3146=CARTESIAN_POINT('',(-41.9346080267116,-21.1820842316693,-22.1655819114774));
#3147=CARTESIAN_POINT('',(-42.0226981280253,-21.2029756502198,-20.5));
#3148=CARTESIAN_POINT('',(-41.5662709452562,-20.6677642221605,-23.7281786406913));
#3149=CARTESIAN_POINT('',(-41.5699584283077,-20.6685245665326,-24.3189400392569));
#3150=CARTESIAN_POINT('',(-41.5824796977097,-20.6711050177473,-24.9096066307023));
#3151=CARTESIAN_POINT('',(-41.6032049954743,-20.6753958240432,-25.5));
#3152=CARTESIAN_POINT('',(-41.5662709452562,-20.6677642221605,-23.7281786406912));
#3153=CARTESIAN_POINT('',(-41.5662709471669,-20.6677641918344,-22.9967970105707));
#3154=CARTESIAN_POINT('',(-41.5652717410023,-20.6836234708298,-22.9967970105706));
#3155=CARTESIAN_POINT('',(-41.565459718568,-20.679844193187,-23.0448671668908));
#3156=CARTESIAN_POINT('',(-41.5646661941968,-20.6917363557285,-23.0974637956951));
#3157=CARTESIAN_POINT('',(-41.5644516759127,-20.6942489367849,-23.1786165402648));
#3158=CARTESIAN_POINT('',(-41.5641725956107,-20.6981163840784,-23.2697504662803));
#3159=CARTESIAN_POINT('',(-41.5641174606698,-20.698791606426,-23.3625087977801));
#3160=CARTESIAN_POINT('',(-41.5641760203088,-20.6980704603561,-23.4552904300119));
#3161=CARTESIAN_POINT('',(-41.5644564623211,-20.6941868920617,-23.5464104366999));
#3162=CARTESIAN_POINT('',(-41.5646755128612,-20.6916013082322,-23.6276146133225));
#3163=CARTESIAN_POINT('',(-41.5654614448159,-20.6798266230568,-23.6802374435994));
#3164=CARTESIAN_POINT('',(-41.5652854718728,-20.6834055330371,-23.728178640628));
#3165=CARTESIAN_POINT('',(-41.5662709452562,-20.6677642221604,-23.7281786406908));
#3166=CARTESIAN_POINT('',(-41.5662709471668,-20.6677641918343,-22.9967970105706));
#3167=CARTESIAN_POINT('',(-41.6385066547874,-20.6827019074775,-20.5));
#3168=CARTESIAN_POINT('',(-41.5949433178132,-20.6736648187947,-21.3303042194683));
#3169=CARTESIAN_POINT('',(-41.571524679896,-20.6688472797093,-22.1639809925334));
#3170=CARTESIAN_POINT('',(-41.5662709471668,-20.6677641918344,-22.9967970105704));
#3171=CARTESIAN_POINT('',(-37.1446160408859,-24.8267966056796,-20.25));
#3172=CARTESIAN_POINT('',(-37.1446160408859,-24.8267966056796,-25.75));
#3173=CARTESIAN_POINT('',(-37.4953498109359,-25.0652854238635,-20.25));
#3174=CARTESIAN_POINT('',(-37.4953498109359,-25.0652854238635,-25.75));
#3175=CARTESIAN_POINT('',(-37.8798611154154,-24.8862822099828,-20.25));
#3176=CARTESIAN_POINT('',(-37.8798611154154,-24.8862822099828,-25.75));
#3177=CARTESIAN_POINT('',(-37.9231516081162,-24.4643615692293,-20.25));
#3178=CARTESIAN_POINT('',(-37.9231516081162,-24.4643615692293,-25.75));
#3179=CARTESIAN_POINT('',(-37.4257628730975,-24.4133277933886,-20.5));
#3180=CARTESIAN_POINT('',(-37.9047787101572,-24.5566589757813,-20.5));
#3181=CARTESIAN_POINT('',(-37.6757628730975,-24.8463404952808,-20.5));
#3182=CARTESIAN_POINT('',(-37.9047787101572,-24.5566589757813,-20.5));
#3183=CARTESIAN_POINT('',(-37.2270722538206,-24.8721545992875,-20.5));
#3184=CARTESIAN_POINT('',(-37.2270722538206,-24.8721545992875,-20.5));
#3185=CARTESIAN_POINT('',(-37.4257628730975,-24.4133277933886,-20.5));
#3186=CARTESIAN_POINT('',(-38.2439818130683,-23.392140252042,-20.25));
#3187=CARTESIAN_POINT('',(-38.2439818130683,-23.392140252042,-25.75));
#3188=CARTESIAN_POINT('',(-38.4023531306782,-23.0873696641633,-20.25));
#3189=CARTESIAN_POINT('',(-38.4023531306782,-23.0873696641633,-25.75));
#3190=CARTESIAN_POINT('',(-38.2655437638517,-22.7723303291177,-20.25));
#3191=CARTESIAN_POINT('',(-38.2655437638517,-22.7723303291177,-25.75));
#3192=CARTESIAN_POINT('',(-37.9347251598023,-22.6799959547372,-20.25));
#3193=CARTESIAN_POINT('',(-37.9347251598023,-22.6799959547372,-25.75));
#3194=CARTESIAN_POINT('',(-38.0225858500933,-22.7137135134284,-22.9967970105728));
#3195=CARTESIAN_POINT('',(-38.0346435018497,-22.7196976419276,-22.9967949891747));
#3196=CARTESIAN_POINT('',(-38.0334178575817,-22.7193314033379,-22.9568934348528));
#3197=CARTESIAN_POINT('',(-38.0442757773334,-22.7250306988968,-22.9122757410025));
#3198=CARTESIAN_POINT('',(-38.052305693328,-22.729747396041,-22.8170418189747));
#3199=CARTESIAN_POINT('',(-38.0652673850758,-22.7374279685594,-22.6893596726675));
#3200=CARTESIAN_POINT('',(-38.0777516536211,-22.7455505251143,-22.5323180154347));
#3201=CARTESIAN_POINT('',(-38.0940149653849,-22.7567319005378,-22.3241440055976));
#3202=CARTESIAN_POINT('',(-38.1129733209237,-22.7710697153898,-22.063414065393));
#3203=CARTESIAN_POINT('',(-38.1418222081854,-22.795536208666,-21.6464965123925));
#3204=CARTESIAN_POINT('',(-38.1752628868954,-22.8291658125903,-21.1252984648538));
#3205=CARTESIAN_POINT('',(-38.1993138345841,-22.8596256563596,-20.7084274427186));
#3206=CARTESIAN_POINT('',(-38.2105657652793,-22.8757767678953,-20.5));
#3207=CARTESIAN_POINT('',(-38.0225858500933,-22.7137135134284,-22.9967970105728));
#3208=CARTESIAN_POINT('',(-38.2105657652793,-22.8757767678953,-20.5));
#3209=CARTESIAN_POINT('',(-38.0225854936942,-22.7137133365505,-23.3625049201542));
#3210=CARTESIAN_POINT('',(-38.022585849973,-22.7137135133687,-23.7281786406907));
#3211=CARTESIAN_POINT('',(-38.1645795504353,-22.8190889952539,-25.5));
#3212=CARTESIAN_POINT('',(-38.1558522357382,-22.8098069281094,-25.3519149316658));
#3213=CARTESIAN_POINT('',(-38.1376929053668,-22.7919100686996,-25.0557382356896));
#3214=CARTESIAN_POINT('',(-38.1131186610246,-22.7711504759653,-24.6856130830753));
#3215=CARTESIAN_POINT('',(-38.0921319822055,-22.7554145524289,-24.3894062412632));
#3216=CARTESIAN_POINT('',(-38.0780570106919,-22.7457466826959,-24.2046570299482));
#3217=CARTESIAN_POINT('',(-38.0663725897242,-22.7381836549799,-24.0561541233069));
#3218=CARTESIAN_POINT('',(-38.0558103096952,-22.7318246710848,-23.9469491342209));
#3219=CARTESIAN_POINT('',(-38.0494959189788,-22.7278834475715,-23.8493566447357));
#3220=CARTESIAN_POINT('',(-38.0346386507499,-22.7200497267786,-23.7865666971003));
#3221=CARTESIAN_POINT('',(-38.0394572401807,-22.7220866666935,-23.7281814982038));
#3222=CARTESIAN_POINT('',(-38.0225858499649,-22.7137135133649,-23.7281786407217));
#3223=CARTESIAN_POINT('',(-38.279324085865,-23.3049204240829,-20.5));
#3224=CARTESIAN_POINT('',(-38.279324085865,-23.3049204240829,-20.5));
#3225=CARTESIAN_POINT('',(-37.8003082488055,-23.1615892416901,-20.5));
#3226=CARTESIAN_POINT('',(-41.5614265704941,-20.7303589746862,-22.9967963948517));
#3227=CARTESIAN_POINT('',(-41.7686634519105,-18.3942855237054,-22.9967963948517));
#3228=CARTESIAN_POINT('',(-39.7631102168843,-17.182336664735,-22.9967963948517));
#3229=CARTESIAN_POINT('',(-37.7908460714031,-18.4441212330736,-22.9967963948517));
#3230=CARTESIAN_POINT('',(-35.8185819259219,-19.7059058014122,-22.9967963948517));
#3231=CARTESIAN_POINT('',(-36.0783143883967,-22.0347687993623,-22.9967963948517));
#3232=CARTESIAN_POINT('',(-38.2861423050789,-22.8257695476016,-22.9967963948517));
#3233=CARTESIAN_POINT('',(-41.5667049360345,-20.730827227092,-22.1657045579282));
#3234=CARTESIAN_POINT('',(-41.7743888809416,-18.3897142621766,-22.1657045579282));
#3235=CARTESIAN_POINT('',(-39.7645091494731,-17.1751509164227,-22.1657045579282));
#3236=CARTESIAN_POINT('',(-37.7879903207157,-18.4396574800444,-22.1657045579282));
#3237=CARTESIAN_POINT('',(-35.8114714919583,-19.7041640436662,-22.1657045579282));
#3238=CARTESIAN_POINT('',(-36.0717642644539,-22.0380510007409,-22.1657045579282));
#3239=CARTESIAN_POINT('',(-38.2843550363224,-22.8307581419412,-22.1657045579282));
#3240=CARTESIAN_POINT('',(-41.5902101756207,-20.7329124151869,-21.3323213370902));
#3241=CARTESIAN_POINT('',(-41.7998849516629,-18.3693578475586,-21.3323213370902));
#3242=CARTESIAN_POINT('',(-39.7707387759389,-17.1431518564118,-21.3323213370902));
#3243=CARTESIAN_POINT('',(-37.7752732961765,-18.4197798145813,-21.3323213370902));
#3244=CARTESIAN_POINT('',(-35.779807816414,-19.6964077727509,-21.3323213370902));
#3245=CARTESIAN_POINT('',(-36.042595721386,-22.0526670649724,-21.3323213370902));
#3246=CARTESIAN_POINT('',(-38.2763960990328,-22.8529729931587,-21.3323213370902));
#3247=CARTESIAN_POINT('',(-41.6342437771513,-20.7368187077116,-20.4999975208661));
#3248=CARTESIAN_POINT('',(-41.847648081863,-18.3312231054473,-20.4999975208661));
#3249=CARTESIAN_POINT('',(-39.7824090628328,-17.0832063343631,-20.4999975208661));
#3250=CARTESIAN_POINT('',(-37.7514498252792,-18.3825419384409,-20.4999975208661));
#3251=CARTESIAN_POINT('',(-35.7204905877256,-19.6818775425188,-20.4999975208661));
#3252=CARTESIAN_POINT('',(-35.9879527555921,-22.0800481068016,-20.4999975208661));
#3253=CARTESIAN_POINT('',(-38.2614862032229,-22.8945892422927,-20.4999975208662));
#3254=CARTESIAN_POINT('',(-39.1146331369517,-20.5132999432484,-22.9967970105728));
#3255=CARTESIAN_POINT('',(-39.1146331369517,-20.5132999432484,-20.5));
#3256=CARTESIAN_POINT('',(-41.5991402512551,-20.7284217539979,-25.5000015102622));
#3257=CARTESIAN_POINT('',(-41.8042857139208,-18.3591345130428,-25.5000015102622));
#3258=CARTESIAN_POINT('',(-39.7692396874488,-17.1340156346153,-25.5000015102622));
#3259=CARTESIAN_POINT('',(-37.7706904454602,-18.4126164743577,-25.5000015102622));
#3260=CARTESIAN_POINT('',(-35.8124305568888,-19.6654416163941,-25.5000015102622));
#3261=CARTESIAN_POINT('',(-36.0253822250013,-21.991905185893,-25.5000015102622));
#3262=CARTESIAN_POINT('',(-38.2146807614805,-22.8390554584236,-25.5000015102622));
#3263=CARTESIAN_POINT('',(-41.5783189681397,-20.7266189368113,-24.9118813225804));
#3264=CARTESIAN_POINT('',(-41.7817452198868,-18.3771873847942,-24.9118813225804));
#3265=CARTESIAN_POINT('',(-39.7637537911764,-17.1623355516373,-24.9118813225804));
#3266=CARTESIAN_POINT('',(-37.7819532875384,-18.4302211433039,-24.9118813225804));
#3267=CARTESIAN_POINT('',(-35.8401044944792,-19.6725470491633,-24.9118813225804));
#3268=CARTESIAN_POINT('',(-36.051271532173,-21.9795138112836,-24.9118813225804));
#3269=CARTESIAN_POINT('',(-38.2222227657244,-22.8195645848576,-24.9118813225804));
#3270=CARTESIAN_POINT('',(-41.5656207630083,-20.7255194588241,-24.3208663967017));
#3271=CARTESIAN_POINT('',(-41.7679985254387,-18.3881972283008,-24.3208663967017));
#3272=CARTESIAN_POINT('',(-39.7604081262714,-17.1796069231303,-24.3208663967017));
#3273=CARTESIAN_POINT('',(-37.7888221187375,-18.4409576428898,-24.3208663967017));
#3274=CARTESIAN_POINT('',(-35.8569819046928,-19.6768804152844,-24.3208663967017));
#3275=CARTESIAN_POINT('',(-36.0670605559018,-21.9719567257871,-24.3208663967017));
#3276=CARTESIAN_POINT('',(-38.2268223822062,-22.8076777520741,-24.3208663967017));
#3277=CARTESIAN_POINT('',(-41.5618854503524,-20.7251960356318,-23.7281792115113));
#3278=CARTESIAN_POINT('',(-41.7639547884525,-18.3914358913532,-23.7281792115113));
#3279=CARTESIAN_POINT('',(-39.759423963208,-17.1846874815128,-23.7281792115113));
#3280=CARTESIAN_POINT('',(-37.7908426587937,-18.4441158989086,-23.7281792115113));
#3281=CARTESIAN_POINT('',(-35.8619465751575,-19.6781551212092,-23.7281792115113));
#3282=CARTESIAN_POINT('',(-36.071705065858,-21.9697337283789,-23.7281792115113));
#3283=CARTESIAN_POINT('',(-38.2281754085181,-22.8041811132598,-23.7281792115113));
#3284=CARTESIAN_POINT('',(-39.1146331369517,-20.5132999432484,-23.7281786406912));
#3285=CARTESIAN_POINT('',(-41.5596336382995,-20.7507019335028,-22.9967970105706));
#3286=CARTESIAN_POINT('',(-41.5596336382995,-20.7507019335028,-23.7281786406913));
#3287=CARTESIAN_POINT('',(-41.7772044750698,-18.5099422650096,-22.9967970105706));
#3288=CARTESIAN_POINT('',(-41.7772044750698,-18.5099422650096,-23.7281786406912));
#3289=CARTESIAN_POINT('',(-39.8959130179744,-17.2764758134886,-22.9967970105706));
#3290=CARTESIAN_POINT('',(-39.8959130179744,-17.2764758134886,-23.7281786406912));
#3291=CARTESIAN_POINT('',(-37.9277882243597,-18.3625358208905,-22.9967970105706));
#3292=CARTESIAN_POINT('',(-37.9277882243597,-18.3625358208905,-23.7281786406912));
#3293=CARTESIAN_POINT('',(-35.9512865082127,-19.4532184216245,-22.9967970105706));
#3294=CARTESIAN_POINT('',(-35.9512865082127,-19.4532184216245,-23.7281786406912));
#3295=CARTESIAN_POINT('',(-36.000457457452,-21.7101477043506,-22.9967970105706));
#3296=CARTESIAN_POINT('',(-36.000457457452,-21.7101477043506,-23.7281786406912));
#3297=CARTESIAN_POINT('',(-38.0225858500932,-22.7137135134284,-22.9967970105706));
#3298=CARTESIAN_POINT('',(-38.0225858500932,-22.7137135134284,-23.7281786406912));
#3299=CARTESIAN_POINT('',(-37.8860514413717,-24.6192459033663,-25.75));
#3300=CARTESIAN_POINT('',(-37.8860514413717,-24.6192459033663,-20.25));
#3301=CARTESIAN_POINT('',(-38.2980513546504,-23.2423334964979,-25.75));
#3302=CARTESIAN_POINT('',(-38.2980513546504,-23.2423334964979,-20.25));
#3303=CARTESIAN_POINT('',(-38.0396492690062,-24.1059187211954,-20.5));
#3304=CARTESIAN_POINT('',(-34.6667385485657,-18.8463465154028,-20.25));
#3305=CARTESIAN_POINT('',(-34.6667385485657,-18.8463465154028,-25.75));
#3306=CARTESIAN_POINT('',(-33.579512023567,-21.747368761202,-20.25));
#3307=CARTESIAN_POINT('',(-33.579512023567,-21.747368761202,-25.75));
#3308=CARTESIAN_POINT('',(-35.0539948274947,-24.4720507698416,-20.25));
#3309=CARTESIAN_POINT('',(-35.0539948274947,-24.4720507698416,-25.75));
#3310=CARTESIAN_POINT('',(-38.0772740620145,-25.1486409392966,-20.25));
#3311=CARTESIAN_POINT('',(-38.0772740620145,-25.1486409392966,-25.75));
#3312=CARTESIAN_POINT('',(-39.1146331369517,-20.5132999432484,-20.5));
#3313=CARTESIAN_POINT('',(-34.4331670655322,-19.7093251786277,-20.5));
#3314=CARTESIAN_POINT('',(-34.4331670655322,-19.7093251786277,-20.5));
#3315=CARTESIAN_POINT('',(-34.0228024380147,-21.2255030659722,-20.25));
#3316=CARTESIAN_POINT('',(-34.0228024380147,-21.2255030659722,-25.75));
#3317=CARTESIAN_POINT('',(-36.549061769644,-14.4847417331639,-20.25));
#3318=CARTESIAN_POINT('',(-36.549061769644,-14.4847417331639,-25.75));
#3319=CARTESIAN_POINT('',(-31.9898434999881,-8.91398071458088,-20.25));
#3320=CARTESIAN_POINT('',(-31.9898434999881,-8.91398071458088,-25.75));
#3321=CARTESIAN_POINT('',(-24.8826381970829,-10.0574326544908,-20.25));
#3322=CARTESIAN_POINT('',(-24.8826381970829,-10.0574326544908,-25.75));
#3323=CARTESIAN_POINT('',(-26.4500240022337,-9.95498143975009,-20.5));
#3324=CARTESIAN_POINT('',(-26.4500240022337,-9.95498143975009,-20.5));
#3325=CARTESIAN_POINT('',(-26.208241421003,-18.2968119705425,-20.5));
#3326=CARTESIAN_POINT('',(-35.620717592798,-3.74169757470571,-20.25));
#3327=CARTESIAN_POINT('',(-35.620717592798,-3.74169757470571,-25.75));
#3328=CARTESIAN_POINT('',(-30.4548545451552,-9.28910027656053,-20.25));
#3329=CARTESIAN_POINT('',(-30.4548545451552,-9.28910027656053,-25.75));
#3330=CARTESIAN_POINT('',(-33.6110707299431,-16.1809880555678,-20.25));
#3331=CARTESIAN_POINT('',(-33.6110707299431,-16.1809880555678,-25.75));
#3332=CARTESIAN_POINT('',(-41.1858491376467,-15.8936731799788,-20.25));
#3333=CARTESIAN_POINT('',(-41.1858491376467,-15.8936731799788,-25.75));
#3334=CARTESIAN_POINT('',(-39.8272035577285,-15.8170521436286,-20.5));
#3335=CARTESIAN_POINT('',(-39.8272035577285,-15.8170521436286,-20.5));
#3336=CARTESIAN_POINT('',(-40.9118092966053,-8.66887820019883,-20.5));
#3337=CARTESIAN_POINT('',(-43.6476357322016,-21.9325911295306,-20.25));
#3338=CARTESIAN_POINT('',(-43.6476357322016,-21.9325911295306,-25.75));
#3339=CARTESIAN_POINT('',(-44.7244697095838,-18.4933453557909,-20.25));
#3340=CARTESIAN_POINT('',(-44.7244697095838,-18.4933453557909,-25.75));
#3341=CARTESIAN_POINT('',(-42.5358876127156,-15.6301144338604,-20.25));
#3342=CARTESIAN_POINT('',(-42.5358876127156,-15.6301144338604,-25.75));
#3343=CARTESIAN_POINT('',(-38.9345928902141,-15.7667132212391,-20.25));
#3344=CARTESIAN_POINT('',(-38.9345928902141,-15.7667132212391,-25.75));
#3345=CARTESIAN_POINT('',(-39.1146331369517,-20.5132999432484,-20.5));
#3346=CARTESIAN_POINT('',(-43.2212119891438,-21.4872147910297,-25.5));
#3347=CARTESIAN_POINT('',(-43.2212119891438,-21.4872147910297,-20.5));
#3348=CARTESIAN_POINT('',(-41.933588888027,-21.1818425330845,-25.5));
#3349=CARTESIAN_POINT('',(-41.933588888027,-21.1818425330845,-20.5));
#3350=CARTESIAN_POINT('',(-42.7634241987396,-21.3786459939226,-20.5));
#3351=CARTESIAN_POINT('',(1.42809640513701,-1.99873155131001,-22.9967970105711));
#3352=CARTESIAN_POINT('',(1.42809640513701,-1.99873155131001,-23.7281786406915));
#3353=CARTESIAN_POINT('',(-0.403672973263354,-3.30753325738158,-22.9967970105711));
#3354=CARTESIAN_POINT('',(-0.403672973263354,-3.30753325738158,-23.7281786406915));
#3355=CARTESIAN_POINT('',(-2.41253198360356,-2.29502028924857,-22.9967970105711));
#3356=CARTESIAN_POINT('',(-2.41253198360356,-2.29502028924857,-23.7281786406915));
#3357=CARTESIAN_POINT('',(-2.45603882380943,-0.0475442163479821,-22.9967970105711));
#3358=CARTESIAN_POINT('',(-2.45603882380943,-0.0475442163479821,-23.7281786406915));
#3359=CARTESIAN_POINT('',(-2.49973084202411,2.20949778094601,-22.9967970105711));
#3360=CARTESIAN_POINT('',(-2.49973084202411,2.20949778094601,-23.7281786406915));
#3361=CARTESIAN_POINT('',(-0.520587273800034,3.29537913098468,-22.9967970105711));
#3362=CARTESIAN_POINT('',(-0.520587273800034,3.29537913098468,-23.7281786406915));
#3363=CARTESIAN_POINT('',(1.35959040747064,2.04594747744931,-22.9967970105711));
#3364=CARTESIAN_POINT('',(1.35959040747064,2.04594747744931,-23.7281786406915));
#3365=CARTESIAN_POINT('',(0.,0.,-23.7281786406914));
#3366=CARTESIAN_POINT('',(1.35958889366731,-2.04594848341395,-23.7281786406914));
#3367=CARTESIAN_POINT('',(1.35959040747064,2.0459474774493,-23.7281786406914));
#3368=CARTESIAN_POINT('',(1.35959007579832,2.04594769785498,-23.3625049201542));
#3369=CARTESIAN_POINT('',(1.35959040738213,2.04594747750812,-22.9967970105711));
#3370=CARTESIAN_POINT('',(0.,0.,-22.9967970105711));
#3371=CARTESIAN_POINT('',(1.35958886835943,-2.04594850023174,-22.9967970105711));
#3372=CARTESIAN_POINT('',(1.35958886835943,-2.04594850023174,-22.9967970105711));
#3373=CARTESIAN_POINT('',(1.37282380377113,-2.03715352281311,-22.9967970105711));
#3374=CARTESIAN_POINT('',(1.36964484211031,-2.03920595497984,-23.0448671668908));
#3375=CARTESIAN_POINT('',(1.37954699479002,-2.03257266144616,-23.0974637956953));
#3376=CARTESIAN_POINT('',(1.38161569467235,-2.03113059263403,-23.178616540265));
#3377=CARTESIAN_POINT('',(1.3848254621255,-2.02895517835594,-23.2697504662804));
#3378=CARTESIAN_POINT('',(1.38538265436115,-2.02856981892274,-23.3625087977802));
#3379=CARTESIAN_POINT('',(1.38478740336429,-2.02898110609262,-23.4552904300119));
#3380=CARTESIAN_POINT('',(1.38156435556954,-2.03116576014723,-23.5464104366999));
#3381=CARTESIAN_POINT('',(1.37943469956149,-2.03264825539315,-23.6276146133225));
#3382=CARTESIAN_POINT('',(1.36963048905238,-2.03921623502128,-23.6802374435994));
#3383=CARTESIAN_POINT('',(1.37264192954703,-2.03727438298837,-23.7281786406279));
#3384=CARTESIAN_POINT('',(1.35958889366732,-2.04594848341395,-23.7281786406915));
#3385=CARTESIAN_POINT('',(2.94156266023812,3.11695593905577,-25.75));
#3386=CARTESIAN_POINT('',(2.94156266023812,3.11695593905577,-20.25));
#3387=CARTESIAN_POINT('',(1.9551214937435,2.07169734436528,-25.75));
#3388=CARTESIAN_POINT('',(1.9551214937435,2.07169734436528,-20.25));
#3389=CARTESIAN_POINT('',(2.5738071938423,2.72727272727272,-20.5));
#3390=CARTESIAN_POINT('',(1.99995972858416,2.11920909866939,-20.5));
#3391=CARTESIAN_POINT('',(2.89672442539745,3.06944418475166,-20.5));
#3392=CARTESIAN_POINT('',(1.99995972858416,2.11920909866939,-20.5));
#3393=CARTESIAN_POINT('',(2.89672442539745,3.06944418475166,-20.5));
#3394=CARTESIAN_POINT('',(-3.66757130963285,3.01851299297485,-20.25));
#3395=CARTESIAN_POINT('',(-3.66757130963285,3.01851299297485,-25.75));
#3396=CARTESIAN_POINT('',(-1.69882561032631,5.41058990619152,-20.25));
#3397=CARTESIAN_POINT('',(-1.69882561032631,5.41058990619152,-25.75));
#3398=CARTESIAN_POINT('',(1.39805962835373,5.49599134486669,-20.25));
#3399=CARTESIAN_POINT('',(1.39805962835373,5.49599134486669,-25.75));
#3400=CARTESIAN_POINT('',(3.4956435203126,3.21604980976609,-20.25));
#3401=CARTESIAN_POINT('',(3.4956435203126,3.21604980976609,-25.75));
#3402=CARTESIAN_POINT('',(-4.33680868994202E-16,-2.16840434497101E-15,-20.5));
#3403=CARTESIAN_POINT('',(2.83109842196828,3.81410300400091,-20.5));
#3404=CARTESIAN_POINT('',(-3.03699560587295,3.65228116249399,-20.5));
#3405=CARTESIAN_POINT('',(2.83109842196828,3.81410300400091,-20.5));
#3406=CARTESIAN_POINT('',(-3.03699560587295,3.65228116249399,-20.5));
#3407=CARTESIAN_POINT('',(-1.92912935253513,4.76575629841086,-20.25));
#3408=CARTESIAN_POINT('',(-1.92912935253513,4.76575629841086,-25.75));
#3409=CARTESIAN_POINT('',(-6.7290837489973,-1.06631236353689,-20.25));
#3410=CARTESIAN_POINT('',(-6.7290837489973,-1.06631236353689,-25.75));
#3411=CARTESIAN_POINT('',(-14.1383475856446,0.401814499081116,-20.25));
#3412=CARTESIAN_POINT('',(-14.1383475856446,0.401814499081116,-25.75));
#3413=CARTESIAN_POINT('',(-16.3517224450139,7.62355658930432,-20.25));
#3414=CARTESIAN_POINT('',(-16.3517224450139,7.62355658930432,-25.75));
#3415=CARTESIAN_POINT('',(-15.752158583616,6.17175850083072,-20.5));
#3416=CARTESIAN_POINT('',(-15.752158583616,6.17175850083072,-20.5));
#3417=CARTESIAN_POINT('',(-8.37273074952034,10.0690191108517,-20.5));
#3418=CARTESIAN_POINT('',(-16.166816590441,6.88996723641669,-20.5));
#3419=CARTESIAN_POINT('',(-16.166816590441,6.88996723641669,-25.5));
#3420=CARTESIAN_POINT('',(-16.0185361436764,6.65414006089749,-20.5));
#3421=CARTESIAN_POINT('',(-16.0185361436764,6.65414006089749,-25.5));
#3422=CARTESIAN_POINT('',(-15.8803751216973,6.41453535990837,-20.5));
#3423=CARTESIAN_POINT('',(-15.8803751216973,6.41453535990837,-25.5));
#3424=CARTESIAN_POINT('',(-15.7521585836161,6.17175850083072,-20.5));
#3425=CARTESIAN_POINT('',(-15.7521585836161,6.17175850083072,-25.5));
#3426=CARTESIAN_POINT('',(-25.4789961905769,1.03477201381207,-20.5));
#3427=CARTESIAN_POINT('',(-16.0915108893378,-4.84311953946866,-20.25));
#3428=CARTESIAN_POINT('',(-16.0915108893378,-4.84311953946866,-25.75));
#3429=CARTESIAN_POINT('',(-13.4764792567845,1.83714318355265,-20.25));
#3430=CARTESIAN_POINT('',(-13.4764792567845,1.83714318355265,-25.75));
#3431=CARTESIAN_POINT('',(-6.3139767213985,2.2406997699595,-20.25));
#3432=CARTESIAN_POINT('',(-6.3139767213985,2.2406997699595,-25.75));
#3433=CARTESIAN_POINT('',(-2.96510613264646,-4.10353905496144,-20.25));
#3434=CARTESIAN_POINT('',(-2.96510613264646,-4.10353905496144,-25.75));
#3435=CARTESIAN_POINT('',(-9.35898204279098,-7.47861108086046,-20.5));
#3436=CARTESIAN_POINT('',(-3.71078468654919,-2.96522798618793,-20.5));
#3437=CARTESIAN_POINT('',(-15.4784174243115,-3.62825123459575,-20.5));
#3438=CARTESIAN_POINT('',(-15.4784174243115,-3.62825123459575,-20.5));
#3439=CARTESIAN_POINT('',(-3.71078468654919,-2.96522798618793,-20.5));
#3440=CARTESIAN_POINT('',(3.4956435203126,-3.21604980976609,-20.25));
#3441=CARTESIAN_POINT('',(3.4956435203126,-3.21604980976609,-25.75));
#3442=CARTESIAN_POINT('',(1.05558629908689,-5.86823827670715,-20.25));
#3443=CARTESIAN_POINT('',(1.05558629908689,-5.86823827670715,-25.75));
#3444=CARTESIAN_POINT('',(-2.51833546464014,-5.40448604351668,-20.25));
#3445=CARTESIAN_POINT('',(-2.51833546464014,-5.40448604351668,-25.75));
#3446=CARTESIAN_POINT('',(-4.20068480589479,-2.21737393362614,-20.25));
#3447=CARTESIAN_POINT('',(-4.20068480589479,-2.21737393362614,-25.75));
#3448=CARTESIAN_POINT('',(2.83109842196828,-3.81410300400091,-20.5));
#3449=CARTESIAN_POINT('',(2.83109842196828,-3.81410300400091,-20.5));
#3450=CARTESIAN_POINT('',(1.3010426069826E-15,8.67361737988404E-16,-20.5));
#3451=CARTESIAN_POINT('',(2.89672442539745,-3.06944418475166,-25.5000000021078));
#3452=CARTESIAN_POINT('',(2.89672442539745,-3.06944418475166,-20.4999999964876));
#3453=CARTESIAN_POINT('',(1.99076318291098,-2.10946420081551,-25.5000000021078));
#3454=CARTESIAN_POINT('',(1.99076318291098,-2.10946420081551,-20.4999999964876));
#3455=CARTESIAN_POINT('',(2.02693574293734,-2.14779358176975,-25.5300026360789));
#3456=CARTESIAN_POINT('',(1.98432461390691,-2.10264172643225,-23.842193373825));
#3457=CARTESIAN_POINT('',(1.98890904333337,-2.10749950652347,-22.1538755261371));
#3458=CARTESIAN_POINT('',(2.05243305935585,-2.17481119826146,-20.4700428361548));
#3459=CARTESIAN_POINT('',(2.05130917814697,-2.17362030464014,-20.5));
#3460=CARTESIAN_POINT('',(2.5738071938423,-2.72727272727273,-20.5));
#3461=CARTESIAN_POINT('',(2.89672442539745,-3.06944418475166,-20.5));
#3462=CARTESIAN_POINT('',(2.89672442539745,-3.06944418475166,-25.5));
#3463=CARTESIAN_POINT('',(-57.2186483802796,-27.9092207875455,-20.5));
#3464=CARTESIAN_POINT('',(-57.2186483802796,31.0135368289817,-20.5));
#3465=CARTESIAN_POINT('',(6.26065599912575,-27.9092207875455,-20.5));
#3466=CARTESIAN_POINT('',(6.26065599912575,31.0135368289817,-20.5));
#3467=CARTESIAN_POINT('',(-26.4789961905769,-8.95540122170723,-20.5));
#3468=CARTESIAN_POINT('',(-25.4789961905769,-8.95540122170723,-20.5));
#3469=CARTESIAN_POINT('',(-25.4789961905769,1.03477201381209,-20.5));
#3470=CARTESIAN_POINT('',(-25.4789961905769,-8.91510235725414,-20.5));
#3471=CARTESIAN_POINT('',(-26.4789961905769,-8.91510235725413,-20.5));
#3472=CARTESIAN_POINT('',(-16.3621522207698,-3.07413976793659,-20.5));
#3473=CARTESIAN_POINT('',(-16.8621522207698,-3.94016517172103,-20.5));
#3474=CARTESIAN_POINT('',(-16.8618726191105,-3.94032659981429,-20.5));
#3475=CARTESIAN_POINT('',(-16.8248134902399,-3.96172269784371,-20.5));
#3476=CARTESIAN_POINT('',(-16.3248134902398,-3.09569729405927,-20.5));
#3477=CARTESIAN_POINT('',(2.53308806176109,-3.41261847726397,-20.5));
#3478=CARTESIAN_POINT('',(3.03308806176109,-3.41261847726397,-20.5));
#3479=CARTESIAN_POINT('',(2.53308806176109,-3.41261847726397,-20.5));
#3480=CARTESIAN_POINT('',(2.05130917814698,-2.17362030464014,-20.5));
#3481=CARTESIAN_POINT('',(1.88971985014532,-2.00239606984449,-20.5));
#3482=CARTESIAN_POINT('',(1.60419615619115,-1.96992872952155,-20.5));
#3483=CARTESIAN_POINT('',(1.40864302865088,-2.10103739930005,-20.5));
#3484=CARTESIAN_POINT('',(1.40864316339118,-2.10103760026989,-20.5));
#3485=CARTESIAN_POINT('',(0.,0.,-20.5));
#3486=CARTESIAN_POINT('',(1.59393126016003,1.96418372292443,-20.5));
#3487=CARTESIAN_POINT('',(1.6363233649478,2.4623833911817,-20.5));
#3488=CARTESIAN_POINT('',(2.53308806176109,3.41261847726397,-20.5));
#3489=CARTESIAN_POINT('',(3.03308806176109,3.41261847726397,-20.5));
#3490=CARTESIAN_POINT('',(2.53308806176109,3.41261847726397,-20.5));
#3491=CARTESIAN_POINT('',(1.42855451016884,-2.04408537149518,-25.5000015102622));
#3492=CARTESIAN_POINT('',(-0.520735698027761,-3.40639017411227,-25.5000015102622));
#3493=CARTESIAN_POINT('',(-2.59924278263791,-2.25654805653071,-25.5000015102622));
#3494=CARTESIAN_POINT('',(-2.49121659511516,0.113546777616809,-25.5000015102622));
#3495=CARTESIAN_POINT('',(-2.38536813989741,2.43586215934991,-25.5000015102622));
#3496=CARTESIAN_POINT('',(-0.26411575367612,3.41467238973563,-25.5000015102622));
#3497=CARTESIAN_POINT('',(1.56418717139786,1.94225937694188,-25.5000015102622));
#3498=CARTESIAN_POINT('',(1.41658258312912,-2.0269550199711,-24.9118813225804));
#3499=CARTESIAN_POINT('',(-0.516371699496806,-3.37784309778931,-24.9118813225804));
#3500=CARTESIAN_POINT('',(-2.57745996319997,-2.23763717248526,-24.9118813225805));
#3501=CARTESIAN_POINT('',(-2.47033908354345,0.112595204731387,-24.9118813225804));
#3502=CARTESIAN_POINT('',(-2.36537768581922,2.41544854275848,-24.9118813225805));
#3503=CARTESIAN_POINT('',(-0.26190234528985,3.38605590473386,-24.9118813225805));
#3504=CARTESIAN_POINT('',(1.55107858186967,1.92598237288817,-24.9118813225804));
#3505=CARTESIAN_POINT('',(1.40928130469567,-2.01650779073847,-24.3208663967018));
#3506=CARTESIAN_POINT('',(-0.513710242552409,-3.3604331894259,-24.3208663967018));
#3507=CARTESIAN_POINT('',(-2.56417534918133,-2.22610405593849,-24.3208663967018));
#3508=CARTESIAN_POINT('',(-2.45760658655471,0.112014872211556,-24.3208663967018));
#3509=CARTESIAN_POINT('',(-2.35318617556763,2.40299895982389,-24.3208663967018));
#3510=CARTESIAN_POINT('',(-0.26055246144396,3.36860366633552,-24.3208663967018));
#3511=CARTESIAN_POINT('',(1.54308409094958,1.91605557177552,-24.3208663967018));
#3512=CARTESIAN_POINT('',(1.40713355566698,-2.01343462668353,-23.7281792115115));
#3513=CARTESIAN_POINT('',(-0.512927346567916,-3.35531187894339,-23.7281792115115));
#3514=CARTESIAN_POINT('',(-2.56026753808837,-2.22271146653284,-23.7281792115115));
#3515=CARTESIAN_POINT('',(-2.4538611865827,0.11184416120291,-23.7281792115115));
#3516=CARTESIAN_POINT('',(-2.34959991262208,2.39933678204242,-23.7281792115115));
#3517=CARTESIAN_POINT('',(-0.260155378693963,3.36346990402115,-23.7281792115115));
#3518=CARTESIAN_POINT('',(1.54073242606445,1.91313549721022,-23.7281792115115));
#3519=CARTESIAN_POINT('',(1.52184510154655,1.97566506688249,-25.5));
#3520=CARTESIAN_POINT('',(1.50944293825466,1.97858210954391,-25.3519149317073));
#3521=CARTESIAN_POINT('',(1.48486413817925,1.98536012125405,-25.0557382358168));
#3522=CARTESIAN_POINT('',(1.45459868133519,1.99626224476272,-24.6856130832957));
#3523=CARTESIAN_POINT('',(1.43047763240019,2.00656927998718,-24.3894062415874));
#3524=CARTESIAN_POINT('',(1.41506752585307,2.01392462800916,-24.2046570302706));
#3525=CARTESIAN_POINT('',(1.4026755412545,2.02026211952667,-24.0561541237805));
#3526=CARTESIAN_POINT('',(1.39188735961397,2.02622983042392,-23.9469491343894));
#3527=CARTESIAN_POINT('',(1.38531696469123,2.02972764136354,-23.8493566459799));
#3528=CARTESIAN_POINT('',(1.37110412915167,2.03867755281137,-23.7865666962197));
#3529=CARTESIAN_POINT('',(1.37527746607874,2.03552300160643,-23.7281815016894));
#3530=CARTESIAN_POINT('',(1.35959040746355,2.04594747745424,-23.7281786407212));
#3531=CARTESIAN_POINT('',(1.35958889366731,-2.04594848341395,-23.7281786406914));
#3532=CARTESIAN_POINT('',(1.36209111273489,-2.04876176522657,-24.318940039257));
#3533=CARTESIAN_POINT('',(1.37058648374112,-2.05831527700898,-24.9096066307024));
#3534=CARTESIAN_POINT('',(1.38466507987833,-2.07411850822622,-25.5));
#3535=CARTESIAN_POINT('',(1.41137535211711,-2.01045575554177,-22.99679639485));
#3536=CARTESIAN_POINT('',(-0.50810516083042,-3.35796488493976,-22.99679639485));
#3537=CARTESIAN_POINT('',(-2.5604602782995,-2.22707926425018,-22.99679639485));
#3538=CARTESIAN_POINT('',(-2.45385486075566,0.111843872879013,-22.99679639485));
#3539=CARTESIAN_POINT('',(-2.34724944321181,2.45076701000821,-22.99679639485));
#3540=CARTESIAN_POINT('',(-0.200528693816082,3.39026359829253,-22.99679639485));
#3541=CARTESIAN_POINT('',(1.58841200691277,1.87372890938099,-22.99679639485));
#3542=CARTESIAN_POINT('',(1.41442005336614,-2.01479282798733,-22.1657045579271));
#3543=CARTESIAN_POINT('',(-0.509201274926146,-3.36520888269274,-22.1657045579271));
#3544=CARTESIAN_POINT('',(-2.56598385258874,-2.2318836495665,-22.1657045579271));
#3545=CARTESIAN_POINT('',(-2.45914845961882,0.112085149006543,-22.1657045579271));
#3546=CARTESIAN_POINT('',(-2.3523130666489,2.4560539475796,-22.1657045579271));
#3547=CARTESIAN_POINT('',(-0.200961286013197,3.39757727271426,-22.1657045579271));
#3548=CARTESIAN_POINT('',(1.59183862196181,1.87777102669738,-22.1657045579271));
#3549=CARTESIAN_POINT('',(1.42797849902106,-2.03410636854353,-21.3323213370896));
#3550=CARTESIAN_POINT('',(-0.51408241175468,-3.39746733494309,-21.3323213370896));
#3551=CARTESIAN_POINT('',(-2.59058103822248,-2.25327819434741,-21.3323213370896));
#3552=CARTESIAN_POINT('',(-2.48272153514739,0.11315958258652,-21.3323213370896));
#3553=CARTESIAN_POINT('',(-2.3748620320723,2.47959735952046,-21.3323213370896));
#3554=CARTESIAN_POINT('',(-0.202887674619375,3.43014600411825,-21.3323213370896));
#3555=CARTESIAN_POINT('',(1.60709777881264,1.89577109418601,-21.3323213370896));
#3556=CARTESIAN_POINT('',(1.45337824834734,-2.07028743982676,-20.4999975208662));
#3557=CARTESIAN_POINT('',(-0.523226502089774,-3.45789879011623,-20.4999975208661));
#3558=CARTESIAN_POINT('',(-2.63666023971283,-2.29335772029128,-20.4999975208661));
#3559=CARTESIAN_POINT('',(-2.52688221731659,0.115172375519701,-20.4999975208662));
#3560=CARTESIAN_POINT('',(-2.41710419492034,2.52370247133069,-20.4999975208661));
#3561=CARTESIAN_POINT('',(-0.206496479710108,3.49115872154844,-20.4999975208661));
#3562=CARTESIAN_POINT('',(1.63568355986793,1.92949156729212,-20.4999975208661));
#3563=CARTESIAN_POINT('',(1.35959040738213,2.04594747750812,-22.9967970105711));
#3564=CARTESIAN_POINT('',(1.37080164055696,2.03849730903668,-22.9967949879315));
#3565=CARTESIAN_POINT('',(1.36987164627208,2.03937562895648,-22.956893435077));
#3566=CARTESIAN_POINT('',(1.38023634097766,2.03282204234226,-22.912275740513));
#3567=CARTESIAN_POINT('',(1.38833607845388,2.02822627971669,-22.8170418189443));
#3568=CARTESIAN_POINT('',(1.40146849527704,2.02084141162639,-22.6893596724036));
#3569=CARTESIAN_POINT('',(1.41474496985673,2.01409099620457,-22.5323180152639));
#3570=CARTESIAN_POINT('',(1.43255998090521,2.00559724277917,-22.3241440054336));
#3571=CARTESIAN_POINT('',(1.4544560705679,1.99634773269696,-22.0634140652619));
#3572=CARTESIAN_POINT('',(1.49006911891649,1.98359711009659,-21.6464965122786));
#3573=CARTESIAN_POINT('',(1.53591354958534,1.97145143477808,-21.1252984647854));
#3574=CARTESIAN_POINT('',(1.57431802192545,1.96585262498004,-20.7084274426935));
#3575=CARTESIAN_POINT('',(1.59393126016003,1.96418372292442,-20.5));
#3576=CARTESIAN_POINT('',(1.40864316339118,-2.10103760026989,-20.5));
#3577=CARTESIAN_POINT('',(1.37903514652854,-2.06782918811808,-21.3303042194685));
#3578=CARTESIAN_POINT('',(1.36315371633821,-2.04995682230245,-22.1639809925341));
#3579=CARTESIAN_POINT('',(1.35958886835943,-2.04594850023174,-22.9967970105713));
#3580=CARTESIAN_POINT('',(2.05782317891212,2.19342631871838,-20.25));
#3581=CARTESIAN_POINT('',(2.05782317891212,2.19342631871838,-25.75));
#3582=CARTESIAN_POINT('',(1.87306976639506,1.90388744066626,-20.25));
#3583=CARTESIAN_POINT('',(1.87306976639506,1.90388744066626,-25.75));
#3584=CARTESIAN_POINT('',(1.53183301585434,1.8648481601813,-20.25));
#3585=CARTESIAN_POINT('',(1.53183301585434,1.8648481601813,-25.75));
#3586=CARTESIAN_POINT('',(1.28645979992987,2.10517828781258,-20.25));
#3587=CARTESIAN_POINT('',(1.28645979992987,2.10517828781258,-25.75));
#3588=CARTESIAN_POINT('',(2.75058914077188,3.86283318229829,-20.25));
#3589=CARTESIAN_POINT('',(2.75058914077188,3.86283318229829,-25.75));
#3590=CARTESIAN_POINT('',(3.13249340086265,3.67833323656189,-20.25));
#3591=CARTESIAN_POINT('',(3.13249340086265,3.67833323656189,-25.75));
#3592=CARTESIAN_POINT('',(3.16972772252271,3.25583507189994,-20.25));
#3593=CARTESIAN_POINT('',(3.16972772252271,3.25583507189994,-25.75));
#3594=CARTESIAN_POINT('',(2.82597897559945,3.00738408510194,-20.25));
#3595=CARTESIAN_POINT('',(2.82597897559945,3.00738408510194,-25.75));
#3596=CARTESIAN_POINT('',(1.38582505024858,-2.07542053012446,-25.5481244869914));
#3597=CARTESIAN_POINT('',(1.47580878742182,-2.01530655434466,-25.5474608746299));
#3598=CARTESIAN_POINT('',(1.60005789384782,-1.98025743825349,-25.5452616557095));
#3599=CARTESIAN_POINT('',(1.84370667282122,-2.00884644128159,-25.5383455922198));
#3600=CARTESIAN_POINT('',(1.95536666722866,-2.07195713653664,-25.5338382562696));
#3601=CARTESIAN_POINT('',(2.02959195588513,-2.15060817376703,-25.5298602809638));
#3602=CARTESIAN_POINT('',(1.34438012678906,-2.02890182692872,-23.8468288497472));
#3603=CARTESIAN_POINT('',(1.43440324162599,-1.96925431495341,-23.8466457713901));
#3604=CARTESIAN_POINT('',(1.55842278187225,-1.9347262411861,-23.8460758616987));
#3605=CARTESIAN_POINT('',(1.80146314018798,-1.96381070854413,-23.8443115945371));
#3606=CARTESIAN_POINT('',(1.91283518707096,-2.02688967920543,-23.8431686158776));
#3607=CARTESIAN_POINT('',(1.98697787076836,-2.10545318608396,-23.842157178715));
#3608=CARTESIAN_POINT('',(1.34875223294432,-2.033871007332,-22.1436850354927));
#3609=CARTESIAN_POINT('',(1.43877428056598,-1.97416480997456,-22.1440800952885));
#3610=CARTESIAN_POINT('',(1.56283131064668,-1.93957803874664,-22.1453284816863));
#3611=CARTESIAN_POINT('',(1.80597244728396,-1.96862378602571,-22.1492086654062));
#3612=CARTESIAN_POINT('',(1.91739619132289,-2.03172263737689,-22.1517267938265));
#3613=CARTESIAN_POINT('',(1.99156316959618,-2.11031188741531,-22.1539552741362));
#3614=CARTESIAN_POINT('',(1.41069838599049,-2.1033426206869,-20.4429758745227));
#3615=CARTESIAN_POINT('',(1.50065665970542,-2.0429442571096,-20.4439551848842));
#3616=CARTESIAN_POINT('',(1.62503387921362,-2.007571542024,-20.4472333866068));
#3617=CARTESIAN_POINT('',(1.86901766183111,-2.03583080859753,-20.4575675539897));
#3618=CARTESIAN_POINT('',(1.98083135552572,-2.09894017942626,-20.4643086355245));
#3619=CARTESIAN_POINT('',(2.05509048326296,-2.17762707342258,-20.4702556551385));
#3620=CARTESIAN_POINT('',(2.82597897559945,-3.00738408510194,-20.25));
#3621=CARTESIAN_POINT('',(2.82597897559945,-3.00738408510194,-25.75));
#3622=CARTESIAN_POINT('',(3.16972772252271,-3.25583507189994,-20.25));
#3623=CARTESIAN_POINT('',(3.16972772252271,-3.25583507189994,-25.75));
#3624=CARTESIAN_POINT('',(3.13249340086265,-3.67833323656189,-20.25));
#3625=CARTESIAN_POINT('',(3.13249340086265,-3.67833323656189,-25.75));
#3626=CARTESIAN_POINT('',(2.75058914077188,-3.86283318229829,-20.25));
#3627=CARTESIAN_POINT('',(2.75058914077188,-3.86283318229829,-25.75));
#3628=CARTESIAN_POINT('',(-25.4789961905769,-8.95741616492989,-25.75));
#3629=CARTESIAN_POINT('',(-25.4789961905769,-8.95741616492989,-20.25));
#3630=CARTESIAN_POINT('',(-25.4789961905769,-8.91308741403149,-25.75));
#3631=CARTESIAN_POINT('',(-25.4789961905769,-8.91308741403149,-20.25));
#3632=CARTESIAN_POINT('',(-25.4789961905769,-8.95540122170723,79.0014085505303));
#3633=CARTESIAN_POINT('',(-25.4789961905769,-8.91510235725414,79.0014085505303));
#3634=CARTESIAN_POINT('',(-16.8640191572963,-3.93908729541489,-25.7500000000001));
#3635=CARTESIAN_POINT('',(-16.8640191572963,-3.93908729541489,-20.2500000000001));
#3636=CARTESIAN_POINT('',(-16.8229465537134,-3.96280057414985,-25.7500000000001));
#3637=CARTESIAN_POINT('',(-16.8229465537134,-3.96280057414985,-20.2500000000001));
#3638=CARTESIAN_POINT('',(-16.8621522207698,-3.94016517172103,79.0014085505303));
#3639=CARTESIAN_POINT('',(-16.8248134902399,-3.96172269784371,79.0014085505303));
#3640=CARTESIAN_POINT('',(-25.4967089398482,-8.76801990712151,-20.25));
#3641=CARTESIAN_POINT('',(-25.4967089398482,-8.76801990712151,-25.75));
#3642=CARTESIAN_POINT('',(-25.3538445873927,-9.51694106989007,-20.25));
#3643=CARTESIAN_POINT('',(-25.3538445873927,-9.51694106989007,-25.75));
#3644=CARTESIAN_POINT('',(-25.8850939625284,-10.0638114683056,-20.25));
#3645=CARTESIAN_POINT('',(-25.8850939625284,-10.0638114683056,-25.75));
#3646=CARTESIAN_POINT('',(-26.6378398346324,-9.94270497270951,-20.25));
#3647=CARTESIAN_POINT('',(-26.6378398346324,-9.94270497270951,-25.75));
#3648=CARTESIAN_POINT('',(-26.5672095194654,-7.91900075169051,-20.25));
#3649=CARTESIAN_POINT('',(-26.5672095194654,-7.91900075169051,-25.75));
#3650=CARTESIAN_POINT('',(-25.8464943965352,-7.85517525455366,-20.25));
#3651=CARTESIAN_POINT('',(-25.8464943965352,-7.85517525455366,-25.75));
#3652=CARTESIAN_POINT('',(-25.3611318597369,-8.3917637285053,-20.25));
#3653=CARTESIAN_POINT('',(-25.3611318597369,-8.3917637285053,-25.75));
#3654=CARTESIAN_POINT('',(-25.4967089398482,-9.10248367183986,-20.25));
#3655=CARTESIAN_POINT('',(-25.4967089398482,-9.10248367183986,-25.75));
#3656=CARTESIAN_POINT('',(-16.6910188675084,-4.01851613817408,-20.25));
#3657=CARTESIAN_POINT('',(-16.6910188675084,-4.01851613817408,-25.75));
#3658=CARTESIAN_POINT('',(-17.374308933468,-3.78056936205407,-20.25));
#3659=CARTESIAN_POINT('',(-17.374308933468,-3.78056936205407,-25.75));
#3660=CARTESIAN_POINT('',(-17.5963269148889,-3.0919388381657,-20.25));
#3661=CARTESIAN_POINT('',(-17.5963269148889,-3.0919388381657,-25.75));
#3662=CARTESIAN_POINT('',(-17.1806948514942,-2.49969398138499,-20.25));
#3663=CARTESIAN_POINT('',(-17.1806948514942,-2.49969398138499,-25.75));
#3664=CARTESIAN_POINT('',(-15.3936187681459,-3.46021943267973,-20.25));
#3665=CARTESIAN_POINT('',(-15.3936187681459,-3.46021943267973,-25.75));
#3666=CARTESIAN_POINT('',(-15.6697064775548,-4.16550284512067,-20.25));
#3667=CARTESIAN_POINT('',(-15.6697064775548,-4.16550284512067,-25.75));
#3668=CARTESIAN_POINT('',(-16.4048888600018,-4.34759068021819,-20.25));
#3669=CARTESIAN_POINT('',(-16.4048888600018,-4.34759068021819,-25.75));
#3670=CARTESIAN_POINT('',(-16.97823409423,-3.85269234971103,-20.25));
#3671=CARTESIAN_POINT('',(-16.97823409423,-3.85269234971103,-25.75));
#3672=MECHANICAL_DESIGN_GEOMETRIC_PRESENTATION_REPRESENTATION('',(#1605),#3673);
#3673=(
GEOMETRIC_REPRESENTATION_CONTEXT(3)
GLOBAL_UNCERTAINTY_ASSIGNED_CONTEXT((#3674))
GLOBAL_UNIT_ASSIGNED_CONTEXT((#3677,#3676,#3675))
REPRESENTATION_CONTEXT('Part 7','TOP_LEVEL_ASSEMBLY_PART')
);
#3674=UNCERTAINTY_MEASURE_WITH_UNIT(LENGTH_MEASURE(1.E-05),#3677,'DISTANCE_ACCURACY_VALUE','Maximum Tolerance applied to model');
#3675=(
NAMED_UNIT(*)
SI_UNIT($,.STERADIAN.)
SOLID_ANGLE_UNIT()
);
#3676=(
NAMED_UNIT(*)
PLANE_ANGLE_UNIT()
SI_UNIT($,.RADIAN.)
);
#3677=(
LENGTH_UNIT()
NAMED_UNIT(*)
SI_UNIT(.MILLI.,.METRE.)
);
#3678=PRODUCT_DEFINITION_SHAPE('','',#3679);
#3679=PRODUCT_DEFINITION('','',#3681,#3680);
#3680=PRODUCT_DEFINITION_CONTEXT('',#3687,'design');
#3681=PRODUCT_DEFINITION_FORMATION_WITH_SPECIFIED_SOURCE('','',#3683,.NOT_KNOWN.);
#3682=PRODUCT_RELATED_PRODUCT_CATEGORY('','',(#3683));
#3683=PRODUCT('Part 7','Part 7','Part 7',(#3685));
#3684=PRODUCT_CATEGORY('','');
#3685=PRODUCT_CONTEXT('',#3687,'mechanical');
#3686=APPLICATION_PROTOCOL_DEFINITION('international standard','ap242_managed_model_based_3d_engineering',2020,#3687);
#3687=APPLICATION_CONTEXT('managed model based 3d engineering');
ENDSEC;
END-ISO-10303-21;
