ISO-10303-21;
HEADER;
/*Generated by software containing ST-Developer
 * from STEP Tools, Inc. (www.steptools.com) 
 */
/*OPTION: using custom renumber hook */
/*description */
/*implementation_level */
FILE_DESCRIPTION(('STEP AP242 Edition 2','STEP AP242 Edition 2''CAx-IF Rec.Pracs.---Representation and Presentation of Product Manufa
cturing Information (PMI)---4.0---2014-10-13','STEP AP242 Edition 2''CAx-IF Rec.Pracs.---Representation and Presentation of Product Manufa
cturing Information (PMI)---4.0---2014-10-13''CAx-IF Rec.Pracs.---3D Tessellated Geometry---0.4---2014-09-14','STEP AP242 Edition 2''CAx-IF Rec.Pracs.---Representation and Presentation of Product Manufa
cturing Information (PMI)---4.0---2014-10-13''CAx-IF Rec.Pracs.---3D Tessellated Geometry---0.4---2014-09-14''2;1','STEP AP242 Edition 2''CAx-IF Rec.Pracs.---Representation and Presentation of Product Manufa
cturing Information (PMI)---4.0---2014-10-13''CAx-IF Rec.Pracs.---3D Tessellated Geometry---0.4---2014-09-14''2;1''CAx-IF Rec.Pracs.---User Defined Attributes---1.5---2016-08-15'),'2;1');
/*name */
/*time_stamp */
/*author */
/*organization */
/*preprocessor_version */
/*originating_system */
/*authorisation */
FILE_NAME('/vol/tmp/translate-15520981886866526795/Spiral Darts - Spiral Dart.step','2026-02-21T23:58:38',(''),(''),'ST-DEVELOPER v20','ONSHAPE BY PTC INC, 1.211','  ');
FILE_SCHEMA(('AP242_MANAGED_MODEL_BASED_3D_ENGINEERING_MIM_LF { 1 0 10303 442 3 1 4 }'));
ENDSEC;
DATA;
#10=SHAPE_REPRESENTATION_RELATIONSHIP('','',#1147,#11);
#11=ADVANCED_BREP_SHAPE_REPRESENTATION('',(#1145),#8585);
#12=B_SPLINE_SURFACE_WITH_KNOTS('',1,1,((#2305,#2306),(#2307,#2308)),.PLANE_SURF.,.F.,.F.,.F.,(2,2),(2,2),(0.,1.),(0.,1.),.UNSPECIFIED.);
#13=B_SPLINE_SURFACE_WITH_KNOTS('',1,1,((#4426,#4427),(#4428,#4429)),.PLANE_SURF.,.F.,.F.,.F.,(2,2),(2,2),(0.,1.),(0.,1.),.UNSPECIFIED.);
#14=B_SPLINE_SURFACE_WITH_KNOTS('',1,1,((#6547,#6548),(#6549,#6550)),.PLANE_SURF.,.F.,.F.,.F.,(2,2),(2,2),(0.,1.),(0.,1.),.UNSPECIFIED.);
#15=B_SPLINE_SURFACE_WITH_KNOTS('',1,1,((#8542,#8543),(#8544,#8545)),.PLANE_SURF.,.F.,.F.,.F.,(2,2),(2,2),(0.0427315991146131,0.954561694782075),(0.0419418409000891,0.956121153583821),.PIECEWISE_BEZIER_KNOTS.);
#16=B_SPLINE_SURFACE_WITH_KNOTS('',1,1,((#8563,#8564),(#8565,#8566)),.PLANE_SURF.,.F.,.F.,.F.,(2,2),(2,2),(0.0427315991146131,0.954561694782074),(0.0471887180618452,0.954342450733369),.PIECEWISE_BEZIER_KNOTS.);
#17=B_SPLINE_CURVE_WITH_KNOTS('',3,(#1377,#1378,#1379,#1380),.UNSPECIFIED.,.F.,.F.,(4,4),(0.000174046280753677,0.00182186990793491),.UNSPECIFIED.);
#18=B_SPLINE_CURVE_WITH_KNOTS('',3,(#1386,#1387,#1388,#1389),.UNSPECIFIED.,.F.,.F.,(4,4),(0.0320975108992978,0.0361546515829339),.UNSPECIFIED.);
#19=B_SPLINE_CURVE_WITH_KNOTS('',3,(#1391,#1392,#1393,#1394),.UNSPECIFIED.,.F.,.F.,(4,4),(-7.27674867231548E-06,0.000600756613901515),.UNSPECIFIED.);
#20=B_SPLINE_CURVE_WITH_KNOTS('',3,(#1396,#1397,#1398,#1399),.UNSPECIFIED.,.F.,.F.,(4,4),(0.00105052671590126,0.00118767197235447),.UNSPECIFIED.);
#21=B_SPLINE_CURVE_WITH_KNOTS('',3,(#1401,#1402,#1403,#1404),.UNSPECIFIED.,.F.,.F.,(4,4),(-7.32668728660744E-06,0.000449194025201954),.UNSPECIFIED.);
#22=B_SPLINE_CURVE_WITH_KNOTS('',3,(#1419,#1420,#1421,#1422,#1423,#1424,#1425),.UNSPECIFIED.,.F.,.F.,(4,1,1,1,4),(0.00182186990793491,0.00681959723474649,0.0118173245615581,0.0168150518883697,0.0218127792151812),.UNSPECIFIED.);
#23=B_SPLINE_CURVE_WITH_KNOTS('',3,(#1430,#1431,#1432,#1433,#1434,#1435,#1436,#1437),.UNSPECIFIED.,.F.,.F.,(4,1,1,1,1,4),(0.012197702542245,0.0146851785868766,0.0171726546315082,0.0221476067207714,0.0271225588100346,0.0320975108992978),.UNSPECIFIED.);
#24=B_SPLINE_CURVE_WITH_KNOTS('',3,(#1452,#1453,#1454,#1455,#1456),.UNSPECIFIED.,.F.,.F.,(4,1,4),(0.000174046280753669,0.00266404483546635,0.00515404339017902),.UNSPECIFIED.);
#25=B_SPLINE_CURVE_WITH_KNOTS('',3,(#1462,#1463,#1464,#1465,#1466),.UNSPECIFIED.,.F.,.F.,(4,1,4),(0.0287790479942697,0.0324668497886018,0.0361546515829339),.UNSPECIFIED.);
#26=B_SPLINE_CURVE_WITH_KNOTS('',3,(#1468,#1469,#1470,#1471),.UNSPECIFIED.,.F.,.F.,(4,4),(-7.27674867231805E-06,0.000600756613908046),.UNSPECIFIED.);
#27=B_SPLINE_CURVE_WITH_KNOTS('',3,(#1473,#1474,#1475,#1476),.UNSPECIFIED.,.F.,.F.,(4,4),(0.00105052671590814,0.00118767197235528),.UNSPECIFIED.);
#28=B_SPLINE_CURVE_WITH_KNOTS('',3,(#1478,#1479,#1480,#1481),.UNSPECIFIED.,.F.,.F.,(4,4),(-7.32668728660701E-06,0.000449194025201956),.UNSPECIFIED.);
#29=B_SPLINE_CURVE_WITH_KNOTS('',3,(#1502,#1503,#1504,#1505,#1506,#1507,#1508),.UNSPECIFIED.,.F.,.F.,(4,1,1,1,4),(0.00515404339017902,0.0101513322109535,0.015148621031728,0.0201459098525025,0.025143198673277),.UNSPECIFIED.);
#30=B_SPLINE_CURVE_WITH_KNOTS('',3,(#1513,#1514,#1515,#1516,#1517,#1518,#1519),.UNSPECIFIED.,.F.,.F.,(4,1,1,1,4),(0.00887925124965639,0.0138542004358097,0.018829149621963,0.0238040988081164,0.0287790479942697),.UNSPECIFIED.);
#31=B_SPLINE_CURVE_WITH_KNOTS('',3,(#1528,#1529,#1530,#1531,#1532,#1533,#1534),.UNSPECIFIED.,.F.,.F.,(4,1,1,1,4),(0.00848707659259365,0.0134845013164436,0.0184819260402935,0.0234793507641435,0.0284767754879934),.UNSPECIFIED.);
#32=B_SPLINE_CURVE_WITH_KNOTS('',3,(#1540,#1541,#1542,#1543,#1544,#1545,#1546),.UNSPECIFIED.,.F.,.F.,(4,1,1,1,4),(0.00557451267043658,0.0105460435706407,0.0155175744708449,0.020489105371049,0.0254606362712531),.UNSPECIFIED.);
#33=B_SPLINE_CURVE_WITH_KNOTS('',3,(#1558,#1559,#1560,#1561,#1562),.UNSPECIFIED.,.F.,.F.,(4,1,4),(0.000174046280753675,0.00433056143667366,0.00848707659259365),.UNSPECIFIED.);
#34=B_SPLINE_CURVE_WITH_KNOTS('',3,(#1564,#1565,#1566,#1567,#1568),.UNSPECIFIED.,.F.,.F.,(4,1,4),(0.0254606362712531,0.0308076439270935,0.0361546515829339),.UNSPECIFIED.);
#35=B_SPLINE_CURVE_WITH_KNOTS('',3,(#1570,#1571,#1572,#1573),.UNSPECIFIED.,.F.,.F.,(4,4),(-7.27674867231504E-06,0.000600756613901441),.UNSPECIFIED.);
#36=B_SPLINE_CURVE_WITH_KNOTS('',3,(#1575,#1576,#1577,#1578),.UNSPECIFIED.,.F.,.F.,(4,4),(0.00105052671590121,0.00118767197235446),.UNSPECIFIED.);
#37=B_SPLINE_CURVE_WITH_KNOTS('',3,(#1580,#1581,#1582,#1583),.UNSPECIFIED.,.F.,.F.,(4,4),(-7.32668728660719E-06,0.000449194025201982),.UNSPECIFIED.);
#38=B_SPLINE_CURVE_WITH_KNOTS('',3,(#1624,#1625,#1626,#1627,#1628,#1629,#1630,#1631,#1632,#1633,#1634,#1635),.UNSPECIFIED.,.F.,.F.,(4,1,1,1,1,1,1,1,1,4),(0.,0.00247601923759885,0.0049520384751977,0.00742805771279654,0.00990407695039539,0.0111420865691948,0.0123800961879942,0.0148561154255931,0.0173321346631919,0.0198081539007908),.UNSPECIFIED.);
#39=B_SPLINE_CURVE_WITH_KNOTS('',3,(#1645,#1646,#1647,#1648),.UNSPECIFIED.,.F.,.F.,(4,4),(0.00532527066210049,0.0083333218990245),.UNSPECIFIED.);
#40=B_SPLINE_CURVE_WITH_KNOTS('',3,(#1650,#1651,#1652,#1653,#1654,#1655,#1656,#1657,#1658,#1659),.UNSPECIFIED.,.F.,.F.,(4,1,1,1,1,1,1,4),(0.,0.0025298685893156,0.0050597371786312,0.0101194743572624,0.012649342946578,0.0151792115358936,0.0177090801252092,0.0202389487145248),.UNSPECIFIED.);
#41=B_SPLINE_CURVE_WITH_KNOTS('',3,(#1661,#1662,#1663,#1664),.UNSPECIFIED.,.F.,.F.,(4,4),(0.,0.00127198247375633),.UNSPECIFIED.);
#42=B_SPLINE_CURVE_WITH_KNOTS('',3,(#1673,#1674,#1675,#1676,#1677),.UNSPECIFIED.,.F.,.F.,(4,1,4),(0.00500464824103814,0.00747459752471259,0.00994454680838703),.UNSPECIFIED.);
#43=B_SPLINE_CURVE_WITH_KNOTS('',3,(#1741,#1742,#1743,#1744),.UNSPECIFIED.,.F.,.F.,(4,4),(0.,0.00149666187584562),.UNSPECIFIED.);
#44=B_SPLINE_CURVE_WITH_KNOTS('',3,(#1753,#1754,#1755,#1756),.UNSPECIFIED.,.F.,.F.,(4,4),(0.00695665916787059,0.00918333303058734),.UNSPECIFIED.);
#45=B_SPLINE_CURVE_WITH_KNOTS('',3,(#1758,#1759,#1760,#1761),.UNSPECIFIED.,.F.,.F.,(4,4),(0.,0.00318253585504165),.UNSPECIFIED.);
#46=B_SPLINE_CURVE_WITH_KNOTS('',3,(#1765,#1766,#1767,#1768,#1769),.UNSPECIFIED.,.F.,.F.,(4,1,4),(0.,0.00185952193256553,0.00371904386513106),.UNSPECIFIED.);
#47=B_SPLINE_CURVE_WITH_KNOTS('',3,(#1771,#1772,#1773,#1774,#1775,#1776,#1777),.UNSPECIFIED.,.F.,.F.,(4,1,1,1,4),(0.,0.002083330474749,0.00416666094949801,0.00624999142424701,0.00833332189899601),.UNSPECIFIED.);
#48=B_SPLINE_CURVE_WITH_KNOTS('',3,(#1779,#1780,#1781,#1782,#1783),.UNSPECIFIED.,.F.,.F.,(4,1,4),(0.,0.00240176793858855,0.00480353587717711),.UNSPECIFIED.);
#49=B_SPLINE_CURVE_WITH_KNOTS('',3,(#1792,#1793,#1794,#1795,#1796,#1797,#1798),.UNSPECIFIED.,.F.,.F.,(4,1,1,1,4),(0.0114000868235075,0.0136256153553675,0.0158511438872276,0.0180766724190876,0.0203022009509477),.UNSPECIFIED.);
#50=B_SPLINE_CURVE_WITH_KNOTS('',3,(#1800,#1801,#1802,#1803,#1804,#1805,#1806),.UNSPECIFIED.,.F.,.F.,(4,1,1,1,4),(0.,0.00229583325764683,0.00459166651529365,0.00688749977294048,0.0091833330305873),.UNSPECIFIED.);
#51=B_SPLINE_CURVE_WITH_KNOTS('',3,(#1808,#1809,#1810,#1811),.UNSPECIFIED.,.F.,.F.,(4,4),(0.,0.00318253585504171),.UNSPECIFIED.);
#52=B_SPLINE_CURVE_WITH_KNOTS('',3,(#1835,#1836,#1837,#1838,#1839,#1840,#1841,#1842),.UNSPECIFIED.,.F.,.F.,(4,1,1,1,1,4),(0.00806994357597819,0.00894561336513814,0.00982128315429809,0.010696952943458,0.011134787838038,0.011572622732618),.UNSPECIFIED.);
#53=B_SPLINE_CURVE_WITH_KNOTS('',3,(#1843,#1844,#1845,#1846,#1847,#1848,#1849,#1850,#1851,#1852,#1853,#1854,#1855,#1856),.UNSPECIFIED.,.F.,.F.,(4,1,1,1,1,1,1,1,1,1,1,4),(-0.000601325892445064,5.77911513569447E-05,0.000387349673257949,0.000716908195158954,0.00137602523896096,0.00203514228276297,0.00269425932656498,0.00335337637036699,0.00467161045797101,0.00598984454557503,0.00730807863317904,0.00994454680838708),.UNSPECIFIED.);
#54=B_SPLINE_CURVE_WITH_KNOTS('',3,(#1858,#1859,#1860,#1861),.UNSPECIFIED.,.F.,.F.,(4,4),(0.,0.00306192413199536),.UNSPECIFIED.);
#55=B_SPLINE_CURVE_WITH_KNOTS('',3,(#1870,#1871,#1872,#1873,#1874,#1875),.UNSPECIFIED.,.F.,.F.,(4,1,1,4),(0.0132116061594802,0.0149684417982414,0.0167252774370025,0.0202389487145248),.UNSPECIFIED.);
#56=B_SPLINE_CURVE_WITH_KNOTS('',3,(#1877,#1878,#1879,#1880,#1881,#1882,#1883,#1884,#1885,#1886,#1887,#1888),.UNSPECIFIED.,.F.,.F.,(4,1,1,1,1,1,1,1,1,4),(0.,0.0028931556831545,0.00433973352473175,0.005786311366309,0.00723288920788625,0.0086794670494635,0.00940275597025212,0.0101260448910407,0.0108493338118294,0.011572622732618),.UNSPECIFIED.);
#57=B_SPLINE_CURVE_WITH_KNOTS('',3,(#1889,#1890,#1891,#1892),.UNSPECIFIED.,.F.,.F.,(4,4),(-0.000601325892437822,-0.000352531299195646),.UNSPECIFIED.);
#58=B_SPLINE_CURVE_WITH_KNOTS('',3,(#1943,#1944,#1945,#1946,#1947,#1948,#1949,#1950,#1951,#1952,#1953),.UNSPECIFIED.,.F.,.F.,(4,1,1,1,1,1,1,1,4),(-0.000352531299195646,0.000317116143333578,0.00065193986459819,0.000986763585862802,0.00165641102839203,0.00232605847092125,0.00299570591345047,0.0036653533559797,0.00500464824103814),.UNSPECIFIED.);
#59=B_SPLINE_CURVE_WITH_KNOTS('',3,(#1954,#1955,#1956,#1957,#1958,#1959,#1960,#1961,#1962,#1963,#1964,#1965),.UNSPECIFIED.,.F.,.F.,(4,1,1,1,1,1,1,1,1,4),(0.00127198247375633,0.00384714253847175,0.00513472257082946,0.00642230260318717,0.00770988263554488,0.00899746266790259,0.00964125268408144,0.0102850427002603,0.0109288327164392,0.011572622732618),.UNSPECIFIED.);
#60=B_SPLINE_CURVE_WITH_KNOTS('',3,(#1966,#1967,#1968,#1969,#1970,#1971,#1972,#1973,#1974,#1975,#1976,#1977,#1978,#1979),.UNSPECIFIED.,.F.,.F.,(4,1,1,1,1,1,1,1,1,1,1,4),(-0.000601325892437831,5.77911513637296E-05,0.00038734967326451,0.00071690819516529,0.00137602523896685,0.00203514228276841,0.00269425932656997,0.00335337637037153,0.00467161045797465,0.00598984454557777,0.00730807863318089,0.00994454680838714),.UNSPECIFIED.);
#61=B_SPLINE_CURVE_WITH_KNOTS('',3,(#1981,#1982,#1983,#1984,#1985,#1986,#1987,#1988),.UNSPECIFIED.,.F.,.F.,(4,1,1,1,1,4),(0.,0.00285002170587687,0.00570004341175374,0.00712505426469217,0.00855006511763061,0.0114000868235075),.UNSPECIFIED.);
#62=B_SPLINE_CURVE_WITH_KNOTS('',3,(#1989,#1990,#1991,#1992,#1993,#1994,#1995,#1996,#1997,#1998),.UNSPECIFIED.,.F.,.F.,(4,1,1,1,1,1,1,4),(0.00480353587717711,0.00673296248184557,0.00866238908651403,0.0105918156911825,0.012521242295851,0.0144506689005194,0.0163800955051879,0.0202389487145248),.UNSPECIFIED.);
#63=B_SPLINE_CURVE_WITH_KNOTS('',3,(#2000,#2001,#2002,#2003,#2004,#2005),.UNSPECIFIED.,.F.,.F.,(4,1,1,4),(0.,0.00201748589399455,0.00403497178798909,0.00806994357597819),.UNSPECIFIED.);
#64=B_SPLINE_CURVE_WITH_KNOTS('',3,(#2056,#2057,#2058,#2059,#2060,#2061,#2062,#2063,#2064,#2065,#2066),.UNSPECIFIED.,.F.,.F.,(4,1,1,1,1,1,1,1,4),(0.00306192413199536,0.0052169587343644,0.00737199333673343,0.00952702793910246,0.0116820625414715,0.0138370971438405,0.0159921317462096,0.0181471663485786,0.0203022009509476),.UNSPECIFIED.);
#65=B_SPLINE_CURVE_WITH_KNOTS('',3,(#2068,#2069,#2070,#2071,#2072,#2073),.UNSPECIFIED.,.F.,.F.,(4,1,1,4),(0.,0.00347832958393529,0.00521749437590294,0.00695665916787059),.UNSPECIFIED.);
#66=B_SPLINE_CURVE_WITH_KNOTS('',3,(#2074,#2075,#2076,#2077),.UNSPECIFIED.,.F.,.F.,(4,4),(0.00149666187584562,0.00371904386512647),.UNSPECIFIED.);
#67=B_SPLINE_CURVE_WITH_KNOTS('',3,(#2079,#2080,#2081,#2082,#2083,#2084,#2085),.UNSPECIFIED.,.F.,.F.,(4,1,1,1,4),(0.,0.00208333047475018,0.00416666094950036,0.00624999142425053,0.00833332189900071),.UNSPECIFIED.);
#68=B_SPLINE_CURVE_WITH_KNOTS('',3,(#2087,#2088,#2089,#2090,#2091,#2092,#2093,#2094,#2095),.UNSPECIFIED.,.F.,.F.,(4,1,1,1,1,1,4),(0.,0.00330290153987006,0.00495435230980508,0.00660580307974011,0.00825725384967514,0.00990870461961017,0.0132116061594802),.UNSPECIFIED.);
#69=B_SPLINE_CURVE_WITH_KNOTS('',3,(#2138,#2139,#2140,#2141),.UNSPECIFIED.,.F.,.F.,(4,4),(0.0198081539007908,0.0203022009509808),.UNSPECIFIED.);
#70=B_SPLINE_CURVE_WITH_KNOTS('',3,(#2143,#2144,#2145,#2146,#2147,#2148,#2149),.UNSPECIFIED.,.F.,.F.,(4,1,1,1,4),(0.,0.00229583325763875,0.0045916665152775,0.00688749977291624,0.00918333303055499),.UNSPECIFIED.);
#71=B_SPLINE_CURVE_WITH_KNOTS('',3,(#2151,#2152,#2153,#2154),.UNSPECIFIED.,.F.,.F.,(4,4),(0.,0.0031825358550417),.UNSPECIFIED.);
#72=B_SPLINE_CURVE_WITH_KNOTS('',3,(#2162,#2163,#2164,#2165,#2166),.UNSPECIFIED.,.F.,.F.,(4,1,4),(0.,0.00185952193255156,0.00371904386510313),.UNSPECIFIED.);
#73=B_SPLINE_CURVE_WITH_KNOTS('',3,(#2168,#2169,#2170,#2171,#2172),.UNSPECIFIED.,.F.,.F.,(4,1,4),(0.,0.00266263533105024,0.00532527066210049),.UNSPECIFIED.);
#74=B_SPLINE_CURVE_WITH_KNOTS('',3,(#2199,#2200,#2201,#2202,#2203,#2204,#2205,#2206),.UNSPECIFIED.,.F.,.F.,(4,1,1,1,1,4),(0.00506345132964037,0.00945682982659556,0.0138502083235507,0.0182435868205059,0.0204402760689835,0.0226369653174611),.UNSPECIFIED.);
#75=B_SPLINE_CURVE_WITH_KNOTS('',3,(#2209,#2210,#2211,#2212,#2213,#2214,#2215,#2216,#2217,#2218,#2219),.UNSPECIFIED.,.F.,.F.,(4,1,1,1,1,1,1,1,4),(0.,0.00228702467800767,0.00457404935601534,0.00686107403402301,0.00914809871203068,0.0114351233900384,0.013722148068046,0.0160091727460537,0.0182961974240614),.UNSPECIFIED.);
#76=B_SPLINE_CURVE_WITH_KNOTS('',3,(#2234,#2235,#2236,#2237,#2238),.UNSPECIFIED.,.F.,.F.,(4,1,4),(0.0284767754879934,0.0311455673259255,0.0338143591638575),.UNSPECIFIED.);
#77=B_SPLINE_CURVE_WITH_KNOTS('',3,(#2240,#2241,#2242,#2243),.UNSPECIFIED.,.F.,.F.,(4,4),(0.,0.00269558184740427),.UNSPECIFIED.);
#78=B_SPLINE_CURVE_WITH_KNOTS('',3,(#2247,#2248,#2249,#2250),.UNSPECIFIED.,.F.,.F.,(4,4),(-6.00000000038435E-08,0.0040159150878918),.UNSPECIFIED.);
#79=B_SPLINE_CURVE_WITH_KNOTS('',3,(#2252,#2253,#2254,#2255),.UNSPECIFIED.,.F.,.F.,(4,4),(0.0040129984781357,0.00557451267043658),.UNSPECIFIED.);
#80=B_SPLINE_CURVE_WITH_KNOTS('',3,(#2282,#2283,#2284,#2285,#2286,#2287,#2288,#2289,#2290,#2291),.UNSPECIFIED.,.F.,.F.,(4,1,1,1,1,1,1,4),(0.00773955457558252,0.00991813528441073,0.012096715993239,0.0164538774108954,0.0186324581197236,0.0208110388285518,0.02298961953738,0.0251682002462082),.UNSPECIFIED.);
#81=B_SPLINE_CURVE_WITH_KNOTS('',3,(#2294,#2295,#2296,#2297,#2298,#2299,#2300,#2301,#2302,#2303,#2304),.UNSPECIFIED.,.F.,.F.,(4,1,1,1,1,1,1,1,4),(0.,0.00229332233461084,0.00458664466922168,0.00687996700383253,0.00917328933844337,0.0114666116730542,0.0137599340076651,0.0160532563422759,0.0183465786768867),.UNSPECIFIED.);
#82=B_SPLINE_CURVE_WITH_KNOTS('',3,(#2309,#2310,#2311,#2312),.UNSPECIFIED.,.F.,.F.,(4,4),(0.00303427199891121,0.00379591798835365),.UNSPECIFIED.);
#83=B_SPLINE_CURVE_WITH_KNOTS('',3,(#2314,#2315,#2316,#2317),.UNSPECIFIED.,.F.,.F.,(4,4),(0.,0.00108192174791038),.UNSPECIFIED.);
#84=B_SPLINE_CURVE_WITH_KNOTS('',3,(#2318,#2319,#2320,#2321),.UNSPECIFIED.,.F.,.F.,(4,4),(0.,0.00120611989702416),.UNSPECIFIED.);
#85=B_SPLINE_CURVE_WITH_KNOTS('',3,(#2323,#2324,#2325,#2326),.UNSPECIFIED.,.F.,.F.,(4,4),(0.000477016338014185,0.00119200827779234),.UNSPECIFIED.);
#86=B_SPLINE_CURVE_WITH_KNOTS('',3,(#2395,#2396,#2397,#2398),.UNSPECIFIED.,.F.,.F.,(4,4),(0.,0.00323353360835155),.UNSPECIFIED.);
#87=B_SPLINE_CURVE_WITH_KNOTS('',3,(#2801,#2802,#2803,#2804,#2805),.UNSPECIFIED.,.F.,.F.,(4,1,4),(3.67710807161462E-18,0.00380235689838802,0.00760471379677603),.UNSPECIFIED.);
#88=B_SPLINE_CURVE_WITH_KNOTS('',3,(#2806,#2807,#2808,#2809,#2810,#2811,#2812,#2813,#2814,#2815,#2816,#2817,#2818),.UNSPECIFIED.,.F.,.F.,(4,1,1,1,1,1,1,1,1,1,4),(2.38524477946811E-18,0.000324042200900575,0.000648084401801149,0.00129616880360229,0.00194425320540344,0.00259233760720459,0.00388850641080688,0.00518467521440917,0.00648084401801146,0.00777701282161376,0.0103693504288183),.UNSPECIFIED.);
#89=B_SPLINE_CURVE_WITH_KNOTS('',3,(#2879,#2880,#2881,#2882),.UNSPECIFIED.,.F.,.F.,(4,4),(0.,0.00364260200149042),.UNSPECIFIED.);
#90=B_SPLINE_CURVE_WITH_KNOTS('',3,(#3251,#3252,#3253,#3254,#3255,#3256,#3257),.UNSPECIFIED.,.F.,.F.,(4,1,1,1,4),(0.,0.00219005033660318,0.00438010067320636,0.00657015100980955,0.00876020134641273),.UNSPECIFIED.);
#91=B_SPLINE_CURVE_WITH_KNOTS('',3,(#3258,#3259,#3260,#3261,#3262,#3263,#3264,#3265,#3266,#3267,#3268,#3269,#3270,#3271,#3272,#3273),.UNSPECIFIED.,.F.,.F.,(4,1,1,1,1,1,1,1,1,1,1,1,1,4),(3.97475081924031E-18,0.00204837645905754,0.00307256468858631,0.00409675291811508,0.00512094114764385,0.00563303526240823,0.00614512937717262,0.006657223491937,0.00716931760670138,0.00742536466408358,0.00768141172146577,0.00793745877884796,0.00806548230753906,0.00819350583623015),.UNSPECIFIED.);
#92=B_SPLINE_CURVE_WITH_KNOTS('',3,(#4324,#4325,#4326,#4327,#4328,#4329,#4330,#4331),.UNSPECIFIED.,.F.,.F.,(4,1,1,1,1,4),(0.0050634513296282,0.00945682982657577,0.0138502083235233,0.0182435868204709,0.0204402760689447,0.0226369653174185),.UNSPECIFIED.);
#93=B_SPLINE_CURVE_WITH_KNOTS('',3,(#4334,#4335,#4336,#4337,#4338,#4339,#4340,#4341,#4342,#4343,#4344),.UNSPECIFIED.,.F.,.F.,(4,1,1,1,1,1,1,1,4),(0.,0.00228702467800424,0.00457404935600847,0.00686107403401271,0.00914809871201694,0.0114351233900212,0.0137221480680254,0.0160091727460296,0.0182961974240339),.UNSPECIFIED.);
#94=B_SPLINE_CURVE_WITH_KNOTS('',3,(#4353,#4354,#4355,#4356,#4357,#4358),.UNSPECIFIED.,.F.,.F.,(4,1,1,4),(0.025143198673277,0.0294787789185651,0.0316465690412091,0.0338143591638532),.UNSPECIFIED.);
#95=B_SPLINE_CURVE_WITH_KNOTS('',3,(#4360,#4361,#4362,#4363),.UNSPECIFIED.,.F.,.F.,(4,4),(0.,0.00269558184740865),.UNSPECIFIED.);
#96=B_SPLINE_CURVE_WITH_KNOTS('',3,(#4367,#4368,#4369,#4370),.UNSPECIFIED.,.F.,.F.,(4,4),(-6.00000000040351E-08,0.00401591508789175),.UNSPECIFIED.);
#97=B_SPLINE_CURVE_WITH_KNOTS('',3,(#4372,#4373,#4374,#4375,#4376),.UNSPECIFIED.,.F.,.F.,(4,1,4),(0.00401299847813566,0.00644612486389602,0.00887925124965639),.UNSPECIFIED.);
#98=B_SPLINE_CURVE_WITH_KNOTS('',3,(#4403,#4404,#4405,#4406,#4407,#4408,#4409,#4410,#4411,#4412),.UNSPECIFIED.,.F.,.F.,(4,1,1,1,1,1,1,4),(0.00773955457557804,0.00991813528440631,0.0120967159932346,0.0164538774108911,0.0186324581197194,0.0208110388285477,0.0229896195373759,0.0251682002462042),.UNSPECIFIED.);
#99=B_SPLINE_CURVE_WITH_KNOTS('',3,(#4415,#4416,#4417,#4418,#4419,#4420,#4421,#4422,#4423,#4424,#4425),.UNSPECIFIED.,.F.,.F.,(4,1,1,1,1,1,1,1,4),(0.,0.00229332233461084,0.00458664466922168,0.00687996700383253,0.00917328933844337,0.0114666116730542,0.0137599340076651,0.0160532563422759,0.0183465786768867),.UNSPECIFIED.);
#100=B_SPLINE_CURVE_WITH_KNOTS('',3,(#4430,#4431,#4432,#4433),.UNSPECIFIED.,.F.,.F.,(4,4),(0.0034607528834999,0.00422239757872126),.UNSPECIFIED.);
#101=B_SPLINE_CURVE_WITH_KNOTS('',3,(#4435,#4436,#4437,#4438),.UNSPECIFIED.,.F.,.F.,(4,4),(0.,0.00108192174791041),.UNSPECIFIED.);
#102=B_SPLINE_CURVE_WITH_KNOTS('',3,(#4439,#4440,#4441,#4442),.UNSPECIFIED.,.F.,.F.,(4,4),(0.,0.00120611989702418),.UNSPECIFIED.);
#103=B_SPLINE_CURVE_WITH_KNOTS('',3,(#4444,#4445,#4446,#4447),.UNSPECIFIED.,.F.,.F.,(4,4),(0.,0.000713281296140234),.UNSPECIFIED.);
#104=B_SPLINE_CURVE_WITH_KNOTS('',3,(#4516,#4517,#4518,#4519),.UNSPECIFIED.,.F.,.F.,(4,4),(0.,0.003233533608356),.UNSPECIFIED.);
#105=B_SPLINE_CURVE_WITH_KNOTS('',3,(#4922,#4923,#4924,#4925,#4926),.UNSPECIFIED.,.F.,.F.,(4,1,4),(1.20048160090362E-17,0.00380235689838583,0.00760471379677165),.UNSPECIFIED.);
#106=B_SPLINE_CURVE_WITH_KNOTS('',3,(#4927,#4928,#4929,#4930,#4931,#4932,#4933,#4934,#4935,#4936,#4937,#4938,#4939),.UNSPECIFIED.,.F.,.F.,(4,1,1,1,1,1,1,1,1,1,4),(5.02021900733721E-18,0.000324042200900579,0.000648084401801152,0.0012961688036023,0.00194425320540345,0.00259233760720459,0.00388850641080689,0.00518467521440918,0.00648084401801148,0.00777701282161377,0.0103693504288184),.UNSPECIFIED.);
#107=B_SPLINE_CURVE_WITH_KNOTS('',3,(#5000,#5001,#5002,#5003),.UNSPECIFIED.,.F.,.F.,(4,4),(0.,0.00364260200149042),.UNSPECIFIED.);
#108=B_SPLINE_CURVE_WITH_KNOTS('',3,(#5372,#5373,#5374,#5375,#5376,#5377,#5378),.UNSPECIFIED.,.F.,.F.,(4,1,1,1,4),(0.,0.00219005033661064,0.00438010067322127,0.00657015100983191,0.00876020134644255),.UNSPECIFIED.);
#109=B_SPLINE_CURVE_WITH_KNOTS('',3,(#5379,#5380,#5381,#5382,#5383,#5384,#5385,#5386,#5387,#5388,#5389,#5390,#5391,#5392,#5393,#5394),.UNSPECIFIED.,.F.,.F.,(4,1,1,1,1,1,1,1,1,1,1,1,1,4),(1.0842021724855E-19,0.00204837645905755,0.00307256468858632,0.00409675291811509,0.00512094114764387,0.00563303526240825,0.00614512937717264,0.00665722349193703,0.00716931760670141,0.00742536466408361,0.0076814117214658,0.00793745877884799,0.00806548230753909,0.00819350583623019),.UNSPECIFIED.);
#110=B_SPLINE_CURVE_WITH_KNOTS('',3,(#6443,#6444,#6445,#6446,#6447,#6448,#6449,#6450),.UNSPECIFIED.,.F.,.F.,(4,1,1,1,1,4),(0.0050634513296277,0.00945682982657527,0.0138502083235229,0.0182435868204704,0.0204402760689442,0.022636965317418),.UNSPECIFIED.);
#111=B_SPLINE_CURVE_WITH_KNOTS('',3,(#6453,#6454,#6455,#6456,#6457,#6458,#6459,#6460,#6461,#6462,#6463),.UNSPECIFIED.,.F.,.F.,(4,1,1,1,1,1,1,1,4),(0.,0.00228702467800424,0.00457404935600847,0.00686107403401271,0.00914809871201694,0.0114351233900212,0.0137221480680254,0.0160091727460296,0.0182961974240339),.UNSPECIFIED.);
#112=B_SPLINE_CURVE_WITH_KNOTS('',3,(#6472,#6473,#6474,#6475,#6476,#6477,#6478),.UNSPECIFIED.,.F.,.F.,(4,1,1,1,4),(0.0218127792151812,0.0248131742023559,0.0278135691895306,0.0308139641767054,0.0338143591638801),.UNSPECIFIED.);
#113=B_SPLINE_CURVE_WITH_KNOTS('',3,(#6480,#6481,#6482,#6483),.UNSPECIFIED.,.F.,.F.,(4,4),(0.,0.002695581847382),.UNSPECIFIED.);
#114=B_SPLINE_CURVE_WITH_KNOTS('',3,(#6487,#6488,#6489,#6490),.UNSPECIFIED.,.F.,.F.,(4,4),(-6.00000000048368E-08,0.00401591508789181),.UNSPECIFIED.);
#115=B_SPLINE_CURVE_WITH_KNOTS('',3,(#6492,#6493,#6494,#6495,#6496,#6497),.UNSPECIFIED.,.F.,.F.,(4,1,1,4),(0.00401299847813571,0.00605917449416304,0.00810535051019036,0.012197702542245),.UNSPECIFIED.);
#116=B_SPLINE_CURVE_WITH_KNOTS('',3,(#6524,#6525,#6526,#6527,#6528,#6529,#6530,#6531,#6532,#6533),.UNSPECIFIED.,.F.,.F.,(4,1,1,1,1,1,1,4),(0.00773955457560539,0.00991813528443334,0.0120967159932613,0.0164538774109172,0.0186324581197451,0.0208110388285731,0.022989619537401,0.025168200246229),.UNSPECIFIED.);
#117=B_SPLINE_CURVE_WITH_KNOTS('',3,(#6536,#6537,#6538,#6539,#6540,#6541,#6542,#6543,#6544,#6545,#6546),.UNSPECIFIED.,.F.,.F.,(4,1,1,1,1,1,1,1,4),(0.,0.00229332233461084,0.00458664466922168,0.00687996700383253,0.00917328933844337,0.0114666116730542,0.0137599340076651,0.0160532563422759,0.0183465786768867),.UNSPECIFIED.);
#118=B_SPLINE_CURVE_WITH_KNOTS('',3,(#6551,#6552,#6553,#6554),.UNSPECIFIED.,.F.,.F.,(4,4),(0.,0.000768838303577723),.UNSPECIFIED.);
#119=B_SPLINE_CURVE_WITH_KNOTS('',3,(#6556,#6557,#6558,#6559),.UNSPECIFIED.,.F.,.F.,(4,4),(0.,0.0010819217479104),.UNSPECIFIED.);
#120=B_SPLINE_CURVE_WITH_KNOTS('',3,(#6560,#6561,#6562,#6563),.UNSPECIFIED.,.F.,.F.,(4,4),(1.0842021724855E-19,0.00120611989702417),.UNSPECIFIED.);
#121=B_SPLINE_CURVE_WITH_KNOTS('',3,(#6565,#6566,#6567,#6568),.UNSPECIFIED.,.F.,.F.,(4,4),(0.000477016338014195,0.00119200827779237),.UNSPECIFIED.);
#122=B_SPLINE_CURVE_WITH_KNOTS('',3,(#6637,#6638,#6639,#6640),.UNSPECIFIED.,.F.,.F.,(4,4),(0.,0.00323353360832886),.UNSPECIFIED.);
#123=B_SPLINE_CURVE_WITH_KNOTS('',3,(#7043,#7044,#7045,#7046,#7047),.UNSPECIFIED.,.F.,.F.,(4,1,4),(0.,0.00380235689839907,0.00760471379679814),.UNSPECIFIED.);
#124=B_SPLINE_CURVE_WITH_KNOTS('',3,(#7048,#7049,#7050,#7051,#7052,#7053,#7054,#7055,#7056,#7057,#7058,#7059,#7060),.UNSPECIFIED.,.F.,.F.,(4,1,1,1,1,1,1,1,1,1,4),(1.0842021724855E-19,0.000324042200900573,0.000648084401801146,0.00129616880360229,0.00194425320540344,0.00259233760720458,0.00388850641080687,0.00518467521440917,0.00648084401801146,0.00777701282161375,0.0103693504288183),.UNSPECIFIED.);
#125=B_SPLINE_CURVE_WITH_KNOTS('',3,(#7121,#7122,#7123,#7124),.UNSPECIFIED.,.F.,.F.,(4,4),(0.,0.00364260200149043),.UNSPECIFIED.);
#126=B_SPLINE_CURVE_WITH_KNOTS('',3,(#7493,#7494,#7495,#7496,#7497,#7498,#7499),.UNSPECIFIED.,.F.,.F.,(4,1,1,1,4),(0.,0.00219005033661064,0.00438010067322127,0.00657015100983191,0.00876020134644254),.UNSPECIFIED.);
#127=B_SPLINE_CURVE_WITH_KNOTS('',3,(#7500,#7501,#7502,#7503,#7504,#7505,#7506,#7507,#7508,#7509,#7510,#7511,#7512,#7513,#7514,#7515),.UNSPECIFIED.,.F.,.F.,(4,1,1,1,1,1,1,1,1,1,1,1,1,4),(2.30504543680092E-18,0.00204837645905752,0.00307256468858628,0.00409675291811504,0.0051209411476438,0.00563303526240818,0.00614512937717256,0.00665722349193694,0.00716931760670133,0.00742536466408352,0.00768141172146571,0.0079374587788479,0.00806548230753899,0.00819350583623009),.UNSPECIFIED.);
#128=(
B_SPLINE_CURVE(3,(#1324,#1325,#1326,#1327),.UNSPECIFIED.,.F.,.F.)
B_SPLINE_CURVE_WITH_KNOTS((4,4),(0.,1.),.PIECEWISE_BEZIER_KNOTS.)
BOUNDED_CURVE()
CURVE()
GEOMETRIC_REPRESENTATION_ITEM()
RATIONAL_B_SPLINE_CURVE((1.,0.843677435155806,0.843677435155806,1.))
REPRESENTATION_ITEM('')
);
#129=(
B_SPLINE_CURVE(3,(#1331,#1332,#1333,#1334),.UNSPECIFIED.,.F.,.F.)
B_SPLINE_CURVE_WITH_KNOTS((4,4),(0.,1.),.PIECEWISE_BEZIER_KNOTS.)
BOUNDED_CURVE()
CURVE()
GEOMETRIC_REPRESENTATION_ITEM()
RATIONAL_B_SPLINE_CURVE((1.,0.843677435155806,0.843677435155806,1.))
REPRESENTATION_ITEM('')
);
#130=(
B_SPLINE_CURVE(1,(#1346,#1347),.UNSPECIFIED.,.F.,.F.)
B_SPLINE_CURVE_WITH_KNOTS((2,2),(0.,1.),.PIECEWISE_BEZIER_KNOTS.)
BOUNDED_CURVE()
CURVE()
GEOMETRIC_REPRESENTATION_ITEM()
RATIONAL_B_SPLINE_CURVE((1.,1.))
REPRESENTATION_ITEM('')
);
#131=(
B_SPLINE_CURVE(1,(#1349,#1350),.UNSPECIFIED.,.F.,.F.)
B_SPLINE_CURVE_WITH_KNOTS((2,2),(0.,1.),.PIECEWISE_BEZIER_KNOTS.)
BOUNDED_CURVE()
CURVE()
GEOMETRIC_REPRESENTATION_ITEM()
RATIONAL_B_SPLINE_CURVE((1.,1.))
REPRESENTATION_ITEM('')
);
#132=(
B_SPLINE_CURVE(1,(#1364,#1365),.UNSPECIFIED.,.F.,.F.)
B_SPLINE_CURVE_WITH_KNOTS((2,2),(0.,1.),.PIECEWISE_BEZIER_KNOTS.)
BOUNDED_CURVE()
CURVE()
GEOMETRIC_REPRESENTATION_ITEM()
RATIONAL_B_SPLINE_CURVE((1.,1.))
REPRESENTATION_ITEM('')
);
#133=(
B_SPLINE_CURVE(1,(#1367,#1368),.UNSPECIFIED.,.F.,.F.)
B_SPLINE_CURVE_WITH_KNOTS((2,2),(0.,1.),.PIECEWISE_BEZIER_KNOTS.)
BOUNDED_CURVE()
CURVE()
GEOMETRIC_REPRESENTATION_ITEM()
RATIONAL_B_SPLINE_CURVE((1.,1.))
REPRESENTATION_ITEM('')
);
#134=(
B_SPLINE_CURVE(1,(#1383,#1384),.UNSPECIFIED.,.F.,.F.)
B_SPLINE_CURVE_WITH_KNOTS((2,2),(0.,1.),.PIECEWISE_BEZIER_KNOTS.)
BOUNDED_CURVE()
CURVE()
GEOMETRIC_REPRESENTATION_ITEM()
RATIONAL_B_SPLINE_CURVE((1.,1.))
REPRESENTATION_ITEM('')
);
#135=(
B_SPLINE_CURVE(1,(#1427,#1428),.UNSPECIFIED.,.F.,.F.)
B_SPLINE_CURVE_WITH_KNOTS((2,2),(0.,1.),.PIECEWISE_BEZIER_KNOTS.)
BOUNDED_CURVE()
CURVE()
GEOMETRIC_REPRESENTATION_ITEM()
RATIONAL_B_SPLINE_CURVE((1.,1.))
REPRESENTATION_ITEM('')
);
#136=(
B_SPLINE_CURVE(1,(#1459,#1460),.UNSPECIFIED.,.F.,.F.)
B_SPLINE_CURVE_WITH_KNOTS((2,2),(0.,1.),.PIECEWISE_BEZIER_KNOTS.)
BOUNDED_CURVE()
CURVE()
GEOMETRIC_REPRESENTATION_ITEM()
RATIONAL_B_SPLINE_CURVE((1.,1.))
REPRESENTATION_ITEM('')
);
#137=(
B_SPLINE_CURVE(1,(#1510,#1511),.UNSPECIFIED.,.F.,.F.)
B_SPLINE_CURVE_WITH_KNOTS((2,2),(0.,1.),.PIECEWISE_BEZIER_KNOTS.)
BOUNDED_CURVE()
CURVE()
GEOMETRIC_REPRESENTATION_ITEM()
RATIONAL_B_SPLINE_CURVE((1.,1.))
REPRESENTATION_ITEM('')
);
#138=(
B_SPLINE_CURVE(1,(#1537,#1538),.UNSPECIFIED.,.F.,.F.)
B_SPLINE_CURVE_WITH_KNOTS((2,2),(0.,1.),.PIECEWISE_BEZIER_KNOTS.)
BOUNDED_CURVE()
CURVE()
GEOMETRIC_REPRESENTATION_ITEM()
RATIONAL_B_SPLINE_CURVE((1.,1.))
REPRESENTATION_ITEM('')
);
#139=(
B_SPLINE_CURVE(1,(#1548,#1549),.UNSPECIFIED.,.F.,.F.)
B_SPLINE_CURVE_WITH_KNOTS((2,2),(0.,1.),.PIECEWISE_BEZIER_KNOTS.)
BOUNDED_CURVE()
CURVE()
GEOMETRIC_REPRESENTATION_ITEM()
RATIONAL_B_SPLINE_CURVE((1.,1.))
REPRESENTATION_ITEM('')
);
#140=(
B_SPLINE_CURVE(3,(#1638,#1639,#1640,#1641,#1642,#1643),.UNSPECIFIED.,.F.,.F.)
B_SPLINE_CURVE_WITH_KNOTS((4,1,1,4),(0.,0.380240354693395,0.692897993823343,1.),.UNSPECIFIED.)
BOUNDED_CURVE()
CURVE()
GEOMETRIC_REPRESENTATION_ITEM()
RATIONAL_B_SPLINE_CURVE((1.,1.,1.,1.,1.,1.))
REPRESENTATION_ITEM('')
);
#141=(
B_SPLINE_CURVE(3,(#1666,#1667,#1668,#1669,#1670,#1671),.UNSPECIFIED.,.F.,.F.)
B_SPLINE_CURVE_WITH_KNOTS((4,1,1,4),(0.,0.380240354693395,0.692897993823343,1.),.UNSPECIFIED.)
BOUNDED_CURVE()
CURVE()
GEOMETRIC_REPRESENTATION_ITEM()
RATIONAL_B_SPLINE_CURVE((1.,1.,1.,1.,1.,1.))
REPRESENTATION_ITEM('')
);
#142=(
B_SPLINE_CURVE(3,(#1723,#1724,#1725,#1726,#1727,#1728),.UNSPECIFIED.,.F.,.F.)
B_SPLINE_CURVE_WITH_KNOTS((4,1,1,4),(0.,0.380240354693395,0.692897993823343,1.),.UNSPECIFIED.)
BOUNDED_CURVE()
CURVE()
GEOMETRIC_REPRESENTATION_ITEM()
RATIONAL_B_SPLINE_CURVE((1.,1.,1.,1.,1.,1.))
REPRESENTATION_ITEM('')
);
#143=(
B_SPLINE_CURVE(3,(#1732,#1733,#1734,#1735,#1736,#1737),.UNSPECIFIED.,.F.,.F.)
B_SPLINE_CURVE_WITH_KNOTS((4,1,1,4),(0.,0.380240354693395,0.692897993823343,1.),.UNSPECIFIED.)
BOUNDED_CURVE()
CURVE()
GEOMETRIC_REPRESENTATION_ITEM()
RATIONAL_B_SPLINE_CURVE((1.,1.,1.,1.,1.,1.))
REPRESENTATION_ITEM('')
);
#144=(
B_SPLINE_CURVE(3,(#1746,#1747,#1748,#1749,#1750,#1751),.UNSPECIFIED.,.F.,.F.)
B_SPLINE_CURVE_WITH_KNOTS((4,1,1,4),(0.,0.380240354693395,0.692897993823343,1.),.UNSPECIFIED.)
BOUNDED_CURVE()
CURVE()
GEOMETRIC_REPRESENTATION_ITEM()
RATIONAL_B_SPLINE_CURVE((1.,1.,1.,1.,1.,1.))
REPRESENTATION_ITEM('')
);
#145=(
B_SPLINE_CURVE(3,(#1785,#1786,#1787,#1788,#1789,#1790),.UNSPECIFIED.,.F.,.F.)
B_SPLINE_CURVE_WITH_KNOTS((4,1,1,4),(0.,0.380240354693395,0.692897993823343,1.),.UNSPECIFIED.)
BOUNDED_CURVE()
CURVE()
GEOMETRIC_REPRESENTATION_ITEM()
RATIONAL_B_SPLINE_CURVE((1.,1.,1.,1.,1.,1.))
REPRESENTATION_ITEM('')
);
#146=(
B_SPLINE_CURVE(3,(#1828,#1829,#1830,#1831,#1832,#1833),.UNSPECIFIED.,.F.,.F.)
B_SPLINE_CURVE_WITH_KNOTS((4,1,1,4),(0.,0.380240354693395,0.692897993823343,1.),.UNSPECIFIED.)
BOUNDED_CURVE()
CURVE()
GEOMETRIC_REPRESENTATION_ITEM()
RATIONAL_B_SPLINE_CURVE((1.,1.,1.,1.,1.,1.))
REPRESENTATION_ITEM('')
);
#147=(
B_SPLINE_CURVE(3,(#1863,#1864,#1865,#1866,#1867,#1868),.UNSPECIFIED.,.F.,.F.)
B_SPLINE_CURVE_WITH_KNOTS((4,1,1,4),(0.,0.380240354693395,0.692897993823343,1.),.UNSPECIFIED.)
BOUNDED_CURVE()
CURVE()
GEOMETRIC_REPRESENTATION_ITEM()
RATIONAL_B_SPLINE_CURVE((1.,1.,1.,1.,1.,1.))
REPRESENTATION_ITEM('')
);
#148=(
B_SPLINE_CURVE(3,(#1894,#1895,#1896,#1897,#1898,#1899),.UNSPECIFIED.,.F.,.F.)
B_SPLINE_CURVE_WITH_KNOTS((4,1,1,4),(0.,0.380240354693395,0.692897993823343,1.),.UNSPECIFIED.)
BOUNDED_CURVE()
CURVE()
GEOMETRIC_REPRESENTATION_ITEM()
RATIONAL_B_SPLINE_CURVE((1.,1.,1.,1.,1.,1.))
REPRESENTATION_ITEM('')
);
#149=ORIENTED_EDGE('',*,*,#515,.F.);
#150=ORIENTED_EDGE('',*,*,#516,.T.);
#151=ORIENTED_EDGE('',*,*,#517,.F.);
#152=ORIENTED_EDGE('',*,*,#518,.F.);
#153=ORIENTED_EDGE('',*,*,#519,.T.);
#154=ORIENTED_EDGE('',*,*,#520,.T.);
#155=ORIENTED_EDGE('',*,*,#521,.T.);
#156=ORIENTED_EDGE('',*,*,#522,.F.);
#157=ORIENTED_EDGE('',*,*,#523,.T.);
#158=ORIENTED_EDGE('',*,*,#524,.F.);
#159=ORIENTED_EDGE('',*,*,#525,.T.);
#160=ORIENTED_EDGE('',*,*,#526,.F.);
#161=ORIENTED_EDGE('',*,*,#527,.T.);
#162=ORIENTED_EDGE('',*,*,#528,.T.);
#163=ORIENTED_EDGE('',*,*,#529,.T.);
#164=ORIENTED_EDGE('',*,*,#530,.T.);
#165=ORIENTED_EDGE('',*,*,#531,.T.);
#166=ORIENTED_EDGE('',*,*,#532,.F.);
#167=ORIENTED_EDGE('',*,*,#528,.F.);
#168=ORIENTED_EDGE('',*,*,#533,.T.);
#169=ORIENTED_EDGE('',*,*,#534,.T.);
#170=ORIENTED_EDGE('',*,*,#535,.T.);
#171=ORIENTED_EDGE('',*,*,#536,.T.);
#172=ORIENTED_EDGE('',*,*,#537,.T.);
#173=ORIENTED_EDGE('',*,*,#538,.T.);
#174=ORIENTED_EDGE('',*,*,#539,.T.);
#175=ORIENTED_EDGE('',*,*,#540,.T.);
#176=ORIENTED_EDGE('',*,*,#541,.F.);
#177=ORIENTED_EDGE('',*,*,#537,.F.);
#178=ORIENTED_EDGE('',*,*,#542,.T.);
#179=ORIENTED_EDGE('',*,*,#543,.T.);
#180=ORIENTED_EDGE('',*,*,#544,.T.);
#181=ORIENTED_EDGE('',*,*,#545,.T.);
#182=ORIENTED_EDGE('',*,*,#546,.T.);
#183=ORIENTED_EDGE('',*,*,#547,.T.);
#184=ORIENTED_EDGE('',*,*,#548,.F.);
#185=ORIENTED_EDGE('',*,*,#549,.T.);
#186=ORIENTED_EDGE('',*,*,#548,.T.);
#187=ORIENTED_EDGE('',*,*,#550,.T.);
#188=ORIENTED_EDGE('',*,*,#551,.T.);
#189=ORIENTED_EDGE('',*,*,#552,.T.);
#190=ORIENTED_EDGE('',*,*,#553,.F.);
#191=ORIENTED_EDGE('',*,*,#554,.T.);
#192=ORIENTED_EDGE('',*,*,#555,.T.);
#193=ORIENTED_EDGE('',*,*,#556,.T.);
#194=ORIENTED_EDGE('',*,*,#557,.T.);
#195=ORIENTED_EDGE('',*,*,#558,.T.);
#196=ORIENTED_EDGE('',*,*,#559,.F.);
#197=ORIENTED_EDGE('',*,*,#560,.T.);
#198=ORIENTED_EDGE('',*,*,#561,.F.);
#199=ORIENTED_EDGE('',*,*,#562,.T.);
#200=ORIENTED_EDGE('',*,*,#563,.T.);
#201=ORIENTED_EDGE('',*,*,#564,.F.);
#202=ORIENTED_EDGE('',*,*,#565,.F.);
#203=ORIENTED_EDGE('',*,*,#566,.T.);
#204=ORIENTED_EDGE('',*,*,#567,.F.);
#205=ORIENTED_EDGE('',*,*,#568,.T.);
#206=ORIENTED_EDGE('',*,*,#569,.T.);
#207=ORIENTED_EDGE('',*,*,#570,.F.);
#208=ORIENTED_EDGE('',*,*,#571,.T.);
#209=ORIENTED_EDGE('',*,*,#572,.T.);
#210=ORIENTED_EDGE('',*,*,#573,.T.);
#211=ORIENTED_EDGE('',*,*,#574,.F.);
#212=ORIENTED_EDGE('',*,*,#575,.T.);
#213=ORIENTED_EDGE('',*,*,#576,.T.);
#214=ORIENTED_EDGE('',*,*,#577,.T.);
#215=ORIENTED_EDGE('',*,*,#519,.F.);
#216=ORIENTED_EDGE('',*,*,#578,.T.);
#217=ORIENTED_EDGE('',*,*,#579,.T.);
#218=ORIENTED_EDGE('',*,*,#540,.F.);
#219=ORIENTED_EDGE('',*,*,#580,.T.);
#220=ORIENTED_EDGE('',*,*,#581,.T.);
#221=ORIENTED_EDGE('',*,*,#582,.T.);
#222=ORIENTED_EDGE('',*,*,#583,.T.);
#223=ORIENTED_EDGE('',*,*,#584,.T.);
#224=ORIENTED_EDGE('',*,*,#552,.F.);
#225=ORIENTED_EDGE('',*,*,#585,.T.);
#226=ORIENTED_EDGE('',*,*,#586,.F.);
#227=ORIENTED_EDGE('',*,*,#587,.F.);
#228=ORIENTED_EDGE('',*,*,#578,.F.);
#229=ORIENTED_EDGE('',*,*,#523,.F.);
#230=ORIENTED_EDGE('',*,*,#588,.F.);
#231=ORIENTED_EDGE('',*,*,#586,.T.);
#232=ORIENTED_EDGE('',*,*,#589,.T.);
#233=ORIENTED_EDGE('',*,*,#559,.T.);
#234=ORIENTED_EDGE('',*,*,#590,.T.);
#235=ORIENTED_EDGE('',*,*,#531,.F.);
#236=ORIENTED_EDGE('',*,*,#591,.T.);
#237=ORIENTED_EDGE('',*,*,#592,.T.);
#238=ORIENTED_EDGE('',*,*,#574,.T.);
#239=ORIENTED_EDGE('',*,*,#593,.T.);
#240=ORIENTED_EDGE('',*,*,#594,.T.);
#241=ORIENTED_EDGE('',*,*,#582,.F.);
#242=ORIENTED_EDGE('',*,*,#595,.T.);
#243=ORIENTED_EDGE('',*,*,#596,.T.);
#244=ORIENTED_EDGE('',*,*,#567,.T.);
#245=ORIENTED_EDGE('',*,*,#597,.T.);
#246=ORIENTED_EDGE('',*,*,#598,.T.);
#247=ORIENTED_EDGE('',*,*,#599,.T.);
#248=ORIENTED_EDGE('',*,*,#555,.F.);
#249=ORIENTED_EDGE('',*,*,#600,.T.);
#250=ORIENTED_EDGE('',*,*,#601,.T.);
#251=ORIENTED_EDGE('',*,*,#602,.T.);
#252=ORIENTED_EDGE('',*,*,#603,.F.);
#253=ORIENTED_EDGE('',*,*,#564,.T.);
#254=ORIENTED_EDGE('',*,*,#604,.T.);
#255=ORIENTED_EDGE('',*,*,#605,.T.);
#256=ORIENTED_EDGE('',*,*,#562,.F.);
#257=ORIENTED_EDGE('',*,*,#606,.F.);
#258=ORIENTED_EDGE('',*,*,#607,.T.);
#259=ORIENTED_EDGE('',*,*,#608,.T.);
#260=ORIENTED_EDGE('',*,*,#609,.T.);
#261=ORIENTED_EDGE('',*,*,#610,.T.);
#262=ORIENTED_EDGE('',*,*,#546,.F.);
#263=ORIENTED_EDGE('',*,*,#611,.T.);
#264=ORIENTED_EDGE('',*,*,#612,.T.);
#265=ORIENTED_EDGE('',*,*,#613,.T.);
#266=ORIENTED_EDGE('',*,*,#614,.T.);
#267=ORIENTED_EDGE('',*,*,#615,.T.);
#268=ORIENTED_EDGE('',*,*,#616,.T.);
#269=ORIENTED_EDGE('',*,*,#617,.T.);
#270=ORIENTED_EDGE('',*,*,#613,.F.);
#271=ORIENTED_EDGE('',*,*,#618,.T.);
#272=ORIENTED_EDGE('',*,*,#619,.T.);
#273=ORIENTED_EDGE('',*,*,#565,.T.);
#274=ORIENTED_EDGE('',*,*,#603,.T.);
#275=ORIENTED_EDGE('',*,*,#620,.T.);
#276=ORIENTED_EDGE('',*,*,#621,.T.);
#277=ORIENTED_EDGE('',*,*,#622,.F.);
#278=ORIENTED_EDGE('',*,*,#623,.T.);
#279=ORIENTED_EDGE('',*,*,#618,.F.);
#280=ORIENTED_EDGE('',*,*,#612,.F.);
#281=ORIENTED_EDGE('',*,*,#616,.F.);
#282=ORIENTED_EDGE('',*,*,#624,.T.);
#283=ORIENTED_EDGE('',*,*,#622,.T.);
#284=ORIENTED_EDGE('',*,*,#611,.F.);
#285=ORIENTED_EDGE('',*,*,#545,.F.);
#286=ORIENTED_EDGE('',*,*,#549,.F.);
#287=ORIENTED_EDGE('',*,*,#625,.T.);
#288=ORIENTED_EDGE('',*,*,#621,.F.);
#289=ORIENTED_EDGE('',*,*,#626,.T.);
#290=ORIENTED_EDGE('',*,*,#627,.F.);
#291=ORIENTED_EDGE('',*,*,#614,.F.);
#292=ORIENTED_EDGE('',*,*,#627,.T.);
#293=ORIENTED_EDGE('',*,*,#628,.T.);
#294=ORIENTED_EDGE('',*,*,#609,.F.);
#295=ORIENTED_EDGE('',*,*,#629,.T.);
#296=ORIENTED_EDGE('',*,*,#550,.F.);
#297=ORIENTED_EDGE('',*,*,#547,.F.);
#298=ORIENTED_EDGE('',*,*,#615,.F.);
#299=ORIENTED_EDGE('',*,*,#619,.F.);
#300=ORIENTED_EDGE('',*,*,#623,.F.);
#301=ORIENTED_EDGE('',*,*,#630,.F.);
#302=ORIENTED_EDGE('',*,*,#597,.F.);
#303=ORIENTED_EDGE('',*,*,#566,.F.);
#304=ORIENTED_EDGE('',*,*,#630,.T.);
#305=ORIENTED_EDGE('',*,*,#624,.F.);
#306=ORIENTED_EDGE('',*,*,#631,.F.);
#307=ORIENTED_EDGE('',*,*,#632,.F.);
#308=ORIENTED_EDGE('',*,*,#598,.F.);
#309=ORIENTED_EDGE('',*,*,#632,.T.);
#310=ORIENTED_EDGE('',*,*,#631,.T.);
#311=ORIENTED_EDGE('',*,*,#617,.F.);
#312=ORIENTED_EDGE('',*,*,#633,.F.);
#313=ORIENTED_EDGE('',*,*,#583,.F.);
#314=ORIENTED_EDGE('',*,*,#599,.F.);
#315=ORIENTED_EDGE('',*,*,#633,.T.);
#316=ORIENTED_EDGE('',*,*,#625,.F.);
#317=ORIENTED_EDGE('',*,*,#553,.T.);
#318=ORIENTED_EDGE('',*,*,#584,.F.);
#319=ORIENTED_EDGE('',*,*,#585,.F.);
#320=ORIENTED_EDGE('',*,*,#551,.F.);
#321=ORIENTED_EDGE('',*,*,#629,.F.);
#322=ORIENTED_EDGE('',*,*,#634,.F.);
#323=ORIENTED_EDGE('',*,*,#635,.F.);
#324=ORIENTED_EDGE('',*,*,#560,.F.);
#325=ORIENTED_EDGE('',*,*,#589,.F.);
#326=ORIENTED_EDGE('',*,*,#635,.T.);
#327=ORIENTED_EDGE('',*,*,#634,.T.);
#328=ORIENTED_EDGE('',*,*,#610,.F.);
#329=ORIENTED_EDGE('',*,*,#636,.F.);
#330=ORIENTED_EDGE('',*,*,#600,.F.);
#331=ORIENTED_EDGE('',*,*,#554,.F.);
#332=ORIENTED_EDGE('',*,*,#636,.T.);
#333=ORIENTED_EDGE('',*,*,#628,.F.);
#334=ORIENTED_EDGE('',*,*,#637,.F.);
#335=ORIENTED_EDGE('',*,*,#601,.F.);
#336=ORIENTED_EDGE('',*,*,#620,.F.);
#337=ORIENTED_EDGE('',*,*,#602,.F.);
#338=ORIENTED_EDGE('',*,*,#637,.T.);
#339=ORIENTED_EDGE('',*,*,#626,.F.);
#340=ORIENTED_EDGE('',*,*,#638,.T.);
#341=ORIENTED_EDGE('',*,*,#639,.T.);
#342=ORIENTED_EDGE('',*,*,#543,.F.);
#343=ORIENTED_EDGE('',*,*,#640,.T.);
#344=ORIENTED_EDGE('',*,*,#641,.T.);
#345=ORIENTED_EDGE('',*,*,#642,.T.);
#346=ORIENTED_EDGE('',*,*,#643,.T.);
#347=ORIENTED_EDGE('',*,*,#644,.T.);
#348=ORIENTED_EDGE('',*,*,#645,.T.);
#349=ORIENTED_EDGE('',*,*,#646,.T.);
#350=ORIENTED_EDGE('',*,*,#642,.F.);
#351=ORIENTED_EDGE('',*,*,#647,.T.);
#352=ORIENTED_EDGE('',*,*,#648,.T.);
#353=ORIENTED_EDGE('',*,*,#570,.T.);
#354=ORIENTED_EDGE('',*,*,#649,.T.);
#355=ORIENTED_EDGE('',*,*,#650,.T.);
#356=ORIENTED_EDGE('',*,*,#651,.F.);
#357=ORIENTED_EDGE('',*,*,#652,.T.);
#358=ORIENTED_EDGE('',*,*,#647,.F.);
#359=ORIENTED_EDGE('',*,*,#641,.F.);
#360=ORIENTED_EDGE('',*,*,#645,.F.);
#361=ORIENTED_EDGE('',*,*,#653,.T.);
#362=ORIENTED_EDGE('',*,*,#651,.T.);
#363=ORIENTED_EDGE('',*,*,#640,.F.);
#364=ORIENTED_EDGE('',*,*,#542,.F.);
#365=ORIENTED_EDGE('',*,*,#536,.F.);
#366=ORIENTED_EDGE('',*,*,#654,.T.);
#367=ORIENTED_EDGE('',*,*,#650,.F.);
#368=ORIENTED_EDGE('',*,*,#655,.T.);
#369=ORIENTED_EDGE('',*,*,#656,.F.);
#370=ORIENTED_EDGE('',*,*,#643,.F.);
#371=ORIENTED_EDGE('',*,*,#656,.T.);
#372=ORIENTED_EDGE('',*,*,#657,.T.);
#373=ORIENTED_EDGE('',*,*,#638,.F.);
#374=ORIENTED_EDGE('',*,*,#658,.T.);
#375=ORIENTED_EDGE('',*,*,#538,.F.);
#376=ORIENTED_EDGE('',*,*,#544,.F.);
#377=ORIENTED_EDGE('',*,*,#644,.F.);
#378=ORIENTED_EDGE('',*,*,#648,.F.);
#379=ORIENTED_EDGE('',*,*,#652,.F.);
#380=ORIENTED_EDGE('',*,*,#659,.F.);
#381=ORIENTED_EDGE('',*,*,#571,.F.);
#382=ORIENTED_EDGE('',*,*,#659,.T.);
#383=ORIENTED_EDGE('',*,*,#653,.F.);
#384=ORIENTED_EDGE('',*,*,#660,.F.);
#385=ORIENTED_EDGE('',*,*,#572,.F.);
#386=ORIENTED_EDGE('',*,*,#660,.T.);
#387=ORIENTED_EDGE('',*,*,#646,.F.);
#388=ORIENTED_EDGE('',*,*,#661,.F.);
#389=ORIENTED_EDGE('',*,*,#662,.F.);
#390=ORIENTED_EDGE('',*,*,#593,.F.);
#391=ORIENTED_EDGE('',*,*,#573,.F.);
#392=ORIENTED_EDGE('',*,*,#662,.T.);
#393=ORIENTED_EDGE('',*,*,#661,.T.);
#394=ORIENTED_EDGE('',*,*,#654,.F.);
#395=ORIENTED_EDGE('',*,*,#541,.T.);
#396=ORIENTED_EDGE('',*,*,#579,.F.);
#397=ORIENTED_EDGE('',*,*,#594,.F.);
#398=ORIENTED_EDGE('',*,*,#580,.F.);
#399=ORIENTED_EDGE('',*,*,#539,.F.);
#400=ORIENTED_EDGE('',*,*,#658,.F.);
#401=ORIENTED_EDGE('',*,*,#663,.F.);
#402=ORIENTED_EDGE('',*,*,#663,.T.);
#403=ORIENTED_EDGE('',*,*,#639,.F.);
#404=ORIENTED_EDGE('',*,*,#664,.F.);
#405=ORIENTED_EDGE('',*,*,#595,.F.);
#406=ORIENTED_EDGE('',*,*,#581,.F.);
#407=ORIENTED_EDGE('',*,*,#664,.T.);
#408=ORIENTED_EDGE('',*,*,#657,.F.);
#409=ORIENTED_EDGE('',*,*,#665,.F.);
#410=ORIENTED_EDGE('',*,*,#568,.F.);
#411=ORIENTED_EDGE('',*,*,#596,.F.);
#412=ORIENTED_EDGE('',*,*,#649,.F.);
#413=ORIENTED_EDGE('',*,*,#569,.F.);
#414=ORIENTED_EDGE('',*,*,#665,.T.);
#415=ORIENTED_EDGE('',*,*,#655,.F.);
#416=ORIENTED_EDGE('',*,*,#666,.T.);
#417=ORIENTED_EDGE('',*,*,#667,.T.);
#418=ORIENTED_EDGE('',*,*,#534,.F.);
#419=ORIENTED_EDGE('',*,*,#668,.T.);
#420=ORIENTED_EDGE('',*,*,#669,.T.);
#421=ORIENTED_EDGE('',*,*,#670,.T.);
#422=ORIENTED_EDGE('',*,*,#671,.T.);
#423=ORIENTED_EDGE('',*,*,#672,.T.);
#424=ORIENTED_EDGE('',*,*,#673,.T.);
#425=ORIENTED_EDGE('',*,*,#674,.T.);
#426=ORIENTED_EDGE('',*,*,#670,.F.);
#427=ORIENTED_EDGE('',*,*,#675,.T.);
#428=ORIENTED_EDGE('',*,*,#676,.T.);
#429=ORIENTED_EDGE('',*,*,#606,.T.);
#430=ORIENTED_EDGE('',*,*,#561,.T.);
#431=ORIENTED_EDGE('',*,*,#677,.T.);
#432=ORIENTED_EDGE('',*,*,#678,.T.);
#433=ORIENTED_EDGE('',*,*,#679,.F.);
#434=ORIENTED_EDGE('',*,*,#680,.T.);
#435=ORIENTED_EDGE('',*,*,#675,.F.);
#436=ORIENTED_EDGE('',*,*,#669,.F.);
#437=ORIENTED_EDGE('',*,*,#673,.F.);
#438=ORIENTED_EDGE('',*,*,#681,.T.);
#439=ORIENTED_EDGE('',*,*,#679,.T.);
#440=ORIENTED_EDGE('',*,*,#668,.F.);
#441=ORIENTED_EDGE('',*,*,#533,.F.);
#442=ORIENTED_EDGE('',*,*,#527,.F.);
#443=ORIENTED_EDGE('',*,*,#682,.T.);
#444=ORIENTED_EDGE('',*,*,#678,.F.);
#445=ORIENTED_EDGE('',*,*,#683,.T.);
#446=ORIENTED_EDGE('',*,*,#684,.F.);
#447=ORIENTED_EDGE('',*,*,#671,.F.);
#448=ORIENTED_EDGE('',*,*,#684,.T.);
#449=ORIENTED_EDGE('',*,*,#685,.T.);
#450=ORIENTED_EDGE('',*,*,#666,.F.);
#451=ORIENTED_EDGE('',*,*,#686,.T.);
#452=ORIENTED_EDGE('',*,*,#529,.F.);
#453=ORIENTED_EDGE('',*,*,#535,.F.);
#454=ORIENTED_EDGE('',*,*,#672,.F.);
#455=ORIENTED_EDGE('',*,*,#676,.F.);
#456=ORIENTED_EDGE('',*,*,#680,.F.);
#457=ORIENTED_EDGE('',*,*,#687,.F.);
#458=ORIENTED_EDGE('',*,*,#688,.F.);
#459=ORIENTED_EDGE('',*,*,#607,.F.);
#460=ORIENTED_EDGE('',*,*,#688,.T.);
#461=ORIENTED_EDGE('',*,*,#687,.T.);
#462=ORIENTED_EDGE('',*,*,#681,.F.);
#463=ORIENTED_EDGE('',*,*,#689,.F.);
#464=ORIENTED_EDGE('',*,*,#556,.F.);
#465=ORIENTED_EDGE('',*,*,#608,.F.);
#466=ORIENTED_EDGE('',*,*,#689,.T.);
#467=ORIENTED_EDGE('',*,*,#674,.F.);
#468=ORIENTED_EDGE('',*,*,#690,.F.);
#469=ORIENTED_EDGE('',*,*,#691,.F.);
#470=ORIENTED_EDGE('',*,*,#557,.F.);
#471=ORIENTED_EDGE('',*,*,#691,.T.);
#472=ORIENTED_EDGE('',*,*,#690,.T.);
#473=ORIENTED_EDGE('',*,*,#682,.F.);
#474=ORIENTED_EDGE('',*,*,#532,.T.);
#475=ORIENTED_EDGE('',*,*,#590,.F.);
#476=ORIENTED_EDGE('',*,*,#558,.F.);
#477=ORIENTED_EDGE('',*,*,#591,.F.);
#478=ORIENTED_EDGE('',*,*,#530,.F.);
#479=ORIENTED_EDGE('',*,*,#686,.F.);
#480=ORIENTED_EDGE('',*,*,#692,.F.);
#481=ORIENTED_EDGE('',*,*,#693,.F.);
#482=ORIENTED_EDGE('',*,*,#693,.T.);
#483=ORIENTED_EDGE('',*,*,#692,.T.);
#484=ORIENTED_EDGE('',*,*,#667,.F.);
#485=ORIENTED_EDGE('',*,*,#694,.F.);
#486=ORIENTED_EDGE('',*,*,#575,.F.);
#487=ORIENTED_EDGE('',*,*,#592,.F.);
#488=ORIENTED_EDGE('',*,*,#694,.T.);
#489=ORIENTED_EDGE('',*,*,#685,.F.);
#490=ORIENTED_EDGE('',*,*,#695,.F.);
#491=ORIENTED_EDGE('',*,*,#576,.F.);
#492=ORIENTED_EDGE('',*,*,#677,.F.);
#493=ORIENTED_EDGE('',*,*,#577,.F.);
#494=ORIENTED_EDGE('',*,*,#695,.T.);
#495=ORIENTED_EDGE('',*,*,#683,.F.);
#496=ORIENTED_EDGE('',*,*,#696,.T.);
#497=ORIENTED_EDGE('',*,*,#524,.T.);
#498=ORIENTED_EDGE('',*,*,#604,.F.);
#499=ORIENTED_EDGE('',*,*,#563,.F.);
#500=ORIENTED_EDGE('',*,*,#605,.F.);
#501=ORIENTED_EDGE('',*,*,#525,.F.);
#502=ORIENTED_EDGE('',*,*,#696,.F.);
#503=ORIENTED_EDGE('',*,*,#526,.T.);
#504=ORIENTED_EDGE('',*,*,#520,.F.);
#505=ORIENTED_EDGE('',*,*,#587,.T.);
#506=ORIENTED_EDGE('',*,*,#588,.T.);
#507=ORIENTED_EDGE('',*,*,#522,.T.);
#508=ORIENTED_EDGE('',*,*,#517,.T.);
#509=ORIENTED_EDGE('',*,*,#697,.T.);
#510=ORIENTED_EDGE('',*,*,#515,.T.);
#511=ORIENTED_EDGE('',*,*,#516,.F.);
#512=ORIENTED_EDGE('',*,*,#697,.F.);
#513=ORIENTED_EDGE('',*,*,#518,.T.);
#514=ORIENTED_EDGE('',*,*,#521,.F.);
#515=EDGE_CURVE('',#698,#699,#816,.T.);
#516=EDGE_CURVE('',#698,#700,#128,.T.);
#517=EDGE_CURVE('',#701,#700,#817,.T.);
#518=EDGE_CURVE('',#699,#701,#129,.T.);
#519=EDGE_CURVE('',#702,#703,#818,.T.);
#520=EDGE_CURVE('',#703,#700,#130,.T.);
#521=EDGE_CURVE('',#700,#701,#819,.T.);
#522=EDGE_CURVE('',#704,#701,#131,.T.);
#523=EDGE_CURVE('',#704,#702,#820,.T.);
#524=EDGE_CURVE('',#705,#706,#821,.T.);
#525=EDGE_CURVE('',#705,#707,#132,.T.);
#526=EDGE_CURVE('',#706,#707,#133,.T.);
#527=EDGE_CURVE('',#708,#709,#17,.T.);
#528=EDGE_CURVE('',#709,#710,#134,.T.);
#529=EDGE_CURVE('',#710,#711,#18,.T.);
#530=EDGE_CURVE('',#711,#712,#19,.T.);
#531=EDGE_CURVE('',#712,#713,#20,.F.);
#532=EDGE_CURVE('',#708,#713,#21,.T.);
#533=EDGE_CURVE('',#709,#714,#22,.T.);
#534=EDGE_CURVE('',#714,#715,#135,.T.);
#535=EDGE_CURVE('',#715,#710,#23,.T.);
#536=EDGE_CURVE('',#716,#717,#24,.T.);
#537=EDGE_CURVE('',#717,#718,#136,.T.);
#538=EDGE_CURVE('',#718,#719,#25,.T.);
#539=EDGE_CURVE('',#719,#720,#26,.T.);
#540=EDGE_CURVE('',#720,#721,#27,.F.);
#541=EDGE_CURVE('',#716,#721,#28,.T.);
#542=EDGE_CURVE('',#717,#722,#29,.T.);
#543=EDGE_CURVE('',#722,#723,#137,.T.);
#544=EDGE_CURVE('',#723,#718,#30,.T.);
#545=EDGE_CURVE('',#724,#725,#31,.T.);
#546=EDGE_CURVE('',#725,#726,#138,.T.);
#547=EDGE_CURVE('',#726,#727,#32,.T.);
#548=EDGE_CURVE('',#724,#727,#139,.T.);
#549=EDGE_CURVE('',#728,#724,#33,.T.);
#550=EDGE_CURVE('',#727,#729,#34,.T.);
#551=EDGE_CURVE('',#729,#730,#35,.T.);
#552=EDGE_CURVE('',#730,#731,#36,.F.);
#553=EDGE_CURVE('',#728,#731,#37,.T.);
#554=EDGE_CURVE('',#732,#733,#38,.T.);
#555=EDGE_CURVE('',#733,#734,#140,.T.);
#556=EDGE_CURVE('',#734,#735,#39,.T.);
#557=EDGE_CURVE('',#735,#736,#40,.T.);
#558=EDGE_CURVE('',#736,#737,#41,.T.);
#559=EDGE_CURVE('',#738,#737,#141,.T.);
#560=EDGE_CURVE('',#738,#732,#42,.T.);
#561=EDGE_CURVE('',#739,#740,#822,.T.);
#562=EDGE_CURVE('',#739,#741,#142,.T.);
#563=EDGE_CURVE('',#741,#742,#823,.T.);
#564=EDGE_CURVE('',#743,#742,#143,.T.);
#565=EDGE_CURVE('',#744,#743,#824,.T.);
#566=EDGE_CURVE('',#744,#745,#43,.T.);
#567=EDGE_CURVE('',#746,#745,#144,.T.);
#568=EDGE_CURVE('',#746,#747,#44,.T.);
#569=EDGE_CURVE('',#747,#748,#45,.T.);
#570=EDGE_CURVE('',#749,#748,#825,.T.);
#571=EDGE_CURVE('',#749,#750,#46,.T.);
#572=EDGE_CURVE('',#750,#751,#47,.T.);
#573=EDGE_CURVE('',#751,#752,#48,.T.);
#574=EDGE_CURVE('',#753,#752,#145,.T.);
#575=EDGE_CURVE('',#753,#754,#49,.T.);
#576=EDGE_CURVE('',#754,#755,#50,.T.);
#577=EDGE_CURVE('',#755,#740,#51,.T.);
#578=EDGE_CURVE('',#702,#756,#146,.T.);
#579=EDGE_CURVE('',#756,#721,#52,.T.);
#580=EDGE_CURVE('',#720,#757,#53,.T.);
#581=EDGE_CURVE('',#757,#758,#54,.T.);
#582=EDGE_CURVE('',#758,#759,#147,.T.);
#583=EDGE_CURVE('',#759,#760,#55,.T.);
#584=EDGE_CURVE('',#760,#731,#56,.T.);
#585=EDGE_CURVE('',#730,#761,#57,.T.);
#586=EDGE_CURVE('',#762,#761,#148,.T.);
#587=EDGE_CURVE('',#703,#762,#826,.T.);
#588=EDGE_CURVE('',#762,#704,#827,.T.);
#589=EDGE_CURVE('',#761,#738,#58,.T.);
#590=EDGE_CURVE('',#737,#713,#59,.T.);
#591=EDGE_CURVE('',#712,#763,#60,.T.);
#592=EDGE_CURVE('',#763,#753,#61,.T.);
#593=EDGE_CURVE('',#752,#764,#62,.T.);
#594=EDGE_CURVE('',#764,#756,#63,.T.);
#595=EDGE_CURVE('',#758,#765,#64,.T.);
#596=EDGE_CURVE('',#765,#746,#65,.T.);
#597=EDGE_CURVE('',#745,#766,#66,.T.);
#598=EDGE_CURVE('',#766,#767,#67,.T.);
#599=EDGE_CURVE('',#767,#759,#68,.T.);
#600=EDGE_CURVE('',#733,#768,#69,.T.);
#601=EDGE_CURVE('',#768,#769,#70,.T.);
#602=EDGE_CURVE('',#769,#770,#71,.T.);
#603=EDGE_CURVE('',#743,#770,#828,.T.);
#604=EDGE_CURVE('',#742,#771,#829,.T.);
#605=EDGE_CURVE('',#771,#741,#830,.T.);
#606=EDGE_CURVE('',#772,#739,#831,.T.);
#607=EDGE_CURVE('',#772,#773,#72,.T.);
#608=EDGE_CURVE('',#773,#734,#73,.T.);
#609=EDGE_CURVE('',#774,#775,#74,.T.);
#610=EDGE_CURVE('',#775,#774,#75,.T.);
#611=EDGE_CURVE('',#725,#776,#76,.T.);
#612=EDGE_CURVE('',#776,#777,#77,.T.);
#613=EDGE_CURVE('',#777,#778,#832,.F.);
#614=EDGE_CURVE('',#778,#779,#78,.T.);
#615=EDGE_CURVE('',#779,#726,#79,.T.);
#616=EDGE_CURVE('',#780,#781,#80,.T.);
#617=EDGE_CURVE('',#781,#780,#81,.T.);
#618=EDGE_CURVE('',#777,#782,#82,.T.);
#619=EDGE_CURVE('',#782,#744,#83,.T.);
#620=EDGE_CURVE('',#770,#783,#84,.T.);
#621=EDGE_CURVE('',#783,#778,#85,.T.);
#622=EDGE_CURVE('',#784,#776,#833,.T.);
#623=EDGE_CURVE('',#784,#782,#86,.T.);
#624=EDGE_CURVE('',#780,#784,#87,.T.);
#625=EDGE_CURVE('',#728,#781,#88,.T.);
#626=EDGE_CURVE('',#783,#785,#89,.T.);
#627=EDGE_CURVE('',#779,#785,#834,.T.);
#628=EDGE_CURVE('',#785,#775,#90,.T.);
#629=EDGE_CURVE('',#774,#729,#91,.T.);
#630=EDGE_CURVE('',#766,#784,#835,.T.);
#631=EDGE_CURVE('',#786,#780,#836,.T.);
#632=EDGE_CURVE('',#767,#786,#837,.T.);
#633=EDGE_CURVE('',#760,#781,#838,.T.);
#634=EDGE_CURVE('',#787,#774,#839,.T.);
#635=EDGE_CURVE('',#732,#787,#840,.T.);
#636=EDGE_CURVE('',#768,#775,#841,.T.);
#637=EDGE_CURVE('',#769,#785,#842,.T.);
#638=EDGE_CURVE('',#788,#789,#92,.T.);
#639=EDGE_CURVE('',#789,#788,#93,.T.);
#640=EDGE_CURVE('',#722,#790,#94,.T.);
#641=EDGE_CURVE('',#790,#791,#95,.T.);
#642=EDGE_CURVE('',#791,#792,#843,.F.);
#643=EDGE_CURVE('',#792,#793,#96,.T.);
#644=EDGE_CURVE('',#793,#723,#97,.T.);
#645=EDGE_CURVE('',#794,#795,#98,.T.);
#646=EDGE_CURVE('',#795,#794,#99,.T.);
#647=EDGE_CURVE('',#791,#796,#100,.T.);
#648=EDGE_CURVE('',#796,#749,#101,.T.);
#649=EDGE_CURVE('',#748,#797,#102,.T.);
#650=EDGE_CURVE('',#797,#792,#103,.T.);
#651=EDGE_CURVE('',#798,#790,#844,.T.);
#652=EDGE_CURVE('',#798,#796,#104,.T.);
#653=EDGE_CURVE('',#794,#798,#105,.T.);
#654=EDGE_CURVE('',#716,#795,#106,.T.);
#655=EDGE_CURVE('',#797,#799,#107,.T.);
#656=EDGE_CURVE('',#793,#799,#845,.T.);
#657=EDGE_CURVE('',#799,#789,#108,.T.);
#658=EDGE_CURVE('',#788,#719,#109,.T.);
#659=EDGE_CURVE('',#750,#798,#846,.T.);
#660=EDGE_CURVE('',#751,#794,#847,.T.);
#661=EDGE_CURVE('',#800,#795,#848,.T.);
#662=EDGE_CURVE('',#764,#800,#849,.T.);
#663=EDGE_CURVE('',#757,#788,#850,.T.);
#664=EDGE_CURVE('',#765,#789,#851,.T.);
#665=EDGE_CURVE('',#747,#799,#852,.T.);
#666=EDGE_CURVE('',#801,#802,#110,.T.);
#667=EDGE_CURVE('',#802,#801,#111,.T.);
#668=EDGE_CURVE('',#714,#803,#112,.T.);
#669=EDGE_CURVE('',#803,#804,#113,.T.);
#670=EDGE_CURVE('',#804,#805,#853,.F.);
#671=EDGE_CURVE('',#805,#806,#114,.T.);
#672=EDGE_CURVE('',#806,#715,#115,.T.);
#673=EDGE_CURVE('',#807,#808,#116,.T.);
#674=EDGE_CURVE('',#808,#807,#117,.T.);
#675=EDGE_CURVE('',#804,#809,#118,.T.);
#676=EDGE_CURVE('',#809,#772,#119,.T.);
#677=EDGE_CURVE('',#740,#810,#120,.T.);
#678=EDGE_CURVE('',#810,#805,#121,.T.);
#679=EDGE_CURVE('',#811,#803,#854,.T.);
#680=EDGE_CURVE('',#811,#809,#122,.T.);
#681=EDGE_CURVE('',#807,#811,#123,.T.);
#682=EDGE_CURVE('',#708,#808,#124,.T.);
#683=EDGE_CURVE('',#810,#812,#125,.T.);
#684=EDGE_CURVE('',#806,#812,#855,.T.);
#685=EDGE_CURVE('',#812,#802,#126,.T.);
#686=EDGE_CURVE('',#801,#711,#127,.T.);
#687=EDGE_CURVE('',#813,#811,#856,.T.);
#688=EDGE_CURVE('',#773,#813,#857,.T.);
#689=EDGE_CURVE('',#735,#807,#858,.T.);
#690=EDGE_CURVE('',#814,#808,#859,.T.);
#691=EDGE_CURVE('',#736,#814,#860,.T.);
#692=EDGE_CURVE('',#815,#801,#861,.T.);
#693=EDGE_CURVE('',#763,#815,#862,.T.);
#694=EDGE_CURVE('',#754,#802,#863,.T.);
#695=EDGE_CURVE('',#755,#812,#864,.T.);
#696=EDGE_CURVE('',#706,#705,#865,.T.);
#697=EDGE_CURVE('',#699,#698,#866,.T.);
#698=VERTEX_POINT('',#1322);
#699=VERTEX_POINT('',#1323);
#700=VERTEX_POINT('',#1328);
#701=VERTEX_POINT('',#1330);
#702=VERTEX_POINT('',#1344);
#703=VERTEX_POINT('',#1345);
#704=VERTEX_POINT('',#1351);
#705=VERTEX_POINT('',#1362);
#706=VERTEX_POINT('',#1363);
#707=VERTEX_POINT('',#1366);
#708=VERTEX_POINT('',#1381);
#709=VERTEX_POINT('',#1382);
#710=VERTEX_POINT('',#1385);
#711=VERTEX_POINT('',#1390);
#712=VERTEX_POINT('',#1395);
#713=VERTEX_POINT('',#1400);
#714=VERTEX_POINT('',#1426);
#715=VERTEX_POINT('',#1429);
#716=VERTEX_POINT('',#1457);
#717=VERTEX_POINT('',#1458);
#718=VERTEX_POINT('',#1461);
#719=VERTEX_POINT('',#1467);
#720=VERTEX_POINT('',#1472);
#721=VERTEX_POINT('',#1477);
#722=VERTEX_POINT('',#1509);
#723=VERTEX_POINT('',#1512);
#724=VERTEX_POINT('',#1535);
#725=VERTEX_POINT('',#1536);
#726=VERTEX_POINT('',#1539);
#727=VERTEX_POINT('',#1547);
#728=VERTEX_POINT('',#1563);
#729=VERTEX_POINT('',#1569);
#730=VERTEX_POINT('',#1574);
#731=VERTEX_POINT('',#1579);
#732=VERTEX_POINT('',#1636);
#733=VERTEX_POINT('',#1637);
#734=VERTEX_POINT('',#1644);
#735=VERTEX_POINT('',#1649);
#736=VERTEX_POINT('',#1660);
#737=VERTEX_POINT('',#1665);
#738=VERTEX_POINT('',#1672);
#739=VERTEX_POINT('',#1721);
#740=VERTEX_POINT('',#1722);
#741=VERTEX_POINT('',#1729);
#742=VERTEX_POINT('',#1731);
#743=VERTEX_POINT('',#1738);
#744=VERTEX_POINT('',#1740);
#745=VERTEX_POINT('',#1745);
#746=VERTEX_POINT('',#1752);
#747=VERTEX_POINT('',#1757);
#748=VERTEX_POINT('',#1762);
#749=VERTEX_POINT('',#1764);
#750=VERTEX_POINT('',#1770);
#751=VERTEX_POINT('',#1778);
#752=VERTEX_POINT('',#1784);
#753=VERTEX_POINT('',#1791);
#754=VERTEX_POINT('',#1799);
#755=VERTEX_POINT('',#1807);
#756=VERTEX_POINT('',#1834);
#757=VERTEX_POINT('',#1857);
#758=VERTEX_POINT('',#1862);
#759=VERTEX_POINT('',#1869);
#760=VERTEX_POINT('',#1876);
#761=VERTEX_POINT('',#1893);
#762=VERTEX_POINT('',#1900);
#763=VERTEX_POINT('',#1980);
#764=VERTEX_POINT('',#1999);
#765=VERTEX_POINT('',#2067);
#766=VERTEX_POINT('',#2078);
#767=VERTEX_POINT('',#2086);
#768=VERTEX_POINT('',#2142);
#769=VERTEX_POINT('',#2150);
#770=VERTEX_POINT('',#2155);
#771=VERTEX_POINT('',#2158);
#772=VERTEX_POINT('',#2161);
#773=VERTEX_POINT('',#2167);
#774=VERTEX_POINT('',#2207);
#775=VERTEX_POINT('',#2208);
#776=VERTEX_POINT('',#2239);
#777=VERTEX_POINT('',#2244);
#778=VERTEX_POINT('',#2246);
#779=VERTEX_POINT('',#2251);
#780=VERTEX_POINT('',#2292);
#781=VERTEX_POINT('',#2293);
#782=VERTEX_POINT('',#2313);
#783=VERTEX_POINT('',#2322);
#784=VERTEX_POINT('',#2394);
#785=VERTEX_POINT('',#2883);
#786=VERTEX_POINT('',#3420);
#787=VERTEX_POINT('',#3922);
#788=VERTEX_POINT('',#4332);
#789=VERTEX_POINT('',#4333);
#790=VERTEX_POINT('',#4359);
#791=VERTEX_POINT('',#4364);
#792=VERTEX_POINT('',#4366);
#793=VERTEX_POINT('',#4371);
#794=VERTEX_POINT('',#4413);
#795=VERTEX_POINT('',#4414);
#796=VERTEX_POINT('',#4434);
#797=VERTEX_POINT('',#4443);
#798=VERTEX_POINT('',#4515);
#799=VERTEX_POINT('',#5004);
#800=VERTEX_POINT('',#5758);
#801=VERTEX_POINT('',#6451);
#802=VERTEX_POINT('',#6452);
#803=VERTEX_POINT('',#6479);
#804=VERTEX_POINT('',#6484);
#805=VERTEX_POINT('',#6486);
#806=VERTEX_POINT('',#6491);
#807=VERTEX_POINT('',#6534);
#808=VERTEX_POINT('',#6535);
#809=VERTEX_POINT('',#6555);
#810=VERTEX_POINT('',#6564);
#811=VERTEX_POINT('',#6636);
#812=VERTEX_POINT('',#7125);
#813=VERTEX_POINT('',#7577);
#814=VERTEX_POINT('',#7881);
#815=VERTEX_POINT('',#8166);
#816=CIRCLE('',#1149,0.02132965226208);
#817=CIRCLE('',#1150,0.497133551989062);
#818=CIRCLE('',#1151,2.);
#819=CIRCLE('',#1152,0.497133551989062);
#820=CIRCLE('',#1153,2.);
#821=CIRCLE('',#1154,6.5);
#822=CIRCLE('',#1155,3.63364264176573);
#823=CIRCLE('',#1156,7.5);
#824=CIRCLE('',#1157,3.63364264176573);
#825=CIRCLE('',#1158,3.63364264176573);
#826=CIRCLE('',#1159,2.);
#827=CIRCLE('',#1160,2.);
#828=CIRCLE('',#1161,3.63364264176573);
#829=CIRCLE('',#1162,7.5);
#830=CIRCLE('',#1163,7.5);
#831=CIRCLE('',#1164,3.63364264176573);
#832=CIRCLE('',#1165,3.);
#833=CIRCLE('',#1166,1.);
#834=CIRCLE('',#1167,1.);
#835=CIRCLE('',#1168,1.);
#836=CIRCLE('',#1169,1.);
#837=CIRCLE('',#1170,1.);
#838=CIRCLE('',#1171,1.);
#839=CIRCLE('',#1172,1.);
#840=CIRCLE('',#1173,1.);
#841=CIRCLE('',#1174,1.);
#842=CIRCLE('',#1175,1.);
#843=CIRCLE('',#1176,3.);
#844=CIRCLE('',#1177,1.);
#845=CIRCLE('',#1178,1.);
#846=CIRCLE('',#1179,1.);
#847=CIRCLE('',#1180,1.);
#848=CIRCLE('',#1181,1.);
#849=CIRCLE('',#1182,1.);
#850=CIRCLE('',#1183,1.);
#851=CIRCLE('',#1184,1.);
#852=CIRCLE('',#1185,1.);
#853=CIRCLE('',#1186,3.);
#854=CIRCLE('',#1187,1.);
#855=CIRCLE('',#1188,1.);
#856=CIRCLE('',#1189,1.);
#857=CIRCLE('',#1190,1.);
#858=CIRCLE('',#1191,1.);
#859=CIRCLE('',#1192,1.);
#860=CIRCLE('',#1193,1.);
#861=CIRCLE('',#1194,1.);
#862=CIRCLE('',#1195,1.);
#863=CIRCLE('',#1196,1.);
#864=CIRCLE('',#1197,1.);
#865=CIRCLE('',#1198,6.5);
#866=CIRCLE('',#1199,0.02132965226208);
#867=EDGE_LOOP('',(#149,#150,#151,#152));
#868=EDGE_LOOP('',(#153,#154,#155,#156,#157));
#869=EDGE_LOOP('',(#158,#159,#160));
#870=EDGE_LOOP('',(#161,#162,#163,#164,#165,#166));
#871=EDGE_LOOP('',(#167,#168,#169,#170));
#872=EDGE_LOOP('',(#171,#172,#173,#174,#175,#176));
#873=EDGE_LOOP('',(#177,#178,#179,#180));
#874=EDGE_LOOP('',(#181,#182,#183,#184));
#875=EDGE_LOOP('',(#185,#186,#187,#188,#189,#190));
#876=EDGE_LOOP('',(#191,#192,#193,#194,#195,#196,#197));
#877=EDGE_LOOP('',(#198,#199,#200,#201,#202,#203,#204,#205,#206,#207,#208,#209,#210,#211,#212,#213,#214));
#878=EDGE_LOOP('',(#215,#216,#217,#218,#219,#220,#221,#222,#223,#224,#225,#226,#227));
#879=EDGE_LOOP('',(#228,#229,#230,#231,#232,#233,#234,#235,#236,#237,#238,#239,#240));
#880=EDGE_LOOP('',(#241,#242,#243,#244,#245,#246,#247));
#881=EDGE_LOOP('',(#248,#249,#250,#251,#252,#253,#254,#255,#256,#257,#258,#259));
#882=EDGE_LOOP('',(#260,#261));
#883=EDGE_LOOP('',(#262,#263,#264,#265,#266,#267));
#884=EDGE_LOOP('',(#268,#269));
#885=EDGE_LOOP('',(#270,#271,#272,#273,#274,#275,#276));
#886=EDGE_LOOP('',(#277,#278,#279,#280));
#887=EDGE_LOOP('',(#281,#282,#283,#284,#285,#286,#287));
#888=EDGE_LOOP('',(#288,#289,#290,#291));
#889=EDGE_LOOP('',(#292,#293,#294,#295,#296,#297,#298));
#890=EDGE_LOOP('',(#299,#300,#301,#302,#303));
#891=EDGE_LOOP('',(#304,#305,#306,#307,#308));
#892=EDGE_LOOP('',(#309,#310,#311,#312,#313,#314));
#893=EDGE_LOOP('',(#315,#316,#317,#318));
#894=EDGE_LOOP('',(#319,#320,#321,#322,#323,#324,#325));
#895=EDGE_LOOP('',(#326,#327,#328,#329,#330,#331));
#896=EDGE_LOOP('',(#332,#333,#334,#335));
#897=EDGE_LOOP('',(#336,#337,#338,#339));
#898=EDGE_LOOP('',(#340,#341));
#899=EDGE_LOOP('',(#342,#343,#344,#345,#346,#347));
#900=EDGE_LOOP('',(#348,#349));
#901=EDGE_LOOP('',(#350,#351,#352,#353,#354,#355));
#902=EDGE_LOOP('',(#356,#357,#358,#359));
#903=EDGE_LOOP('',(#360,#361,#362,#363,#364,#365,#366));
#904=EDGE_LOOP('',(#367,#368,#369,#370));
#905=EDGE_LOOP('',(#371,#372,#373,#374,#375,#376,#377));
#906=EDGE_LOOP('',(#378,#379,#380,#381));
#907=EDGE_LOOP('',(#382,#383,#384,#385));
#908=EDGE_LOOP('',(#386,#387,#388,#389,#390,#391));
#909=EDGE_LOOP('',(#392,#393,#394,#395,#396,#397));
#910=EDGE_LOOP('',(#398,#399,#400,#401));
#911=EDGE_LOOP('',(#402,#403,#404,#405,#406));
#912=EDGE_LOOP('',(#407,#408,#409,#410,#411));
#913=EDGE_LOOP('',(#412,#413,#414,#415));
#914=EDGE_LOOP('',(#416,#417));
#915=EDGE_LOOP('',(#418,#419,#420,#421,#422,#423));
#916=EDGE_LOOP('',(#424,#425));
#917=EDGE_LOOP('',(#426,#427,#428,#429,#430,#431,#432));
#918=EDGE_LOOP('',(#433,#434,#435,#436));
#919=EDGE_LOOP('',(#437,#438,#439,#440,#441,#442,#443));
#920=EDGE_LOOP('',(#444,#445,#446,#447));
#921=EDGE_LOOP('',(#448,#449,#450,#451,#452,#453,#454));
#922=EDGE_LOOP('',(#455,#456,#457,#458,#459));
#923=EDGE_LOOP('',(#460,#461,#462,#463,#464,#465));
#924=EDGE_LOOP('',(#466,#467,#468,#469,#470));
#925=EDGE_LOOP('',(#471,#472,#473,#474,#475,#476));
#926=EDGE_LOOP('',(#477,#478,#479,#480,#481));
#927=EDGE_LOOP('',(#482,#483,#484,#485,#486,#487));
#928=EDGE_LOOP('',(#488,#489,#490,#491));
#929=EDGE_LOOP('',(#492,#493,#494,#495));
#930=EDGE_LOOP('',(#496,#497));
#931=EDGE_LOOP('',(#498,#499,#500));
#932=EDGE_LOOP('',(#501,#502,#503));
#933=EDGE_LOOP('',(#504,#505,#506,#507,#508));
#934=EDGE_LOOP('',(#509,#510));
#935=EDGE_LOOP('',(#511,#512,#513,#514));
#936=FACE_BOUND('',#867,.T.);
#937=FACE_BOUND('',#868,.T.);
#938=FACE_BOUND('',#869,.T.);
#939=FACE_BOUND('',#870,.T.);
#940=FACE_BOUND('',#871,.T.);
#941=FACE_BOUND('',#872,.T.);
#942=FACE_BOUND('',#873,.T.);
#943=FACE_BOUND('',#874,.T.);
#944=FACE_BOUND('',#875,.T.);
#945=FACE_BOUND('',#876,.T.);
#946=FACE_BOUND('',#877,.T.);
#947=FACE_BOUND('',#878,.T.);
#948=FACE_BOUND('',#879,.T.);
#949=FACE_BOUND('',#880,.T.);
#950=FACE_BOUND('',#881,.T.);
#951=FACE_BOUND('',#882,.T.);
#952=FACE_BOUND('',#883,.T.);
#953=FACE_BOUND('',#884,.T.);
#954=FACE_BOUND('',#885,.T.);
#955=FACE_BOUND('',#886,.T.);
#956=FACE_BOUND('',#887,.T.);
#957=FACE_BOUND('',#888,.T.);
#958=FACE_BOUND('',#889,.T.);
#959=FACE_BOUND('',#890,.T.);
#960=FACE_BOUND('',#891,.T.);
#961=FACE_BOUND('',#892,.T.);
#962=FACE_BOUND('',#893,.T.);
#963=FACE_BOUND('',#894,.T.);
#964=FACE_BOUND('',#895,.T.);
#965=FACE_BOUND('',#896,.T.);
#966=FACE_BOUND('',#897,.T.);
#967=FACE_BOUND('',#898,.T.);
#968=FACE_BOUND('',#899,.T.);
#969=FACE_BOUND('',#900,.T.);
#970=FACE_BOUND('',#901,.T.);
#971=FACE_BOUND('',#902,.T.);
#972=FACE_BOUND('',#903,.T.);
#973=FACE_BOUND('',#904,.T.);
#974=FACE_BOUND('',#905,.T.);
#975=FACE_BOUND('',#906,.T.);
#976=FACE_BOUND('',#907,.T.);
#977=FACE_BOUND('',#908,.T.);
#978=FACE_BOUND('',#909,.T.);
#979=FACE_BOUND('',#910,.T.);
#980=FACE_BOUND('',#911,.T.);
#981=FACE_BOUND('',#912,.T.);
#982=FACE_BOUND('',#913,.T.);
#983=FACE_BOUND('',#914,.T.);
#984=FACE_BOUND('',#915,.T.);
#985=FACE_BOUND('',#916,.T.);
#986=FACE_BOUND('',#917,.T.);
#987=FACE_BOUND('',#918,.T.);
#988=FACE_BOUND('',#919,.T.);
#989=FACE_BOUND('',#920,.T.);
#990=FACE_BOUND('',#921,.T.);
#991=FACE_BOUND('',#922,.T.);
#992=FACE_BOUND('',#923,.T.);
#993=FACE_BOUND('',#924,.T.);
#994=FACE_BOUND('',#925,.T.);
#995=FACE_BOUND('',#926,.T.);
#996=FACE_BOUND('',#927,.T.);
#997=FACE_BOUND('',#928,.T.);
#998=FACE_BOUND('',#929,.T.);
#999=FACE_BOUND('',#930,.T.);
#1000=FACE_BOUND('',#931,.T.);
#1001=FACE_BOUND('',#932,.T.);
#1002=FACE_BOUND('',#933,.T.);
#1003=FACE_BOUND('',#934,.T.);
#1004=FACE_BOUND('',#935,.T.);
#1005=(
B_SPLINE_SURFACE(3,3,((#1305,#1306,#1307,#1308),(#1309,#1310,#1311,#1312),(#1313,#1314,#1315,#1316),(#1317,#1318,#1319,#1320)),.TOROIDAL_SURF.,.F.,.F.,.F.)
B_SPLINE_SURFACE_WITH_KNOTS((4,4),(4,4),(0.0329097676147245,0.926017552129745),(0.5,1.),.PIECEWISE_BEZIER_KNOTS.)
BOUNDED_SURFACE()
GEOMETRIC_REPRESENTATION_ITEM()
RATIONAL_B_SPLINE_SURFACE(((0.985074298930882,0.328358099643627,0.328358099643627,
0.985074298930882),(0.854650655534102,0.284883551844701,0.284883551844701,
0.854650655534102),(0.848916379551021,0.282972126517007,0.282972126517007,
0.848916379551021),(0.967871470981639,0.322623823660546,0.322623823660546,
0.967871470981639)))
REPRESENTATION_ITEM('')
SURFACE()
);
#1006=(
B_SPLINE_SURFACE(1,3,((#1335,#1336,#1337,#1338),(#1339,#1340,#1341,#1342)),.CONICAL_SURF.,.F.,.F.,.F.)
B_SPLINE_SURFACE_WITH_KNOTS((2,2),(4,4),(0.0362111482081204,0.760434112370623),(0.5,1.),.PIECEWISE_BEZIER_KNOTS.)
BOUNDED_SURFACE()
GEOMETRIC_REPRESENTATION_ITEM()
RATIONAL_B_SPLINE_SURFACE(((1.,0.333333333333333,0.333333333333333,1.),(1.,0.333333333333333,0.333333333333333,1.)))
REPRESENTATION_ITEM('')
SURFACE()
);
#1007=(
B_SPLINE_SURFACE(1,3,((#1353,#1354,#1355,#1356),(#1357,#1358,#1359,#1360)),.CONICAL_SURF.,.F.,.F.,.F.)
B_SPLINE_SURFACE_WITH_KNOTS((2,2),(4,4),(0.0476190476190479,1.),(0.,0.5),.PIECEWISE_BEZIER_KNOTS.)
BOUNDED_SURFACE()
GEOMETRIC_REPRESENTATION_ITEM()
RATIONAL_B_SPLINE_SURFACE(((1.,0.333333333333333,0.333333333333333,1.),(1.,0.333333333333333,0.333333333333333,1.)))
REPRESENTATION_ITEM('')
SURFACE()
);
#1008=(
B_SPLINE_SURFACE(3,1,((#1369,#1370),(#1371,#1372),(#1373,#1374),(#1375,
#1376)),.CYLINDRICAL_SURF.,.F.,.F.,.F.)
B_SPLINE_SURFACE_WITH_KNOTS((4,4),(2,2),(0.374857724165434,0.5),(0.0448187564356034,0.151983719845247),.PIECEWISE_BEZIER_KNOTS.)
BOUNDED_SURFACE()
GEOMETRIC_REPRESENTATION_ITEM()
RATIONAL_B_SPLINE_SURFACE(((0.624715610270173,0.624715610270173),(0.70804883564397,
0.70804883564397),(0.833143632220579,0.833143632220579),(1.,1.)))
REPRESENTATION_ITEM('')
SURFACE()
);
#1009=(
B_SPLINE_SURFACE(3,1,((#1405,#1406),(#1407,#1408),(#1409,#1410),(#1411,
#1412),(#1413,#1414),(#1415,#1416),(#1417,#1418)),.CYLINDRICAL_SURF.,.F.,.F.,.F.)
B_SPLINE_SURFACE_WITH_KNOTS((4,3,4),(2,2),(0.49699997582982,0.5,1.),(0.0874412638825551,0.65251951881961),.PIECEWISE_BEZIER_KNOTS.)
BOUNDED_SURFACE()
GEOMETRIC_REPRESENTATION_ITEM()
RATIONAL_B_SPLINE_SURFACE(((0.988071904479454,0.988071904479454),(0.992023935932912,
0.992023935932912),(0.995999967773094,0.995999967773094),(1.,1.),(0.333333333333333,
0.333333333333333),(0.333333333333333,0.333333333333333),(1.,1.)))
REPRESENTATION_ITEM('')
SURFACE()
);
#1010=(
B_SPLINE_SURFACE(3,1,((#1438,#1439),(#1440,#1441),(#1442,#1443),(#1444,
#1445),(#1446,#1447),(#1448,#1449),(#1450,#1451)),.CYLINDRICAL_SURF.,.F.,.F.,.F.)
B_SPLINE_SURFACE_WITH_KNOTS((4,3,4),(2,2),(0.300471963973997,0.5,0.501190042892304),(0.0443210400206592,0.235434050314972),.PIECEWISE_BEZIER_KNOTS.)
BOUNDED_SURFACE()
GEOMETRIC_REPRESENTATION_ITEM()
RATIONAL_B_SPLINE_SURFACE(((0.52037935317914,0.52037935317914),(0.574089069691709,
0.574089069691709),(0.733962618631996,0.733962618631996),(1.,1.),(0.998413276143595,
0.998413276143595),(0.996830328826084,0.996830328826084),(0.995251158047469,
0.995251158047469)))
REPRESENTATION_ITEM('')
SURFACE()
);
#1011=(
B_SPLINE_SURFACE(3,1,((#1482,#1483),(#1484,#1485),(#1486,#1487),(#1488,
#1489),(#1490,#1491),(#1492,#1493),(#1494,#1495),(#1496,#1497),(#1498,#1499),(#1500,#1501)),.UNSPECIFIED.,.F.,.F.,.F.)
B_SPLINE_SURFACE_WITH_KNOTS((4,3,3,4),(2,2),(0.496999987919897,0.5,1.,1.00300015986835),(0.170395694844427,0.735490682958418),.PIECEWISE_BEZIER_KNOTS.)
BOUNDED_SURFACE()
GEOMETRIC_REPRESENTATION_ITEM()
RATIONAL_B_SPLINE_SURFACE(((0.988071952259434,0.988071952259434),(0.992023967979674,
0.992023967979674),(0.995999983893196,0.995999983893196),(1.,1.),(0.333333333333333,
0.333333333333333),(0.333333333333333,0.333333333333333),(1.,1.),(0.995999786842205,
0.995999786842205),(0.992023576242372,0.992023576242372),(0.988071368200501,
0.988071368200501)))
REPRESENTATION_ITEM('')
SURFACE()
);
#1012=(
B_SPLINE_SURFACE(3,1,((#1520,#1521),(#1522,#1523),(#1524,#1525),(#1526,
#1527)),.CYLINDRICAL_SURF.,.F.,.F.,.F.)
B_SPLINE_SURFACE_WITH_KNOTS((4,4),(2,2),(0.,0.5),(0.253358939333985,0.818455205942073),.PIECEWISE_BEZIER_KNOTS.)
BOUNDED_SURFACE()
GEOMETRIC_REPRESENTATION_ITEM()
RATIONAL_B_SPLINE_SURFACE(((1.,1.),(0.333333333333333,0.333333333333333),(0.333333333333333,0.333333333333333),(1.,1.)))
REPRESENTATION_ITEM('')
SURFACE()
);
#1013=(
B_SPLINE_SURFACE(3,1,((#1550,#1551),(#1552,#1553),(#1554,#1555),(#1556,
#1557)),.CYLINDRICAL_SURF.,.F.,.F.,.F.)
B_SPLINE_SURFACE_WITH_KNOTS((4,4),(2,2),(0.73389159503823,1.),(0.0438231328848416,0.318916386288472),.PIECEWISE_BEZIER_KNOTS.)
BOUNDED_SURFACE()
GEOMETRIC_REPRESENTATION_ITEM()
RATIONAL_B_SPLINE_SURFACE(((0.502075845683299,0.502075845683299),(0.47921407527874,
0.47921407527874),(0.645188793384307,0.645188793384307),(1.,1.)))
REPRESENTATION_ITEM('')
SURFACE()
);
#1014=(
B_SPLINE_SURFACE(3,3,((#1584,#1585,#1586,#1587,#1588,#1589,#1590,#1591,
#1592,#1593),(#1594,#1595,#1596,#1597,#1598,#1599,#1600,#1601,#1602,#1603),(#1604,#1605,#1606,#1607,#1608,#1609,#1610,#1611,#1612,#1613),(#1614,#1615,
#1616,#1617,#1618,#1619,#1620,#1621,#1622,#1623)),.UNSPECIFIED.,.F.,.F.,.F.)
B_SPLINE_SURFACE_WITH_KNOTS((4,4),(4,3,3,4),(0.0599032218094256,0.374098060586418),(0.496999977638232,0.5,1.,1.00300002624019),.PIECEWISE_BEZIER_KNOTS.)
BOUNDED_SURFACE()
GEOMETRIC_REPRESENTATION_ITEM()
RATIONAL_B_SPLINE_SURFACE(((0.988071911626297,0.992023940726408,0.995999970184309,
1.,0.333333333333333,0.333333333333333,1.,0.995999965013079,0.992023930446003,
0.988071896298771),(0.988071911626297,0.992023940726408,0.995999970184309,
1.,0.333333333333333,0.333333333333333,1.,0.995999965013079,0.992023930446003,
0.988071896298771),(0.988071911626297,0.992023940726408,0.995999970184309,
1.,0.333333333333333,0.333333333333333,1.,0.995999965013079,0.992023930446003,
0.988071896298771),(0.988071911626297,0.992023940726408,0.995999970184309,
1.,0.333333333333333,0.333333333333333,1.,0.995999965013079,0.992023930446003,
0.988071896298771)))
REPRESENTATION_ITEM('')
SURFACE()
);
#1015=(
B_SPLINE_SURFACE(3,3,((#1678,#1679,#1680,#1681,#1682,#1683,#1684),(#1685,
#1686,#1687,#1688,#1689,#1690,#1691),(#1692,#1693,#1694,#1695,#1696,#1697,
#1698),(#1699,#1700,#1701,#1702,#1703,#1704,#1705),(#1706,#1707,#1708,#1709,
#1710,#1711,#1712),(#1713,#1714,#1715,#1716,#1717,#1718,#1719)),.UNSPECIFIED.,.F.,.F.,.F.)
B_SPLINE_SURFACE_WITH_KNOTS((4,1,1,4),(4,3,4),(0.207417336702407,0.380240354693395,0.692897993823343,1.),(0.5,1.,1.00300013472447),.UNSPECIFIED.)
BOUNDED_SURFACE()
GEOMETRIC_REPRESENTATION_ITEM()
RATIONAL_B_SPLINE_SURFACE(((1.,0.333333333333333,0.333333333333333,1.,0.995999820367376,
0.992023642890393,0.988071467569049),(1.,0.333333333333333,0.333333333333333,
1.,0.995999820367376,0.992023642890393,0.988071467569049),(1.,0.333333333333333,
0.333333333333333,1.,0.995999820367376,0.992023642890393,0.988071467569049),(1.,0.333333333333333,0.333333333333333,1.,0.995999820367376,0.992023642890393,
0.988071467569049),(1.,0.333333333333333,0.333333333333333,1.,0.995999820367376,
0.992023642890393,0.988071467569049),(1.,0.333333333333333,0.333333333333333,
1.,0.995999820367376,0.992023642890393,0.988071467569049)))
REPRESENTATION_ITEM('')
SURFACE()
);
#1016=(
B_SPLINE_SURFACE(3,3,((#1812,#1813,#1814,#1815),(#1816,#1817,#1818,#1819),(#1820,#1821,#1822,#1823),(#1824,#1825,#1826,#1827)),.SURF_OF_REVOLUTION.,.F.,.F.,.F.)
B_SPLINE_SURFACE_WITH_KNOTS((4,4),(4,4),(0.,0.168555077225674),(0.5,1.),.PIECEWISE_BEZIER_KNOTS.)
BOUNDED_SURFACE()
GEOMETRIC_REPRESENTATION_ITEM()
RATIONAL_B_SPLINE_SURFACE(((1.,0.333333333333333,0.333333333333333,1.),(1.,0.333333333333333,0.333333333333333,1.),(1.,0.333333333333333,0.333333333333333,
1.),(1.,0.333333333333333,0.333333333333333,1.)))
REPRESENTATION_ITEM('')
SURFACE()
);
#1017=(
B_SPLINE_SURFACE(3,3,((#1902,#1903,#1904,#1905,#1906,#1907,#1908,#1909,
#1910,#1911),(#1912,#1913,#1914,#1915,#1916,#1917,#1918,#1919,#1920,#1921),(#1922,#1923,#1924,#1925,#1926,#1927,#1928,#1929,#1930,#1931),(#1932,#1933,
#1934,#1935,#1936,#1937,#1938,#1939,#1940,#1941)),.UNSPECIFIED.,.F.,.F.,.F.)
B_SPLINE_SURFACE_WITH_KNOTS((4,4),(4,3,3,4),(0.,0.266744569141509),(0.996999526580851,1.,1.5,1.50001111111111),.PIECEWISE_BEZIER_KNOTS.)
BOUNDED_SURFACE()
GEOMETRIC_REPRESENTATION_ITEM()
RATIONAL_B_SPLINE_SURFACE(((0.988070129049318,0.992022745124241,0.995999368774469,
1.,0.333333333333333,0.333333333333333,1.,0.999985185185185,0.999970370699588,
0.99995555654321),(0.988070129049318,0.992022745124241,0.995999368774469,
1.,0.333333333333333,0.333333333333333,1.,0.999985185185185,0.999970370699588,
0.99995555654321),(0.988070129049318,0.992022745124241,0.995999368774469,
1.,0.333333333333333,0.333333333333333,1.,0.999985185185185,0.999970370699588,
0.99995555654321),(0.988070129049318,0.992022745124241,0.995999368774469,
1.,0.333333333333333,0.333333333333333,1.,0.999985185185185,0.999970370699588,
0.99995555654321)))
REPRESENTATION_ITEM('')
SURFACE()
);
#1018=(
B_SPLINE_SURFACE(3,3,((#2006,#2007,#2008,#2009,#2010,#2011,#2012,#2013,
#2014,#2015),(#2016,#2017,#2018,#2019,#2020,#2021,#2022,#2023,#2024,#2025),(#2026,#2027,#2028,#2029,#2030,#2031,#2032,#2033,#2034,#2035),(#2036,#2037,
#2038,#2039,#2040,#2041,#2042,#2043,#2044,#2045),(#2046,#2047,#2048,#2049,
#2050,#2051,#2052,#2053,#2054,#2055)),.UNSPECIFIED.,.F.,.F.,.F.)
B_SPLINE_SURFACE_WITH_KNOTS((4,1,4),(4,3,3,4),(0.125192802461221,0.380240354693395,0.481428167722196),(0.996999721689776,1.,1.5,1.50300002382313),.UNSPECIFIED.)
BOUNDED_SURFACE()
GEOMETRIC_REPRESENTATION_ITEM()
RATIONAL_B_SPLINE_SURFACE(((0.988070900118615,0.992023262292573,0.995999628919702,
1.,0.333333333333333,0.333333333333333,1.,0.995999968235832,0.992023936852836,
0.988071905851011),(0.988070900118615,0.992023262292573,0.995999628919702,
1.,0.333333333333333,0.333333333333333,1.,0.995999968235832,0.992023936852836,
0.988071905851011),(0.988070900118615,0.992023262292573,0.995999628919702,
1.,0.333333333333333,0.333333333333333,1.,0.995999968235832,0.992023936852836,
0.988071905851011),(0.988070900118615,0.992023262292573,0.995999628919702,
1.,0.333333333333333,0.333333333333333,1.,0.995999968235832,0.992023936852836,
0.988071905851011),(0.988070900118615,0.992023262292573,0.995999628919702,
1.,0.333333333333333,0.333333333333333,1.,0.995999968235832,0.992023936852836,
0.988071905851011)))
REPRESENTATION_ITEM('')
SURFACE()
);
#1019=(
B_SPLINE_SURFACE(3,3,((#2096,#2097,#2098,#2099,#2100,#2101,#2102),(#2103,
#2104,#2105,#2106,#2107,#2108,#2109),(#2110,#2111,#2112,#2113,#2114,#2115,
#2116),(#2117,#2118,#2119,#2120,#2121,#2122,#2123),(#2124,#2125,#2126,#2127,
#2128,#2129,#2130),(#2131,#2132,#2133,#2134,#2135,#2136,#2137)),.SURF_OF_REVOLUTION.,.F.,.F.,.F.)
B_SPLINE_SURFACE_WITH_KNOTS((4,1,1,4),(4,3,4),(0.318706967517399,0.380240354693395,0.692897993823343,1.),(0.,0.5,0.503000032156257),.UNSPECIFIED.)
BOUNDED_SURFACE()
GEOMETRIC_REPRESENTATION_ITEM()
RATIONAL_B_SPLINE_SURFACE(((1.,0.333333333333333,0.333333333333333,1.,0.99599995712499,
0.992023914764484,0.98807187291848),(1.,0.333333333333333,0.333333333333333,
1.,0.99599995712499,0.992023914764484,0.98807187291848),(1.,0.333333333333333,
0.333333333333333,1.,0.99599995712499,0.992023914764484,0.98807187291848),(1.,0.333333333333333,0.333333333333333,1.,0.99599995712499,0.992023914764484,
0.98807187291848),(1.,0.333333333333333,0.333333333333333,1.,0.99599995712499,
0.992023914764484,0.98807187291848),(1.,0.333333333333333,0.333333333333333,
1.,0.99599995712499,0.992023914764484,0.98807187291848)))
REPRESENTATION_ITEM('')
SURFACE()
);
#1020=(
B_SPLINE_SURFACE(1,2,((#2173,#2174,#2175,#2176,#2177,#2178,#2179,#2180,
#2181,#2182,#2183,#2184,#2185),(#2186,#2187,#2188,#2189,#2190,#2191,#2192,
#2193,#2194,#2195,#2196,#2197,#2198)),.UNSPECIFIED.,.F.,.F.,.F.)
B_SPLINE_SURFACE_WITH_KNOTS((2,2),(3,2,2,2,2,2,3),(0.202191690560413,0.379326583210883),(0.291543081563681,0.333333333333334,0.416666666666667,0.5,0.583333333333333,0.666666666666667,0.704655913408727),.PIECEWISE_BEZIER_KNOTS.)
BOUNDED_SURFACE()
GEOMETRIC_REPRESENTATION_ITEM()
RATIONAL_B_SPLINE_SURFACE(((0.982963063026737,0.982912380421328,1.,0.965925826289068,
1.,0.965925826289068,1.,0.965925826289068,1.,0.965925826289068,1.,0.984466573688363,
0.983095623334383),(0.982963063026737,0.982912380421328,1.,0.965925826289068,
1.,0.965925826289068,1.,0.965925826289068,1.,0.965925826289068,1.,0.984466573688363,
0.983095623334383)))
REPRESENTATION_ITEM('')
SURFACE()
);
#1021=(
B_SPLINE_SURFACE(3,1,((#2220,#2221),(#2222,#2223),(#2224,#2225),(#2226,
#2227),(#2228,#2229),(#2230,#2231),(#2232,#2233)),.CYLINDRICAL_SURF.,.F.,.F.,.F.)
B_SPLINE_SURFACE_WITH_KNOTS((4,3,4),(2,2),(0.499972222222222,0.5,0.713355209552369),(0.753345575194822,0.955748811608729),.PIECEWISE_BEZIER_KNOTS.)
BOUNDED_SURFACE()
GEOMETRIC_REPRESENTATION_ITEM()
RATIONAL_B_SPLINE_SURFACE(((0.999888895061728,0.999888895061728),(0.999925927983539,
0.999925927983539),(0.999962962962963,0.999962962962963),(1.,1.),(0.715526387263508,
0.715526387263508),(0.552440629042043,0.552440629042043),(0.510742725335606,
0.510742725335606)))
REPRESENTATION_ITEM('')
SURFACE()
);
#1022=(
B_SPLINE_SURFACE(1,2,((#2256,#2257,#2258,#2259,#2260,#2261,#2262,#2263,
#2264,#2265,#2266,#2267,#2268),(#2269,#2270,#2271,#2272,#2273,#2274,#2275,
#2276,#2277,#2278,#2279,#2280,#2281)),.UNSPECIFIED.,.F.,.F.,.F.)
B_SPLINE_SURFACE_WITH_KNOTS((2,2),(3,2,2,2,2,2,3),(0.620825548956651,0.797798162635057),(0.324290244937096,0.333333333333334,0.416666666666667,0.5,0.583333333333333,0.666666666666667,0.737044166026459),.PIECEWISE_BEZIER_KNOTS.)
BOUNDED_SURFACE()
GEOMETRIC_REPRESENTATION_ITEM()
RATIONAL_B_SPLINE_SURFACE(((0.99340725334296,0.996302370821239,1.,0.965925826289068,
1.,0.965925826289068,1.,0.965925826289068,1.,0.965925826289068,1.,0.971223338337681,
0.991052184380566),(0.99340725334296,0.996302370821239,1.,0.965925826289068,
1.,0.965925826289068,1.,0.965925826289068,1.,0.965925826289068,1.,0.971223338337681,
0.991052184380566)))
REPRESENTATION_ITEM('')
SURFACE()
);
#1023=(
B_SPLINE_SURFACE(3,2,((#2327,#2328,#2329),(#2330,#2331,#2332),(#2333,#2334,
#2335),(#2336,#2337,#2338),(#2339,#2340,#2341),(#2342,#2343,#2344),(#2345,
#2346,#2347),(#2348,#2349,#2350),(#2351,#2352,#2353),(#2354,#2355,#2356),(#2357,#2358,#2359),(#2360,#2361,#2362),(#2363,#2364,#2365),(#2366,#2367,
#2368),(#2369,#2370,#2371),(#2372,#2373,#2374),(#2375,#2376,#2377),(#2378,
#2379,#2380),(#2381,#2382,#2383),(#2384,#2385,#2386),(#2387,#2388,#2389),(#2390,#2391,#2392)),.UNSPECIFIED.,.F.,.F.,.F.)
B_SPLINE_SURFACE_WITH_KNOTS((4,2,2,2,2,2,2,2,2,2,4),(3,3),(0.00265963262347883,0.00308749593184642,0.00314097884539236,0.00319446175893831,0.00330142758603021,0.003515359240214,0.00437108585694916,0.00522681247368432,0.0056546757820519,0.00586860743623569,0.00608253909041948),(0.385260938602238,1.),.UNSPECIFIED.)
BOUNDED_SURFACE()
GEOMETRIC_REPRESENTATION_ITEM()
RATIONAL_B_SPLINE_SURFACE(((0.923997983218325,0.901362934615929,1.),(0.923237307632617,
0.900375713346537,1.),(0.922694239093422,0.899670907220636,1.),(0.922339286218547,
0.899210241682931,1.),(0.922303395101461,0.899163661412925,1.),(0.922238730136528,
0.89907973781926,1.),(0.921987650888142,0.898753881726378,1.),(0.921512681285898,
0.898137455877488,1.),(0.921192642586954,0.897722102714376,1.),(0.920222239123506,
0.896462692057577,1.),(0.919561588927312,0.895605285907616,1.),(0.916188179387908,
0.891227201859383,1.),(0.913265627224908,0.887434250290502,1.),(0.906921811623203,
0.879201108845225,1.),(0.90350074559272,0.874761175169499,1.),(0.897941776394001,
0.86754662440439,1.),(0.89601738253018,0.865049104319947,1.),(0.893015084167922,
0.861152656404476,1.),(0.891995018582653,0.85982879316912,1.),(0.889914657129712,
0.857128854965562,1.),(0.888821120757592,0.855709639749911,1.),(0.887824781002928,
0.854416568411978,1.)))
REPRESENTATION_ITEM('')
SURFACE()
);
#1024=(
B_SPLINE_SURFACE(3,2,((#2399,#2400,#2401),(#2402,#2403,#2404),(#2405,#2406,
#2407),(#2408,#2409,#2410),(#2411,#2412,#2413),(#2414,#2415,#2416),(#2417,
#2418,#2419),(#2420,#2421,#2422),(#2423,#2424,#2425),(#2426,#2427,#2428),(#2429,#2430,#2431),(#2432,#2433,#2434),(#2435,#2436,#2437),(#2438,#2439,
#2440),(#2441,#2442,#2443),(#2444,#2445,#2446),(#2447,#2448,#2449),(#2450,
#2451,#2452),(#2453,#2454,#2455),(#2456,#2457,#2458),(#2459,#2460,#2461),(#2462,#2463,#2464),(#2465,#2466,#2467),(#2468,#2469,#2470),(#2471,#2472,
#2473),(#2474,#2475,#2476),(#2477,#2478,#2479),(#2480,#2481,#2482),(#2483,
#2484,#2485),(#2486,#2487,#2488),(#2489,#2490,#2491),(#2492,#2493,#2494),(#2495,#2496,#2497),(#2498,#2499,#2500),(#2501,#2502,#2503),(#2504,#2505,
#2506),(#2507,#2508,#2509),(#2510,#2511,#2512),(#2513,#2514,#2515),(#2516,
#2517,#2518),(#2519,#2520,#2521),(#2522,#2523,#2524),(#2525,#2526,#2527),(#2528,#2529,#2530),(#2531,#2532,#2533),(#2534,#2535,#2536),(#2537,#2538,
#2539),(#2540,#2541,#2542),(#2543,#2544,#2545),(#2546,#2547,#2548),(#2549,
#2550,#2551),(#2552,#2553,#2554),(#2555,#2556,#2557),(#2558,#2559,#2560),(#2561,#2562,#2563),(#2564,#2565,#2566),(#2567,#2568,#2569),(#2570,#2571,
#2572),(#2573,#2574,#2575),(#2576,#2577,#2578),(#2579,#2580,#2581),(#2582,
#2583,#2584),(#2585,#2586,#2587),(#2588,#2589,#2590),(#2591,#2592,#2593),(#2594,#2595,#2596),(#2597,#2598,#2599),(#2600,#2601,#2602),(#2603,#2604,
#2605),(#2606,#2607,#2608),(#2609,#2610,#2611),(#2612,#2613,#2614),(#2615,
#2616,#2617),(#2618,#2619,#2620),(#2621,#2622,#2623),(#2624,#2625,#2626),(#2627,#2628,#2629),(#2630,#2631,#2632),(#2633,#2634,#2635),(#2636,#2637,
#2638),(#2639,#2640,#2641),(#2642,#2643,#2644),(#2645,#2646,#2647),(#2648,
#2649,#2650),(#2651,#2652,#2653),(#2654,#2655,#2656),(#2657,#2658,#2659),(#2660,#2661,#2662),(#2663,#2664,#2665),(#2666,#2667,#2668),(#2669,#2670,
#2671),(#2672,#2673,#2674),(#2675,#2676,#2677),(#2678,#2679,#2680),(#2681,
#2682,#2683),(#2684,#2685,#2686),(#2687,#2688,#2689),(#2690,#2691,#2692),(#2693,#2694,#2695),(#2696,#2697,#2698),(#2699,#2700,#2701),(#2702,#2703,
#2704),(#2705,#2706,#2707),(#2708,#2709,#2710),(#2711,#2712,#2713),(#2714,
#2715,#2716),(#2717,#2718,#2719),(#2720,#2721,#2722),(#2723,#2724,#2725),(#2726,#2727,#2728),(#2729,#2730,#2731),(#2732,#2733,#2734),(#2735,#2736,
#2737),(#2738,#2739,#2740),(#2741,#2742,#2743),(#2744,#2745,#2746),(#2747,
#2748,#2749),(#2750,#2751,#2752),(#2753,#2754,#2755),(#2756,#2757,#2758),(#2759,#2760,#2761),(#2762,#2763,#2764),(#2765,#2766,#2767),(#2768,#2769,
#2770),(#2771,#2772,#2773),(#2774,#2775,#2776),(#2777,#2778,#2779),(#2780,
#2781,#2782),(#2783,#2784,#2785),(#2786,#2787,#2788),(#2789,#2790,#2791),(#2792,#2793,#2794),(#2795,#2796,#2797),(#2798,#2799,#2800)),.UNSPECIFIED.,.F.,.F.,.F.)
B_SPLINE_SURFACE_WITH_KNOTS((4,2,2,2,2,2,2,2,2,2,2,2,2,2,2,2,2,2,2,2,2,2,2,2,2,2,2,2,2,2,2,2,2,2,2,2,2,2,2,2,2,2,2,2,2,2,2,2,2,2,2,2,2,2,2,2,2,2,2,2,2,2,2,2,2,2,4),(3,3),(0.00960434484016973,0.0118526525931112,0.0124147295313466,0.012976806469582,0.0130470660868614,0.0131173257041408,0.0132578449386996,0.0135388834078173,0.0141009603460527,0.0163492680989942,0.0166303065681119,0.0167708258026707,0.0169113450372295,0.0174734219754649,0.0185975758519357,0.0197217297284064,0.0200027681975241,0.0201432874320829,0.0202135470493623,0.0202838066666418,0.0208458836048771,0.0230941913578186,0.023656268296054,0.0237265279133334,0.0237967875306128,0.0239373067651717,0.0242183452342894,0.0253424991107601,0.0264666529872308,0.0270287299254662,0.0271692491600251,0.0273097683945839,0.0275908068637016,0.0287149607401723,0.0298391146166431,0.0304011915548784,0.0306822300239961,0.030822749258555,0.0309632684931138,0.0320874223695846,0.0332115762460553,0.0337736531842907,0.034335730122526,0.0344762493570849,0.0346167685916437,0.0348978070607614,0.0354598839989968,0.0365840378754675,0.0371461148137029,0.0377081917519383,0.0378487109864971,0.0379189706037765,0.037989230221056,0.0382702686901736,0.038832345628409,0.0410806533813505,0.0413616918504682,0.0414319514677476,0.041502211085027,0.0416427303195859,0.0422048072578212,0.043328961134292,0.0444531150107627,0.0447341534798804,0.0448746727144392,0.0450151919489981,0.0455772688872335),(0.,1.),.UNSPECIFIED.)
BOUNDED_SURFACE()
GEOMETRIC_REPRESENTATION_ITEM()
RATIONAL_B_SPLINE_SURFACE(((1.,0.763178491933556,1.),(1.,0.764233249990607,
1.),(1.,0.764595226114966,1.),(1.,0.764229730410342,1.),(1.,0.764114046722261,
1.),(1.,0.763788040053989,1.),(1.,0.763577372603649,1.),(1.,0.763282191849001,
1.),(1.,0.763248575659506,1.),(1.,0.763179676690023,1.),(1.,0.763094453742223,
1.),(1.,0.763197824566481,1.),(1.,0.76326361258309,1.),(1.,0.763451916120597,
1.),(1.,0.763565382282316,1.),(1.,0.763871681611029,1.),(1.,0.764030567664061,
1.),(1.,0.764616533490563,1.),(1.,0.764467241202867,1.),(1.,0.763434998364464,
1.),(1.,0.763307390355077,1.),(1.,0.763094787596303,1.),(1.,0.763211755718289,
1.),(1.,0.763341316766,1.),(1.,0.763402994091494,1.),(1.,0.763696380953371,
1.),(1.,0.763883310682606,1.),(1.,0.764315033495764,1.),(1.,0.76443294962124,
1.),(1.,0.764346083181422,1.),(1.,0.764141845219813,1.),(1.,0.76364733623718,
1.),(1.,0.7635362479695,1.),(1.,0.763349850313949,1.),(1.,0.763284419698172,
1.),(1.,0.763181102948688,1.),(1.,0.763093070312616,1.),(1.,0.763162162249094,
1.),(1.,0.763195951864053,1.),(1.,0.763493339266974,1.),(1.,0.763710307346581,
1.),(1.,0.764568718842942,1.),(1.,0.764589031673488,1.),(1.,0.763735705859106,
1.),(1.,0.76351805424589,1.),(1.,0.763211505271627,1.),(1.,0.763176582086787,
1.),(1.,0.763104970921518,1.),(1.,0.763166926766122,1.),(1.,0.763267701931554,
1.),(1.,0.763331867280899,1.),(1.,0.763515080945541,1.),(1.,0.763625037365161,
1.),(1.,0.764117530985204,1.),(1.,0.764331263272607,1.),(1.,0.764438569003558,
1.),(1.,0.764332226273657,1.),(1.,0.763906447522645,1.),(1.,0.763719570521442,
1.),(1.,0.763421592616726,1.),(1.,0.763358760164112,1.),(1.,0.763226339896397,
1.),(1.,0.76308386555356,1.),(1.,0.76328874475565,1.),(1.,0.763413294200377,
1.),(1.,0.763978659589826,1.),(1.,0.764246739954918,1.),(1.,0.764453380875093,
1.),(1.,0.764392569745635,1.),(1.,0.764036413262132,1.),(1.,0.763873514639661,
1.),(1.,0.763556306555215,1.),(1.,0.763438381619071,1.),(1.,0.763241924120963,
1.),(1.,0.763067409599296,1.),(1.,0.76320416834468,1.),(1.,0.763269482148623,
1.),(1.,0.76383058420314,1.),(1.,0.764142582346439,1.),(1.,0.764444641238211,
1.),(1.,0.764434688409207,1.),(1.,0.76416124702202,1.),(1.,0.764025849636064,
1.),(1.,0.763660349176401,1.),(1.,0.763430503599601,1.),(1.,0.763076192280208,
1.),(1.,0.763227914824124,1.),(1.,0.76335539126107,1.),(1.,0.763416115972971,
1.),(1.,0.763589524694148,1.),(1.,0.763693453664785,1.),(1.,0.763972016588454,
1.),(1.,0.764113572292085,1.),(1.,0.764414571743577,1.),(1.,0.764452600115109,
1.),(1.,0.764259657348404,1.),(1.,0.764153137066115,1.),(1.,0.763847060577481,
1.),(1.,0.763646759290779,1.),(1.,0.763331667029973,1.),(1.,0.763265413199337,
1.),(1.,0.763161003427505,1.),(1.,0.76311302020178,1.),(1.,0.763181492175337,
1.),(1.,0.763214945884792,1.),(1.,0.76337837105774,1.),(1.,0.763496827160102,
1.),(1.,0.76381758855035,1.),(1.,0.76398544263733,1.),(1.,0.764614384804083,
1.),(1.,0.764493035531725,1.),(1.,0.763505009732989,1.),(1.,0.763382509591142,
1.),(1.,0.763212043830419,1.),(1.,0.763177082237031,1.),(1.,0.763105380203705,
1.),(1.,0.763166577748509,1.),(1.,0.763267353071812,1.),(1.,0.763331391671345,
1.),(1.,0.763636399631864,1.),(1.,0.763832037943356,1.),(1.,0.764288897312294,
1.),(1.,0.764422254201972,1.),(1.,0.764367054965335,1.),(1.,0.764178974202594,
1.),(1.,0.763707640192988,1.),(1.,0.763601340703575,1.),(1.,0.763422425086641,
1.),(1.,0.763359538415914,1.),(1.,0.76322698355026,1.),(1.,0.763083312501499,
1.),(1.,0.763425358292433,1.),(1.,0.763651195810267,1.),(1.,0.763831447241757,
1.)))
REPRESENTATION_ITEM('')
SURFACE()
);
#1025=(
B_SPLINE_SURFACE(3,2,((#2819,#2820,#2821),(#2822,#2823,#2824),(#2825,#2826,
#2827),(#2828,#2829,#2830),(#2831,#2832,#2833),(#2834,#2835,#2836),(#2837,
#2838,#2839),(#2840,#2841,#2842),(#2843,#2844,#2845),(#2846,#2847,#2848),(#2849,#2850,#2851),(#2852,#2853,#2854),(#2855,#2856,#2857),(#2858,#2859,
#2860),(#2861,#2862,#2863),(#2864,#2865,#2866),(#2867,#2868,#2869),(#2870,
#2871,#2872),(#2873,#2874,#2875),(#2876,#2877,#2878)),.UNSPECIFIED.,.F.,.F.,.F.)
B_SPLINE_SURFACE_WITH_KNOTS((4,2,2,2,2,2,2,2,2,4),(3,3),(0.00181208175908229,0.0019480473486126,0.00208462086910914,0.00235776791010222,0.00290406199208839,0.00399665015606071,0.00508923832003304,0.0056355324020192,0.00590867944301228,0.00618182648400537),(0.,0.592441876611104),.UNSPECIFIED.)
BOUNDED_SURFACE()
GEOMETRIC_REPRESENTATION_ITEM()
RATIONAL_B_SPLINE_SURFACE(((1.,0.916792998357155,0.932176621115251),(1.,
0.916048748771083,0.931569971185985),(1.,0.915781317531526,0.931351983637727),(1.,0.914961774395019,0.930683960712225),(1.,0.914546060974415,0.930345105949087),(1.,0.913285348728449,0.929317478914888),(1.,0.912426360177792,0.928617303391451),(1.,0.909791423729676,0.926469523883365),(1.,0.907988890527427,0.925000249784856),(1.,0.902225767178488,0.920302634310951),(1.,0.897978541515655,0.916840651669444),(1.,0.888621919358283,0.90921391693401),(1.,0.883512705966296,0.905049314089946),(1.,0.875137083208907,0.898222207903516),(1.,0.87222628604842,0.895849569846929),(1.,0.86767044895922,0.89213603301785),(1.,0.866120205758829,0.890872404598753),(1.,0.862954262534334,0.888291792840092),(1.,0.861332772639569,0.886970090082883),(1.,0.859697021339225,0.885636762622284)))
REPRESENTATION_ITEM('')
SURFACE()
);
#1026=(
B_SPLINE_SURFACE(3,2,((#2885,#2886,#2887),(#2888,#2889,#2890),(#2891,#2892,
#2893),(#2894,#2895,#2896),(#2897,#2898,#2899),(#2900,#2901,#2902),(#2903,
#2904,#2905),(#2906,#2907,#2908),(#2909,#2910,#2911),(#2912,#2913,#2914),(#2915,#2916,#2917),(#2918,#2919,#2920),(#2921,#2922,#2923),(#2924,#2925,
#2926),(#2927,#2928,#2929),(#2930,#2931,#2932),(#2933,#2934,#2935),(#2936,
#2937,#2938),(#2939,#2940,#2941),(#2942,#2943,#2944),(#2945,#2946,#2947),(#2948,#2949,#2950),(#2951,#2952,#2953),(#2954,#2955,#2956),(#2957,#2958,
#2959),(#2960,#2961,#2962),(#2963,#2964,#2965),(#2966,#2967,#2968),(#2969,
#2970,#2971),(#2972,#2973,#2974),(#2975,#2976,#2977),(#2978,#2979,#2980),(#2981,#2982,#2983),(#2984,#2985,#2986),(#2987,#2988,#2989),(#2990,#2991,
#2992),(#2993,#2994,#2995),(#2996,#2997,#2998),(#2999,#3000,#3001),(#3002,
#3003,#3004),(#3005,#3006,#3007),(#3008,#3009,#3010),(#3011,#3012,#3013),(#3014,#3015,#3016),(#3017,#3018,#3019),(#3020,#3021,#3022),(#3023,#3024,
#3025),(#3026,#3027,#3028),(#3029,#3030,#3031),(#3032,#3033,#3034),(#3035,
#3036,#3037),(#3038,#3039,#3040),(#3041,#3042,#3043),(#3044,#3045,#3046),(#3047,#3048,#3049),(#3050,#3051,#3052),(#3053,#3054,#3055),(#3056,#3057,
#3058),(#3059,#3060,#3061),(#3062,#3063,#3064),(#3065,#3066,#3067),(#3068,
#3069,#3070),(#3071,#3072,#3073),(#3074,#3075,#3076),(#3077,#3078,#3079),(#3080,#3081,#3082),(#3083,#3084,#3085),(#3086,#3087,#3088),(#3089,#3090,
#3091),(#3092,#3093,#3094),(#3095,#3096,#3097),(#3098,#3099,#3100),(#3101,
#3102,#3103),(#3104,#3105,#3106),(#3107,#3108,#3109),(#3110,#3111,#3112),(#3113,#3114,#3115),(#3116,#3117,#3118),(#3119,#3120,#3121),(#3122,#3123,
#3124),(#3125,#3126,#3127),(#3128,#3129,#3130),(#3131,#3132,#3133),(#3134,
#3135,#3136),(#3137,#3138,#3139),(#3140,#3141,#3142),(#3143,#3144,#3145),(#3146,#3147,#3148),(#3149,#3150,#3151),(#3152,#3153,#3154),(#3155,#3156,
#3157),(#3158,#3159,#3160),(#3161,#3162,#3163),(#3164,#3165,#3166),(#3167,
#3168,#3169),(#3170,#3171,#3172),(#3173,#3174,#3175),(#3176,#3177,#3178),(#3179,#3180,#3181),(#3182,#3183,#3184),(#3185,#3186,#3187),(#3188,#3189,
#3190),(#3191,#3192,#3193),(#3194,#3195,#3196),(#3197,#3198,#3199),(#3200,
#3201,#3202),(#3203,#3204,#3205),(#3206,#3207,#3208),(#3209,#3210,#3211),(#3212,#3213,#3214),(#3215,#3216,#3217),(#3218,#3219,#3220),(#3221,#3222,
#3223),(#3224,#3225,#3226),(#3227,#3228,#3229),(#3230,#3231,#3232),(#3233,
#3234,#3235),(#3236,#3237,#3238),(#3239,#3240,#3241),(#3242,#3243,#3244),(#3245,#3246,#3247),(#3248,#3249,#3250)),.UNSPECIFIED.,.F.,.F.,.F.)
B_SPLINE_SURFACE_WITH_KNOTS((4,2,2,2,2,2,2,2,2,2,2,2,2,2,2,2,2,2,2,2,2,2,2,2,2,2,2,2,2,2,2,2,2,2,2,2,2,2,2,2,2,2,2,2,2,2,2,2,2,2,2,2,2,2,2,2,2,2,2,2,4),(3,3),(0.0192430276497554,0.0214214414131164,0.0225106482947969,0.022646799155007,0.0227829500152171,0.0230552517356372,0.0235998551764774,0.024689062058158,0.0257782689398385,0.0263228723806787,0.0264590232408888,0.0265951741010989,0.026867475821519,0.0279566827031995,0.02904588958488,0.0295904930257203,0.0298627947461404,0.0299989456063504,0.0301350964665605,0.031224303348241,0.0323135102299215,0.033402717111602,0.0336750188320222,0.0339473205524423,0.0344919239932826,0.0366703377566436,0.0369426394770637,0.0370107149071687,0.0370787903372738,0.0372149411974838,0.0377595446383241,0.0388487515200046,0.0399379584016851,0.0404825618425254,0.0406187127027354,0.0407548635629455,0.0410271652833656,0.0415717687242059,0.0421163721650461,0.0432055790467267,0.0437501824875669,0.044022484207987,0.0441586350681971,0.0442267104983021,0.0442947859284072,0.0448393893692474,0.0453839928100877,0.0475624065734487,0.0476985574336588,0.0478347082938688,0.048107010014289,0.0486516134551292,0.0497408203368097,0.0508300272184902,0.0511023289389104,0.0512384797991204,0.0513065552292255,0.0513746306593305,0.0519192341001708,0.0530084409818513,0.0540976478635318),(0.,1.),.UNSPECIFIED.)
BOUNDED_SURFACE()
GEOMETRIC_REPRESENTATION_ITEM()
RATIONAL_B_SPLINE_SURFACE(((1.,0.763178491933523,1.),(1.,0.764229405191969,
1.),(1.,0.764571443567379,1.),(1.,0.764198002262063,1.),(1.,0.763919477488012,
1.),(1.,0.763413805224397,1.),(1.,0.763354906163103,1.),(1.,0.763231537046027,
1.),(1.,0.763069662699597,1.),(1.,0.763276077216989,1.),(1.,0.763400904368252,
1.),(1.,0.763739850221837,1.),(1.,0.763918607019353,1.),(1.,0.76432852878419,
1.),(1.,0.764433424290283,1.),(1.,0.764342531485104,1.),(1.,0.764147580147625,
1.),(1.,0.763614996097127,1.),(1.,0.763396974909286,1.),(1.,0.763068297478888,
1.),(1.,0.763238230543137,1.),(1.,0.763364391009871,1.),(1.,0.763424446652217,
1.),(1.,0.763595854235803,1.),(1.,0.763698458159944,1.),(1.,0.764156601660869,
1.),(1.,0.764350486993938,1.),(1.,0.764430405704613,1.),(1.,0.764316795704825,
1.),(1.,0.763915199060206,1.),(1.,0.763742321059791,1.),(1.,0.76341993696976,
1.),(1.,0.763301932799527,1.),(1.,0.763108237827435,1.),(1.,0.763199015727108,
1.),(1.,0.763327434779275,1.),(1.,0.763388592097705,1.),(1.,0.763912533784951,
1.),(1.,0.764193473189775,1.),(1.,0.764447572292006,1.),(1.,0.764418948001168,
1.),(1.,0.764051505219027,1.),(1.,0.763713597815376,1.),(1.,0.763065824104243,
1.),(1.,0.763311630681182,1.),(1.,0.763548939894649,1.),(1.,0.763655342348318,
1.),(1.,0.763940499193988,1.),(1.,0.764085369810206,1.),(1.,0.76460794729045,
1.),(1.,0.764419913810029,1.),(1.,0.763481821434493,1.),(1.,0.763366832802597,
1.),(1.,0.763208795089395,1.),(1.,0.763176471644362,1.),(1.,0.763110368193666,
1.),(1.,0.763162380695234,1.),(1.,0.763263008491033,1.),(1.,0.763326983553405,
1.),(1.,0.763631828502163,1.),(1.,0.763826550786217,1.),(1.,0.7642804121878,
1.),(1.,0.764412769010052,1.),(1.,0.764381015961966,1.),(1.,0.764216556251476,
1.),(1.,0.763731036227419,1.),(1.,0.763528924282472,1.),(1.,0.763220339964495,
1.),(1.,0.763081788334867,1.),(1.,0.763218215420776,1.),(1.,0.763283307175093,
1.),(1.,0.76346954412878,1.),(1.,0.763581662790738,1.),(1.,0.763884063226297,
1.),(1.,0.76404021870036,1.),(1.,0.764268452649486,1.),(1.,0.764341091356436,
1.),(1.,0.764443686820997,1.),(1.,0.764360177369251,1.),(1.,0.76400596418981,
1.),(1.,0.763849261445267,1.),(1.,0.763551686732894,1.),(1.,0.763442043131052,
1.),(1.,0.763261016415065,1.),(1.,0.76319791166668,1.),(1.,0.763098978581979,
1.),(1.,0.763173629018302,1.),(1.,0.763239868291377,1.),(1.,0.763272217552197,
1.),(1.,0.763556552278415,1.),(1.,0.763761123668379,1.),(1.,0.764084592394732,
1.),(1.,0.764203522860595,1.),(1.,0.764594931540592,1.),(1.,0.76430412082278,
1.),(1.,0.763299769255305,1.),(1.,0.763237966285202,1.),(1.,0.763108749333153,
1.),(1.,0.763198588497235,1.),(1.,0.763391525260013,1.),(1.,0.763507983555542,
1.),(1.,0.763823263385057,1.),(1.,0.76398814904245,1.),(1.,0.764359641809003,
1.),(1.,0.76444338734488,1.),(1.,0.764307729168999,1.),(1.,0.764090108664426,
1.),(1.,0.763615992826829,1.),(1.,0.763510912157955,1.),(1.,0.763337148968038,
1.),(1.,0.763276535410141,1.),(1.,0.763181461773744,1.),(1.,0.763087433375478,
1.),(1.,0.763156028659395,1.),(1.,0.763189542551072,1.),(1.,0.763484252028832,
1.),(1.,0.763697298153184,1.),(1.,0.764207668371893,1.),(1.,0.764378307272926,
1.),(1.,0.764414768059847,1.),(1.,0.764278453294209,1.),(1.,0.763988427663602,
1.)))
REPRESENTATION_ITEM('')
SURFACE()
);
#1027=(
B_SPLINE_SURFACE(3,2,((#3274,#3275,#3276),(#3277,#3278,#3279),(#3280,#3281,
#3282),(#3283,#3284,#3285),(#3286,#3287,#3288),(#3289,#3290,#3291),(#3292,
#3293,#3294),(#3295,#3296,#3297),(#3298,#3299,#3300),(#3301,#3302,#3303),(#3304,#3305,#3306),(#3307,#3308,#3309),(#3310,#3311,#3312),(#3313,#3314,
#3315),(#3316,#3317,#3318),(#3319,#3320,#3321),(#3322,#3323,#3324),(#3325,
#3326,#3327),(#3328,#3329,#3330),(#3331,#3332,#3333)),.UNSPECIFIED.,.F.,.F.,.F.)
B_SPLINE_SURFACE_WITH_KNOTS((4,2,2,2,2,2,2,2,2,4),(3,3),(2.94902990916057E-17,0.000220444564045432,0.000440889128090834,0.000881778256181638,0.00176355651236325,0.00264533476854486,0.00275555705056756,0.00286577933259026,0.00308622389663566,0.00352711302472646),(0.,1.),.UNSPECIFIED.)
BOUNDED_SURFACE()
GEOMETRIC_REPRESENTATION_ITEM()
RATIONAL_B_SPLINE_SURFACE(((1.,0.83650953210848,1.),(1.,0.837783741271191,
1.),(1.,0.838744241489945,1.),(1.,0.840845279740488,1.),(1.,0.841895326853966,
1.),(1.,0.845040734262044,1.),(1.,0.847131282823841,1.),(1.,0.853360365865922,
1.),(1.,0.857455416979524,1.),(1.,0.865431858072398,1.),(1.,0.869312039117177,
1.),(1.,0.873508394503034,1.),(1.,0.874034377063704,1.),(1.,0.874715204132669,
1.),(1.,0.875085489294378,1.),(1.,0.876287128661011,1.),(1.,0.87720945609458,
1.),(1.,0.880345923094446,1.),(1.,0.883025096037228,1.),(1.,0.885815749775036,
1.)))
REPRESENTATION_ITEM('')
SURFACE()
);
#1028=(
B_SPLINE_SURFACE(3,2,((#3335,#3336,#3337),(#3338,#3339,#3340),(#3341,#3342,
#3343),(#3344,#3345,#3346),(#3347,#3348,#3349),(#3350,#3351,#3352),(#3353,
#3354,#3355),(#3356,#3357,#3358),(#3359,#3360,#3361),(#3362,#3363,#3364),(#3365,#3366,#3367),(#3368,#3369,#3370),(#3371,#3372,#3373),(#3374,#3375,
#3376),(#3377,#3378,#3379),(#3380,#3381,#3382),(#3383,#3384,#3385),(#3386,
#3387,#3388),(#3389,#3390,#3391),(#3392,#3393,#3394),(#3395,#3396,#3397),(#3398,#3399,#3400),(#3401,#3402,#3403),(#3404,#3405,#3406),(#3407,#3408,
#3409),(#3410,#3411,#3412),(#3413,#3414,#3415),(#3416,#3417,#3418)),.UNSPECIFIED.,.F.,.F.,.F.)
B_SPLINE_SURFACE_WITH_KNOTS((4,2,2,2,2,2,2,2,2,2,2,2,2,4),(3,3),(-2.25514051876985E-17,0.00194031568242014,0.00291047352363022,0.00339555244423526,0.00363809190453778,0.0038806313648403,0.00485078920605038,0.00582094704726046,0.00679110488847054,0.00703364434877306,0.00709427921384869,0.00715491407892432,0.00727618380907558,0.00776126272968062),(0.,1.),.UNSPECIFIED.)
BOUNDED_SURFACE()
GEOMETRIC_REPRESENTATION_ITEM()
RATIONAL_B_SPLINE_SURFACE(((1.,0.836509532108634,1.),(1.,0.82545570193291,
1.),(1.,0.814224135864794,1.),(1.,0.797547741241497,1.),(1.,0.792019140433406,
1.),(1.,0.783853804485759,1.),(1.,0.781153509563997,1.),(1.,0.77714812636672,
1.),(1.,0.775335592684951,1.),(1.,0.771955301043061,1.),(1.,0.770264959100057,
1.),(1.,0.761810830687737,1.),(1.,0.755102699104271,1.),(1.,0.741653403727251,
1.),(1.,0.734910223927611,1.),(1.,0.72147683395369,1.),(1.,0.714786237823759,
1.),(1.,0.706518347424129,1.),(1.,0.704869582570816,1.),(1.,0.702815767073323,
1.),(1.,0.702455990981718,1.),(1.,0.701534664235675,1.),(1.,0.700971836408157,
1.),(1.,0.699436750584426,1.),(1.,0.698413521695281,1.),(1.,0.693298083919549,
1.),(1.,0.689207911650904,1.),(1.,0.685119597378932,1.)))
REPRESENTATION_ITEM('')
SURFACE()
);
#1029=(
B_SPLINE_SURFACE(3,2,((#3422,#3423,#3424),(#3425,#3426,#3427),(#3428,#3429,
#3430),(#3431,#3432,#3433),(#3434,#3435,#3436),(#3437,#3438,#3439),(#3440,
#3441,#3442),(#3443,#3444,#3445),(#3446,#3447,#3448),(#3449,#3450,#3451),(#3452,#3453,#3454),(#3455,#3456,#3457),(#3458,#3459,#3460),(#3461,#3462,
#3463),(#3464,#3465,#3466),(#3467,#3468,#3469),(#3470,#3471,#3472),(#3473,
#3474,#3475),(#3476,#3477,#3478),(#3479,#3480,#3481),(#3482,#3483,#3484),(#3485,#3486,#3487),(#3488,#3489,#3490),(#3491,#3492,#3493),(#3494,#3495,
#3496),(#3497,#3498,#3499),(#3500,#3501,#3502),(#3503,#3504,#3505),(#3506,
#3507,#3508),(#3509,#3510,#3511),(#3512,#3513,#3514),(#3515,#3516,#3517),(#3518,#3519,#3520),(#3521,#3522,#3523),(#3524,#3525,#3526),(#3527,#3528,
#3529),(#3530,#3531,#3532),(#3533,#3534,#3535),(#3536,#3537,#3538),(#3539,
#3540,#3541),(#3542,#3543,#3544),(#3545,#3546,#3547),(#3548,#3549,#3550),(#3551,#3552,#3553),(#3554,#3555,#3556),(#3557,#3558,#3559),(#3560,#3561,
#3562),(#3563,#3564,#3565),(#3566,#3567,#3568),(#3569,#3570,#3571),(#3572,
#3573,#3574),(#3575,#3576,#3577),(#3578,#3579,#3580),(#3581,#3582,#3583),(#3584,#3585,#3586),(#3587,#3588,#3589),(#3590,#3591,#3592),(#3593,#3594,
#3595),(#3596,#3597,#3598),(#3599,#3600,#3601),(#3602,#3603,#3604),(#3605,
#3606,#3607),(#3608,#3609,#3610),(#3611,#3612,#3613),(#3614,#3615,#3616),(#3617,#3618,#3619),(#3620,#3621,#3622),(#3623,#3624,#3625),(#3626,#3627,
#3628),(#3629,#3630,#3631),(#3632,#3633,#3634),(#3635,#3636,#3637)),.UNSPECIFIED.,.F.,.F.,.F.)
B_SPLINE_SURFACE_WITH_KNOTS((4,2,2,2,2,2,2,2,2,2,2,2,2,2,2,2,2,2,2,2,2,2,2,2,2,2,2,2,2,2,2,2,2,2,2,4),(3,3),(-2.29850860566927E-17,0.00228917727128019,0.00286147158910024,0.00300454516855526,0.00314761874801027,0.0034337659069203,0.0045783545425604,0.00572294317820051,0.00629523749602056,0.00686753181384062,0.00693906860356812,0.00701060539329563,0.00715367897275064,0.00743982613166067,0.00801212044948072,0.00915670908512083,0.00972900340294089,0.0103012977207609,0.010587444879671,0.010730518459126,0.010873592038581,0.011445886356401,0.0125904749920412,0.0131627693098612,0.0137350636276813,0.0143073579455013,0.0144504315249563,0.0145935051044113,0.0148796522633214,0.0154519465811414,0.0160242408989615,0.0171688295346016,0.0177411238524216,0.0180272710113317,0.0181703445907867,0.0183134181702417),(0.,1.),.UNSPECIFIED.)
BOUNDED_SURFACE()
GEOMETRIC_REPRESENTATION_ITEM()
RATIONAL_B_SPLINE_SURFACE(((1.,0.685119597378933,1.),(1.,0.686768189268053,
1.),(1.,0.688173981084287,1.),(1.,0.689371686793344,1.),(1.,0.689585667640929,
1.),(1.,0.689824828519761,1.),(1.,0.68987125725433,1.),(1.,0.689961448221899,
1.),(1.,0.690051470616448,1.),(1.,0.689545273136335,1.),(1.,0.689208730374702,
1.),(1.,0.687536720161,1.),(1.,0.686221961708945,1.),(1.,0.683549813892222,
1.),(1.,0.682194458964662,1.),(1.,0.680133628901181,1.),(1.,0.679442557497741,
1.),(1.,0.678057568337437,1.),(1.,0.677362969586569,1.),(1.,0.676596181490335,
1.),(1.,0.676511148077961,1.),(1.,0.676341430415553,1.),(1.,0.676097836987021,
1.),(1.,0.675598011918976,1.),(1.,0.675267113957746,1.),(1.,0.674280924650786,
1.),(1.,0.6736321242701,1.),(1.,0.671708632029238,1.),(1.,0.670456692963137,
1.),(1.,0.666774370733643,1.),(1.,0.664416055089852,1.),(1.,0.66098921791302,
1.),(1.,0.659862619617602,1.),(1.,0.657660957460582,1.),(1.,0.656589478118239,
1.),(1.,0.655025116067929,1.),(1.,0.654510827222303,1.),(1.,0.65375019699825,
1.),(1.,0.65349845550335,1.),(1.,0.652998602837019,1.),(1.,0.652568535811489,
1.),(1.,0.650734424899158,1.),(1.,0.649311930035869,1.),(1.,0.645152158659396,
1.),(1.,0.642521183679387,1.),(1.,0.638716752507694,1.),(1.,0.637476229844306,
1.),(1.,0.635065579442321,1.),(1.,0.633891688516927,1.),(1.,0.631599201058356,
1.),(1.,0.630480601215358,1.),(1.,0.629114323498754,1.),(1.,0.628842675256852,
1.),(1.,0.628302564747099,1.),(1.,0.627916657985722,1.),(1.,0.626855425968946,
1.),(1.,0.626156755223347,1.),(1.,0.624083219170888,1.),(1.,0.622730732700011,
1.),(1.,0.620067132652135,1.),(1.,0.61875242784528,1.),(1.,0.614876256775765,
1.),(1.,0.612386541835646,1.),(1.,0.608713553591362,1.),(1.,0.607499880715723,
1.),(1.,0.605688923042508,1.),(1.,0.605086887568904,1.),(1.,0.604185715593982,
1.),(1.,0.603791984647359,1.),(1.,0.603069845910444,1.),(1.,0.602709372709363,
1.),(1.,0.602349269912268,1.)))
REPRESENTATION_ITEM('')
SURFACE()
);
#1030=(
B_SPLINE_SURFACE(3,2,((#3639,#3640,#3641),(#3642,#3643,#3644),(#3645,#3646,
#3647),(#3648,#3649,#3650),(#3651,#3652,#3653),(#3654,#3655,#3656),(#3657,
#3658,#3659),(#3660,#3661,#3662),(#3663,#3664,#3665),(#3666,#3667,#3668),(#3669,#3670,#3671),(#3672,#3673,#3674),(#3675,#3676,#3677),(#3678,#3679,
#3680),(#3681,#3682,#3683),(#3684,#3685,#3686),(#3687,#3688,#3689),(#3690,
#3691,#3692),(#3693,#3694,#3695),(#3696,#3697,#3698),(#3699,#3700,#3701),(#3702,#3703,#3704),(#3705,#3706,#3707),(#3708,#3709,#3710),(#3711,#3712,
#3713),(#3714,#3715,#3716),(#3717,#3718,#3719),(#3720,#3721,#3722),(#3723,
#3724,#3725),(#3726,#3727,#3728),(#3729,#3730,#3731),(#3732,#3733,#3734),(#3735,#3736,#3737),(#3738,#3739,#3740),(#3741,#3742,#3743),(#3744,#3745,
#3746),(#3747,#3748,#3749),(#3750,#3751,#3752),(#3753,#3754,#3755),(#3756,
#3757,#3758),(#3759,#3760,#3761),(#3762,#3763,#3764),(#3765,#3766,#3767),(#3768,#3769,#3770)),.UNSPECIFIED.,.F.,.F.,.F.)
B_SPLINE_SURFACE_WITH_KNOTS((4,2,2,2,2,2,2,2,2,2,2,2,2,2,2,2,2,2,2,2,2,4),(3,3),(-0.00039263677680705,-0.000231447562327853,-7.02413308311752E-05,9.09649006655021E-05,0.00025217113216218,0.000574583595155534,0.000896996058148889,0.0015418209841356,0.00218664591012231,0.00347629576209573,0.00355689887784407,0.0036375019935924,0.00379870822508908,0.00412112068808244,0.00476594561406915,0.00605559546604256,0.00670042039202927,0.00686162662352595,0.00702283285502263,0.00734524531801598,0.0086348951699894,0.00992454502196282),(0.,1.),.UNSPECIFIED.)
BOUNDED_SURFACE()
GEOMETRIC_REPRESENTATION_ITEM()
RATIONAL_B_SPLINE_SURFACE(((1.,0.984165698297904,1.),(1.,0.986069385610383,
1.),(1.,0.987718080721952,1.),(1.,0.989778025309026,1.),(1.,0.990116164703008,
1.),(1.,0.989046954857631,1.),(1.,0.987676033833397,1.),(1.,0.984106017803593,
1.),(1.,0.981870119249373,1.),(1.,0.974674300085533,1.),(1.,0.969246554788631,
1.),(1.,0.958127404618245,1.),(1.,0.952469532246026,1.),(1.,0.935496374683085,
1.),(1.,0.924185227216242,1.),(1.,0.901986162813354,1.),(1.,0.891090548210658,
1.),(1.,0.859605556842623,1.),(1.,0.839984495185168,1.),(1.,0.820344279437983,
1.),(1.,0.819190508234849,1.),(1.,0.816889916364754,1.),(1.,0.815742526716261,
1.),(1.,0.812308989282919,1.),(1.,0.810031472841385,1.),(1.,0.803232754550644,
1.),(1.,0.798745376811062,1.),(1.,0.785413165070873,1.),(1.,0.776702990405186,
1.),(1.,0.751378080413455,1.),(1.,0.735439883624455,1.),(1.,0.712783180833465,
1.),(1.,0.705441388358517,1.),(1.,0.696526103952435,1.),(1.,0.694707638767234,
1.),(1.,0.691101348108563,1.),(1.,0.689306350090129,1.),(1.,0.683945864578508,
1.),(1.,0.680412015470176,1.),(1.,0.662994047868973,1.),(1.,0.649802687526076,
1.),(1.,0.624912068001315,1.),(1.,0.613214619700389,1.),(1.,0.602349269912268,
1.)))
REPRESENTATION_ITEM('')
SURFACE()
);
#1031=(
B_SPLINE_SURFACE(3,2,((#3771,#3772,#3773),(#3774,#3775,#3776),(#3777,#3778,
#3779),(#3780,#3781,#3782),(#3783,#3784,#3785),(#3786,#3787,#3788),(#3789,
#3790,#3791),(#3792,#3793,#3794),(#3795,#3796,#3797),(#3798,#3799,#3800),(#3801,#3802,#3803),(#3804,#3805,#3806),(#3807,#3808,#3809),(#3810,#3811,
#3812),(#3813,#3814,#3815),(#3816,#3817,#3818),(#3819,#3820,#3821),(#3822,
#3823,#3824),(#3825,#3826,#3827),(#3828,#3829,#3830),(#3831,#3832,#3833),(#3834,#3835,#3836),(#3837,#3838,#3839),(#3840,#3841,#3842),(#3843,#3844,
#3845),(#3846,#3847,#3848),(#3849,#3850,#3851),(#3852,#3853,#3854),(#3855,
#3856,#3857),(#3858,#3859,#3860),(#3861,#3862,#3863),(#3864,#3865,#3866),(#3867,#3868,#3869),(#3870,#3871,#3872),(#3873,#3874,#3875),(#3876,#3877,
#3878),(#3879,#3880,#3881),(#3882,#3883,#3884),(#3885,#3886,#3887),(#3888,
#3889,#3890),(#3891,#3892,#3893),(#3894,#3895,#3896),(#3897,#3898,#3899),(#3900,#3901,#3902),(#3903,#3904,#3905),(#3906,#3907,#3908),(#3909,#3910,
#3911),(#3912,#3913,#3914),(#3915,#3916,#3917),(#3918,#3919,#3920)),.UNSPECIFIED.,.F.,.F.,.F.)
B_SPLINE_SURFACE_WITH_KNOTS((4,2,2,2,2,2,2,2,2,2,2,2,2,2,2,2,2,2,2,2,2,2,2,2,4),(3,3),(1.56125112837913E-17,0.00117068211206365,0.00175602316809547,0.00190235843210342,0.0019755260641074,0.00204869369611138,0.00234136422412729,0.0029267052801591,0.00351204633619092,0.00468272844825456,0.00526806950428638,0.00556074003230228,0.00570707529631024,0.00585341056031819,0.00702409267238183,0.00760943372841365,0.00790210425642955,0.00819477478444546,0.00848744531246137,0.00863378057646933,0.0087069482084733,0.00878011584047728,0.00892645110448523,0.00907278636849319,0.00936541522494585),(0.,1.),.UNSPECIFIED.)
BOUNDED_SURFACE()
GEOMETRIC_REPRESENTATION_ITEM()
RATIONAL_B_SPLINE_SURFACE(((1.,0.687136330242014,1.),(1.,0.697904218697872,
1.),(1.,0.709103542563733,1.),(1.,0.726664854997534,1.),(1.,0.73264612931543,
1.),(1.,0.740301098638088,1.),(1.,0.741841034659511,1.),(1.,0.744164781282788,
1.),(1.,0.744983662037068,1.),(1.,0.746292616197152,1.),(1.,0.746950008163418,
1.),(1.,0.750251631107515,1.),(1.,0.752939819870406,1.),(1.,0.761149214405173,
1.),(1.,0.766814817620808,1.),(1.,0.778563510405256,1.),(1.,0.784614473564142,
1.),(1.,0.803158858170028,1.),(1.,0.816108153112069,1.),(1.,0.836640384936275,
1.),(1.,0.843670462679599,1.),(1.,0.854536034535513,1.),(1.,0.858211397638729,
1.),(1.,0.863810803332459,1.),(1.,0.865616165216394,1.),(1.,0.869033005432707,
1.),(1.,0.870762541462457,1.),(1.,0.886525577827845,1.),(1.,0.901807719973358,
1.),(1.,0.926581448842478,1.),(1.,0.935129487976311,1.),(1.,0.948397327550176,
1.),(1.,0.952910011036256,1.),(1.,0.961970852569077,1.),(1.,0.966543029400121,
1.),(1.,0.975393554807158,1.),(1.,0.979740072117862,1.),(1.,0.985222353230954,
1.),(1.,0.986857397456317,1.),(1.,0.988602263298908,1.),(1.,0.989063353260484,
1.),(1.,0.989681850900155,1.),(1.,0.989833469103603,1.),(1.,0.989744889562919,
1.),(1.,0.988939421421525,1.),(1.,0.98631643816055,1.),(1.,0.984554037370818,
1.),(1.,0.978476247841967,1.),(1.,0.973607401644155,1.),(1.,0.968607237020645,
1.)))
REPRESENTATION_ITEM('')
SURFACE()
);
#1032=(
B_SPLINE_SURFACE(3,2,((#3924,#3925,#3926),(#3927,#3928,#3929),(#3930,#3931,
#3932),(#3933,#3934,#3935),(#3936,#3937,#3938),(#3939,#3940,#3941),(#3942,
#3943,#3944),(#3945,#3946,#3947),(#3948,#3949,#3950),(#3951,#3952,#3953),(#3954,#3955,#3956),(#3957,#3958,#3959),(#3960,#3961,#3962),(#3963,#3964,
#3965),(#3966,#3967,#3968),(#3969,#3970,#3971),(#3972,#3973,#3974),(#3975,
#3976,#3977),(#3978,#3979,#3980),(#3981,#3982,#3983),(#3984,#3985,#3986),(#3987,#3988,#3989),(#3990,#3991,#3992),(#3993,#3994,#3995),(#3996,#3997,
#3998),(#3999,#4000,#4001),(#4002,#4003,#4004),(#4005,#4006,#4007),(#4008,
#4009,#4010),(#4011,#4012,#4013),(#4014,#4015,#4016),(#4017,#4018,#4019),(#4020,#4021,#4022),(#4023,#4024,#4025),(#4026,#4027,#4028),(#4029,#4030,
#4031),(#4032,#4033,#4034),(#4035,#4036,#4037),(#4038,#4039,#4040),(#4041,
#4042,#4043),(#4044,#4045,#4046),(#4047,#4048,#4049),(#4050,#4051,#4052),(#4053,#4054,#4055),(#4056,#4057,#4058),(#4059,#4060,#4061),(#4062,#4063,
#4064),(#4065,#4066,#4067),(#4068,#4069,#4070),(#4071,#4072,#4073),(#4074,
#4075,#4076),(#4077,#4078,#4079),(#4080,#4081,#4082),(#4083,#4084,#4085),(#4086,#4087,#4088),(#4089,#4090,#4091),(#4092,#4093,#4094),(#4095,#4096,
#4097),(#4098,#4099,#4100),(#4101,#4102,#4103),(#4104,#4105,#4106),(#4107,
#4108,#4109),(#4110,#4111,#4112),(#4113,#4114,#4115),(#4116,#4117,#4118),(#4119,#4120,#4121),(#4122,#4123,#4124),(#4125,#4126,#4127),(#4128,#4129,
#4130),(#4131,#4132,#4133),(#4134,#4135,#4136),(#4137,#4138,#4139),(#4140,
#4141,#4142),(#4143,#4144,#4145)),.UNSPECIFIED.,.F.,.F.,.F.)
B_SPLINE_SURFACE_WITH_KNOTS((4,2,2,2,2,2,2,2,2,2,2,2,2,2,2,2,2,2,2,2,2,2,2,2,2,2,2,2,2,2,2,2,2,2,2,2,4),(3,3),(1.62630325872826E-18,0.00114796421367673,0.0017219463205151,0.0017936940838699,0.00186544184722469,0.00200893737393428,0.00229592842735347,0.00286991053419183,0.0034438926410302,0.00459185685470693,0.00516583896154529,0.00545283001496448,0.00559632554167407,0.00573982106838366,0.00631380317522203,0.00688778528206039,0.00918371370941386,0.00932720923612345,0.00939895699947824,0.00947070476283304,0.00975769581625222,0.0103316779230906,0.0114796421367673,0.0120536242436057,0.0126276063504441,0.0132015884572824,0.013345083983992,0.0134885795107016,0.0137755705641208,0.0149235347777975,0.0160714989914742,0.0166454810983126,0.0167889766250222,0.016860724388377,0.0169324721517318,0.017219463205151,0.0183674274188277),(0.,1.),.UNSPECIFIED.)
BOUNDED_SURFACE()
GEOMETRIC_REPRESENTATION_ITEM()
RATIONAL_B_SPLINE_SURFACE(((1.,0.687136330242033,1.),(1.,0.687837588356431,
1.),(1.,0.688538994832082,1.),(1.,0.689601546221776,1.),(1.,0.68995769449454,
1.),(1.,0.690363975812975,1.),(1.,0.690409198250598,1.),(1.,0.690499818722988,
1.),(1.,0.690367452865881,1.),(1.,0.690170941325067,1.),(1.,0.690042194247951,
1.),(1.,0.689662017515361,1.),(1.,0.689416633998535,1.),(1.,0.688699681623886,
1.),(1.,0.688247097914643,1.),(1.,0.687372219733176,1.),(1.,0.686950983443539,
1.),(1.,0.68572696215833,1.),(1.,0.684956400788364,1.),(1.,0.683822414989011,
1.),(1.,0.683448608659465,1.),(1.,0.682892683093269,1.),(1.,0.682708198649562,
1.),(1.,0.682432762564828,1.),(1.,0.682341167321676,1.),(1.,0.682158440200249,
1.),(1.,0.681845133750889,1.),(1.,0.680496407974413,1.),(1.,0.679438390457682,
1.),(1.,0.677370142895278,1.),(1.,0.676359413186826,1.),(1.,0.671377406142658,
1.),(1.,0.66757982312008,1.),(1.,0.663550888647209,1.),(1.,0.663314025960293,
1.),(1.,0.662960297783649,1.),(1.,0.662842597878981,1.),(1.,0.662607622990808,
1.),(1.,0.662552467722715,1.),(1.,0.661620515654616,1.),(1.,0.660884131590765,
1.),(1.,0.658698550870399,1.),(1.,0.657272710256917,1.),(1.,0.653066176191619,
1.),(1.,0.650354078021785,1.),(1.,0.646387398875458,1.),(1.,0.645082728912611,
1.),(1.,0.642509524716791,1.),(1.,0.641237355747203,1.),(1.,0.6387645638851,
1.),(1.,0.637561284625322,1.),(1.,0.636103070090206,1.),(1.,0.63570566214531,
1.),(1.,0.634939673218642,1.),(1.,0.634559963439438,1.),(1.,0.633430417824566,
1.),(1.,0.632690153592768,1.),(1.,0.629049842642302,1.),(1.,0.626329830574086,
1.),(1.,0.621255224483421,1.),(1.,0.618893881327929,1.),(1.,0.615727870087199,
1.),(1.,0.61473224891932,1.),(1.,0.613566579446347,1.),(1.,0.613337400993583,
1.),(1.,0.612999685446255,1.),(1.,0.612888122464527,1.),(1.,0.612667036334582,
1.),(1.,0.612525565850909,1.),(1.,0.611806994607405,1.),(1.,0.611249442906793,
1.),(1.,0.608543874604114,1.),(1.,0.606640614934844,1.),(1.,0.60496495309697,
1.)))
REPRESENTATION_ITEM('')
SURFACE()
);
#1033=(
B_SPLINE_SURFACE(3,2,((#4147,#4148,#4149),(#4150,#4151,#4152),(#4153,#4154,
#4155),(#4156,#4157,#4158),(#4159,#4160,#4161),(#4162,#4163,#4164),(#4165,
#4166,#4167),(#4168,#4169,#4170),(#4171,#4172,#4173),(#4174,#4175,#4176),(#4177,#4178,#4179),(#4180,#4181,#4182),(#4183,#4184,#4185),(#4186,#4187,
#4188),(#4189,#4190,#4191),(#4192,#4193,#4194),(#4195,#4196,#4197),(#4198,
#4199,#4200),(#4201,#4202,#4203),(#4204,#4205,#4206),(#4207,#4208,#4209),(#4210,#4211,#4212),(#4213,#4214,#4215),(#4216,#4217,#4218),(#4219,#4220,
#4221),(#4222,#4223,#4224),(#4225,#4226,#4227),(#4228,#4229,#4230),(#4231,
#4232,#4233),(#4234,#4235,#4236),(#4237,#4238,#4239),(#4240,#4241,#4242),(#4243,#4244,#4245),(#4246,#4247,#4248)),.UNSPECIFIED.,.F.,.F.,.F.)
B_SPLINE_SURFACE_WITH_KNOTS((4,2,2,2,2,2,2,2,2,2,2,2,2,2,2,2,4),(3,3),(1.38777878078145E-17,0.00106515861989201,0.00159773792983801,0.00186402758481101,0.00193059999855425,0.0019971724122975,0.002130317239784,0.003195475859676,0.003728055169622,0.00426063447956799,0.00479321378951399,0.00505950344448699,0.00519264827197349,0.00525922068571674,0.00532579309945999,0.00639095171935198,0.00852126895913597),(0.,1.),.UNSPECIFIED.)
BOUNDED_SURFACE()
GEOMETRIC_REPRESENTATION_ITEM()
RATIONAL_B_SPLINE_SURFACE(((1.,0.604964953097436,1.),(1.,0.614455955462513,
1.),(1.,0.62425301402803,1.),(1.,0.639163299589752,1.),(1.,0.644169473103901,
1.),(1.,0.651707196865121,1.),(1.,0.654224555231486,1.),(1.,0.657374878380442,
1.),(1.,0.658005125158932,1.),(1.,0.659265927717368,1.),(1.,0.659920746946585,
1.),(1.,0.661714876228151,1.),(1.,0.662913466323012,1.),(1.,0.673719785979212,
1.),(1.,0.6834569969643,1.),(1.,0.697998476745715,1.),(1.,0.702811929399423,
1.),(1.,0.712337649021897,1.),(1.,0.717066177864838,1.),(1.,0.726368246571267,
1.),(1.,0.730945415399955,1.),(1.,0.73770854900331,1.),(1.,0.739945823975724,
1.),(1.,0.743277139273809,1.),(1.,0.744383478584367,1.),(1.,0.746036975928724,
1.),(1.,0.746587139809901,1.),(1.,0.747685487164994,1.),(1.,0.748259997836175,
1.),(1.,0.756935221526192,1.),(1.,0.764954980646575,1.),(1.,0.788477621134174,
1.),(1.,0.803438873482231,1.),(1.,0.817597542585598,1.)))
REPRESENTATION_ITEM('')
SURFACE()
);
#1034=(
B_SPLINE_SURFACE(3,2,((#4250,#4251,#4252),(#4253,#4254,#4255),(#4256,#4257,
#4258),(#4259,#4260,#4261),(#4262,#4263,#4264),(#4265,#4266,#4267),(#4268,
#4269,#4270),(#4271,#4272,#4273),(#4274,#4275,#4276),(#4277,#4278,#4279),(#4280,#4281,#4282),(#4283,#4284,#4285),(#4286,#4287,#4288),(#4289,#4290,
#4291),(#4292,#4293,#4294),(#4295,#4296,#4297)),.UNSPECIFIED.,.F.,.F.,.F.)
B_SPLINE_SURFACE_WITH_KNOTS((4,2,2,2,2,2,2,4),(3,3),(-1.25767452008319E-17,0.00021518864376566,0.000430377287531333,0.000860754575062679,0.00172150915012537,0.00258226372518806,0.00301264101271941,0.00344301830025076),(0.,1.),.UNSPECIFIED.)
BOUNDED_SURFACE()
GEOMETRIC_REPRESENTATION_ITEM()
RATIONAL_B_SPLINE_SURFACE(((1.,0.817597542585599,1.),(1.,0.818982556538413,
1.),(1.,0.820221336553549,1.),(1.,0.82276645856277,1.),(1.,0.824032380857099,
1.),(1.,0.827808191947591,1.),(1.,0.830296066279651,1.),(1.,0.837657911809876,
1.),(1.,0.842429497140734,1.),(1.,0.851645608499776,1.),(1.,0.856090177101853,
1.),(1.,0.862485851684362,1.),(1.,0.864572693924542,1.),(1.,0.868654075185797,
1.),(1.,0.870668891421704,1.),(1.,0.872430701997745,1.)))
REPRESENTATION_ITEM('')
SURFACE()
);
#1035=(
B_SPLINE_SURFACE(1,2,((#4298,#4299,#4300,#4301,#4302,#4303,#4304,#4305,
#4306,#4307,#4308,#4309,#4310),(#4311,#4312,#4313,#4314,#4315,#4316,#4317,
#4318,#4319,#4320,#4321,#4322,#4323)),.UNSPECIFIED.,.F.,.F.,.F.)
B_SPLINE_SURFACE_WITH_KNOTS((2,2),(3,2,2,2,2,2,3),(0.202191690559911,0.379326583213744),(0.291543081563686,0.333333333333334,0.416666666666667,0.5,0.583333333333333,0.666666666666667,0.704655913408007),.PIECEWISE_BEZIER_KNOTS.)
BOUNDED_SURFACE()
GEOMETRIC_REPRESENTATION_ITEM()
RATIONAL_B_SPLINE_SURFACE(((0.982963063026737,0.982912380421329,1.,0.965925826289068,
1.,0.965925826289068,1.,0.965925826289068,1.,0.965925826289068,1.,0.984466573688658,
0.983095623334435),(0.982963063026737,0.982912380421329,1.,0.965925826289068,
1.,0.965925826289068,1.,0.965925826289068,1.,0.965925826289068,1.,0.984466573688658,
0.983095623334435)))
REPRESENTATION_ITEM('')
SURFACE()
);
#1036=(
B_SPLINE_SURFACE(3,1,((#4345,#4346),(#4347,#4348),(#4349,#4350),(#4351,
#4352)),.CYLINDRICAL_SURF.,.F.,.F.,.F.)
B_SPLINE_SURFACE_WITH_KNOTS((4,4),(2,2),(0.,0.2796023703633),(0.669866210897417,0.954545454548725),.PIECEWISE_BEZIER_KNOTS.)
BOUNDED_SURFACE()
GEOMETRIC_REPRESENTATION_ITEM()
RATIONAL_B_SPLINE_SURFACE(((1.,1.),(0.627196839515599,0.627196839515599),(0.462866973731935,0.462866973731935),(0.507010402649008,0.507010402649008)))
REPRESENTATION_ITEM('')
SURFACE()
);
#1037=(
B_SPLINE_SURFACE(1,2,((#4377,#4378,#4379,#4380,#4381,#4382,#4383,#4384,
#4385,#4386,#4387,#4388,#4389),(#4390,#4391,#4392,#4393,#4394,#4395,#4396,
#4397,#4398,#4399,#4400,#4401,#4402)),.UNSPECIFIED.,.F.,.F.,.F.)
B_SPLINE_SURFACE_WITH_KNOTS((2,2),(3,2,2,2,2,2,3),(0.620825548957755,0.797798162635666),(0.324290244937096,0.333333333333334,0.416666666666667,0.5,0.583333333333333,0.666666666666667,0.737044166026459),.PIECEWISE_BEZIER_KNOTS.)
BOUNDED_SURFACE()
GEOMETRIC_REPRESENTATION_ITEM()
RATIONAL_B_SPLINE_SURFACE(((0.99340725334296,0.99630237082124,1.,0.965925826289068,
1.,0.965925826289068,1.,0.965925826289068,1.,0.965925826289068,1.,0.971223338337681,
0.991052184380566),(0.99340725334296,0.99630237082124,1.,0.965925826289068,
1.,0.965925826289068,1.,0.965925826289068,1.,0.965925826289068,1.,0.971223338337681,
0.991052184380566)))
REPRESENTATION_ITEM('')
SURFACE()
);
#1038=(
B_SPLINE_SURFACE(3,2,((#4448,#4449,#4450),(#4451,#4452,#4453),(#4454,#4455,
#4456),(#4457,#4458,#4459),(#4460,#4461,#4462),(#4463,#4464,#4465),(#4466,
#4467,#4468),(#4469,#4470,#4471),(#4472,#4473,#4474),(#4475,#4476,#4477),(#4478,#4479,#4480),(#4481,#4482,#4483),(#4484,#4485,#4486),(#4487,#4488,
#4489),(#4490,#4491,#4492),(#4493,#4494,#4495),(#4496,#4497,#4498),(#4499,
#4500,#4501),(#4502,#4503,#4504),(#4505,#4506,#4507),(#4508,#4509,#4510),(#4511,#4512,#4513)),.UNSPECIFIED.,.F.,.F.,.F.)
B_SPLINE_SURFACE_WITH_KNOTS((4,2,2,2,2,2,2,2,2,2,4),(3,3),(0.00265963262347393,0.00308749593184212,0.00314097884538814,0.00319446175893417,0.00330142758602621,0.00351535924021031,0.00437108585694669,0.00522681247368307,0.00565467578205126,0.00586860743623535,0.00608253909041945),(0.385260938602244,1.),.UNSPECIFIED.)
BOUNDED_SURFACE()
GEOMETRIC_REPRESENTATION_ITEM()
RATIONAL_B_SPLINE_SURFACE(((0.923997983218324,0.901362934615929,1.),(0.92323730763252,
0.900375713346413,1.),(0.922694239093548,0.8996709072208,1.),(0.922339286218528,
0.899210241682909,1.),(0.922303395101462,0.899163661412928,1.),(0.922238730136523,
0.899079737819255,1.),(0.921987650888137,0.898753881726372,1.),(0.921512681285889,
0.898137455877478,1.),(0.921192642586986,0.897722102714419,1.),(0.920222239123416,
0.896462692057462,1.),(0.919561588927284,0.895605285907582,1.),(0.91618817938796,
0.891227201859452,1.),(0.913265627224662,0.887434250290184,1.),(0.906921811623396,
0.879201108845476,1.),(0.90350074559001,0.874761175165983,1.),(0.897941776395285,
0.867546624406059,1.),(0.896017382530121,0.865049104319872,1.),(0.893015084167864,
0.861152656404403,1.),(0.89199501858258,0.859828793169026,1.),(0.889914657129654,
0.857128854965489,1.),(0.888821120757511,0.855709639749809,1.),(0.887824781002862,
0.854416568411895,1.)))
REPRESENTATION_ITEM('')
SURFACE()
);
#1039=(
B_SPLINE_SURFACE(3,2,((#4520,#4521,#4522),(#4523,#4524,#4525),(#4526,#4527,
#4528),(#4529,#4530,#4531),(#4532,#4533,#4534),(#4535,#4536,#4537),(#4538,
#4539,#4540),(#4541,#4542,#4543),(#4544,#4545,#4546),(#4547,#4548,#4549),(#4550,#4551,#4552),(#4553,#4554,#4555),(#4556,#4557,#4558),(#4559,#4560,
#4561),(#4562,#4563,#4564),(#4565,#4566,#4567),(#4568,#4569,#4570),(#4571,
#4572,#4573),(#4574,#4575,#4576),(#4577,#4578,#4579),(#4580,#4581,#4582),(#4583,#4584,#4585),(#4586,#4587,#4588),(#4589,#4590,#4591),(#4592,#4593,
#4594),(#4595,#4596,#4597),(#4598,#4599,#4600),(#4601,#4602,#4603),(#4604,
#4605,#4606),(#4607,#4608,#4609),(#4610,#4611,#4612),(#4613,#4614,#4615),(#4616,#4617,#4618),(#4619,#4620,#4621),(#4622,#4623,#4624),(#4625,#4626,
#4627),(#4628,#4629,#4630),(#4631,#4632,#4633),(#4634,#4635,#4636),(#4637,
#4638,#4639),(#4640,#4641,#4642),(#4643,#4644,#4645),(#4646,#4647,#4648),(#4649,#4650,#4651),(#4652,#4653,#4654),(#4655,#4656,#4657),(#4658,#4659,
#4660),(#4661,#4662,#4663),(#4664,#4665,#4666),(#4667,#4668,#4669),(#4670,
#4671,#4672),(#4673,#4674,#4675),(#4676,#4677,#4678),(#4679,#4680,#4681),(#4682,#4683,#4684),(#4685,#4686,#4687),(#4688,#4689,#4690),(#4691,#4692,
#4693),(#4694,#4695,#4696),(#4697,#4698,#4699),(#4700,#4701,#4702),(#4703,
#4704,#4705),(#4706,#4707,#4708),(#4709,#4710,#4711),(#4712,#4713,#4714),(#4715,#4716,#4717),(#4718,#4719,#4720),(#4721,#4722,#4723),(#4724,#4725,
#4726),(#4727,#4728,#4729),(#4730,#4731,#4732),(#4733,#4734,#4735),(#4736,
#4737,#4738),(#4739,#4740,#4741),(#4742,#4743,#4744),(#4745,#4746,#4747),(#4748,#4749,#4750),(#4751,#4752,#4753),(#4754,#4755,#4756),(#4757,#4758,
#4759),(#4760,#4761,#4762),(#4763,#4764,#4765),(#4766,#4767,#4768),(#4769,
#4770,#4771),(#4772,#4773,#4774),(#4775,#4776,#4777),(#4778,#4779,#4780),(#4781,#4782,#4783),(#4784,#4785,#4786),(#4787,#4788,#4789),(#4790,#4791,
#4792),(#4793,#4794,#4795),(#4796,#4797,#4798),(#4799,#4800,#4801),(#4802,
#4803,#4804),(#4805,#4806,#4807),(#4808,#4809,#4810),(#4811,#4812,#4813),(#4814,#4815,#4816),(#4817,#4818,#4819),(#4820,#4821,#4822),(#4823,#4824,
#4825),(#4826,#4827,#4828),(#4829,#4830,#4831),(#4832,#4833,#4834),(#4835,
#4836,#4837),(#4838,#4839,#4840),(#4841,#4842,#4843),(#4844,#4845,#4846),(#4847,#4848,#4849),(#4850,#4851,#4852),(#4853,#4854,#4855),(#4856,#4857,
#4858),(#4859,#4860,#4861),(#4862,#4863,#4864),(#4865,#4866,#4867),(#4868,
#4869,#4870),(#4871,#4872,#4873),(#4874,#4875,#4876),(#4877,#4878,#4879),(#4880,#4881,#4882),(#4883,#4884,#4885),(#4886,#4887,#4888),(#4889,#4890,
#4891),(#4892,#4893,#4894),(#4895,#4896,#4897),(#4898,#4899,#4900),(#4901,
#4902,#4903),(#4904,#4905,#4906),(#4907,#4908,#4909),(#4910,#4911,#4912),(#4913,#4914,#4915),(#4916,#4917,#4918),(#4919,#4920,#4921)),.UNSPECIFIED.,.F.,.F.,.F.)
B_SPLINE_SURFACE_WITH_KNOTS((4,2,2,2,2,2,2,2,2,2,2,2,2,2,2,2,2,2,2,2,2,2,2,2,2,2,2,2,2,2,2,2,2,2,2,2,2,2,2,2,2,2,2,2,2,2,2,2,2,2,2,2,2,2,2,2,2,2,2,2,2,2,2,2,2,2,4),(3,3),(0.0096043448401743,0.0118526525931155,0.0124147295313508,0.0129768064695861,0.0130470660868655,0.0131173257041449,0.0132578449387037,0.0135388834078214,0.0141009603460567,0.0163492680989979,0.0166303065681155,0.0167708258026743,0.0169113450372332,0.0174734219754685,0.018597575851939,0.0197217297284096,0.0200027681975273,0.0201432874320861,0.0202135470493655,0.0202838066666449,0.0208458836048802,0.0230941913578214,0.0236562682960567,0.0237265279133361,0.0237967875306155,0.0239373067651744,0.024218345234292,0.0253424991107626,0.0264666529872332,0.0270287299254685,0.0271692491600273,0.0273097683945862,0.0275908068637038,0.0287149607401744,0.029839114616645,0.0304011915548803,0.0306822300239979,0.0308227492585568,0.0309632684931156,0.0320874223695862,0.0332115762460568,0.0337736531842921,0.0343357301225274,0.0344762493570862,0.034616768591645,0.0348978070607627,0.035459883998998,0.0365840378754685,0.0371461148137038,0.0377081917519391,0.037848710986498,0.0379189706037774,0.0379892302210568,0.0382702686901744,0.0388323456284097,0.0410806533813509,0.0413616918504686,0.041431951467748,0.0415022110850274,0.0416427303195862,0.0422048072578215,0.0433289611342921,0.0444531150107627,0.0447341534798803,0.0448746727144392,0.045015191948998,0.0455772688872333),(0.,1.),.UNSPECIFIED.)
BOUNDED_SURFACE()
GEOMETRIC_REPRESENTATION_ITEM()
RATIONAL_B_SPLINE_SURFACE(((1.,0.763178491933564,1.),(1.,0.764233249989851,
1.),(1.,0.764595226115975,1.),(1.,0.764229730410087,1.),(1.,0.764114046722033,
1.),(1.,0.763788040054206,1.),(1.,0.763577372603622,1.),(1.,0.763282191848998,
1.),(1.,0.763248575659526,1.),(1.,0.763179676689988,1.),(1.,0.763094453742215,
1.),(1.,0.763197824566512,1.),(1.,0.763263612583135,1.),(1.,0.763451916120523,
1.),(1.,0.763565382282441,1.),(1.,0.763871681610791,1.),(1.,0.76403056766399,
1.),(1.,0.76461653349086,1.),(1.,0.764467241203878,1.),(1.,0.763434998364331,
1.),(1.,0.763307390355114,1.),(1.,0.763094787596276,1.),(1.,0.763211755718413,
1.),(1.,0.763341316765886,1.),(1.,0.763402994091483,1.),(1.,0.763696380953439,
1.),(1.,0.763883310682569,1.),(1.,0.764315033495854,1.),(1.,0.764432949621137,
1.),(1.,0.764346083181528,1.),(1.,0.764141845219745,1.),(1.,0.763647336237192,
1.),(1.,0.763536247969631,1.),(1.,0.763349850313873,1.),(1.,0.763284419698163,
1.),(1.,0.763181102948687,1.),(1.,0.763093070312627,1.),(1.,0.763162162249092,
1.),(1.,0.763195951864063,1.),(1.,0.763493339266924,1.),(1.,0.763710307346733,
1.),(1.,0.764568718842351,1.),(1.,0.764589031673315,1.),(1.,0.763735705859145,
1.),(1.,0.763518054245973,1.),(1.,0.763211505271615,1.),(1.,0.763176582086771,
1.),(1.,0.763104970921523,1.),(1.,0.763166926766141,1.),(1.,0.763267701931528,
1.),(1.,0.763331867280967,1.),(1.,0.763515080945417,1.),(1.,0.76362503736518,
1.),(1.,0.764117530985144,1.),(1.,0.764331263272629,1.),(1.,0.764438569003539,
1.),(1.,0.764332226273802,1.),(1.,0.763906447522569,1.),(1.,0.763719570521376,
1.),(1.,0.763421592616739,1.),(1.,0.763358760164071,1.),(1.,0.763226339896431,
1.),(1.,0.76308386555357,1.),(1.,0.763288744755643,1.),(1.,0.763413294200358,
1.),(1.,0.763978659589914,1.),(1.,0.764246739954833,1.),(1.,0.764453380875178,
1.),(1.,0.764392569745505,1.),(1.,0.764036413262194,1.),(1.,0.763873514639691,
1.),(1.,0.763556306555197,1.),(1.,0.763438381619074,1.),(1.,0.763241924120958,
1.),(1.,0.763067409599305,1.),(1.,0.763204168344677,1.),(1.,0.763269482148589,
1.),(1.,0.763830584203437,1.),(1.,0.764142582346377,1.),(1.,0.764444641238275,
1.),(1.,0.764434688409122,1.),(1.,0.764161247022063,1.),(1.,0.764025849636094,
1.),(1.,0.763660349176368,1.),(1.,0.763430503599471,1.),(1.,0.763076192280237,
1.),(1.,0.763227914824097,1.),(1.,0.763355391261096,1.),(1.,0.763416115972991,
1.),(1.,0.763589524694112,1.),(1.,0.763693453664775,1.),(1.,0.763972016588476,
1.),(1.,0.764113572292095,1.),(1.,0.764414571743556,1.),(1.,0.764452600115108,
1.),(1.,0.764259657348404,1.),(1.,0.764153137066231,1.),(1.,0.763847060577365,
1.),(1.,0.763646759290809,1.),(1.,0.763331667029963,1.),(1.,0.763265413199328,
1.),(1.,0.763161003427507,1.),(1.,0.763113020201782,1.),(1.,0.763181492175339,
1.),(1.,0.763214945884791,1.),(1.,0.763378371057759,1.),(1.,0.763496827160087,
1.),(1.,0.763817588550382,1.),(1.,0.763985442637436,1.),(1.,0.764614384803664,
1.),(1.,0.764493035531638,1.),(1.,0.763505009732998,1.),(1.,0.763382509591161,
1.),(1.,0.763212043830412,1.),(1.,0.763177082237033,1.),(1.,0.763105380203702,
1.),(1.,0.76316657774851,1.),(1.,0.76326735307181,1.),(1.,0.76333139167133,
1.),(1.,0.763636399631928,1.),(1.,0.763832037943378,1.),(1.,0.764288897312252,
1.),(1.,0.764422254201951,1.),(1.,0.764367054965356,1.),(1.,0.764178974202616,
1.),(1.,0.763707640192983,1.),(1.,0.76360134070359,1.),(1.,0.763422425086632,
1.),(1.,0.763359538415917,1.),(1.,0.763226983550257,1.),(1.,0.763083312501485,
1.),(1.,0.763425358292485,1.),(1.,0.763651195810228,1.),(1.,0.763831447241757,
1.)))
REPRESENTATION_ITEM('')
SURFACE()
);
#1040=(
B_SPLINE_SURFACE(3,2,((#4940,#4941,#4942),(#4943,#4944,#4945),(#4946,#4947,
#4948),(#4949,#4950,#4951),(#4952,#4953,#4954),(#4955,#4956,#4957),(#4958,
#4959,#4960),(#4961,#4962,#4963),(#4964,#4965,#4966),(#4967,#4968,#4969),(#4970,#4971,#4972),(#4973,#4974,#4975),(#4976,#4977,#4978),(#4979,#4980,
#4981),(#4982,#4983,#4984),(#4985,#4986,#4987),(#4988,#4989,#4990),(#4991,
#4992,#4993),(#4994,#4995,#4996),(#4997,#4998,#4999)),.UNSPECIFIED.,.F.,.F.,.F.)
B_SPLINE_SURFACE_WITH_KNOTS((4,2,2,2,2,2,2,2,2,4),(3,3),(0.00181208134150663,0.00194804734861284,0.00208462086910938,0.00235776791010246,0.00290406199208862,0.00399665015606094,0.00508923832003325,0.00563553240201941,0.00590867944301249,0.00618182648400557),(0.,0.592441876611106),.UNSPECIFIED.)
BOUNDED_SURFACE()
GEOMETRIC_REPRESENTATION_ITEM()
RATIONAL_B_SPLINE_SURFACE(((1.,0.916793005214359,0.932176626704669),(1.,
0.916048750413759,0.931569972524958),(1.,0.915781318787183,0.931351984661234),(1.,0.91496177439504,0.930683960712242),(1.,0.914546060974417,0.930345105949089),(1.,0.913285348728442,0.929317478914883),(1.,0.912426360177821,0.928617303391476),(1.,0.909791423729616,0.926469523883317),(1.,0.907988890527456,0.92500024978488),(1.,0.902225767178428,0.920302634310902),(1.,0.897978541515785,0.916840651669551),(1.,0.888621919358153,0.909213916933904),(1.,0.883512705966295,0.905049314089946),(1.,0.875137083208906,0.898222207903516),(1.,0.872226286048473,0.895849569846972),(1.,0.867670448959193,0.892136033017827),(1.,0.866120205758819,0.890872404598746),(1.,0.862954262534342,0.888291792840099),(1.,0.861332772639562,0.886970090082878),(1.,0.859697021339225,0.885636762622285)))
REPRESENTATION_ITEM('')
SURFACE()
);
#1041=(
B_SPLINE_SURFACE(3,2,((#5006,#5007,#5008),(#5009,#5010,#5011),(#5012,#5013,
#5014),(#5015,#5016,#5017),(#5018,#5019,#5020),(#5021,#5022,#5023),(#5024,
#5025,#5026),(#5027,#5028,#5029),(#5030,#5031,#5032),(#5033,#5034,#5035),(#5036,#5037,#5038),(#5039,#5040,#5041),(#5042,#5043,#5044),(#5045,#5046,
#5047),(#5048,#5049,#5050),(#5051,#5052,#5053),(#5054,#5055,#5056),(#5057,
#5058,#5059),(#5060,#5061,#5062),(#5063,#5064,#5065),(#5066,#5067,#5068),(#5069,#5070,#5071),(#5072,#5073,#5074),(#5075,#5076,#5077),(#5078,#5079,
#5080),(#5081,#5082,#5083),(#5084,#5085,#5086),(#5087,#5088,#5089),(#5090,
#5091,#5092),(#5093,#5094,#5095),(#5096,#5097,#5098),(#5099,#5100,#5101),(#5102,#5103,#5104),(#5105,#5106,#5107),(#5108,#5109,#5110),(#5111,#5112,
#5113),(#5114,#5115,#5116),(#5117,#5118,#5119),(#5120,#5121,#5122),(#5123,
#5124,#5125),(#5126,#5127,#5128),(#5129,#5130,#5131),(#5132,#5133,#5134),(#5135,#5136,#5137),(#5138,#5139,#5140),(#5141,#5142,#5143),(#5144,#5145,
#5146),(#5147,#5148,#5149),(#5150,#5151,#5152),(#5153,#5154,#5155),(#5156,
#5157,#5158),(#5159,#5160,#5161),(#5162,#5163,#5164),(#5165,#5166,#5167),(#5168,#5169,#5170),(#5171,#5172,#5173),(#5174,#5175,#5176),(#5177,#5178,
#5179),(#5180,#5181,#5182),(#5183,#5184,#5185),(#5186,#5187,#5188),(#5189,
#5190,#5191),(#5192,#5193,#5194),(#5195,#5196,#5197),(#5198,#5199,#5200),(#5201,#5202,#5203),(#5204,#5205,#5206),(#5207,#5208,#5209),(#5210,#5211,
#5212),(#5213,#5214,#5215),(#5216,#5217,#5218),(#5219,#5220,#5221),(#5222,
#5223,#5224),(#5225,#5226,#5227),(#5228,#5229,#5230),(#5231,#5232,#5233),(#5234,#5235,#5236),(#5237,#5238,#5239),(#5240,#5241,#5242),(#5243,#5244,
#5245),(#5246,#5247,#5248),(#5249,#5250,#5251),(#5252,#5253,#5254),(#5255,
#5256,#5257),(#5258,#5259,#5260),(#5261,#5262,#5263),(#5264,#5265,#5266),(#5267,#5268,#5269),(#5270,#5271,#5272),(#5273,#5274,#5275),(#5276,#5277,
#5278),(#5279,#5280,#5281),(#5282,#5283,#5284),(#5285,#5286,#5287),(#5288,
#5289,#5290),(#5291,#5292,#5293),(#5294,#5295,#5296),(#5297,#5298,#5299),(#5300,#5301,#5302),(#5303,#5304,#5305),(#5306,#5307,#5308),(#5309,#5310,
#5311),(#5312,#5313,#5314),(#5315,#5316,#5317),(#5318,#5319,#5320),(#5321,
#5322,#5323),(#5324,#5325,#5326),(#5327,#5328,#5329),(#5330,#5331,#5332),(#5333,#5334,#5335),(#5336,#5337,#5338),(#5339,#5340,#5341),(#5342,#5343,
#5344),(#5345,#5346,#5347),(#5348,#5349,#5350),(#5351,#5352,#5353),(#5354,
#5355,#5356),(#5357,#5358,#5359),(#5360,#5361,#5362),(#5363,#5364,#5365),(#5366,#5367,#5368),(#5369,#5370,#5371)),.UNSPECIFIED.,.F.,.F.,.F.)
B_SPLINE_SURFACE_WITH_KNOTS((4,2,2,2,2,2,2,2,2,2,2,2,2,2,2,2,2,2,2,2,2,2,2,2,2,2,2,2,2,2,2,2,2,2,2,2,2,2,2,2,2,2,2,2,2,2,2,2,2,2,2,2,2,2,2,2,2,2,2,2,4),(3,3),(0.0192430276497553,0.0214214414131163,0.0225106482947968,0.0226467991550069,0.0227829500152169,0.0230552517356371,0.0235998551764773,0.0246890620581578,0.0257782689398384,0.0263228723806786,0.0264590232408887,0.0265951741010987,0.0268674758215189,0.0279566827031994,0.0290458895848799,0.0295904930257202,0.0298627947461403,0.0299989456063503,0.0301350964665604,0.0312243033482409,0.0323135102299214,0.0334027171116019,0.0336750188320221,0.0339473205524422,0.0344919239932825,0.0366703377566435,0.0369426394770636,0.0370107149071686,0.0370787903372737,0.0372149411974837,0.037759544638324,0.0388487515200045,0.039937958401685,0.0404825618425253,0.0406187127027353,0.0407548635629454,0.0410271652833655,0.0415717687242058,0.042116372165046,0.0432055790467266,0.0437501824875668,0.0440224842079869,0.044158635068197,0.044226710498302,0.0442947859284071,0.0448393893692473,0.0453839928100876,0.0475624065734486,0.0476985574336587,0.0478347082938687,0.0481070100142889,0.0486516134551291,0.0497408203368096,0.0508300272184901,0.0511023289389103,0.0512384797991203,0.0513065552292254,0.0513746306593304,0.0519192341001707,0.0530084409818512,0.0540976478635317),(0.,1.),.UNSPECIFIED.)
BOUNDED_SURFACE()
GEOMETRIC_REPRESENTATION_ITEM()
RATIONAL_B_SPLINE_SURFACE(((1.,0.763178491933523,1.),(1.,0.764229405192063,
1.),(1.,0.764571443567255,1.),(1.,0.764198002262123,1.),(1.,0.763919477487747,
1.),(1.,0.76341380522443,1.),(1.,0.763354906163112,1.),(1.,0.76323153704602,
1.),(1.,0.763069662699533,1.),(1.,0.763276077217116,1.),(1.,0.763400904368123,
1.),(1.,0.76373985022209,1.),(1.,0.763918607019335,1.),(1.,0.764328528784233,
1.),(1.,0.764433424290751,1.),(1.,0.764342531484639,1.),(1.,0.764147580147604,
1.),(1.,0.763614996097137,1.),(1.,0.763396974909435,1.),(1.,0.763068297478848,
1.),(1.,0.763238230543112,1.),(1.,0.763364391009898,1.),(1.,0.763424446652293,
1.),(1.,0.763595854235644,1.),(1.,0.763698458159958,1.),(1.,0.764156601660807,
1.),(1.,0.764350486993712,1.),(1.,0.764430405704836,1.),(1.,0.76431679570539,
1.),(1.,0.763915199059923,1.),(1.,0.76374232105969,1.),(1.,0.76341993696981,
1.),(1.,0.763301932799612,1.),(1.,0.763108237827392,1.),(1.,0.763199015727119,
1.),(1.,0.763327434779262,1.),(1.,0.763388592097771,1.),(1.,0.763912533784404,
1.),(1.,0.764193473189836,1.),(1.,0.764447572291945,1.),(1.,0.76441894800135,
1.),(1.,0.764051505218841,1.),(1.,0.76371359781556,1.),(1.,0.763065824104197,
1.),(1.,0.763311630681176,1.),(1.,0.763548939894652,1.),(1.,0.763655342348291,
1.),(1.,0.763940499194037,1.),(1.,0.764085369810197,1.),(1.,0.764607947290492,
1.),(1.,0.764419913810151,1.),(1.,0.763481821434478,1.),(1.,0.763366832802489,
1.),(1.,0.76320879508942,1.),(1.,0.763176471644336,1.),(1.,0.763110368193691,
1.),(1.,0.763162380695235,1.),(1.,0.76326300849103,1.),(1.,0.763326983553425,
1.),(1.,0.76363182850208,1.),(1.,0.763826550786164,1.),(1.,0.764280412187901,
1.),(1.,0.764412769009891,1.),(1.,0.764381015962128,1.),(1.,0.764216556251558,
1.),(1.,0.763731036227379,1.),(1.,0.763528924282554,1.),(1.,0.763220339964476,
1.),(1.,0.763081788334835,1.),(1.,0.76321821542081,1.),(1.,0.763283307175119,
1.),(1.,0.763469544128729,1.),(1.,0.763581662790707,1.),(1.,0.763884063226358,
1.),(1.,0.764040218700512,1.),(1.,0.764268452649332,1.),(1.,0.764341091356478,
1.),(1.,0.764443686820917,1.),(1.,0.764360177369128,1.),(1.,0.76400596418987,
1.),(1.,0.763849261445198,1.),(1.,0.76355168673293,1.),(1.,0.763442043131052,
1.),(1.,0.763261016415065,1.),(1.,0.763197911666691,1.),(1.,0.763098978581975,
1.),(1.,0.763173629018294,1.),(1.,0.763239868291384,1.),(1.,0.76327221755221,
1.),(1.,0.763556552278314,1.),(1.,0.763761123668338,1.),(1.,0.764084592394773,
1.),(1.,0.764203522860595,1.),(1.,0.764594931540591,1.),(1.,0.764304120822659,
1.),(1.,0.763299769255313,1.),(1.,0.763237966285209,1.),(1.,0.763108749333144,
1.),(1.,0.76319858849727,1.),(1.,0.763391525259942,1.),(1.,0.763507983555496,
1.),(1.,0.763823263385147,1.),(1.,0.763988149042368,1.),(1.,0.764359641809165,
1.),(1.,0.764443387344697,1.),(1.,0.764307729169181,1.),(1.,0.764090108664346,
1.),(1.,0.763615992826849,1.),(1.,0.763510912157981,1.),(1.,0.763337148968027,
1.),(1.,0.763276535410144,1.),(1.,0.763181461773743,1.),(1.,0.763087433375479,
1.),(1.,0.763156028659394,1.),(1.,0.763189542551073,1.),(1.,0.763484252028822,
1.),(1.,0.763697298153072,1.),(1.,0.764207668372115,1.),(1.,0.764378307272825,
1.),(1.,0.764414768059949,1.),(1.,0.764278453294134,1.),(1.,0.763988427663602,
1.)))
REPRESENTATION_ITEM('')
SURFACE()
);
#1042=(
B_SPLINE_SURFACE(3,2,((#5395,#5396,#5397),(#5398,#5399,#5400),(#5401,#5402,
#5403),(#5404,#5405,#5406),(#5407,#5408,#5409),(#5410,#5411,#5412),(#5413,
#5414,#5415),(#5416,#5417,#5418),(#5419,#5420,#5421),(#5422,#5423,#5424),(#5425,#5426,#5427),(#5428,#5429,#5430),(#5431,#5432,#5433),(#5434,#5435,
#5436),(#5437,#5438,#5439),(#5440,#5441,#5442),(#5443,#5444,#5445),(#5446,
#5447,#5448),(#5449,#5450,#5451),(#5452,#5453,#5454)),.UNSPECIFIED.,.F.,.F.,.F.)
B_SPLINE_SURFACE_WITH_KNOTS((4,2,2,2,2,2,2,2,2,4),(3,3),(8.23993651088983E-18,0.000220444564045683,0.000440889128091357,0.000881778256182707,0.00176355651236541,0.0026453347685481,0.00275555705057094,0.00286577933259378,0.00308622389663945,0.0035271130247308),(0.,1.),.UNSPECIFIED.)
BOUNDED_SURFACE()
GEOMETRIC_REPRESENTATION_ITEM()
RATIONAL_B_SPLINE_SURFACE(((1.,0.8365095321084,1.),(1.,0.837783741271169,
1.),(1.,0.838744241489846,1.),(1.,0.840845279740473,1.),(1.,0.841895326853934,
1.),(1.,0.845040734261943,1.),(1.,0.847131282823832,1.),(1.,0.853360365865798,
1.),(1.,0.857455416979425,1.),(1.,0.865431858072439,1.),(1.,0.869312039117225,
1.),(1.,0.873508394503013,1.),(1.,0.874034377063663,1.),(1.,0.874715204132694,
1.),(1.,0.875085489294345,1.),(1.,0.876287128661053,1.),(1.,0.877209456094709,
1.),(1.,0.880345923094163,1.),(1.,0.883025096037306,1.),(1.,0.885815749775199,
1.)))
REPRESENTATION_ITEM('')
SURFACE()
);
#1043=(
B_SPLINE_SURFACE(3,2,((#5456,#5457,#5458),(#5459,#5460,#5461),(#5462,#5463,
#5464),(#5465,#5466,#5467),(#5468,#5469,#5470),(#5471,#5472,#5473),(#5474,
#5475,#5476),(#5477,#5478,#5479),(#5480,#5481,#5482),(#5483,#5484,#5485),(#5486,#5487,#5488),(#5489,#5490,#5491),(#5492,#5493,#5494),(#5495,#5496,
#5497),(#5498,#5499,#5500),(#5501,#5502,#5503),(#5504,#5505,#5506),(#5507,
#5508,#5509),(#5510,#5511,#5512),(#5513,#5514,#5515),(#5516,#5517,#5518),(#5519,#5520,#5521),(#5522,#5523,#5524),(#5525,#5526,#5527),(#5528,#5529,
#5530),(#5531,#5532,#5533),(#5534,#5535,#5536),(#5537,#5538,#5539)),.UNSPECIFIED.,.F.,.F.,.F.)
B_SPLINE_SURFACE_WITH_KNOTS((4,2,2,2,2,2,2,2,2,2,2,2,2,4),(3,3),(6.93889390390723E-18,0.00194031568241907,0.00291047352362861,0.00339555244423338,0.00363809190453576,0.00388063136483814,0.00485078920604768,0.00582094704725721,0.00679110488846674,0.00703364434876913,0.00709427921384472,0.00715491407892032,0.00727618380907151,0.00776126272967628),(0.,1.),.UNSPECIFIED.)
BOUNDED_SURFACE()
GEOMETRIC_REPRESENTATION_ITEM()
RATIONAL_B_SPLINE_SURFACE(((1.,0.83650953210856,1.),(1.,0.8254557019326,
1.),(1.,0.814224135865055,1.),(1.,0.797547741241283,1.),(1.,0.792019140433321,
1.),(1.,0.783853804485733,1.),(1.,0.781153509564048,1.),(1.,0.777148126366638,
1.),(1.,0.775335592684921,1.),(1.,0.771955301042996,1.),(1.,0.770264959099931,
1.),(1.,0.761810830688023,1.),(1.,0.755102699104672,1.),(1.,0.741653403726783,
1.),(1.,0.734910223927528,1.),(1.,0.721476833953722,1.),(1.,0.71478623782441,
1.),(1.,0.706518347423953,1.),(1.,0.704869582570734,1.),(1.,0.702815767073331,
1.),(1.,0.702455990981744,1.),(1.,0.701534664235637,1.),(1.,0.700971836408149,
1.),(1.,0.699436750584423,1.),(1.,0.698413521695211,1.),(1.,0.693298083919787,
1.),(1.,0.689207911650714,1.),(1.,0.68511959737894,1.)))
REPRESENTATION_ITEM('')
SURFACE()
);
#1044=(
B_SPLINE_SURFACE(3,2,((#5541,#5542,#5543),(#5544,#5545,#5546),(#5547,#5548,
#5549),(#5550,#5551,#5552),(#5553,#5554,#5555),(#5556,#5557,#5558),(#5559,
#5560,#5561),(#5562,#5563,#5564),(#5565,#5566,#5567),(#5568,#5569,#5570),(#5571,#5572,#5573),(#5574,#5575,#5576),(#5577,#5578,#5579),(#5580,#5581,
#5582),(#5583,#5584,#5585),(#5586,#5587,#5588),(#5589,#5590,#5591),(#5592,
#5593,#5594),(#5595,#5596,#5597),(#5598,#5599,#5600),(#5601,#5602,#5603),(#5604,#5605,#5606),(#5607,#5608,#5609),(#5610,#5611,#5612),(#5613,#5614,
#5615),(#5616,#5617,#5618),(#5619,#5620,#5621),(#5622,#5623,#5624),(#5625,
#5626,#5627),(#5628,#5629,#5630),(#5631,#5632,#5633),(#5634,#5635,#5636),(#5637,#5638,#5639),(#5640,#5641,#5642),(#5643,#5644,#5645),(#5646,#5647,
#5648),(#5649,#5650,#5651),(#5652,#5653,#5654),(#5655,#5656,#5657),(#5658,
#5659,#5660),(#5661,#5662,#5663),(#5664,#5665,#5666),(#5667,#5668,#5669),(#5670,#5671,#5672),(#5673,#5674,#5675),(#5676,#5677,#5678),(#5679,#5680,
#5681),(#5682,#5683,#5684),(#5685,#5686,#5687),(#5688,#5689,#5690),(#5691,
#5692,#5693),(#5694,#5695,#5696),(#5697,#5698,#5699),(#5700,#5701,#5702),(#5703,#5704,#5705),(#5706,#5707,#5708),(#5709,#5710,#5711),(#5712,#5713,
#5714),(#5715,#5716,#5717),(#5718,#5719,#5720),(#5721,#5722,#5723),(#5724,
#5725,#5726),(#5727,#5728,#5729),(#5730,#5731,#5732),(#5733,#5734,#5735),(#5736,#5737,#5738),(#5739,#5740,#5741),(#5742,#5743,#5744),(#5745,#5746,
#5747),(#5748,#5749,#5750),(#5751,#5752,#5753),(#5754,#5755,#5756)),.UNSPECIFIED.,.F.,.F.,.F.)
B_SPLINE_SURFACE_WITH_KNOTS((4,2,2,2,2,2,2,2,2,2,2,2,2,2,2,2,2,2,2,2,2,2,2,2,2,2,2,2,2,2,2,2,2,2,2,4),(3,3),(-2.50450701844152E-17,0.00228917727128019,0.00286147158910024,0.00300454516855525,0.00314761874801027,0.00343376590692029,0.0045783545425604,0.0057229431782005,0.00629523749602055,0.00686753181384061,0.00693906860356812,0.00701060539329562,0.00715367897275064,0.00743982613166066,0.00801212044948071,0.00915670908512082,0.00972900340294087,0.0103012977207609,0.010587444879671,0.010730518459126,0.010873592038581,0.011445886356401,0.0125904749920411,0.0131627693098612,0.0137350636276812,0.0143073579455013,0.0144504315249563,0.0145935051044113,0.0148796522633213,0.0154519465811414,0.0160242408989615,0.0171688295346016,0.0177411238524216,0.0180272710113316,0.0181703445907866,0.0183134181702417),(0.,1.),.UNSPECIFIED.)
BOUNDED_SURFACE()
GEOMETRIC_REPRESENTATION_ITEM()
RATIONAL_B_SPLINE_SURFACE(((1.,0.685119597378939,1.),(1.,0.686768189268115,
1.),(1.,0.688173981084203,1.),(1.,0.689371686793366,1.),(1.,0.689585667640907,
1.),(1.,0.689824828519766,1.),(1.,0.689871257254376,1.),(1.,0.689961448221853,
1.),(1.,0.690051470616415,1.),(1.,0.689545273136406,1.),(1.,0.689208730374556,
1.),(1.,0.687536720161579,1.),(1.,0.686221961709007,1.),(1.,0.683549813892157,
1.),(1.,0.682194458964682,1.),(1.,0.680133628901169,1.),(1.,0.679442557497718,
1.),(1.,0.678057568337458,1.),(1.,0.677362969586494,1.),(1.,0.676596181490344,
1.),(1.,0.676511148077956,1.),(1.,0.676341430415562,1.),(1.,0.676097836987021,
1.),(1.,0.675598011918977,1.),(1.,0.675267113957772,1.),(1.,0.674280924650732,
1.),(1.,0.673632124270084,1.),(1.,0.67170863202927,1.),(1.,0.670456692963019,
1.),(1.,0.666774370733875,1.),(1.,0.66441605508981,1.),(1.,0.660989217913041,
1.),(1.,0.659862619617505,1.),(1.,0.657660957460679,1.),(1.,0.656589478118145,
1.),(1.,0.655025116067978,1.),(1.,0.654510827222344,1.),(1.,0.653750196998228,
1.),(1.,0.653498455503313,1.),(1.,0.652998602837057,1.),(1.,0.652568535811425,
1.),(1.,0.650734424899413,1.),(1.,0.649311930035859,1.),(1.,0.645152158659418,
1.),(1.,0.642521183679172,1.),(1.,0.638716752507802,1.),(1.,0.637476229844338,
1.),(1.,0.635065579442289,1.),(1.,0.633891688517046,1.),(1.,0.63159920105824,
1.),(1.,0.630480601215314,1.),(1.,0.629114323498764,1.),(1.,0.628842675256851,
1.),(1.,0.628302564747099,1.),(1.,0.627916657985718,1.),(1.,0.626855425968957,
1.),(1.,0.626156755223364,1.),(1.,0.624083219170857,1.),(1.,0.6227307327,
1.),(1.,0.620067132652145,1.),(1.,0.618752427845472,1.),(1.,0.614876256775377,
1.),(1.,0.61238654183573,1.),(1.,0.608713553591318,1.),(1.,0.607499880715636,
1.),(1.,0.60568892304255,1.),(1.,0.605086887568921,1.),(1.,0.604185715593975,
1.),(1.,0.60379198464734,1.),(1.,0.603069845910462,1.),(1.,0.602709372709347,
1.),(1.,0.602349269912273,1.)))
REPRESENTATION_ITEM('')
SURFACE()
);
#1045=(
B_SPLINE_SURFACE(3,2,((#5760,#5761,#5762),(#5763,#5764,#5765),(#5766,#5767,
#5768),(#5769,#5770,#5771),(#5772,#5773,#5774),(#5775,#5776,#5777),(#5778,
#5779,#5780),(#5781,#5782,#5783),(#5784,#5785,#5786),(#5787,#5788,#5789),(#5790,#5791,#5792),(#5793,#5794,#5795),(#5796,#5797,#5798),(#5799,#5800,
#5801),(#5802,#5803,#5804),(#5805,#5806,#5807),(#5808,#5809,#5810),(#5811,
#5812,#5813),(#5814,#5815,#5816),(#5817,#5818,#5819),(#5820,#5821,#5822),(#5823,#5824,#5825),(#5826,#5827,#5828),(#5829,#5830,#5831),(#5832,#5833,
#5834),(#5835,#5836,#5837),(#5838,#5839,#5840),(#5841,#5842,#5843),(#5844,
#5845,#5846),(#5847,#5848,#5849),(#5850,#5851,#5852),(#5853,#5854,#5855),(#5856,#5857,#5858),(#5859,#5860,#5861),(#5862,#5863,#5864),(#5865,#5866,
#5867),(#5868,#5869,#5870),(#5871,#5872,#5873),(#5874,#5875,#5876),(#5877,
#5878,#5879),(#5880,#5881,#5882),(#5883,#5884,#5885),(#5886,#5887,#5888),(#5889,#5890,#5891)),.UNSPECIFIED.,.F.,.F.,.F.)
B_SPLINE_SURFACE_WITH_KNOTS((4,2,2,2,2,2,2,2,2,2,2,2,2,2,2,2,2,2,2,2,2,4),(3,3),(-0.000392636776807511,-0.000231447562327848,-7.024133083117E-05,9.0964900665508E-05,0.000252171132162186,0.000574583595155542,0.000896996058148898,0.00154182098413561,0.00218664591012232,0.00347629576209575,0.00355689887784408,0.00363750199359242,0.0037987082250891,0.00412112068808246,0.00476594561406917,0.00605559546604259,0.00670042039202931,0.00686162662352598,0.00702283285502266,0.00734524531801602,0.00863489516998944,0.00992454502196287),(0.,1.),.UNSPECIFIED.)
BOUNDED_SURFACE()
GEOMETRIC_REPRESENTATION_ITEM()
RATIONAL_B_SPLINE_SURFACE(((1.,0.984165698297888,1.),(1.,0.986069385610375,
1.),(1.,0.987718080721946,1.),(1.,0.989778025309029,1.),(1.,0.990116164703008,
1.),(1.,0.989046954857631,1.),(1.,0.9876760338334,1.),(1.,0.98410601780359,
1.),(1.,0.98187011924937,1.),(1.,0.974674300085539,1.),(1.,0.969246554788637,
1.),(1.,0.958127404618239,1.),(1.,0.952469532246014,1.),(1.,0.935496374683109,
1.),(1.,0.924185227216242,1.),(1.,0.901986162813354,1.),(1.,0.891090548210658,
1.),(1.,0.859605556842623,1.),(1.,0.839984495185192,1.),(1.,0.820344279437982,
1.),(1.,0.819190508234851,1.),(1.,0.81688991636475,1.),(1.,0.815742526716262,
1.),(1.,0.812308989282915,1.),(1.,0.810031472841378,1.),(1.,0.803232754550658,
1.),(1.,0.798745376811068,1.),(1.,0.785413165070861,1.),(1.,0.776702990405246,
1.),(1.,0.751378080413338,1.),(1.,0.735439883624738,1.),(1.,0.712783180833325,
1.),(1.,0.70544138835854,1.),(1.,0.696526103952429,1.),(1.,0.694707638767222,
1.),(1.,0.691101348108575,1.),(1.,0.689306350090152,1.),(1.,0.68394586457846,
1.),(1.,0.680412015470121,1.),(1.,0.662994047869199,1.),(1.,0.649802687526098,
1.),(1.,0.62491206800129,1.),(1.,0.613214619700407,1.),(1.,0.602349269912267,
1.)))
REPRESENTATION_ITEM('')
SURFACE()
);
#1046=(
B_SPLINE_SURFACE(3,2,((#5892,#5893,#5894),(#5895,#5896,#5897),(#5898,#5899,
#5900),(#5901,#5902,#5903),(#5904,#5905,#5906),(#5907,#5908,#5909),(#5910,
#5911,#5912),(#5913,#5914,#5915),(#5916,#5917,#5918),(#5919,#5920,#5921),(#5922,#5923,#5924),(#5925,#5926,#5927),(#5928,#5929,#5930),(#5931,#5932,
#5933),(#5934,#5935,#5936),(#5937,#5938,#5939),(#5940,#5941,#5942),(#5943,
#5944,#5945),(#5946,#5947,#5948),(#5949,#5950,#5951),(#5952,#5953,#5954),(#5955,#5956,#5957),(#5958,#5959,#5960),(#5961,#5962,#5963),(#5964,#5965,
#5966),(#5967,#5968,#5969),(#5970,#5971,#5972),(#5973,#5974,#5975),(#5976,
#5977,#5978),(#5979,#5980,#5981),(#5982,#5983,#5984),(#5985,#5986,#5987),(#5988,#5989,#5990),(#5991,#5992,#5993),(#5994,#5995,#5996),(#5997,#5998,
#5999),(#6000,#6001,#6002),(#6003,#6004,#6005),(#6006,#6007,#6008),(#6009,
#6010,#6011),(#6012,#6013,#6014),(#6015,#6016,#6017),(#6018,#6019,#6020),(#6021,#6022,#6023),(#6024,#6025,#6026),(#6027,#6028,#6029),(#6030,#6031,
#6032),(#6033,#6034,#6035),(#6036,#6037,#6038),(#6039,#6040,#6041)),.UNSPECIFIED.,.F.,.F.,.F.)
B_SPLINE_SURFACE_WITH_KNOTS((4,2,2,2,2,2,2,2,2,2,2,2,2,2,2,2,2,2,2,2,2,2,2,2,4),(3,3),(-6.07153216591882E-18,0.00117068211206432,0.00175602316809648,0.00190235843210452,0.00197552606410854,0.00204869369611256,0.00234136422412864,0.0029267052801608,0.00351204633619297,0.00468272844825729,0.00526806950428945,0.00556074003230553,0.00570707529631357,0.00585341056032161,0.00702409267238594,0.0076094337284181,0.00790210425643418,0.00819477478445026,0.00848744531246634,0.00863378057647438,0.0087069482084784,0.00878011584048242,0.00892645110449046,0.0090727863684985,0.00936541522495512),(0.,1.),.UNSPECIFIED.)
BOUNDED_SURFACE()
GEOMETRIC_REPRESENTATION_ITEM()
RATIONAL_B_SPLINE_SURFACE(((1.,0.68713633024202,1.),(1.,0.697904218697792,
1.),(1.,0.709103542563855,1.),(1.,0.726664854997504,1.),(1.,0.732646129315426,
1.),(1.,0.740301098638128,1.),(1.,0.74184103465953,1.),(1.,0.744164781282833,
1.),(1.,0.744983662037106,1.),(1.,0.746292616197176,1.),(1.,0.74695000816343,
1.),(1.,0.750251631107624,1.),(1.,0.752939819870448,1.),(1.,0.761149214405204,
1.),(1.,0.766814817620866,1.),(1.,0.7785635104053,1.),(1.,0.784614473564203,
1.),(1.,0.803158858170099,1.),(1.,0.816108153112221,1.),(1.,0.836640384936342,
1.),(1.,0.843670462679707,1.),(1.,0.854536034535628,1.),(1.,0.858211397638833,
1.),(1.,0.863810803332591,1.),(1.,0.865616165216506,1.),(1.,0.869033005432826,
1.),(1.,0.870762541462589,1.),(1.,0.886525577827887,1.),(1.,0.901807719973454,
1.),(1.,0.926581448842687,1.),(1.,0.935129487976506,1.),(1.,0.948397327550378,
1.),(1.,0.952910011036472,1.),(1.,0.961970852569287,1.),(1.,0.966543029400339,
1.),(1.,0.97539355480737,1.),(1.,0.979740072118077,1.),(1.,0.985222353231122,
1.),(1.,0.986857397456472,1.),(1.,0.98860226329901,1.),(1.,0.989063353260569,
1.),(1.,0.989681850900197,1.),(1.,0.989833469103621,1.),(1.,0.989744889562863,
1.),(1.,0.988939421421422,1.),(1.,0.986316438160373,1.),(1.,0.984554037370616,
1.),(1.,0.978476247841665,1.),(1.,0.973607401643761,1.),(1.,0.968607237020171,
1.)))
REPRESENTATION_ITEM('')
SURFACE()
);
#1047=(
B_SPLINE_SURFACE(3,2,((#6043,#6044,#6045),(#6046,#6047,#6048),(#6049,#6050,
#6051),(#6052,#6053,#6054),(#6055,#6056,#6057),(#6058,#6059,#6060),(#6061,
#6062,#6063),(#6064,#6065,#6066),(#6067,#6068,#6069),(#6070,#6071,#6072),(#6073,#6074,#6075),(#6076,#6077,#6078),(#6079,#6080,#6081),(#6082,#6083,
#6084),(#6085,#6086,#6087),(#6088,#6089,#6090),(#6091,#6092,#6093),(#6094,
#6095,#6096),(#6097,#6098,#6099),(#6100,#6101,#6102),(#6103,#6104,#6105),(#6106,#6107,#6108),(#6109,#6110,#6111),(#6112,#6113,#6114),(#6115,#6116,
#6117),(#6118,#6119,#6120),(#6121,#6122,#6123),(#6124,#6125,#6126),(#6127,
#6128,#6129),(#6130,#6131,#6132),(#6133,#6134,#6135),(#6136,#6137,#6138),(#6139,#6140,#6141),(#6142,#6143,#6144),(#6145,#6146,#6147),(#6148,#6149,
#6150),(#6151,#6152,#6153),(#6154,#6155,#6156),(#6157,#6158,#6159),(#6160,
#6161,#6162),(#6163,#6164,#6165),(#6166,#6167,#6168),(#6169,#6170,#6171),(#6172,#6173,#6174),(#6175,#6176,#6177),(#6178,#6179,#6180),(#6181,#6182,
#6183),(#6184,#6185,#6186),(#6187,#6188,#6189),(#6190,#6191,#6192),(#6193,
#6194,#6195),(#6196,#6197,#6198),(#6199,#6200,#6201),(#6202,#6203,#6204),(#6205,#6206,#6207),(#6208,#6209,#6210),(#6211,#6212,#6213),(#6214,#6215,
#6216),(#6217,#6218,#6219),(#6220,#6221,#6222),(#6223,#6224,#6225),(#6226,
#6227,#6228),(#6229,#6230,#6231),(#6232,#6233,#6234),(#6235,#6236,#6237),(#6238,#6239,#6240),(#6241,#6242,#6243),(#6244,#6245,#6246),(#6247,#6248,
#6249),(#6250,#6251,#6252),(#6253,#6254,#6255),(#6256,#6257,#6258),(#6259,
#6260,#6261),(#6262,#6263,#6264)),.UNSPECIFIED.,.F.,.F.,.F.)
B_SPLINE_SURFACE_WITH_KNOTS((4,2,2,2,2,2,2,2,2,2,2,2,2,2,2,2,2,2,2,2,2,2,2,2,2,2,2,2,2,2,2,2,2,2,2,2,4),(3,3),(3.03576608295941E-18,0.00114796421367479,0.00172194632051218,0.00179369408386685,0.00186544184722153,0.00200893737393087,0.00229592842734957,0.00286991053418696,0.00344389264102435,0.00459185685469914,0.00516583896153653,0.00545283001495522,0.00559632554166457,0.00573982106837392,0.00631380317521131,0.0068877852820487,0.00918371370939827,0.00932720923610762,0.00939895699946229,0.00947070476281697,0.00975769581623566,0.0103316779230731,0.0114796421367478,0.0120536242435852,0.0126276063504226,0.01320158845726,0.0133450839839694,0.0134885795106787,0.0137755705640974,0.0149235347777722,0.016071498991447,0.0166454810982844,0.0167889766249937,0.0168607243883484,0.0169324721517031,0.0172194632051218,0.0183674274187965),(0.,1.),.UNSPECIFIED.)
BOUNDED_SURFACE()
GEOMETRIC_REPRESENTATION_ITEM()
RATIONAL_B_SPLINE_SURFACE(((1.,0.687136330242033,1.),(1.,0.687837588356527,
1.),(1.,0.688538994831951,1.),(1.,0.689601546221835,1.),(1.,0.68995769449462,
1.),(1.,0.690363975812959,1.),(1.,0.69040919825061,1.),(1.,0.690499818722965,
1.),(1.,0.690367452865896,1.),(1.,0.690170941325066,1.),(1.,0.690042194247965,
1.),(1.,0.689662017515359,1.),(1.,0.689416633998557,1.),(1.,0.688699681623877,
1.),(1.,0.688247097914566,1.),(1.,0.687372219733272,1.),(1.,0.686950983443528,
1.),(1.,0.685726962158384,1.),(1.,0.684956400788589,1.),(1.,0.68382241498892,
1.),(1.,0.683448608659533,1.),(1.,0.682892683093259,1.),(1.,0.682708198649553,
1.),(1.,0.682432762564859,1.),(1.,0.682341167321704,1.),(1.,0.682158440200261,
1.),(1.,0.681845133751014,1.),(1.,0.680496407974193,1.),(1.,0.679438390457855,
1.),(1.,0.677370142895218,1.),(1.,0.676359413186899,1.),(1.,0.671377406142686,
1.),(1.,0.667579823120144,1.),(1.,0.663550888647287,1.),(1.,0.663314025960396,
1.),(1.,0.662960297783715,1.),(1.,0.662842597879073,1.),(1.,0.662607622990871,
1.),(1.,0.662552467722839,1.),(1.,0.661620515654741,1.),(1.,0.660884131590918,
1.),(1.,0.658698550870475,1.),(1.,0.657272710257298,1.),(1.,0.653066176191242,
1.),(1.,0.650354078022574,1.),(1.,0.646387398875265,1.),(1.,0.645082728912885,
1.),(1.,0.642509524716791,1.),(1.,0.641237355747167,1.),(1.,0.638764563885412,
1.),(1.,0.637561284625227,1.),(1.,0.636103070090405,1.),(1.,0.635705662145575,
1.),(1.,0.634939673218739,1.),(1.,0.634559963439622,1.),(1.,0.633430417824744,
1.),(1.,0.632690153592791,1.),(1.,0.629049842643102,1.),(1.,0.626329830574377,
1.),(1.,0.621255224483465,1.),(1.,0.618893881328335,1.),(1.,0.615727870087225,
1.),(1.,0.614732248919648,1.),(1.,0.613566579446437,1.),(1.,0.613337400993753,
1.),(1.,0.612999685446373,1.),(1.,0.612888122464603,1.),(1.,0.612667036334765,
1.),(1.,0.612525565851085,1.),(1.,0.611806994607556,1.),(1.,0.61124944290705,
1.),(1.,0.608543874603914,1.),(1.,0.606640614935251,1.),(1.,0.604964953097108,
1.)))
REPRESENTATION_ITEM('')
SURFACE()
);
#1048=(
B_SPLINE_SURFACE(3,2,((#6266,#6267,#6268),(#6269,#6270,#6271),(#6272,#6273,
#6274),(#6275,#6276,#6277),(#6278,#6279,#6280),(#6281,#6282,#6283),(#6284,
#6285,#6286),(#6287,#6288,#6289),(#6290,#6291,#6292),(#6293,#6294,#6295),(#6296,#6297,#6298),(#6299,#6300,#6301),(#6302,#6303,#6304),(#6305,#6306,
#6307),(#6308,#6309,#6310),(#6311,#6312,#6313),(#6314,#6315,#6316),(#6317,
#6318,#6319),(#6320,#6321,#6322),(#6323,#6324,#6325),(#6326,#6327,#6328),(#6329,#6330,#6331),(#6332,#6333,#6334),(#6335,#6336,#6337),(#6338,#6339,
#6340),(#6341,#6342,#6343),(#6344,#6345,#6346),(#6347,#6348,#6349),(#6350,
#6351,#6352),(#6353,#6354,#6355),(#6356,#6357,#6358),(#6359,#6360,#6361),(#6362,#6363,#6364),(#6365,#6366,#6367)),.UNSPECIFIED.,.F.,.F.,.F.)
B_SPLINE_SURFACE_WITH_KNOTS((4,2,2,2,2,2,2,2,2,2,2,2,2,2,2,2,4),(3,3),(1.34441069388203E-17,0.00106515861989582,0.00159773792984372,0.00186402758481767,0.00193059999856116,0.00199717241230465,0.00213031723979162,0.00319547585968743,0.00372805516963533,0.00426063447958323,0.00479321378953113,0.00505950344450509,0.00519264827199206,0.00525922068573555,0.00532579309947904,0.00639095171937484,0.00852126895916645),(0.,1.),.UNSPECIFIED.)
BOUNDED_SURFACE()
GEOMETRIC_REPRESENTATION_ITEM()
RATIONAL_B_SPLINE_SURFACE(((1.,0.604964953096635,1.),(1.,0.614455955461646,
1.),(1.,0.624253014027369,1.),(1.,0.63916329958897,1.),(1.,0.644169473103115,
1.),(1.,0.651707196864465,1.),(1.,0.654224555230779,1.),(1.,0.657374878379777,
1.),(1.,0.658005125158269,1.),(1.,0.659265927716701,1.),(1.,0.659920746945959,
1.),(1.,0.661714876227532,1.),(1.,0.662913466322455,1.),(1.,0.673719785978139,
1.),(1.,0.683456996963595,1.),(1.,0.6979984767453,1.),(1.,0.702811929399275,
1.),(1.,0.712337649021151,1.),(1.,0.717066177864454,1.),(1.,0.726368246570878,
1.),(1.,0.730945415399559,1.),(1.,0.737708549003014,1.),(1.,0.739945823975541,
1.),(1.,0.743277139273446,1.),(1.,0.744383478584059,1.),(1.,0.746036975928447,
1.),(1.,0.746587139809642,1.),(1.,0.747685487164689,1.),(1.,0.748259997835932,
1.),(1.,0.756935221525727,1.),(1.,0.764954980646144,1.),(1.,0.788477621134536,
1.),(1.,0.80343887348183,1.),(1.,0.817597542585598,1.)))
REPRESENTATION_ITEM('')
SURFACE()
);
#1049=(
B_SPLINE_SURFACE(3,2,((#6369,#6370,#6371),(#6372,#6373,#6374),(#6375,#6376,
#6377),(#6378,#6379,#6380),(#6381,#6382,#6383),(#6384,#6385,#6386),(#6387,
#6388,#6389),(#6390,#6391,#6392),(#6393,#6394,#6395),(#6396,#6397,#6398),(#6399,#6400,#6401),(#6402,#6403,#6404),(#6405,#6406,#6407),(#6408,#6409,
#6410),(#6411,#6412,#6413),(#6414,#6415,#6416)),.UNSPECIFIED.,.F.,.F.,.F.)
B_SPLINE_SURFACE_WITH_KNOTS((4,2,2,2,2,2,2,4),(3,3),(7.58941520739853E-18,0.000215188643765679,0.00043037728753135,0.000860754575062693,0.00172150915012538,0.00258226372518806,0.00301264101271941,0.00344301830025075),(0.,1.),.UNSPECIFIED.)
BOUNDED_SURFACE()
GEOMETRIC_REPRESENTATION_ITEM()
RATIONAL_B_SPLINE_SURFACE(((1.,0.817597542585276,1.),(1.,0.818982556538664,
1.),(1.,0.820221336553554,1.),(1.,0.822766458562766,1.),(1.,0.824032380857095,
1.),(1.,0.8278081919476,1.),(1.,0.830296066279674,1.),(1.,0.837657911809827,
1.),(1.,0.842429497140956,1.),(1.,0.851645608499552,1.),(1.,0.856090177101868,
1.),(1.,0.862485851684354,1.),(1.,0.864572693924574,1.),(1.,0.868654075185764,
1.),(1.,0.87066889142173,1.),(1.,0.872430701997743,1.)))
REPRESENTATION_ITEM('')
SURFACE()
);
#1050=(
B_SPLINE_SURFACE(1,2,((#6417,#6418,#6419,#6420,#6421,#6422,#6423,#6424,
#6425,#6426,#6427,#6428,#6429),(#6430,#6431,#6432,#6433,#6434,#6435,#6436,
#6437,#6438,#6439,#6440,#6441,#6442)),.UNSPECIFIED.,.F.,.F.,.F.)
B_SPLINE_SURFACE_WITH_KNOTS((2,2),(3,2,2,2,2,2,3),(0.202191690556148,0.379326583213352),(0.291543081563686,0.333333333333334,0.416666666666667,0.5,0.583333333333333,0.666666666666667,0.704655913408007),.PIECEWISE_BEZIER_KNOTS.)
BOUNDED_SURFACE()
GEOMETRIC_REPRESENTATION_ITEM()
RATIONAL_B_SPLINE_SURFACE(((0.982963063026737,0.982912380421329,1.,0.965925826289068,
1.,0.965925826289068,1.,0.965925826289068,1.,0.965925826289068,1.,0.984466573688658,
0.983095623334435),(0.982963063026737,0.982912380421329,1.,0.965925826289068,
1.,0.965925826289068,1.,0.965925826289068,1.,0.965925826289068,1.,0.984466573688658,
0.983095623334435)))
REPRESENTATION_ITEM('')
SURFACE()
);
#1051=(
B_SPLINE_SURFACE(3,1,((#6464,#6465),(#6466,#6467),(#6468,#6469),(#6470,
#6471)),.CYLINDRICAL_SURF.,.F.,.F.,.F.)
B_SPLINE_SURFACE_WITH_KNOTS((4,4),(2,2),(0.,0.349938882859562),(0.586397096396413,0.956744528182079),.PIECEWISE_BEZIER_KNOTS.)
BOUNDED_SURFACE()
GEOMETRIC_REPRESENTATION_ITEM()
RATIONAL_B_SPLINE_SURFACE(((1.,1.),(0.533414822853917,0.533414822853917),(0.393382237006497,0.393382237006497),(0.579902242457738,0.579902242457738)))
REPRESENTATION_ITEM('')
SURFACE()
);
#1052=(
B_SPLINE_SURFACE(1,2,((#6498,#6499,#6500,#6501,#6502,#6503,#6504,#6505,
#6506,#6507,#6508,#6509,#6510),(#6511,#6512,#6513,#6514,#6515,#6516,#6517,
#6518,#6519,#6520,#6521,#6522,#6523)),.UNSPECIFIED.,.F.,.F.,.F.)
B_SPLINE_SURFACE_WITH_KNOTS((2,2),(3,2,2,2,2,2,3),(0.6208255489647,0.797798162636848),(0.324290244937096,0.333333333333334,0.416666666666667,0.5,0.583333333333333,0.666666666666667,0.737044166026459),.PIECEWISE_BEZIER_KNOTS.)
BOUNDED_SURFACE()
GEOMETRIC_REPRESENTATION_ITEM()
RATIONAL_B_SPLINE_SURFACE(((0.99340725334296,0.99630237082124,1.,0.965925826289068,
1.,0.965925826289068,1.,0.965925826289068,1.,0.965925826289068,1.,0.971223338337681,
0.991052184380566),(0.99340725334296,0.99630237082124,1.,0.965925826289068,
1.,0.965925826289068,1.,0.965925826289068,1.,0.965925826289068,1.,0.971223338337681,
0.991052184380566)))
REPRESENTATION_ITEM('')
SURFACE()
);
#1053=(
B_SPLINE_SURFACE(3,2,((#6569,#6570,#6571),(#6572,#6573,#6574),(#6575,#6576,
#6577),(#6578,#6579,#6580),(#6581,#6582,#6583),(#6584,#6585,#6586),(#6587,
#6588,#6589),(#6590,#6591,#6592),(#6593,#6594,#6595),(#6596,#6597,#6598),(#6599,#6600,#6601),(#6602,#6603,#6604),(#6605,#6606,#6607),(#6608,#6609,
#6610),(#6611,#6612,#6613),(#6614,#6615,#6616),(#6617,#6618,#6619),(#6620,
#6621,#6622),(#6623,#6624,#6625),(#6626,#6627,#6628),(#6629,#6630,#6631),(#6632,#6633,#6634)),.UNSPECIFIED.,.F.,.F.,.F.)
B_SPLINE_SURFACE_WITH_KNOTS((4,2,2,2,2,2,2,2,2,2,4),(3,3),(0.00265963262350358,0.00308749593186808,0.00314097884541364,0.0031944617589592,0.00330142758605032,0.00351535924023257,0.00437108585696155,0.00522681247369054,0.00565467578205503,0.00586860743623727,0.00608253909041952),(0.385260938602236,1.),.UNSPECIFIED.)
BOUNDED_SURFACE()
GEOMETRIC_REPRESENTATION_ITEM()
RATIONAL_B_SPLINE_SURFACE(((0.923997983218325,0.901362934615929,1.),(0.923237307632522,
0.900375713346413,1.),(0.922694239093562,0.899670907220816,1.),(0.922339286218537,
0.899210241682918,1.),(0.922303395101464,0.899163661412928,1.),(0.922238730136537,
0.899079737819271,1.),(0.921987650888174,0.898753881726418,1.),(0.921512681285936,
0.898137455877536,1.),(0.921192642586995,0.897722102714429,1.),(0.920222239123549,
0.896462692057632,1.),(0.919561588927374,0.895605285907696,1.),(0.916188179387948,
0.891227201859434,1.),(0.913265627224789,0.887434250290346,1.),(0.906921811623592,
0.879201108845729,1.),(0.903500745591632,0.874761175168086,1.),(0.897941776394898,
0.867546624405554,1.),(0.896017382530486,0.865049104320343,1.),(0.893015084168213,
0.861152656404853,1.),(0.891995018582938,0.859828793169489,1.),(0.889914657130087,
0.857128854966048,1.),(0.888821120757928,0.855709639750347,1.),(0.887824781003262,
0.85441656841241,1.)))
REPRESENTATION_ITEM('')
SURFACE()
);
#1054=(
B_SPLINE_SURFACE(3,2,((#6641,#6642,#6643),(#6644,#6645,#6646),(#6647,#6648,
#6649),(#6650,#6651,#6652),(#6653,#6654,#6655),(#6656,#6657,#6658),(#6659,
#6660,#6661),(#6662,#6663,#6664),(#6665,#6666,#6667),(#6668,#6669,#6670),(#6671,#6672,#6673),(#6674,#6675,#6676),(#6677,#6678,#6679),(#6680,#6681,
#6682),(#6683,#6684,#6685),(#6686,#6687,#6688),(#6689,#6690,#6691),(#6692,
#6693,#6694),(#6695,#6696,#6697),(#6698,#6699,#6700),(#6701,#6702,#6703),(#6704,#6705,#6706),(#6707,#6708,#6709),(#6710,#6711,#6712),(#6713,#6714,
#6715),(#6716,#6717,#6718),(#6719,#6720,#6721),(#6722,#6723,#6724),(#6725,
#6726,#6727),(#6728,#6729,#6730),(#6731,#6732,#6733),(#6734,#6735,#6736),(#6737,#6738,#6739),(#6740,#6741,#6742),(#6743,#6744,#6745),(#6746,#6747,
#6748),(#6749,#6750,#6751),(#6752,#6753,#6754),(#6755,#6756,#6757),(#6758,
#6759,#6760),(#6761,#6762,#6763),(#6764,#6765,#6766),(#6767,#6768,#6769),(#6770,#6771,#6772),(#6773,#6774,#6775),(#6776,#6777,#6778),(#6779,#6780,
#6781),(#6782,#6783,#6784),(#6785,#6786,#6787),(#6788,#6789,#6790),(#6791,
#6792,#6793),(#6794,#6795,#6796),(#6797,#6798,#6799),(#6800,#6801,#6802),(#6803,#6804,#6805),(#6806,#6807,#6808),(#6809,#6810,#6811),(#6812,#6813,
#6814),(#6815,#6816,#6817),(#6818,#6819,#6820),(#6821,#6822,#6823),(#6824,
#6825,#6826),(#6827,#6828,#6829),(#6830,#6831,#6832),(#6833,#6834,#6835),(#6836,#6837,#6838),(#6839,#6840,#6841),(#6842,#6843,#6844),(#6845,#6846,
#6847),(#6848,#6849,#6850),(#6851,#6852,#6853),(#6854,#6855,#6856),(#6857,
#6858,#6859),(#6860,#6861,#6862),(#6863,#6864,#6865),(#6866,#6867,#6868),(#6869,#6870,#6871),(#6872,#6873,#6874),(#6875,#6876,#6877),(#6878,#6879,
#6880),(#6881,#6882,#6883),(#6884,#6885,#6886),(#6887,#6888,#6889),(#6890,
#6891,#6892),(#6893,#6894,#6895),(#6896,#6897,#6898),(#6899,#6900,#6901),(#6902,#6903,#6904),(#6905,#6906,#6907),(#6908,#6909,#6910),(#6911,#6912,
#6913),(#6914,#6915,#6916),(#6917,#6918,#6919),(#6920,#6921,#6922),(#6923,
#6924,#6925),(#6926,#6927,#6928),(#6929,#6930,#6931),(#6932,#6933,#6934),(#6935,#6936,#6937),(#6938,#6939,#6940),(#6941,#6942,#6943),(#6944,#6945,
#6946),(#6947,#6948,#6949),(#6950,#6951,#6952),(#6953,#6954,#6955),(#6956,
#6957,#6958),(#6959,#6960,#6961),(#6962,#6963,#6964),(#6965,#6966,#6967),(#6968,#6969,#6970),(#6971,#6972,#6973),(#6974,#6975,#6976),(#6977,#6978,
#6979),(#6980,#6981,#6982),(#6983,#6984,#6985),(#6986,#6987,#6988),(#6989,
#6990,#6991),(#6992,#6993,#6994),(#6995,#6996,#6997),(#6998,#6999,#7000),(#7001,#7002,#7003),(#7004,#7005,#7006),(#7007,#7008,#7009),(#7010,#7011,
#7012),(#7013,#7014,#7015),(#7016,#7017,#7018),(#7019,#7020,#7021),(#7022,
#7023,#7024),(#7025,#7026,#7027),(#7028,#7029,#7030),(#7031,#7032,#7033),(#7034,#7035,#7036),(#7037,#7038,#7039),(#7040,#7041,#7042)),.UNSPECIFIED.,.F.,.F.,.F.)
B_SPLINE_SURFACE_WITH_KNOTS((4,2,2,2,2,2,2,2,2,2,2,2,2,2,2,2,2,2,2,2,2,2,2,2,2,2,2,2,2,2,2,2,2,2,2,2,2,2,2,2,2,2,2,2,2,2,2,2,2,2,2,2,2,2,2,2,2,2,2,2,2,2,2,2,2,2,4),(3,3),(0.00960434484014636,0.0118526525930893,0.0124147295313251,0.0129768064695608,0.0130470660868403,0.0131173257041197,0.0132578449386787,0.0135388834077965,0.0141009603460323,0.0163492680989752,0.0166303065680931,0.016770825802652,0.016911345037211,0.0174734219754467,0.0185975758519182,0.0197217297283897,0.0200027681975075,0.0201432874320665,0.0202135470493459,0.0202838066666254,0.0208458836048611,0.0230941913578041,0.0236562682960398,0.0237265279133193,0.0237967875305988,0.0239373067651577,0.0242183452342756,0.0253424991107471,0.0264666529872185,0.0270287299254543,0.0271692491600132,0.0273097683945721,0.02759080686369,0.0287149607401615,0.029839114616633,0.0304011915548687,0.0306822300239866,0.0308227492585455,0.0309632684931045,0.0320874223695759,0.0332115762460474,0.0337736531842831,0.0343357301225189,0.0344762493570778,0.0346167685916368,0.0348978070607546,0.0354598839989904,0.0365840378754618,0.0371461148136976,0.0377081917519333,0.0378487109864923,0.0379189706037717,0.0379892302210512,0.0382702686901691,0.0388323456284048,0.0410806533813478,0.0413616918504656,0.0414319514677451,0.0415022110850246,0.0416427303195835,0.0422048072578192,0.0433289611342907,0.0444531150107622,0.0447341534798801,0.044874672714439,0.0450151919489979,0.0455772688872337),(0.,1.),.UNSPECIFIED.)
BOUNDED_SURFACE()
GEOMETRIC_REPRESENTATION_ITEM()
RATIONAL_B_SPLINE_SURFACE(((1.,0.763178491933524,1.),(1.,0.764233249989689,
1.),(1.,0.764595226116157,1.),(1.,0.764229730410058,1.),(1.,0.764114046722353,
1.),(1.,0.763788040053933,1.),(1.,0.763577372603775,1.),(1.,0.76328219184902,
1.),(1.,0.763248575659565,1.),(1.,0.763179676690027,1.),(1.,0.763094453742188,
1.),(1.,0.763197824566458,1.),(1.,0.763263612583066,1.),(1.,0.763451916120558,
1.),(1.,0.763565382282367,1.),(1.,0.76387168161086,1.),(1.,0.764030567664079,
1.),(1.,0.764616533490424,1.),(1.,0.764467241203781,1.),(1.,0.763434998364377,
1.),(1.,0.76330739035509,1.),(1.,0.76309478759634,1.),(1.,0.763211755718328,
1.),(1.,0.763341316765907,1.),(1.,0.76340299409147,1.),(1.,0.763696380953347,
1.),(1.,0.763883310682581,1.),(1.,0.764315033495771,1.),(1.,0.764432949620845,
1.),(1.,0.764346083181824,1.),(1.,0.764141845219703,1.),(1.,0.763647336237228,
1.),(1.,0.763536247969613,1.),(1.,0.763349850313927,1.),(1.,0.763284419698208,
1.),(1.,0.763181102948712,1.),(1.,0.763093070312588,1.),(1.,0.763162162249074,
1.),(1.,0.763195951864047,1.),(1.,0.763493339266814,1.),(1.,0.76371030734662,
1.),(1.,0.764568718842717,1.),(1.,0.764589031672993,1.),(1.,0.763735705859245,
1.),(1.,0.763518054246177,1.),(1.,0.763211505271616,1.),(1.,0.763176582086815,
1.),(1.,0.763104970921535,1.),(1.,0.763166926766106,1.),(1.,0.763267701931526,
1.),(1.,0.76333186728093,1.),(1.,0.76351508094542,1.),(1.,0.763625037365142,
1.),(1.,0.764117530985213,1.),(1.,0.764331263272648,1.),(1.,0.764438569003515,
1.),(1.,0.764332226273394,1.),(1.,0.763906447522791,1.),(1.,0.763719570521478,
1.),(1.,0.763421592616736,1.),(1.,0.76335876016414,1.),(1.,0.763226339896399,
1.),(1.,0.763083865553554,1.),(1.,0.763288744755612,1.),(1.,0.763413294200388,
1.),(1.,0.763978659589705,1.),(1.,0.764246739954977,1.),(1.,0.764453380875025,
1.),(1.,0.764392569745367,1.),(1.,0.764036413262278,1.),(1.,0.76387351463962,
1.),(1.,0.763556306555253,1.),(1.,0.763438381619117,1.),(1.,0.763241924120961,
1.),(1.,0.763067409599283,1.),(1.,0.763204168344666,1.),(1.,0.763269482148595,
1.),(1.,0.763830584203253,1.),(1.,0.764142582346478,1.),(1.,0.764444641238167,
1.),(1.,0.764434688408914,1.),(1.,0.764161247022172,1.),(1.,0.76402584963608,
1.),(1.,0.763660349176397,1.),(1.,0.763430503599558,1.),(1.,0.763076192280231,
1.),(1.,0.763227914824078,1.),(1.,0.763355391261093,1.),(1.,0.763416115972991,
1.),(1.,0.763589524694081,1.),(1.,0.763693453664709,1.),(1.,0.763972016588583,
1.),(1.,0.764113572292007,1.),(1.,0.76441457174372,1.),(1.,0.764452600115174,
1.),(1.,0.764259657348374,1.),(1.,0.764153137066173,1.),(1.,0.763847060577433,
1.),(1.,0.763646759290735,1.),(1.,0.763331667029992,1.),(1.,0.763265413199347,
1.),(1.,0.763161003427511,1.),(1.,0.763113020201772,1.),(1.,0.76318149217533,
1.),(1.,0.763214945884776,1.),(1.,0.763378371057771,1.),(1.,0.763496827160101,
1.),(1.,0.763817588550334,1.),(1.,0.76398544263738,1.),(1.,0.764614384803871,
1.),(1.,0.764493035531475,1.),(1.,0.763505009733024,1.),(1.,0.763382509591193,
1.),(1.,0.76321204383041,1.),(1.,0.763177082237034,1.),(1.,0.763105380203711,
1.),(1.,0.763166577748502,1.),(1.,0.763267353071813,1.),(1.,0.763331391671329,
1.),(1.,0.763636399631915,1.),(1.,0.763832037943355,1.),(1.,0.764288897312293,
1.),(1.,0.764422254201867,1.),(1.,0.764367054965439,1.),(1.,0.764178974202616,
1.),(1.,0.763707640192982,1.),(1.,0.763601340703574,1.),(1.,0.76342242508664,
1.),(1.,0.763359538415933,1.),(1.,0.76322698355024,1.),(1.,0.763083312501489,
1.),(1.,0.763425358292463,1.),(1.,0.763651195810242,1.),(1.,0.763831447241757,
1.)))
REPRESENTATION_ITEM('')
SURFACE()
);
#1055=(
B_SPLINE_SURFACE(3,2,((#7061,#7062,#7063),(#7064,#7065,#7066),(#7067,#7068,
#7069),(#7070,#7071,#7072),(#7073,#7074,#7075),(#7076,#7077,#7078),(#7079,
#7080,#7081),(#7082,#7083,#7084),(#7085,#7086,#7087),(#7088,#7089,#7090),(#7091,#7092,#7093),(#7094,#7095,#7096),(#7097,#7098,#7099),(#7100,#7101,
#7102),(#7103,#7104,#7105),(#7106,#7107,#7108),(#7109,#7110,#7111),(#7112,
#7113,#7114),(#7115,#7116,#7117),(#7118,#7119,#7120)),.UNSPECIFIED.,.F.,.F.,.F.)
B_SPLINE_SURFACE_WITH_KNOTS((4,2,2,2,2,2,2,2,2,4),(3,3),(0.00181208175908239,0.00194804734861267,0.00208462086910921,0.00235776791010229,0.00290406199208846,0.00399665015606078,0.00508923832003311,0.00563553240201927,0.00590867944301235,0.00618182648400544),(0.,0.592441876611103),.UNSPECIFIED.)
BOUNDED_SURFACE()
GEOMETRIC_REPRESENTATION_ITEM()
RATIONAL_B_SPLINE_SURFACE(((1.,0.916792998357155,0.93217662111525),(1.,
0.91604874877109,0.931569971185992),(1.,0.915781317531516,0.931351983637719),(1.,0.914961774395028,0.930683960712232),(1.,0.914546060974415,0.930345105949087),(1.,0.913285348728448,0.929317478914887),(1.,0.912426360177789,0.928617303391449),(1.,0.909791423729682,0.92646952388337),(1.,0.907988890527463,0.925000249784885),(1.,0.902225767178416,0.920302634310892),(1.,0.897978541515856,0.916840651669608),(1.,0.888621919358082,0.909213916933846),(1.,0.883512705966331,0.905049314089975),(1.,0.875137083208889,0.898222207903501),(1.,0.872226286048408,0.895849569846919),(1.,0.867670448959226,0.892136033017854),(1.,0.86612020575881,0.890872404598738),(1.,0.862954262534351,0.888291792840105),(1.,0.861332772639557,0.886970090082873),(1.,0.859697021339224,0.885636762622283)))
REPRESENTATION_ITEM('')
SURFACE()
);
#1056=(
B_SPLINE_SURFACE(3,2,((#7127,#7128,#7129),(#7130,#7131,#7132),(#7133,#7134,
#7135),(#7136,#7137,#7138),(#7139,#7140,#7141),(#7142,#7143,#7144),(#7145,
#7146,#7147),(#7148,#7149,#7150),(#7151,#7152,#7153),(#7154,#7155,#7156),(#7157,#7158,#7159),(#7160,#7161,#7162),(#7163,#7164,#7165),(#7166,#7167,
#7168),(#7169,#7170,#7171),(#7172,#7173,#7174),(#7175,#7176,#7177),(#7178,
#7179,#7180),(#7181,#7182,#7183),(#7184,#7185,#7186),(#7187,#7188,#7189),(#7190,#7191,#7192),(#7193,#7194,#7195),(#7196,#7197,#7198),(#7199,#7200,
#7201),(#7202,#7203,#7204),(#7205,#7206,#7207),(#7208,#7209,#7210),(#7211,
#7212,#7213),(#7214,#7215,#7216),(#7217,#7218,#7219),(#7220,#7221,#7222),(#7223,#7224,#7225),(#7226,#7227,#7228),(#7229,#7230,#7231),(#7232,#7233,
#7234),(#7235,#7236,#7237),(#7238,#7239,#7240),(#7241,#7242,#7243),(#7244,
#7245,#7246),(#7247,#7248,#7249),(#7250,#7251,#7252),(#7253,#7254,#7255),(#7256,#7257,#7258),(#7259,#7260,#7261),(#7262,#7263,#7264),(#7265,#7266,
#7267),(#7268,#7269,#7270),(#7271,#7272,#7273),(#7274,#7275,#7276),(#7277,
#7278,#7279),(#7280,#7281,#7282),(#7283,#7284,#7285),(#7286,#7287,#7288),(#7289,#7290,#7291),(#7292,#7293,#7294),(#7295,#7296,#7297),(#7298,#7299,
#7300),(#7301,#7302,#7303),(#7304,#7305,#7306),(#7307,#7308,#7309),(#7310,
#7311,#7312),(#7313,#7314,#7315),(#7316,#7317,#7318),(#7319,#7320,#7321),(#7322,#7323,#7324),(#7325,#7326,#7327),(#7328,#7329,#7330),(#7331,#7332,
#7333),(#7334,#7335,#7336),(#7337,#7338,#7339),(#7340,#7341,#7342),(#7343,
#7344,#7345),(#7346,#7347,#7348),(#7349,#7350,#7351),(#7352,#7353,#7354),(#7355,#7356,#7357),(#7358,#7359,#7360),(#7361,#7362,#7363),(#7364,#7365,
#7366),(#7367,#7368,#7369),(#7370,#7371,#7372),(#7373,#7374,#7375),(#7376,
#7377,#7378),(#7379,#7380,#7381),(#7382,#7383,#7384),(#7385,#7386,#7387),(#7388,#7389,#7390),(#7391,#7392,#7393),(#7394,#7395,#7396),(#7397,#7398,
#7399),(#7400,#7401,#7402),(#7403,#7404,#7405),(#7406,#7407,#7408),(#7409,
#7410,#7411),(#7412,#7413,#7414),(#7415,#7416,#7417),(#7418,#7419,#7420),(#7421,#7422,#7423),(#7424,#7425,#7426),(#7427,#7428,#7429),(#7430,#7431,
#7432),(#7433,#7434,#7435),(#7436,#7437,#7438),(#7439,#7440,#7441),(#7442,
#7443,#7444),(#7445,#7446,#7447),(#7448,#7449,#7450),(#7451,#7452,#7453),(#7454,#7455,#7456),(#7457,#7458,#7459),(#7460,#7461,#7462),(#7463,#7464,
#7465),(#7466,#7467,#7468),(#7469,#7470,#7471),(#7472,#7473,#7474),(#7475,
#7476,#7477),(#7478,#7479,#7480),(#7481,#7482,#7483),(#7484,#7485,#7486),(#7487,#7488,#7489),(#7490,#7491,#7492)),.UNSPECIFIED.,.F.,.F.,.F.)
B_SPLINE_SURFACE_WITH_KNOTS((4,2,2,2,2,2,2,2,2,2,2,2,2,2,2,2,2,2,2,2,2,2,2,2,2,2,2,2,2,2,2,2,2,2,2,2,2,2,2,2,2,2,2,2,2,2,2,2,2,2,2,2,2,2,2,2,2,2,2,2,4),(3,3),(0.0192430276497553,0.0214214414131163,0.0225106482947968,0.0226467991550069,0.022782950015217,0.0230552517356371,0.0235998551764773,0.0246890620581578,0.0257782689398384,0.0263228723806786,0.0264590232408887,0.0265951741010987,0.0268674758215189,0.0279566827031994,0.0290458895848799,0.0295904930257201,0.0298627947461403,0.0299989456063503,0.0301350964665604,0.0312243033482409,0.0323135102299214,0.0334027171116019,0.033675018832022,0.0339473205524422,0.0344919239932824,0.0366703377566434,0.0369426394770636,0.0370107149071686,0.0370787903372736,0.0372149411974837,0.0377595446383239,0.0388487515200045,0.039937958401685,0.0404825618425252,0.0406187127027353,0.0407548635629453,0.0410271652833655,0.0415717687242057,0.042116372165046,0.0432055790467265,0.0437501824875667,0.0440224842079869,0.0441586350681969,0.044226710498302,0.044294785928407,0.0448393893692473,0.0453839928100875,0.0475624065734485,0.0476985574336586,0.0478347082938687,0.0481070100142888,0.048651613455129,0.0497408203368095,0.0508300272184901,0.0511023289389102,0.0512384797991202,0.0513065552292253,0.0513746306593303,0.0519192341001706,0.0530084409818511,0.0540976478635316),(0.,1.),.UNSPECIFIED.)
BOUNDED_SURFACE()
GEOMETRIC_REPRESENTATION_ITEM()
RATIONAL_B_SPLINE_SURFACE(((1.,0.763178491933524,1.),(1.,0.76422940519139,
1.),(1.,0.764571443568151,1.),(1.,0.764198002261675,1.),(1.,0.763919477487868,
1.),(1.,0.763413805224414,1.),(1.,0.76335490616311,1.),(1.,0.763231537046024,
1.),(1.,0.763069662699551,1.),(1.,0.763276077217081,1.),(1.,0.763400904368226,
1.),(1.,0.763739850221888,1.),(1.,0.763918607019397,1.),(1.,0.764328528784111,
1.),(1.,0.764433424290465,1.),(1.,0.764342531484921,1.),(1.,0.764147580148047,
1.),(1.,0.763614996096914,1.),(1.,0.763396974909416,1.),(1.,0.763068297478854,
1.),(1.,0.763238230543137,1.),(1.,0.763364391009872,1.),(1.,0.763424446652245,
1.),(1.,0.76359585423574,1.),(1.,0.763698458159937,1.),(1.,0.764156601660888,
1.),(1.,0.764350486994122,1.),(1.,0.764430405704429,1.),(1.,0.764316795705513,
1.),(1.,0.763915199059863,1.),(1.,0.76374232105971,1.),(1.,0.7634199369698,
1.),(1.,0.763301932799626,1.),(1.,0.763108237827382,1.),(1.,0.7631990157271,
1.),(1.,0.763327434779282,1.),(1.,0.763388592097713,1.),(1.,0.763912533784891,
1.),(1.,0.764193473189773,1.),(1.,0.764447572292004,1.),(1.,0.764418948001371,
1.),(1.,0.764051505218821,1.),(1.,0.763713597815581,1.),(1.,0.763065824104193,
1.),(1.,0.763311630681166,1.),(1.,0.763548939894663,1.),(1.,0.763655342348288,
1.),(1.,0.763940499194049,1.),(1.,0.764085369810165,1.),(1.,0.764607947290611,
1.),(1.,0.764419913809376,1.),(1.,0.763481821434572,1.),(1.,0.763366832802535,
1.),(1.,0.76320879508941,1.),(1.,0.763176471644367,1.),(1.,0.763110368193658,
1.),(1.,0.763162380695235,1.),(1.,0.76326300849103,1.),(1.,0.763326983553374,
1.),(1.,0.763631828502285,1.),(1.,0.763826550786348,1.),(1.,0.764280412187535,
1.),(1.,0.76441276900991,1.),(1.,0.764381015962107,1.),(1.,0.764216556251515,
1.),(1.,0.763731036227397,1.),(1.,0.763528924282543,1.),(1.,0.763220339964478,
1.),(1.,0.76308178833483,1.),(1.,0.763218215420815,1.),(1.,0.763283307175114,
1.),(1.,0.763469544128739,1.),(1.,0.763581662790718,1.),(1.,0.763884063226339,
1.),(1.,0.764040218700553,1.),(1.,0.764268452649292,1.),(1.,0.764341091356467,
1.),(1.,0.764443686820937,1.),(1.,0.764360177368968,1.),(1.,0.764005964189951,
1.),(1.,0.763849261445268,1.),(1.,0.763551686732894,1.),(1.,0.763442043131118,
1.),(1.,0.763261016415033,1.),(1.,0.763197911666673,1.),(1.,0.763098978581984,
1.),(1.,0.763173629018301,1.),(1.,0.763239868291377,1.),(1.,0.763272217552217,
1.),(1.,0.763556552278263,1.),(1.,0.76376112366838,1.),(1.,0.764084592394733,
1.),(1.,0.764203522860595,1.),(1.,0.764594931540592,1.),(1.,0.764304120822577,
1.),(1.,0.763299769255317,1.),(1.,0.763237966285186,1.),(1.,0.763108749333167,
1.),(1.,0.763198588497275,1.),(1.,0.763391525259932,1.),(1.,0.763507983555531,
1.),(1.,0.763823263385076,1.),(1.,0.763988149042438,1.),(1.,0.764359641809022,
1.),(1.,0.76444338734494,1.),(1.,0.764307729168937,1.),(1.,0.764090108664587,
1.),(1.,0.763615992826787,1.),(1.,0.763510912157969,1.),(1.,0.76333714896803,
1.),(1.,0.763276535410161,1.),(1.,0.763181461773733,1.),(1.,0.763087433375477,
1.),(1.,0.763156028659395,1.),(1.,0.76318954255107,1.),(1.,0.763484252028841,
1.),(1.,0.763697298153153,1.),(1.,0.764207668371953,1.),(1.,0.764378307272845,
1.),(1.,0.764414768059929,1.),(1.,0.764278453294148,1.),(1.,0.763988427663603,
1.)))
REPRESENTATION_ITEM('')
SURFACE()
);
#1057=(
B_SPLINE_SURFACE(3,2,((#7516,#7517,#7518),(#7519,#7520,#7521),(#7522,#7523,
#7524),(#7525,#7526,#7527),(#7528,#7529,#7530),(#7531,#7532,#7533),(#7534,
#7535,#7536),(#7537,#7538,#7539),(#7540,#7541,#7542),(#7543,#7544,#7545),(#7546,#7547,#7548),(#7549,#7550,#7551),(#7552,#7553,#7554),(#7555,#7556,
#7557),(#7558,#7559,#7560),(#7561,#7562,#7563),(#7564,#7565,#7566),(#7567,
#7568,#7569),(#7570,#7571,#7572),(#7573,#7574,#7575)),.UNSPECIFIED.,.F.,.F.,.F.)
B_SPLINE_SURFACE_WITH_KNOTS((4,2,2,2,2,2,2,2,2,4),(3,3),(1.99493199737333E-17,0.000220444564044042,0.000440889128088065,0.000881778256176109,0.0017635565123522,0.00264533476852829,0.0027555570505503,0.00286577933257231,0.00308622389661633,0.00352711302470438),(0.,1.),.UNSPECIFIED.)
BOUNDED_SURFACE()
GEOMETRIC_REPRESENTATION_ITEM()
RATIONAL_B_SPLINE_SURFACE(((1.,0.836509532108872,1.),(1.,0.837783741271474,
1.),(1.,0.838744241490239,1.),(1.,0.840845279740784,1.),(1.,0.841895326854246,
1.),(1.,0.845040734262305,1.),(1.,0.847131282824077,1.),(1.,0.853360365866144,
1.),(1.,0.857455416979536,1.),(1.,0.865431858072685,1.),(1.,0.869312039117384,
1.),(1.,0.873508394503085,1.),(1.,0.874034377063752,1.),(1.,0.874715204132709,
1.),(1.,0.875085489294373,1.),(1.,0.876287128661157,1.),(1.,0.87720945609466,
1.),(1.,0.880345923094396,1.),(1.,0.883025096037178,1.),(1.,0.885815749775193,
1.)))
REPRESENTATION_ITEM('')
SURFACE()
);
#1058=(
B_SPLINE_SURFACE(3,2,((#7579,#7580,#7581),(#7582,#7583,#7584),(#7585,#7586,
#7587),(#7588,#7589,#7590),(#7591,#7592,#7593),(#7594,#7595,#7596),(#7597,
#7598,#7599),(#7600,#7601,#7602),(#7603,#7604,#7605),(#7606,#7607,#7608),(#7609,#7610,#7611),(#7612,#7613,#7614),(#7615,#7616,#7617),(#7618,#7619,
#7620),(#7621,#7622,#7623),(#7624,#7625,#7626),(#7627,#7628,#7629),(#7630,
#7631,#7632),(#7633,#7634,#7635),(#7636,#7637,#7638),(#7639,#7640,#7641),(#7642,#7643,#7644),(#7645,#7646,#7647),(#7648,#7649,#7650),(#7651,#7652,
#7653),(#7654,#7655,#7656),(#7657,#7658,#7659),(#7660,#7661,#7662)),.UNSPECIFIED.,.F.,.F.,.F.)
B_SPLINE_SURFACE_WITH_KNOTS((4,2,2,2,2,2,2,2,2,2,2,2,2,4),(3,3),(-1.47451495458029E-17,0.00194031568242572,0.00291047352363859,0.00339555244424502,0.00363809190454824,0.00388063136485145,0.00485078920606432,0.00582094704727719,0.00679110488849006,0.00703364434879327,0.00709427921386908,0.00715491407894488,0.00727618380909649,0.00776126272970292),(0.,1.),.UNSPECIFIED.)
BOUNDED_SURFACE()
GEOMETRIC_REPRESENTATION_ITEM()
RATIONAL_B_SPLINE_SURFACE(((1.,0.836509532109012,1.),(1.,0.825455701932796,
1.),(1.,0.814224135865719,1.),(1.,0.797547741241458,1.),(1.,0.792019140433397,
1.),(1.,0.783853804486105,1.),(1.,0.78115350956436,1.),(1.,0.777148126366841,
1.),(1.,0.775335592685263,1.),(1.,0.771955301043227,1.),(1.,0.770264959100255,
1.),(1.,0.761810830688069,1.),(1.,0.755102699105302,1.),(1.,0.741653403726551,
1.),(1.,0.734910223927853,1.),(1.,0.721476833953678,1.),(1.,0.714786237823833,
1.),(1.,0.706518347424179,1.),(1.,0.704869582570844,1.),(1.,0.702815767073367,
1.),(1.,0.702455990981678,1.),(1.,0.701534664235798,1.),(1.,0.700971836408179,
1.),(1.,0.699436750584512,1.),(1.,0.698413521695222,1.),(1.,0.693298083919962,
1.),(1.,0.689207911650619,1.),(1.,0.685119597378936,1.)))
REPRESENTATION_ITEM('')
SURFACE()
);
#1059=(
B_SPLINE_SURFACE(3,2,((#7664,#7665,#7666),(#7667,#7668,#7669),(#7670,#7671,
#7672),(#7673,#7674,#7675),(#7676,#7677,#7678),(#7679,#7680,#7681),(#7682,
#7683,#7684),(#7685,#7686,#7687),(#7688,#7689,#7690),(#7691,#7692,#7693),(#7694,#7695,#7696),(#7697,#7698,#7699),(#7700,#7701,#7702),(#7703,#7704,
#7705),(#7706,#7707,#7708),(#7709,#7710,#7711),(#7712,#7713,#7714),(#7715,
#7716,#7717),(#7718,#7719,#7720),(#7721,#7722,#7723),(#7724,#7725,#7726),(#7727,#7728,#7729),(#7730,#7731,#7732),(#7733,#7734,#7735),(#7736,#7737,
#7738),(#7739,#7740,#7741),(#7742,#7743,#7744),(#7745,#7746,#7747),(#7748,
#7749,#7750),(#7751,#7752,#7753),(#7754,#7755,#7756),(#7757,#7758,#7759),(#7760,#7761,#7762),(#7763,#7764,#7765),(#7766,#7767,#7768),(#7769,#7770,
#7771),(#7772,#7773,#7774),(#7775,#7776,#7777),(#7778,#7779,#7780),(#7781,
#7782,#7783),(#7784,#7785,#7786),(#7787,#7788,#7789),(#7790,#7791,#7792),(#7793,#7794,#7795),(#7796,#7797,#7798),(#7799,#7800,#7801),(#7802,#7803,
#7804),(#7805,#7806,#7807),(#7808,#7809,#7810),(#7811,#7812,#7813),(#7814,
#7815,#7816),(#7817,#7818,#7819),(#7820,#7821,#7822),(#7823,#7824,#7825),(#7826,#7827,#7828),(#7829,#7830,#7831),(#7832,#7833,#7834),(#7835,#7836,
#7837),(#7838,#7839,#7840),(#7841,#7842,#7843),(#7844,#7845,#7846),(#7847,
#7848,#7849),(#7850,#7851,#7852),(#7853,#7854,#7855),(#7856,#7857,#7858),(#7859,#7860,#7861),(#7862,#7863,#7864),(#7865,#7866,#7867),(#7868,#7869,
#7870),(#7871,#7872,#7873),(#7874,#7875,#7876),(#7877,#7878,#7879)),.UNSPECIFIED.,.F.,.F.,.F.)
B_SPLINE_SURFACE_WITH_KNOTS((4,2,2,2,2,2,2,2,2,2,2,2,2,2,2,2,2,2,2,2,2,2,2,2,2,2,2,2,2,2,2,2,2,2,2,4),(3,3),(4.87890977618477E-19,0.00228917727128021,0.00286147158910027,0.00300454516855528,0.00314761874801029,0.00343376590692032,0.00457835454256043,0.00572294317820054,0.00629523749602059,0.00686753181384064,0.00693906860356815,0.00701060539329566,0.00715367897275067,0.0074398261316607,0.00801212044948075,0.00915670908512086,0.00972900340294091,0.010301297720761,0.010587444879671,0.010730518459126,0.010873592038581,0.0114458863564011,0.0125904749920412,0.0131627693098612,0.0137350636276813,0.0143073579455013,0.0144504315249564,0.0145935051044114,0.0148796522633214,0.0154519465811414,0.0160242408989615,0.0171688295346016,0.0177411238524217,0.0180272710113317,0.0181703445907867,0.0183134181702417),(0.,1.),.UNSPECIFIED.)
BOUNDED_SURFACE()
GEOMETRIC_REPRESENTATION_ITEM()
RATIONAL_B_SPLINE_SURFACE(((1.,0.685119597378931,1.),(1.,0.686768189268122,
1.),(1.,0.688173981084203,1.),(1.,0.689371686793366,1.),(1.,0.68958566764096,
1.),(1.,0.689824828519752,1.),(1.,0.689871257254328,1.),(1.,0.689961448221902,
1.),(1.,0.690051470616517,1.),(1.,0.689545273136202,1.),(1.,0.689208730374665,
1.),(1.,0.687536720161152,1.),(1.,0.686221961709178,1.),(1.,0.683549813891989,
1.),(1.,0.682194458964661,1.),(1.,0.680133628901181,1.),(1.,0.679442557497633,
1.),(1.,0.678057568337545,1.),(1.,0.677362969586665,1.),(1.,0.676596181490322,
1.),(1.,0.676511148077958,1.),(1.,0.676341430415558,1.),(1.,0.676097836987019,
1.),(1.,0.675598011918983,1.),(1.,0.675267113957744,1.),(1.,0.674280924650784,
1.),(1.,0.673632124270126,1.),(1.,0.671708632029185,1.),(1.,0.670456692963031,
1.),(1.,0.666774370733855,1.),(1.,0.664416055090194,1.),(1.,0.660989217912849,
1.),(1.,0.659862619617635,1.),(1.,0.657660957460551,1.),(1.,0.656589478118176,
1.),(1.,0.655025116067962,1.),(1.,0.654510827222393,1.),(1.,0.653750196998205,
1.),(1.,0.653498455503344,1.),(1.,0.652998602837025,1.),(1.,0.652568535811447,
1.),(1.,0.650734424899328,1.),(1.,0.649311930036039,1.),(1.,0.645152158659057,
1.),(1.,0.642521183679429,1.),(1.,0.638716752507672,1.),(1.,0.637476229844445,
1.),(1.,0.635065579442182,1.),(1.,0.633891688516832,1.),(1.,0.631599201058452,
1.),(1.,0.630480601215199,1.),(1.,0.629114323498795,1.),(1.,0.628842675256859,
1.),(1.,0.628302564747091,1.),(1.,0.627916657985694,1.),(1.,0.626855425969004,
1.),(1.,0.626156755223384,1.),(1.,0.624083219170813,1.),(1.,0.622730732699873,
1.),(1.,0.620067132652275,1.),(1.,0.618752427845397,1.),(1.,0.614876256775528,
1.),(1.,0.612386541835645,1.),(1.,0.60871355359136,1.),(1.,0.607499880715753,
1.),(1.,0.60568892304249,1.),(1.,0.605086887568948,1.),(1.,0.604185715593962,
1.),(1.,0.603791984647327,1.),(1.,0.603069845910476,1.),(1.,0.602709372709336,
1.),(1.,0.60234926991227,1.)))
REPRESENTATION_ITEM('')
SURFACE()
);
#1060=(
B_SPLINE_SURFACE(3,2,((#7883,#7884,#7885),(#7886,#7887,#7888),(#7889,#7890,
#7891),(#7892,#7893,#7894),(#7895,#7896,#7897),(#7898,#7899,#7900),(#7901,
#7902,#7903),(#7904,#7905,#7906),(#7907,#7908,#7909),(#7910,#7911,#7912),(#7913,#7914,#7915),(#7916,#7917,#7918),(#7919,#7920,#7921),(#7922,#7923,
#7924),(#7925,#7926,#7927),(#7928,#7929,#7930),(#7931,#7932,#7933),(#7934,
#7935,#7936),(#7937,#7938,#7939),(#7940,#7941,#7942),(#7943,#7944,#7945),(#7946,#7947,#7948),(#7949,#7950,#7951),(#7952,#7953,#7954),(#7955,#7956,
#7957),(#7958,#7959,#7960),(#7961,#7962,#7963),(#7964,#7965,#7966),(#7967,
#7968,#7969),(#7970,#7971,#7972),(#7973,#7974,#7975),(#7976,#7977,#7978),(#7979,#7980,#7981),(#7982,#7983,#7984),(#7985,#7986,#7987),(#7988,#7989,
#7990),(#7991,#7992,#7993),(#7994,#7995,#7996),(#7997,#7998,#7999),(#8000,
#8001,#8002),(#8003,#8004,#8005),(#8006,#8007,#8008),(#8009,#8010,#8011),(#8012,#8013,#8014)),.UNSPECIFIED.,.F.,.F.,.F.)
B_SPLINE_SURFACE_WITH_KNOTS((4,2,2,2,2,2,2,2,2,2,2,2,2,2,2,2,2,2,2,2,2,4),(3,3),(-0.000392636776810761,-0.000231447562327854,-7.0241330831177E-05,9.09649006654997E-05,0.000252171132162176,0.00057458359515553,0.000896996058148883,0.00154182098413559,0.0021866459101223,0.00347629576209571,0.00355689887784405,0.00363750199359239,0.00379870822508906,0.00412112068808242,0.00476594561406912,0.00605559546604254,0.00670042039202924,0.00686162662352592,0.0070228328550226,0.00734524531801595,0.00863489516998936,0.00992454502196278),(0.,1.),.UNSPECIFIED.)
BOUNDED_SURFACE()
GEOMETRIC_REPRESENTATION_ITEM()
RATIONAL_B_SPLINE_SURFACE(((1.,0.984165698297773,1.),(1.,0.986069385610305,
1.),(1.,0.987718080721932,1.),(1.,0.989778025309023,1.),(1.,0.990116164703005,
1.),(1.,0.989046954857634,1.),(1.,0.9876760338334,1.),(1.,0.98410601780359,
1.),(1.,0.981870119249364,1.),(1.,0.97467430008555,1.),(1.,0.969246554788637,
1.),(1.,0.958127404618239,1.),(1.,0.95246953224602,1.),(1.,0.935496374683098,
1.),(1.,0.924185227216207,1.),(1.,0.90198616281339,1.),(1.,0.89109054821067,
1.),(1.,0.8596055568426,1.),(1.,0.839984495185192,1.),(1.,0.820344279437982,
1.),(1.,0.81919050823485,1.),(1.,0.816889916364752,1.),(1.,0.815742526716269,
1.),(1.,0.812308989282905,1.),(1.,0.810031472841385,1.),(1.,0.803232754550644,
1.),(1.,0.798745376811057,1.),(1.,0.785413165070885,1.),(1.,0.776702990405245,
1.),(1.,0.751378080413337,1.),(1.,0.735439883624573,1.),(1.,0.712783180833407,
1.),(1.,0.705441388358623,1.),(1.,0.696526103952409,1.),(1.,0.694707638767225,
1.),(1.,0.691101348108572,1.),(1.,0.689306350090119,1.),(1.,0.683945864578524,
1.),(1.,0.680412015470231,1.),(1.,0.662994047868761,1.),(1.,0.649802687526168,
1.),(1.,0.624912068001219,1.),(1.,0.61321461970046,1.),(1.,0.602349269912268,
1.)))
REPRESENTATION_ITEM('')
SURFACE()
);
#1061=(
B_SPLINE_SURFACE(3,2,((#8015,#8016,#8017),(#8018,#8019,#8020),(#8021,#8022,
#8023),(#8024,#8025,#8026),(#8027,#8028,#8029),(#8030,#8031,#8032),(#8033,
#8034,#8035),(#8036,#8037,#8038),(#8039,#8040,#8041),(#8042,#8043,#8044),(#8045,#8046,#8047),(#8048,#8049,#8050),(#8051,#8052,#8053),(#8054,#8055,
#8056),(#8057,#8058,#8059),(#8060,#8061,#8062),(#8063,#8064,#8065),(#8066,
#8067,#8068),(#8069,#8070,#8071),(#8072,#8073,#8074),(#8075,#8076,#8077),(#8078,#8079,#8080),(#8081,#8082,#8083),(#8084,#8085,#8086),(#8087,#8088,
#8089),(#8090,#8091,#8092),(#8093,#8094,#8095),(#8096,#8097,#8098),(#8099,
#8100,#8101),(#8102,#8103,#8104),(#8105,#8106,#8107),(#8108,#8109,#8110),(#8111,#8112,#8113),(#8114,#8115,#8116),(#8117,#8118,#8119),(#8120,#8121,
#8122),(#8123,#8124,#8125),(#8126,#8127,#8128),(#8129,#8130,#8131),(#8132,
#8133,#8134),(#8135,#8136,#8137),(#8138,#8139,#8140),(#8141,#8142,#8143),(#8144,#8145,#8146),(#8147,#8148,#8149),(#8150,#8151,#8152),(#8153,#8154,
#8155),(#8156,#8157,#8158),(#8159,#8160,#8161),(#8162,#8163,#8164)),.UNSPECIFIED.,.F.,.F.,.F.)
B_SPLINE_SURFACE_WITH_KNOTS((4,2,2,2,2,2,2,2,2,2,2,2,2,2,2,2,2,2,2,2,2,2,2,2,4),(3,3),(-6.50521303491303E-18,0.00117068211206363,0.00175602316809546,0.00190235843210341,0.00197552606410739,0.00204869369611137,0.00234136422412728,0.0029267052801591,0.00351204633619092,0.00468272844825456,0.00526806950428638,0.00556074003230229,0.00570707529631024,0.0058534105603182,0.00702409267238184,0.00760943372841366,0.00790210425642957,0.00819477478444548,0.00848744531246139,0.00863378057646935,0.00870694820847333,0.0087801158404773,0.00892645110448526,0.00907278636849321,0.00936541522494648),(0.,1.),.UNSPECIFIED.)
BOUNDED_SURFACE()
GEOMETRIC_REPRESENTATION_ITEM()
RATIONAL_B_SPLINE_SURFACE(((1.,0.687136330242024,1.),(1.,0.697904218697864,
1.),(1.,0.709103542563732,1.),(1.,0.726664854997533,1.),(1.,0.732646129315441,
1.),(1.,0.740301098638085,1.),(1.,0.741841034659552,1.),(1.,0.744164781282768,
1.),(1.,0.74498366203706,1.),(1.,0.74629261619716,1.),(1.,0.746950008163411,
1.),(1.,0.750251631107542,1.),(1.,0.752939819870455,1.),(1.,0.761149214405076,
1.),(1.,0.766814817620764,1.),(1.,0.7785635104053,1.),(1.,0.784614473564164,
1.),(1.,0.803158858169984,1.),(1.,0.81610815311209,1.),(1.,0.836640384936264,
1.),(1.,0.843670462679599,1.),(1.,0.854536034535513,1.),(1.,0.858211397638745,
1.),(1.,0.863810803332451,1.),(1.,0.865616165216394,1.),(1.,0.869033005432707,
1.),(1.,0.87076254146245,1.),(1.,0.886525577827912,1.),(1.,0.901807719973337,
1.),(1.,0.92658144884249,1.),(1.,0.935129487976323,1.),(1.,0.948397327550171,
1.),(1.,0.952910011036257,1.),(1.,0.961970852569078,1.),(1.,0.966543029400111,
1.),(1.,0.97539355480717,1.),(1.,0.979740072117863,1.),(1.,0.985222353230955,
1.),(1.,0.986857397456321,1.),(1.,0.988602263298907,1.),(1.,0.989063353260484,
1.),(1.,0.989681850900155,1.),(1.,0.989833469103603,1.),(1.,0.989744889562919,
1.),(1.,0.988939421421526,1.),(1.,0.986316438160546,1.),(1.,0.984554037370812,
1.),(1.,0.978476247841969,1.),(1.,0.973607401644125,1.),(1.,0.968607237020612,
1.)))
REPRESENTATION_ITEM('')
SURFACE()
);
#1062=(
B_SPLINE_SURFACE(3,2,((#8168,#8169,#8170),(#8171,#8172,#8173),(#8174,#8175,
#8176),(#8177,#8178,#8179),(#8180,#8181,#8182),(#8183,#8184,#8185),(#8186,
#8187,#8188),(#8189,#8190,#8191),(#8192,#8193,#8194),(#8195,#8196,#8197),(#8198,#8199,#8200),(#8201,#8202,#8203),(#8204,#8205,#8206),(#8207,#8208,
#8209),(#8210,#8211,#8212),(#8213,#8214,#8215),(#8216,#8217,#8218),(#8219,
#8220,#8221),(#8222,#8223,#8224),(#8225,#8226,#8227),(#8228,#8229,#8230),(#8231,#8232,#8233),(#8234,#8235,#8236),(#8237,#8238,#8239),(#8240,#8241,
#8242),(#8243,#8244,#8245),(#8246,#8247,#8248),(#8249,#8250,#8251),(#8252,
#8253,#8254),(#8255,#8256,#8257),(#8258,#8259,#8260),(#8261,#8262,#8263),(#8264,#8265,#8266),(#8267,#8268,#8269),(#8270,#8271,#8272),(#8273,#8274,
#8275),(#8276,#8277,#8278),(#8279,#8280,#8281),(#8282,#8283,#8284),(#8285,
#8286,#8287),(#8288,#8289,#8290),(#8291,#8292,#8293),(#8294,#8295,#8296),(#8297,#8298,#8299),(#8300,#8301,#8302),(#8303,#8304,#8305),(#8306,#8307,
#8308),(#8309,#8310,#8311),(#8312,#8313,#8314),(#8315,#8316,#8317),(#8318,
#8319,#8320),(#8321,#8322,#8323),(#8324,#8325,#8326),(#8327,#8328,#8329),(#8330,#8331,#8332),(#8333,#8334,#8335),(#8336,#8337,#8338),(#8339,#8340,
#8341),(#8342,#8343,#8344),(#8345,#8346,#8347),(#8348,#8349,#8350),(#8351,
#8352,#8353),(#8354,#8355,#8356),(#8357,#8358,#8359),(#8360,#8361,#8362),(#8363,#8364,#8365),(#8366,#8367,#8368),(#8369,#8370,#8371),(#8372,#8373,
#8374),(#8375,#8376,#8377),(#8378,#8379,#8380),(#8381,#8382,#8383),(#8384,
#8385,#8386),(#8387,#8388,#8389)),.UNSPECIFIED.,.F.,.F.,.F.)
B_SPLINE_SURFACE_WITH_KNOTS((4,2,2,2,2,2,2,2,2,2,2,2,2,2,2,2,2,2,2,2,2,2,2,2,2,2,2,2,2,2,2,2,2,2,2,2,4),(3,3),(-2.05998412772246E-18,0.00114796421367478,0.00172194632051217,0.00179369408386685,0.00186544184722152,0.00200893737393087,0.00229592842734957,0.00286991053418696,0.00344389264102435,0.00459185685469914,0.00516583896153653,0.00545283001495522,0.00559632554166457,0.00573982106837392,0.00631380317521131,0.0068877852820487,0.00918371370939827,0.00932720923610762,0.00939895699946229,0.00947070476281697,0.00975769581623566,0.0103316779230731,0.0114796421367478,0.0120536242435852,0.0126276063504226,0.01320158845726,0.0133450839839694,0.0134885795106787,0.0137755705640974,0.0149235347777722,0.016071498991447,0.0166454810982844,0.0167889766249937,0.0168607243883484,0.0169324721517031,0.0172194632051218,0.0183674274187965),(0.,1.),.UNSPECIFIED.)
BOUNDED_SURFACE()
GEOMETRIC_REPRESENTATION_ITEM()
RATIONAL_B_SPLINE_SURFACE(((1.,0.687136330242033,1.),(1.,0.687837588356349,
1.),(1.,0.688538994832187,1.),(1.,0.68960154622172,1.),(1.,0.689957694494461,
1.),(1.,0.690363975812979,1.),(1.,0.690409198250614,1.),(1.,0.690499818722961,
1.),(1.,0.690367452865901,1.),(1.,0.690170941325055,1.),(1.,0.690042194247973,
1.),(1.,0.689662017515343,1.),(1.,0.689416633998562,1.),(1.,0.688699681623866,
1.),(1.,0.688247097914589,1.),(1.,0.687372219733252,1.),(1.,0.686950983443432,
1.),(1.,0.685726962158577,1.),(1.,0.684956400788527,1.),(1.,0.683822414988953,
1.),(1.,0.683448608659534,1.),(1.,0.68289268309326,1.),(1.,0.682708198649611,
1.),(1.,0.682432762564829,1.),(1.,0.682341167321728,1.),(1.,0.682158440200236,
1.),(1.,0.681845133750955,1.),(1.,0.680496407974428,1.),(1.,0.679438390457779,
1.),(1.,0.677370142895293,1.),(1.,0.676359413186853,1.),(1.,0.671377406142853,
1.),(1.,0.66757982311967,1.),(1.,0.663550888647316,1.),(1.,0.663314025960416,
1.),(1.,0.662960297783708,1.),(1.,0.662842597879052,1.),(1.,0.662607622990893,
1.),(1.,0.662552467722835,1.),(1.,0.661620515654751,1.),(1.,0.66088413159094,
1.),(1.,0.658698550870433,1.),(1.,0.657272710257381,1.),(1.,0.65306617619107,
1.),(1.,0.650354078021872,1.),(1.,0.646387398875616,1.),(1.,0.645082728912853,
1.),(1.,0.642509524716823,1.),(1.,0.641237355747327,1.),(1.,0.63876456388525,
1.),(1.,0.637561284625384,1.),(1.,0.636103070090361,1.),(1.,0.635705662145599,
1.),(1.,0.634939673218714,1.),(1.,0.634559963439609,1.),(1.,0.633430417824763,
1.),(1.,0.632690153592875,1.),(1.,0.629049842642761,1.),(1.,0.626329830574037,
1.),(1.,0.621255224483808,1.),(1.,0.618893881328485,1.),(1.,0.615727870087151,
1.),(1.,0.614732248919372,1.),(1.,0.613566579446507,1.),(1.,0.613337400993731,
1.),(1.,0.612999685446384,1.),(1.,0.612888122464645,1.),(1.,0.612667036334722,
1.),(1.,0.612525565851065,1.),(1.,0.611806994607635,1.),(1.,0.61124944290703,
1.),(1.,0.608543874604,1.),(1.,0.606640614935191,1.),(1.,0.604964953097105,
1.)))
REPRESENTATION_ITEM('')
SURFACE()
);
#1063=(
B_SPLINE_SURFACE(3,2,((#8391,#8392,#8393),(#8394,#8395,#8396),(#8397,#8398,
#8399),(#8400,#8401,#8402),(#8403,#8404,#8405),(#8406,#8407,#8408),(#8409,
#8410,#8411),(#8412,#8413,#8414),(#8415,#8416,#8417),(#8418,#8419,#8420),(#8421,#8422,#8423),(#8424,#8425,#8426),(#8427,#8428,#8429),(#8430,#8431,
#8432),(#8433,#8434,#8435),(#8436,#8437,#8438),(#8439,#8440,#8441),(#8442,
#8443,#8444),(#8445,#8446,#8447),(#8448,#8449,#8450),(#8451,#8452,#8453),(#8454,#8455,#8456),(#8457,#8458,#8459),(#8460,#8461,#8462),(#8463,#8464,
#8465),(#8466,#8467,#8468),(#8469,#8470,#8471),(#8472,#8473,#8474),(#8475,
#8476,#8477),(#8478,#8479,#8480),(#8481,#8482,#8483),(#8484,#8485,#8486),(#8487,#8488,#8489),(#8490,#8491,#8492)),.UNSPECIFIED.,.F.,.F.,.F.)
B_SPLINE_SURFACE_WITH_KNOTS((4,2,2,2,2,2,2,2,2,2,2,2,2,2,2,2,4),(3,3),(1.21430643318376E-17,0.00106515861989585,0.00159773792984377,0.00186402758481773,0.00193059999856122,0.00199717241230471,0.00213031723979169,0.00319547585968753,0.00372805516963545,0.00426063447958336,0.00479321378953128,0.00505950344450524,0.00519264827199222,0.00525922068573571,0.0053257930994792,0.00639095171937504,0.00852126895916672),(0.,1.),.UNSPECIFIED.)
BOUNDED_SURFACE()
GEOMETRIC_REPRESENTATION_ITEM()
RATIONAL_B_SPLINE_SURFACE(((1.,0.604964953096639,1.),(1.,0.614455955461418,
1.),(1.,0.624253014027668,1.),(1.,0.639163299588821,1.),(1.,0.644169473103115,
1.),(1.,0.651707196864466,1.),(1.,0.654224555230779,1.),(1.,0.657374878379777,
1.),(1.,0.65800512515828,1.),(1.,0.659265927716691,1.),(1.,0.659920746945962,
1.),(1.,0.661714876227527,1.),(1.,0.662913466322438,1.),(1.,0.673719785978277,
1.),(1.,0.683456996963812,1.),(1.,0.69799847674519,1.),(1.,0.702811929399038,
1.),(1.,0.712337649021388,1.),(1.,0.717066177864494,1.),(1.,0.726368246570838,
1.),(1.,0.73094541539949,1.),(1.,0.737708549003049,1.),(1.,0.739945823975536,
1.),(1.,0.743277139273448,1.),(1.,0.744383478584036,1.),(1.,0.746036975928457,
1.),(1.,0.746587139809639,1.),(1.,0.747685487164693,1.),(1.,0.748259997835933,
1.),(1.,0.756935221525708,1.),(1.,0.764954980646263,1.),(1.,0.788477621134301,
1.),(1.,0.803438873482002,1.),(1.,0.8175975425856,1.)))
REPRESENTATION_ITEM('')
SURFACE()
);
#1064=(
B_SPLINE_SURFACE(3,2,((#8494,#8495,#8496),(#8497,#8498,#8499),(#8500,#8501,
#8502),(#8503,#8504,#8505),(#8506,#8507,#8508),(#8509,#8510,#8511),(#8512,
#8513,#8514),(#8515,#8516,#8517),(#8518,#8519,#8520),(#8521,#8522,#8523),(#8524,#8525,#8526),(#8527,#8528,#8529),(#8530,#8531,#8532),(#8533,#8534,
#8535),(#8536,#8537,#8538),(#8539,#8540,#8541)),.UNSPECIFIED.,.F.,.F.,.F.)
B_SPLINE_SURFACE_WITH_KNOTS((4,2,2,2,2,2,2,4),(3,3),(1.73472347597681E-18,0.000215188643765674,0.000430377287531347,0.000860754575062693,0.00172150915012538,0.00258226372518807,0.00301264101271942,0.00344301830025077),(0.,1.),.UNSPECIFIED.)
BOUNDED_SURFACE()
GEOMETRIC_REPRESENTATION_ITEM()
RATIONAL_B_SPLINE_SURFACE(((1.,0.817597542585278,1.),(1.,0.818982556538653,
1.),(1.,0.820221336553566,1.),(1.,0.822766458562754,1.),(1.,0.824032380857131,
1.),(1.,0.827808191947527,1.),(1.,0.83029606627973,1.),(1.,0.837657911809715,
1.),(1.,0.842429497140765,1.),(1.,0.851645608499744,1.),(1.,0.8560901771019,
1.),(1.,0.862485851684337,1.),(1.,0.864572693924557,1.),(1.,0.86865407518578,
1.),(1.,0.870668891421718,1.),(1.,0.872430701997744,1.)))
REPRESENTATION_ITEM('')
SURFACE()
);
#1065=(
B_SPLINE_SURFACE(1,3,((#8547,#8548,#8549,#8550),(#8551,#8552,#8553,#8554)),.CONICAL_SURF.,.F.,.F.,.F.)
B_SPLINE_SURFACE_WITH_KNOTS((2,2),(4,4),(0.0476190476190474,1.),(0.5,1.),.PIECEWISE_BEZIER_KNOTS.)
BOUNDED_SURFACE()
GEOMETRIC_REPRESENTATION_ITEM()
RATIONAL_B_SPLINE_SURFACE(((1.,0.333333333333333,0.333333333333333,1.),(1.,0.333333333333333,0.333333333333333,1.)))
REPRESENTATION_ITEM('')
SURFACE()
);
#1066=(
B_SPLINE_SURFACE(1,3,((#8555,#8556,#8557,#8558),(#8559,#8560,#8561,#8562)),.CONICAL_SURF.,.F.,.F.,.F.)
B_SPLINE_SURFACE_WITH_KNOTS((2,2),(4,4),(0.0362111482081215,0.760434112370623),(0.,0.5),.PIECEWISE_BEZIER_KNOTS.)
BOUNDED_SURFACE()
GEOMETRIC_REPRESENTATION_ITEM()
RATIONAL_B_SPLINE_SURFACE(((1.,0.333333333333333,0.333333333333333,1.),(1.,0.333333333333333,0.333333333333333,1.)))
REPRESENTATION_ITEM('')
SURFACE()
);
#1067=(
B_SPLINE_SURFACE(3,3,((#8568,#8569,#8570,#8571),(#8572,#8573,#8574,#8575),(#8576,#8577,#8578,#8579),(#8580,#8581,#8582,#8583)),.TOROIDAL_SURF.,.F.,.F.,.F.)
B_SPLINE_SURFACE_WITH_KNOTS((4,4),(4,4),(0.0329097676146062,0.926017552129745),(0.,0.5),.PIECEWISE_BEZIER_KNOTS.)
BOUNDED_SURFACE()
GEOMETRIC_REPRESENTATION_ITEM()
RATIONAL_B_SPLINE_SURFACE(((0.985074298930934,0.328358099643645,0.328358099643645,
0.985074298930934),(0.854650655534103,0.284883551844701,0.284883551844701,
0.854650655534103),(0.848916379551005,0.282972126517002,0.282972126517002,
0.848916379551005),(0.967871470981639,0.322623823660546,0.322623823660546,
0.967871470981639)))
REPRESENTATION_ITEM('')
SURFACE()
);
#1068=ADVANCED_FACE('',(#936),#1005,.T.);
#1069=ADVANCED_FACE('',(#937),#1006,.T.);
#1070=ADVANCED_FACE('',(#938),#1007,.F.);
#1071=ADVANCED_FACE('',(#939),#1008,.T.);
#1072=ADVANCED_FACE('',(#940),#1009,.T.);
#1073=ADVANCED_FACE('',(#941),#1010,.T.);
#1074=ADVANCED_FACE('',(#942),#1011,.T.);
#1075=ADVANCED_FACE('',(#943),#1012,.T.);
#1076=ADVANCED_FACE('',(#944),#1013,.T.);
#1077=ADVANCED_FACE('',(#945),#1014,.T.);
#1078=ADVANCED_FACE('',(#946),#1015,.T.);
#1079=ADVANCED_FACE('',(#947),#1016,.T.);
#1080=ADVANCED_FACE('',(#948),#1017,.T.);
#1081=ADVANCED_FACE('',(#949),#1018,.T.);
#1082=ADVANCED_FACE('',(#950),#1019,.T.);
#1083=ADVANCED_FACE('',(#951),#1020,.F.);
#1084=ADVANCED_FACE('',(#952),#1021,.T.);
#1085=ADVANCED_FACE('',(#953),#1022,.F.);
#1086=ADVANCED_FACE('',(#954),#12,.F.);
#1087=ADVANCED_FACE('',(#955),#1023,.F.);
#1088=ADVANCED_FACE('',(#956),#1024,.F.);
#1089=ADVANCED_FACE('',(#957),#1025,.F.);
#1090=ADVANCED_FACE('',(#958),#1026,.F.);
#1091=ADVANCED_FACE('',(#959),#1027,.T.);
#1092=ADVANCED_FACE('',(#960),#1028,.T.);
#1093=ADVANCED_FACE('',(#961),#1029,.T.);
#1094=ADVANCED_FACE('',(#962),#1030,.T.);
#1095=ADVANCED_FACE('',(#963),#1031,.T.);
#1096=ADVANCED_FACE('',(#964),#1032,.T.);
#1097=ADVANCED_FACE('',(#965),#1033,.T.);
#1098=ADVANCED_FACE('',(#966),#1034,.T.);
#1099=ADVANCED_FACE('',(#967),#1035,.F.);
#1100=ADVANCED_FACE('',(#968),#1036,.T.);
#1101=ADVANCED_FACE('',(#969),#1037,.F.);
#1102=ADVANCED_FACE('',(#970),#13,.F.);
#1103=ADVANCED_FACE('',(#971),#1038,.F.);
#1104=ADVANCED_FACE('',(#972),#1039,.F.);
#1105=ADVANCED_FACE('',(#973),#1040,.F.);
#1106=ADVANCED_FACE('',(#974),#1041,.F.);
#1107=ADVANCED_FACE('',(#975),#1042,.T.);
#1108=ADVANCED_FACE('',(#976),#1043,.T.);
#1109=ADVANCED_FACE('',(#977),#1044,.T.);
#1110=ADVANCED_FACE('',(#978),#1045,.T.);
#1111=ADVANCED_FACE('',(#979),#1046,.T.);
#1112=ADVANCED_FACE('',(#980),#1047,.T.);
#1113=ADVANCED_FACE('',(#981),#1048,.T.);
#1114=ADVANCED_FACE('',(#982),#1049,.T.);
#1115=ADVANCED_FACE('',(#983),#1050,.F.);
#1116=ADVANCED_FACE('',(#984),#1051,.T.);
#1117=ADVANCED_FACE('',(#985),#1052,.F.);
#1118=ADVANCED_FACE('',(#986),#14,.F.);
#1119=ADVANCED_FACE('',(#987),#1053,.F.);
#1120=ADVANCED_FACE('',(#988),#1054,.F.);
#1121=ADVANCED_FACE('',(#989),#1055,.F.);
#1122=ADVANCED_FACE('',(#990),#1056,.F.);
#1123=ADVANCED_FACE('',(#991),#1057,.T.);
#1124=ADVANCED_FACE('',(#992),#1058,.T.);
#1125=ADVANCED_FACE('',(#993),#1059,.T.);
#1126=ADVANCED_FACE('',(#994),#1060,.T.);
#1127=ADVANCED_FACE('',(#995),#1061,.T.);
#1128=ADVANCED_FACE('',(#996),#1062,.T.);
#1129=ADVANCED_FACE('',(#997),#1063,.T.);
#1130=ADVANCED_FACE('',(#998),#1064,.T.);
#1131=ADVANCED_FACE('',(#999,#1000),#15,.F.);
#1132=ADVANCED_FACE('',(#1001),#1065,.F.);
#1133=ADVANCED_FACE('',(#1002),#1066,.T.);
#1134=ADVANCED_FACE('',(#1003),#16,.T.);
#1135=ADVANCED_FACE('',(#1004),#1067,.T.);
#1136=CLOSED_SHELL('',(#1068,#1069,#1070,#1071,#1072,#1073,#1074,#1075,#1076,#1077,#1078,#1079,#1080,#1081,#1082,#1083,#1084,#1085,#1086,#1087,#1088,#1089,#1090,#1091,#1092,#1093,#1094,#1095,#1096,#1097,#1098,#1099,#1100,#1101,#1102,#1103,#1104,#1105,#1106,#1107,#1108,#1109,#1110,#1111,#1112,#1113,#1114,#1115,#1116,#1117,#1118,#1119,#1120,#1121,#1122,#1123,#1124,#1125,#1126,#1127,#1128,#1129,#1130,#1131,#1132,#1133,#1134,#1135));
#1137=STYLED_ITEM('',(#1138),#1145);
#1138=PRESENTATION_STYLE_ASSIGNMENT((#1139));
#1139=SURFACE_STYLE_USAGE(.BOTH.,#1140);
#1140=SURFACE_SIDE_STYLE('',(#1141));
#1141=SURFACE_STYLE_FILL_AREA(#1142);
#1142=FILL_AREA_STYLE('',(#1143));
#1143=FILL_AREA_STYLE_COLOUR('',#1144);
#1144=COLOUR_RGB('',0.615686274509804,0.811764705882353,0.929411764705882);
#1145=MANIFOLD_SOLID_BREP('Spiral Dart',#1136);
#1146=SHAPE_DEFINITION_REPRESENTATION(#8590,#1147);
#1147=SHAPE_REPRESENTATION('Spiral Dart',(#1148),#8585);
#1148=AXIS2_PLACEMENT_3D('',#1304,#1200,#1201);
#1149=AXIS2_PLACEMENT_3D('',#1321,#1202,#1203);
#1150=AXIS2_PLACEMENT_3D('',#1329,#1204,#1205);
#1151=AXIS2_PLACEMENT_3D('',#1343,#1206,#1207);
#1152=AXIS2_PLACEMENT_3D('',#1348,#1208,#1209);
#1153=AXIS2_PLACEMENT_3D('',#1352,#1210,#1211);
#1154=AXIS2_PLACEMENT_3D('',#1361,#1212,#1213);
#1155=AXIS2_PLACEMENT_3D('',#1720,#1214,#1215);
#1156=AXIS2_PLACEMENT_3D('',#1730,#1216,#1217);
#1157=AXIS2_PLACEMENT_3D('',#1739,#1218,#1219);
#1158=AXIS2_PLACEMENT_3D('',#1763,#1220,#1221);
#1159=AXIS2_PLACEMENT_3D('',#1901,#1222,#1223);
#1160=AXIS2_PLACEMENT_3D('',#1942,#1224,#1225);
#1161=AXIS2_PLACEMENT_3D('',#2156,#1226,#1227);
#1162=AXIS2_PLACEMENT_3D('',#2157,#1228,#1229);
#1163=AXIS2_PLACEMENT_3D('',#2159,#1230,#1231);
#1164=AXIS2_PLACEMENT_3D('',#2160,#1232,#1233);
#1165=AXIS2_PLACEMENT_3D('',#2245,#1234,#1235);
#1166=AXIS2_PLACEMENT_3D('',#2393,#1236,#1237);
#1167=AXIS2_PLACEMENT_3D('',#2884,#1238,#1239);
#1168=AXIS2_PLACEMENT_3D('',#3334,#1240,#1241);
#1169=AXIS2_PLACEMENT_3D('',#3419,#1242,#1243);
#1170=AXIS2_PLACEMENT_3D('',#3421,#1244,#1245);
#1171=AXIS2_PLACEMENT_3D('',#3638,#1246,#1247);
#1172=AXIS2_PLACEMENT_3D('',#3921,#1248,#1249);
#1173=AXIS2_PLACEMENT_3D('',#3923,#1250,#1251);
#1174=AXIS2_PLACEMENT_3D('',#4146,#1252,#1253);
#1175=AXIS2_PLACEMENT_3D('',#4249,#1254,#1255);
#1176=AXIS2_PLACEMENT_3D('',#4365,#1256,#1257);
#1177=AXIS2_PLACEMENT_3D('',#4514,#1258,#1259);
#1178=AXIS2_PLACEMENT_3D('',#5005,#1260,#1261);
#1179=AXIS2_PLACEMENT_3D('',#5455,#1262,#1263);
#1180=AXIS2_PLACEMENT_3D('',#5540,#1264,#1265);
#1181=AXIS2_PLACEMENT_3D('',#5757,#1266,#1267);
#1182=AXIS2_PLACEMENT_3D('',#5759,#1268,#1269);
#1183=AXIS2_PLACEMENT_3D('',#6042,#1270,#1271);
#1184=AXIS2_PLACEMENT_3D('',#6265,#1272,#1273);
#1185=AXIS2_PLACEMENT_3D('',#6368,#1274,#1275);
#1186=AXIS2_PLACEMENT_3D('',#6485,#1276,#1277);
#1187=AXIS2_PLACEMENT_3D('',#6635,#1278,#1279);
#1188=AXIS2_PLACEMENT_3D('',#7126,#1280,#1281);
#1189=AXIS2_PLACEMENT_3D('',#7576,#1282,#1283);
#1190=AXIS2_PLACEMENT_3D('',#7578,#1284,#1285);
#1191=AXIS2_PLACEMENT_3D('',#7663,#1286,#1287);
#1192=AXIS2_PLACEMENT_3D('',#7880,#1288,#1289);
#1193=AXIS2_PLACEMENT_3D('',#7882,#1290,#1291);
#1194=AXIS2_PLACEMENT_3D('',#8165,#1292,#1293);
#1195=AXIS2_PLACEMENT_3D('',#8167,#1294,#1295);
#1196=AXIS2_PLACEMENT_3D('',#8390,#1296,#1297);
#1197=AXIS2_PLACEMENT_3D('',#8493,#1298,#1299);
#1198=AXIS2_PLACEMENT_3D('',#8546,#1300,#1301);
#1199=AXIS2_PLACEMENT_3D('',#8567,#1302,#1303);
#1200=DIRECTION('',(0.,0.,1.));
#1201=DIRECTION('',(1.,0.,0.));
#1202=DIRECTION('',(0.,0.,-1.));
#1203=DIRECTION('',(-1.,0.,0.));
#1204=DIRECTION('',(0.,0.,1.));
#1205=DIRECTION('',(1.,0.,0.));
#1206=DIRECTION('',(0.,0.,-1.));
#1207=DIRECTION('',(-1.,0.,0.));
#1208=DIRECTION('',(0.,0.,1.));
#1209=DIRECTION('',(1.,0.,0.));
#1210=DIRECTION('',(0.,0.,-1.));
#1211=DIRECTION('',(-1.,0.,0.));
#1212=DIRECTION('',(0.,0.,-1.));
#1213=DIRECTION('',(-1.,0.,0.));
#1214=DIRECTION('',(0.,0.,-1.));
#1215=DIRECTION('',(-1.,0.,0.));
#1216=DIRECTION('',(0.,0.,-1.));
#1217=DIRECTION('',(-1.,0.,0.));
#1218=DIRECTION('',(0.,0.,-1.));
#1219=DIRECTION('',(-1.,0.,0.));
#1220=DIRECTION('',(0.,0.,-1.));
#1221=DIRECTION('',(-1.,0.,0.));
#1222=DIRECTION('',(0.,0.,-1.));
#1223=DIRECTION('',(-1.,0.,0.));
#1224=DIRECTION('',(0.,0.,-1.));
#1225=DIRECTION('',(-1.,0.,0.));
#1226=DIRECTION('',(0.,0.,-1.));
#1227=DIRECTION('',(-1.,0.,0.));
#1228=DIRECTION('',(0.,0.,-1.));
#1229=DIRECTION('',(-1.,0.,0.));
#1230=DIRECTION('',(0.,0.,-1.));
#1231=DIRECTION('',(-1.,0.,0.));
#1232=DIRECTION('',(0.,0.,-1.));
#1233=DIRECTION('',(-1.,0.,0.));
#1234=DIRECTION('',(0.,0.,1.));
#1235=DIRECTION('',(1.,0.,0.));
#1236=DIRECTION('',(0.439225023065755,-0.3963141007287,0.806236015492045));
#1237=DIRECTION('',(0.878142743441445,0.,-0.478398706249435));
#1238=DIRECTION('',(0.143845298463704,-0.573839714061355,0.806236015491661));
#1239=DIRECTION('',(0.,-0.8147088350256,-0.579870256291206));
#1240=DIRECTION('',(-0.449109031036291,0.0316478329742365,-0.892916285499195));
#1241=DIRECTION('',(-0.893363787613046,0.,0.449334110636699));
#1242=DIRECTION('',(-0.208094986075583,0.578396811601429,-0.788767142507537));
#1243=DIRECTION('',(0.,0.806420805037743,0.591342105047728));
#1244=DIRECTION('',(-0.208094986075583,0.578396811601429,-0.788767142507537));
#1245=DIRECTION('',(0.,0.806420805037743,0.591342105047728));
#1246=DIRECTION('',(0.231439009314131,-0.53312987495677,-0.813761956223239));
#1247=DIRECTION('',(0.,0.836472678478721,-0.548008629638835));
#1248=DIRECTION('',(0.568247618443524,0.230427673157761,0.789935270497756));
#1249=DIRECTION('',(0.811780732423216,0.,-0.58396236391263));
#1250=DIRECTION('',(0.568247618443524,0.230427673157761,0.789935270497756));
#1251=DIRECTION('',(0.811780732423216,0.,-0.58396236391263));
#1252=DIRECTION('',(-0.541050551758034,-0.184104045832297,0.820591250715304));
#1253=DIRECTION('',(0.834861742224257,0.,0.550459690958638));
#1254=DIRECTION('',(0.00766776564219267,-0.509027344764712,0.860716194602985));
#1255=DIRECTION('',(0.,-0.860741498463863,-0.509042309461782));
#1256=DIRECTION('',(0.,0.,1.));
#1257=DIRECTION('',(-0.5,0.866025403784439,0.));
#1258=DIRECTION('',(0.123605567576544,0.578537078316894,0.806236015492134));
#1259=DIRECTION('',(0.,-0.812466472863593,0.583007916303537));
#1260=DIRECTION('',(0.425037120845673,0.411493539715197,0.806236015491666));
#1261=DIRECTION('',(0.884600397091507,0.,-0.466349801614141));
#1262=DIRECTION('',(0.197146688187506,-0.404763746433641,-0.892916285499207));
#1263=DIRECTION('',(0.,0.910791477427666,-0.412866666909705));
#1264=DIRECTION('',(-0.39685883927696,-0.469413950142334,-0.788767142507542));
#1265=DIRECTION('',(0.,0.859336120937397,-0.511411215415019));
#1266=DIRECTION('',(0.345984510571919,0.466996998971128,-0.813761956223237));
#1267=DIRECTION('',(0.,0.867327934968437,0.497737132654764));
#1268=DIRECTION('',(0.345984510571919,0.466996998971128,-0.813761956223237));
#1269=DIRECTION('',(0.,0.867327934968437,0.497737132654764));
#1270=DIRECTION('',(-0.48368002791132,0.376903036633218,0.789935270497757));
#1271=DIRECTION('',(0.852829096847367,0.,0.522190129713789));
#1272=DIRECTION('',(0.429964056507878,-0.376511499640294,0.820591250714939));
#1273=DIRECTION('',(0.885773608293285,0.,-0.464117565764423));
#1274=DIRECTION('',(0.436996728966083,0.261154152218761,0.860716194602985));
#1275=DIRECTION('',(0.891659351836481,0.,-0.452706969553758));
#1276=DIRECTION('',(0.,0.,1.));
#1277=DIRECTION('',(-0.5,-0.866025403784438,0.));
#1278=DIRECTION('',(-0.562830590641764,-0.182222977590579,0.806236015491659));
#1279=DIRECTION('',(0.819964489813148,0.,0.572414391368232));
#1280=DIRECTION('',(-0.568882419309391,0.162346174346159,0.806236015491655));
#1281=DIRECTION('',(0.81707544897734,0.,0.576530754321465));
#1282=DIRECTION('',(0.251962342847603,0.37311591346006,-0.892916285499157));
#1283=DIRECTION('',(0.,0.922684829632143,0.385555061134856));
#1284=DIRECTION('',(0.251962342847603,0.37311591346006,-0.892916285499157));
#1285=DIRECTION('',(0.,0.922684829632143,0.385555061134856));
#1286=DIRECTION('',(0.604953825352551,-0.10898286145909,-0.788767142507537));
#1287=DIRECTION('',(-0.793493484264427,0.,-0.608578746285064));
#1288=DIRECTION('',(-0.577423519886053,0.0661328759856436,-0.813761956223237));
#1289=DIRECTION('',(-0.815547331961043,0.,0.578690374320521));
#1290=DIRECTION('',(-0.577423519886053,0.0661328759856436,-0.813761956223237));
#1291=DIRECTION('',(-0.815547331961043,0.,0.578690374320521));
#1292=DIRECTION('',(-0.0845675905322026,-0.60733070979098,0.789935270497756));
#1293=DIRECTION('',(0.,-0.792775193365967,-0.609514144859292));
#1294=DIRECTION('',(-0.0845675905322026,-0.60733070979098,0.789935270497756));
#1295=DIRECTION('',(0.,-0.792775193365967,-0.609514144859292));
#1296=DIRECTION('',(0.111086495251533,0.560615545470178,0.820591250714938));
#1297=DIRECTION('',(0.,-0.825701731906771,0.564106949014243));
#1298=DIRECTION('',(-0.444664494608275,0.247873192545952,0.860716194602986));
#1299=DIRECTION('',(0.888442269398654,0.,0.458988381057483));
#1300=DIRECTION('',(0.,0.,-1.));
#1301=DIRECTION('',(-1.,0.,0.));
#1302=DIRECTION('',(0.,0.,-1.));
#1303=DIRECTION('',(-1.,0.,0.));
#1304=CARTESIAN_POINT('',(0.,0.,0.));
#1305=CARTESIAN_POINT('',(0.0213296522621573,0.,-5.));
#1306=CARTESIAN_POINT('',(0.0213296522621573,-0.0426593045243147,-5.));
#1307=CARTESIAN_POINT('',(-0.0213296522621573,-0.0426593045243147,-5.));
#1308=CARTESIAN_POINT('',(-0.0213296522621573,0.,-5.));
#1309=CARTESIAN_POINT('',(0.245452588325755,0.,-4.99999999999996));
#1310=CARTESIAN_POINT('',(0.245452588325755,-0.49090517665151,-4.99999999999997));
#1311=CARTESIAN_POINT('',(-0.245452588325755,-0.49090517665151,-4.99999999999997));
#1312=CARTESIAN_POINT('',(-0.245452588325755,0.,-4.99999999999996));
#1313=CARTESIAN_POINT('',(0.427791932860357,0.,-4.86837535291045));
#1314=CARTESIAN_POINT('',(0.427791932860357,-0.855583865720713,-4.86837535291045));
#1315=CARTESIAN_POINT('',(-0.427791932860357,-0.855583865720713,-4.86837535291045));
#1316=CARTESIAN_POINT('',(-0.427791932860357,0.,-4.86837535291045));
#1317=CARTESIAN_POINT('',(0.497133551989062,0.,-4.65365757060619));
#1318=CARTESIAN_POINT('',(0.497133551989062,-0.994267103978123,-4.65365757060619));
#1319=CARTESIAN_POINT('',(-0.497133551989062,-0.994267103978123,-4.65365757060619));
#1320=CARTESIAN_POINT('',(-0.497133551989062,0.,-4.65365757060619));
#1321=CARTESIAN_POINT('',(0.,0.,-5.));
#1322=CARTESIAN_POINT('',(0.02132965226208,0.,-5.));
#1323=CARTESIAN_POINT('',(-0.02132965226208,0.,-5.));
#1324=CARTESIAN_POINT('',(1.86347248395946E-16,0.,-4.99954483876263));
#1325=CARTESIAN_POINT('',(0.253979753117853,0.,-5.01038931036007));
#1326=CARTESIAN_POINT('',(0.455382870473092,0.,-4.85527611982611));
#1327=CARTESIAN_POINT('',(0.509757796447954,0.,-4.60694834251704));
#1328=CARTESIAN_POINT('',(0.497133551989062,0.,-4.65365757060619));
#1329=CARTESIAN_POINT('',(0.,0.,-4.65365757060619));
#1330=CARTESIAN_POINT('',(-0.497133551989062,0.,-4.65365757060619));
#1331=CARTESIAN_POINT('',(-1.86347248395946E-16,0.,-4.99954483876263));
#1332=CARTESIAN_POINT('',(-0.253979753117853,0.,-5.01038931036007));
#1333=CARTESIAN_POINT('',(-0.455382870473092,0.,-4.85527611982611));
#1334=CARTESIAN_POINT('',(-0.509757796447954,0.,-4.60694834251704));
#1335=CARTESIAN_POINT('',(2.00000000000001,0.,2.90566182226115E-14));
#1336=CARTESIAN_POINT('',(2.00000000000001,4.00000000000002,2.90701707497676E-14));
#1337=CARTESIAN_POINT('',(-2.00000000000001,4.00000000000002,2.90701707497676E-14));
#1338=CARTESIAN_POINT('',(-2.00000000000001,0.,2.90566182226115E-14));
#1339=CARTESIAN_POINT('',(0.497133551989061,0.,-4.65365757060619));
#1340=CARTESIAN_POINT('',(0.497133551989061,0.994267103978122,-4.65365757060619));
#1341=CARTESIAN_POINT('',(-0.497133551989061,0.994267103978122,-4.65365757060619));
#1342=CARTESIAN_POINT('',(-0.497133551989061,0.,-4.65365757060619));
#1343=CARTESIAN_POINT('',(0.,0.,0.));
#1344=CARTESIAN_POINT('',(0.,2.,0.));
#1345=CARTESIAN_POINT('',(2.,0.,0.));
#1346=CARTESIAN_POINT('',(2.07514332240055,0.,0.23268287853031));
#1347=CARTESIAN_POINT('',(-8.67361737988404E-16,0.,-6.19304207205552));
#1348=CARTESIAN_POINT('',(0.,0.,-4.65365757060619));
#1349=CARTESIAN_POINT('',(-2.07514332240055,0.,0.23268287853031));
#1350=CARTESIAN_POINT('',(8.67361737988404E-16,0.,-6.19304207205552));
#1351=CARTESIAN_POINT('',(-2.,0.,0.));
#1352=CARTESIAN_POINT('',(0.,0.,0.));
#1353=CARTESIAN_POINT('',(6.5,-1.53080849893419E-16,65.));
#1354=CARTESIAN_POINT('',(6.5,13.,65.));
#1355=CARTESIAN_POINT('',(-6.5,13.,65.));
#1356=CARTESIAN_POINT('',(-6.5,-1.53080849893419E-16,65.));
#1357=CARTESIAN_POINT('',(2.60208521396521E-15,-1.53080849893419E-16,40.625));
#1358=CARTESIAN_POINT('',(2.60208521396521E-15,5.051089578037E-15,40.625));
#1359=CARTESIAN_POINT('',(-2.60208521396521E-15,5.051089578037E-15,40.625));
#1360=CARTESIAN_POINT('',(-2.60208521396521E-15,-1.53080849893419E-16,40.625));
#1361=CARTESIAN_POINT('',(0.,-1.53080849893419E-16,65.));
#1362=CARTESIAN_POINT('',(-6.5,-1.53080849893419E-16,65.));
#1363=CARTESIAN_POINT('',(6.5,-1.53080849893419E-16,65.));
#1364=CARTESIAN_POINT('',(-6.825,-1.53080849893419E-16,66.21875));
#1365=CARTESIAN_POINT('',(-2.60208521396521E-15,-1.53080849893419E-16,40.625));
#1366=CARTESIAN_POINT('',(0.,-1.53080849893419E-16,40.625));
#1367=CARTESIAN_POINT('',(6.825,-1.53080849893419E-16,66.21875));
#1368=CARTESIAN_POINT('',(2.60208521396521E-15,-1.53080849893419E-16,40.625));
#1369=CARTESIAN_POINT('',(-2.39835961412464,1.80218510740043,3.02050621124763));
#1370=CARTESIAN_POINT('',(-2.39835961412464,1.80218510740043,6.78766099394341));
#1371=CARTESIAN_POINT('',(-2.82305639483965,1.23699588075941,3.02050621124763));
#1372=CARTESIAN_POINT('',(-2.82305639483964,1.23699588075941,6.78766099394341));
#1373=CARTESIAN_POINT('',(-3.00000000000001,0.600819695403648,3.02050621124763));
#1374=CARTESIAN_POINT('',(-3.,0.600819695403648,6.78766099394341));
#1375=CARTESIAN_POINT('',(-3.,-5.68817175501755E-15,3.02050621124763));
#1376=CARTESIAN_POINT('',(-3.,-5.70330462985778E-15,6.78766099394341));
#1377=CARTESIAN_POINT('',(-2.8991804627176,0.771202077666155,3.1958371433425));
#1378=CARTESIAN_POINT('',(-2.96666167848489,0.517519900168609,3.67833586534327));
#1379=CARTESIAN_POINT('',(-3.00003005445338,0.255714732741121,4.15617757828773));
#1380=CARTESIAN_POINT('',(-2.99999997930816,-0.000352350773939824,4.63639258000862));
#1381=CARTESIAN_POINT('',(-2.89918046271759,0.771202077666153,3.1958371433425));
#1382=CARTESIAN_POINT('',(-3.00000513232135,-0.000176547297976781,4.63648632476498));
#1383=CARTESIAN_POINT('',(-3.00000000000001,-5.68184285226748E-15,1.44499881322367));
#1384=CARTESIAN_POINT('',(-2.99999999999997,-5.82305388205513E-15,36.5978571993703));
#1385=CARTESIAN_POINT('',(-2.99999350140898,-3.55073004944487E-05,6.76530699737381));
#1386=CARTESIAN_POINT('',(-2.99999999914713,-7.15346639859328E-05,6.76528781489761));
#1387=CARTESIAN_POINT('',(-3.00001517983208,0.636571629518272,5.56958837452419));
#1388=CARTESIAN_POINT('',(-2.78962607623475,1.27633377884787,4.39299992507909));
#1389=CARTESIAN_POINT('',(-2.40693500070921,1.79071603063159,3.19583714333895));
#1390=CARTESIAN_POINT('',(-2.40693500070921,1.79071603063159,3.19583714333894));
#1391=CARTESIAN_POINT('',(-2.40693500070987,1.7907160306307,3.1958371433425));
#1392=CARTESIAN_POINT('',(-2.49915190773255,1.66676555642183,3.06464786041093));
#1393=CARTESIAN_POINT('',(-2.61792323492815,1.47883382396743,3.04285601259292));
#1394=CARTESIAN_POINT('',(-2.70492794221308,1.29744550075713,3.04285601259432));
#1395=CARTESIAN_POINT('',(-2.70492794221465,1.29744550075788,3.0428560125999));
#1396=CARTESIAN_POINT('',(-2.76223973049144,1.1704835203003,3.04285601259432));
#1397=CARTESIAN_POINT('',(-2.74419314720802,1.21307189380624,3.04285601259432));
#1398=CARTESIAN_POINT('',(-2.7250979896852,1.25539477494918,3.0428560125943));
#1399=CARTESIAN_POINT('',(-2.70492794221276,1.29744550075779,3.04285601259431));
#1400=CARTESIAN_POINT('',(-2.76223973049575,1.17048352030212,3.04285601260929));
#1401=CARTESIAN_POINT('',(-2.89918046271759,0.771202077666155,3.1958371433425));
#1402=CARTESIAN_POINT('',(-2.86945945324005,0.88293228756174,3.09689357883874));
#1403=CARTESIAN_POINT('',(-2.82244474514653,1.02840490016523,3.04285601259101));
#1404=CARTESIAN_POINT('',(-2.76223973049144,1.1704835203003,3.04285601259432));
#1405=CARTESIAN_POINT('',(-2.99978138890547,0.0362162777824193,4.5188091795928));
#1406=CARTESIAN_POINT('',(-2.99978138890544,0.0362162777824192,24.382925052486));
#1407=CARTESIAN_POINT('',(-2.99992741993659,0.0241205794885957,4.5188091795928));
#1408=CARTESIAN_POINT('',(-2.99992741993657,0.0241205794885957,24.382925052486));
#1409=CARTESIAN_POINT('',(-3.,0.0120482902299123,4.51880917959281));
#1410=CARTESIAN_POINT('',(-2.99999999999998,0.0120482902299122,24.382925052486));
#1411=CARTESIAN_POINT('',(-3.,-5.69419052318627E-15,4.51880917959281));
#1412=CARTESIAN_POINT('',(-2.99999999999998,-5.77398580547654E-15,24.382925052486));
#1413=CARTESIAN_POINT('',(-3.,-5.99999999999998,4.51880917959281));
#1414=CARTESIAN_POINT('',(-2.99999999999998,-5.99999999999998,24.382925052486));
#1415=CARTESIAN_POINT('',(2.99999999999998,-5.99999999999998,4.5188091795928));
#1416=CARTESIAN_POINT('',(3.,-5.99999999999998,24.382925052486));
#1417=CARTESIAN_POINT('',(2.99999999999998,-6.06158456293047E-15,4.5188091795928));
#1418=CARTESIAN_POINT('',(3.,-6.14137984522074E-15,24.382925052486));
#1419=CARTESIAN_POINT('',(-2.99999997930816,-0.000352350773943953,4.63639258000859));
#1420=CARTESIAN_POINT('',(-2.99990876361451,-0.776984897892664,6.09284920391971));
#1421=CARTESIAN_POINT('',(-2.35807432116565,-2.34664247619729,9.0088561989839));
#1422=CARTESIAN_POINT('',(0.000124708100048758,-3.32407004453942,13.3794704076813));
#1423=CARTESIAN_POINT('',(2.34681177936894,-2.35707412738254,17.76746774061));
#1424=CARTESIAN_POINT('',(2.99999864611907,-0.778690291150878,20.675425831775));
#1425=CARTESIAN_POINT('',(2.99999999999547,-5.21601005313998E-06,22.135722019917));
#1426=CARTESIAN_POINT('',(3.00010920593636,8.10141786884952E-06,22.1357149184602));
#1427=CARTESIAN_POINT('',(2.99999999999997,-6.04923689201168E-15,1.44499881322366));
#1428=CARTESIAN_POINT('',(3.00000000000001,-6.19044792179933E-15,36.5978571993703));
#1429=CARTESIAN_POINT('',(3.00000064495697,-1.85376339073952E-08,24.2651536145201));
#1430=CARTESIAN_POINT('',(3.,5.85979273497258E-08,24.2651535734497));
#1431=CARTESIAN_POINT('',(3.00000000763283,-0.39077295816121,23.5312304107099));
#1432=CARTESIAN_POINT('',(2.84345797136577,-1.17877313869495,22.0901634297354));
#1433=CARTESIAN_POINT('',(1.95396051039703,-2.51347605285656,19.1459124257934));
#1434=CARTESIAN_POINT('',(-0.00214971128150077,-3.32366403574728,15.514481905501));
#1435=CARTESIAN_POINT('',(-2.34865595051125,-2.35390135242645,11.1381213115157));
#1436=CARTESIAN_POINT('',(-2.99998138426878,-0.780736906347627,8.23147986808648));
#1437=CARTESIAN_POINT('',(-2.99999999914713,-7.15346639859328E-05,6.76528781489761));
#1438=CARTESIAN_POINT('',(2.76502503735436,1.16388854397815,3.00301005659699));
#1439=CARTESIAN_POINT('',(2.76502503735436,1.16388854397815,9.7211786432231));
#1440=CARTESIAN_POINT('',(2.22566994980593,2.44522285112624,3.00301005659699));
#1441=CARTESIAN_POINT('',(2.22566994980593,2.44522285112625,9.7211786432231));
#1442=CARTESIAN_POINT('',(1.08740162488328,3.,3.00301005659699));
#1443=CARTESIAN_POINT('',(1.08740162488328,3.,9.72117864322309));
#1444=CARTESIAN_POINT('',(3.83253097728339E-15,3.,3.00301005659699));
#1445=CARTESIAN_POINT('',(1.46787119566619E-15,3.,9.72117864322309));
#1446=CARTESIAN_POINT('',(-0.00476773665069673,3.,3.00301005659699));
#1447=CARTESIAN_POINT('',(-0.00476773665069909,3.,9.72117864322309));
#1448=CARTESIAN_POINT('',(-0.00953924980687731,2.99998863435796,3.00301005659699));
#1449=CARTESIAN_POINT('',(-0.00953924980687967,2.99998863435797,9.72117864322309));
#1450=CARTESIAN_POINT('',(-0.0143145031707782,2.99996584897211,3.00301005659699));
#1451=CARTESIAN_POINT('',(-0.0143145031707805,2.99996584897212,9.72117864322309));
#1452=CARTESIAN_POINT('',(2.11747082206903,2.12516289203588,3.19583714334249));
#1453=CARTESIAN_POINT('',(1.83647795161086,2.40513870312988,3.92493284303688));
#1454=CARTESIAN_POINT('',(1.18413221458206,2.84078352369811,5.37013232731158));
#1455=CARTESIAN_POINT('',(0.387058330842554,3.00001451404218,6.82653245188715));
#1456=CARTESIAN_POINT('',(-0.000112478655798108,2.99999999789143,7.55260940387253));
#1457=CARTESIAN_POINT('',(2.11747082206903,2.12516289203588,3.19583714334249));
#1458=CARTESIAN_POINT('',(-7.00708141338511E-05,3.00014062859321,7.55263202009784));
#1459=CARTESIAN_POINT('',(4.38091949701264E-15,2.99999999999999,1.44499881322403));
#1460=CARTESIAN_POINT('',(-7.9921773317989E-15,3.00000000000004,36.5978571993703));
#1461=CARTESIAN_POINT('',(0.00010148457894716,3.00005812928212,9.68140175827716));
#1462=CARTESIAN_POINT('',(0.000195971675556597,2.99999999359919,9.68145206936527));
#1463=CARTESIAN_POINT('',(0.577304631675909,2.99996229461541,8.5975654869507));
#1464=CARTESIAN_POINT('',(1.74519118511353,2.65190860130107,6.43766454288371));
#1465=CARTESIAN_POINT('',(2.52328437906763,1.7241363508152,4.28401707074837));
#1466=CARTESIAN_POINT('',(2.75427307384559,1.18910884055632,3.19583714333897));
#1467=CARTESIAN_POINT('',(2.75427307384558,1.18910884055632,3.19583714333898));
#1468=CARTESIAN_POINT('',(2.75427307384515,1.18910884055732,3.19583714334249));
#1469=CARTESIAN_POINT('',(2.69303726787958,1.33094626180392,3.06464786041025));
#1470=CARTESIAN_POINT('',(2.58966927699342,1.52777111462549,3.04285601259217));
#1471=CARTESIAN_POINT('',(2.47608473478434,1.69381356298973,3.04285601259433));
#1472=CARTESIAN_POINT('',(2.47608473478655,1.69381356299124,3.0428560126029));
#1473=CARTESIAN_POINT('',(2.39478832853681,1.80692801779813,3.04285601259432));
#1474=CARTESIAN_POINT('',(2.42264765025588,1.77000503147182,3.04285601259432));
#1475=CARTESIAN_POINT('',(2.44975276172446,1.73230669939802,3.0428560125943));
#1476=CARTESIAN_POINT('',(2.47608473478498,1.69381356298879,3.04285601259431));
#1477=CARTESIAN_POINT('',(2.39478832854055,1.80692801780095,3.04285601260929));
#1478=CARTESIAN_POINT('',(2.11747082206903,2.12516289203588,3.1958371433425));
#1479=CARTESIAN_POINT('',(2.19937151747031,2.04355863785411,3.09689357883925));
#1480=CARTESIAN_POINT('',(2.30184714149281,1.9301063999921,3.04285601259102));
#1481=CARTESIAN_POINT('',(2.39478832853681,1.80692801779813,3.04285601259432));
#1482=CARTESIAN_POINT('',(0.0362161309607778,2.99978139067803,7.43489454369915));
#1483=CARTESIAN_POINT('',(0.0362161309607708,2.99978139067806,27.2995986355913));
#1484=CARTESIAN_POINT('',(0.0241204817961312,2.99992742052393,7.43489454369915));
#1485=CARTESIAN_POINT('',(0.0241204817961242,2.99992742052395,27.2995986355913));
#1486=CARTESIAN_POINT('',(0.0120482414803942,3.,7.43489454369915));
#1487=CARTESIAN_POINT('',(0.0120482414803872,3.00000000000002,27.2995986355913));
#1488=CARTESIAN_POINT('',(2.27259706548992E-15,3.,7.43489454369915));
#1489=CARTESIAN_POINT('',(-4.7193779399206E-15,3.00000000000003,27.2995986355913));
#1490=CARTESIAN_POINT('',(-6.00000000000002,3.,7.43489454369915));
#1491=CARTESIAN_POINT('',(-6.00000000000002,3.00000000000003,27.2995986355913));
#1492=CARTESIAN_POINT('',(-6.00000000000002,-3.00000000000002,7.43489454369916));
#1493=CARTESIAN_POINT('',(-6.00000000000002,-2.99999999999999,27.2995986355913));
#1494=CARTESIAN_POINT('',(1.90520302574572E-15,-3.00000000000002,7.43489454369916));
#1495=CARTESIAN_POINT('',(-5.08677197966481E-15,-2.99999999999999,27.2995986355913));
#1496=CARTESIAN_POINT('',(0.0120488373912546,-3.00000000000002,7.43489454369916));
#1497=CARTESIAN_POINT('',(0.0120488373912476,-2.99999999999999,27.2995986355913));
#1498=CARTESIAN_POINT('',(0.0241216759822637,-2.99992741334421,7.43489454369916));
#1499=CARTESIAN_POINT('',(0.0241216759822567,-2.99992741334418,27.2995986355913));
#1500=CARTESIAN_POINT('',(0.0362179256987003,-2.99978136900978,7.43489454369916));
#1501=CARTESIAN_POINT('',(0.0362179256986933,-2.99978136900976,27.2995986355913));
#1502=CARTESIAN_POINT('',(-0.000112478655800562,2.99999999789143,7.55260940387252));
#1503=CARTESIAN_POINT('',(-0.777142792337885,2.99997086478301,9.00980552485471));
#1504=CARTESIAN_POINT('',(-2.34568137250875,2.35880004671681,11.9227879528724));
#1505=CARTESIAN_POINT('',(-3.3233320352676,0.00109075002663122,16.2952411512186));
#1506=CARTESIAN_POINT('',(-2.36098070768631,-2.34440046843415,20.675453125352));
#1507=CARTESIAN_POINT('',(-0.776483551138329,-2.99999978254426,23.5962307598742));
#1508=CARTESIAN_POINT('',(-8.40156340824985E-07,-2.99999999999988,25.0523968927801));
#1509=CARTESIAN_POINT('',(-8.00497810998737E-08,-3.00000384820711,25.0523964874621));
#1510=CARTESIAN_POINT('',(4.01352545726843E-15,-3.00000000000002,1.44499881322404));
#1511=CARTESIAN_POINT('',(-8.35957137154311E-15,-2.99999999999998,36.5978571993703));
#1512=CARTESIAN_POINT('',(1.73840173223275E-06,-2.99999900264482,27.1818237994506));
#1513=CARTESIAN_POINT('',(1.90617986644623E-06,-2.99999999999939,27.1818237101185));
#1514=CARTESIAN_POINT('',(-0.77928617893061,-3.00000049515381,25.7182181160171));
#1515=CARTESIAN_POINT('',(-2.35009371949809,-2.35474375187468,22.815414214771));
#1516=CARTESIAN_POINT('',(-3.32368566601341,0.00371052205077384,18.4253549920772));
#1517=CARTESIAN_POINT('',(-2.35516182131523,2.34794061805017,14.0589883564114));
#1518=CARTESIAN_POINT('',(-0.778339974264776,3.00005085059723,11.1436458020527));
#1519=CARTESIAN_POINT('',(0.000195971675551832,2.99999999359919,9.68145206936527));
#1520=CARTESIAN_POINT('',(3.,-1.63295895113971E-15,10.3512897284956));
#1521=CARTESIAN_POINT('',(2.99999999999999,1.53630400221489E-15,30.2160387631098));
#1522=CARTESIAN_POINT('',(3.,5.99999999999999,10.3512897284956));
#1523=CARTESIAN_POINT('',(2.99999999999999,5.99999999999999,30.2160387631098));
#1524=CARTESIAN_POINT('',(-2.99999999999999,5.99999999999999,10.3512897284956));
#1525=CARTESIAN_POINT('',(-3.,5.99999999999999,30.2160387631098));
#1526=CARTESIAN_POINT('',(-2.99999999999999,-1.2655649113955E-15,10.3512897284956));
#1527=CARTESIAN_POINT('',(-3.,1.9036980419591E-15,30.2160387631098));
#1528=CARTESIAN_POINT('',(3.,-9.37524226997303E-08,10.4690649592051));
#1529=CARTESIAN_POINT('',(3.00000002431898,0.778187145595966,11.9284276759649));
#1530=CARTESIAN_POINT('',(2.35984118964885,2.34516419978603,14.8370043752022));
#1531=CARTESIAN_POINT('',(-0.00350722826521626,3.32448993443565,19.2199238193318));
#1532=CARTESIAN_POINT('',(-2.34686796271372,2.35687603151379,23.5996709272545));
#1533=CARTESIAN_POINT('',(-3.00003955130405,0.776450197498288,26.5129558447121));
#1534=CARTESIAN_POINT('',(-2.99999999610865,-0.000152800834269998,27.9693516883663));
#1535=CARTESIAN_POINT('',(3.00000033567588,-2.84476171805335E-08,10.4690649243822));
#1536=CARTESIAN_POINT('',(-3.00014346811286,-9.05438498529197E-05,27.9693848899416));
#1537=CARTESIAN_POINT('',(-2.99999999999999,-2.68649289797038E-15,1.44499881322367));
#1538=CARTESIAN_POINT('',(-3.,2.92186649250597E-15,36.5978571993703));
#1539=CARTESIAN_POINT('',(-3.00006099278551,5.01323417313064E-05,30.09829028553));
#1540=CARTESIAN_POINT('',(-2.99999999857108,9.25931717883673E-05,30.0983128945428));
#1541=CARTESIAN_POINT('',(-2.99997601425087,0.777179706672308,28.6388406549531));
#1542=CARTESIAN_POINT('',(-2.34873511835849,2.35617305194774,25.7153150230926));
#1543=CARTESIAN_POINT('',(-0.00050975584300332,3.32241847748292,21.3514245303877));
#1544=CARTESIAN_POINT('',(2.35130569996207,2.35415303027187,16.968909299284));
#1545=CARTESIAN_POINT('',(2.9999999245913,0.776553237739488,14.0569559936506));
#1546=CARTESIAN_POINT('',(2.99999999999999,2.91320823179092E-07,12.5984873438673));
#1547=CARTESIAN_POINT('',(3.00000241180089,4.54853861091314E-11,12.5984874989552));
#1548=CARTESIAN_POINT('',(3.,-3.05388693771459E-15,1.44499881322367));
#1549=CARTESIAN_POINT('',(2.99999999999999,2.55447245276176E-15,36.5978571993703));
#1550=CARTESIAN_POINT('',(-0.385003304188361,-2.97519284345806,2.98550719756179));
#1551=CARTESIAN_POINT('',(-0.385003304188364,-2.97519284345805,12.655821377444));
#1552=CARTESIAN_POINT('',(1.81783633921675,-3.26025017786679,2.98550719756179));
#1553=CARTESIAN_POINT('',(1.81783633921674,-3.26025017786679,12.655821377444));
#1554=CARTESIAN_POINT('',(3.,-1.64980178013267,2.98550719756179));
#1555=CARTESIAN_POINT('',(3.,-1.64980178013267,12.655821377444));
#1556=CARTESIAN_POINT('',(3.,-2.80811105887979E-15,2.98550719756179));
#1557=CARTESIAN_POINT('',(3.,-1.26528922789685E-15,12.655821377444));
#1558=CARTESIAN_POINT('',(0.781709640648571,-2.89636496970204,3.1958371433425));
#1559=CARTESIAN_POINT('',(1.42098304439299,-2.72382933004864,4.41290504892829));
#1560=CARTESIAN_POINT('',(2.55697272425027,-1.95744135718305,6.82973560632158));
#1561=CARTESIAN_POINT('',(2.99999997977314,-0.647242870428663,9.25526713624897));
#1562=CARTESIAN_POINT('',(3.,-9.37524258738913E-08,10.4690649592052));
#1563=CARTESIAN_POINT('',(0.78170964064857,-2.89636496970204,3.1958371433425));
#1564=CARTESIAN_POINT('',(2.99999999999999,2.91320823179092E-07,12.5984873438673));
#1565=CARTESIAN_POINT('',(3.00000008110394,-0.835202110719063,11.0298672964944));
#1566=CARTESIAN_POINT('',(2.24243952722559,-2.52605050682491,7.90439105711069));
#1567=CARTESIAN_POINT('',(0.491934618530627,-3.07765322424925,4.77360805600905));
#1568=CARTESIAN_POINT('',(-0.347338073136386,-2.97982487118789,3.19583714333892));
#1569=CARTESIAN_POINT('',(-0.347338073136384,-2.97982487118789,3.19583714333893));
#1570=CARTESIAN_POINT('',(-0.34733807313529,-2.97982487118801,3.1958371433425));
#1571=CARTESIAN_POINT('',(-0.193885360147384,-2.99771181822372,3.06464786041163));
#1572=CARTESIAN_POINT('',(0.0282539579325682,-3.00660493858903,3.04285601259293));
#1573=CARTESIAN_POINT('',(0.228843207425015,-2.99125906374146,3.04285601259433));
#1574=CARTESIAN_POINT('',(0.228843207425147,-2.9912590637432,3.04285601259989));
#1575=CARTESIAN_POINT('',(0.367451401954639,-2.97741153809842,3.04285601259433));
#1576=CARTESIAN_POINT('',(0.321545496950904,-2.98307692527643,3.04285601259433));
#1577=CARTESIAN_POINT('',(0.275345227958344,-2.98770147434388,3.04285601259431));
#1578=CARTESIAN_POINT('',(0.228843207424276,-2.99125906374151,3.04285601259431));
#1579=CARTESIAN_POINT('',(0.367451401955211,-2.97741153810306,3.04285601260929));
#1580=CARTESIAN_POINT('',(0.781709640648567,-2.89636496970204,3.1958371433425));
#1581=CARTESIAN_POINT('',(0.67008793576782,-2.92649092541676,3.09689357884142));
#1582=CARTESIAN_POINT('',(0.520597603653311,-2.95851130015746,3.04285601259102));
#1583=CARTESIAN_POINT('',(0.367451401954639,-2.97741153809842,3.04285601259433));
#1584=CARTESIAN_POINT('',(-0.0493227254440342,4.08538625806682,6.79883966491616));
#1585=CARTESIAN_POINT('',(-0.0328496685247489,4.08558513670701,6.79883966491616));
#1586=CARTESIAN_POINT('',(-0.0164084922075029,4.08568398298822,6.79883966491616));
#1587=CARTESIAN_POINT('',(0.,4.08568398298822,6.79883966491616));
#1588=CARTESIAN_POINT('',(8.17136796597643,4.08568398298822,6.79883966491616));
#1589=CARTESIAN_POINT('',(8.17136796597643,-4.08568398298822,6.79883966491616));
#1590=CARTESIAN_POINT('',(0.,-4.08568398298822,6.79883966491616));
#1591=CARTESIAN_POINT('',(-0.0164085135055615,-4.08568398298822,6.79883966491616));
#1592=CARTESIAN_POINT('',(-0.0328497112053693,-4.08558513645041,6.79883966491616));
#1593=CARTESIAN_POINT('',(-0.0493227895885783,-4.08538625729241,6.79883966491616));
#1594=CARTESIAN_POINT('',(-0.0831568649755394,6.88785768378658,17.4386084282842));
#1595=CARTESIAN_POINT('',(-0.0553837085321524,6.8881929881332,17.4386084282842));
#1596=CARTESIAN_POINT('',(-0.0276643019757649,6.88835964045798,17.4386084282842));
#1597=CARTESIAN_POINT('',(0.,6.88835964045798,17.4386084282842));
#1598=CARTESIAN_POINT('',(13.7767192809159,6.88835964045797,17.4386084282842));
#1599=CARTESIAN_POINT('',(13.7767192809159,-6.88835964045797,17.4386084282842));
#1600=CARTESIAN_POINT('',(0.,-6.88835964045798,17.4386084282842));
#1601=CARTESIAN_POINT('',(-0.0276643378837519,-6.88835964045798,17.4386084282842));
#1602=CARTESIAN_POINT('',(-0.0553837804905966,-6.88819298770058,17.4386084282842));
#1603=CARTESIAN_POINT('',(-0.0831569731216149,-6.88785768248093,17.4386084282842));
#1604=CARTESIAN_POINT('',(-0.0670032762661832,5.54986087323828,21.9953913583366));
#1605=CARTESIAN_POINT('',(-0.0446251782642015,5.55013104323299,21.9953913583366));
#1606=CARTESIAN_POINT('',(-0.0222903889960081,5.5502653226068,21.9953913583366));
#1607=CARTESIAN_POINT('',(0.,5.5502653226068,21.9953913583366));
#1608=CARTESIAN_POINT('',(11.1005306452136,5.5502653226068,21.9953913583366));
#1609=CARTESIAN_POINT('',(11.1005306452136,-5.5502653226068,21.9953913583366));
#1610=CARTESIAN_POINT('',(0.,-5.5502653226068,21.9953913583366));
#1611=CARTESIAN_POINT('',(-0.0222904179287099,-5.5502653226068,21.9953913583366));
#1612=CARTESIAN_POINT('',(-0.0446252362443997,-5.5501310428844,21.9953913583366));
#1613=CARTESIAN_POINT('',(-0.0670033634044054,-5.54986087218626,21.9953913583366));
#1614=CARTESIAN_POINT('',(-0.055021879859958,4.55744547466131,27.6660940202247));
#1615=CARTESIAN_POINT('',(-0.0366453901064138,4.55766733337955,27.6660940202247));
#1616=CARTESIAN_POINT('',(-0.0183044647025579,4.55777760117518,27.6660940202247));
#1617=CARTESIAN_POINT('',(0.,4.55777760117518,27.6660940202247));
#1618=CARTESIAN_POINT('',(9.11555520235035,4.55777760117518,27.6660940202247));
#1619=CARTESIAN_POINT('',(9.11555520235035,-4.55777760117518,27.6660940202247));
#1620=CARTESIAN_POINT('',(0.,-4.55777760117518,27.6660940202247));
#1621=CARTESIAN_POINT('',(-0.0183044884615699,-4.55777760117518,27.6660940202247));
#1622=CARTESIAN_POINT('',(-0.036645437718705,-4.5576673330933,27.6660940202247));
#1623=CARTESIAN_POINT('',(-0.0550219514162916,-4.55744547379741,27.6660940202247));
#1624=CARTESIAN_POINT('',(2.97689902497134,-3.9939552984465,10.6694104180268));
#1625=CARTESIAN_POINT('',(3.49837272679436,-3.75476338448927,11.2808900886469));
#1626=CARTESIAN_POINT('',(4.4466224237901,-3.0667797820758,12.4502058681433));
#1627=CARTESIAN_POINT('',(5.42087510598795,-1.58734535985976,14.2413644309181));
#1628=CARTESIAN_POINT('',(5.79767143160829,0.188898365822976,15.9809160129649));
#1629=CARTESIAN_POINT('',(5.58544398567778,1.63711506336842,17.447320783027));
#1630=CARTESIAN_POINT('',(5.09512321283488,2.73809396510361,18.6157531360966));
#1631=CARTESIAN_POINT('',(4.44276347282374,3.68842956175636,19.7895395379643));
#1632=CARTESIAN_POINT('',(3.30153024713332,4.64606766443451,21.2766057695291));
#1633=CARTESIAN_POINT('',(1.67305939248181,5.19756454996403,23.0931778171317));
#1634=CARTESIAN_POINT('',(0.533770006877485,5.16510394248998,24.3155870415488));
#1635=CARTESIAN_POINT('',(-0.000289132123782969,5.0523373741822,24.9445180985774));
#1636=CARTESIAN_POINT('',(2.97689902497134,-3.9939552984465,10.6694104180268));
#1637=CARTESIAN_POINT('',(-0.000144013918301985,5.05232851734206,24.9446397382191));
#1638=CARTESIAN_POINT('',(0.,2.,-3.97584801734976E-30));
#1639=CARTESIAN_POINT('',(0.,7.5,16.));
#1640=CARTESIAN_POINT('',(0.,4.18837563692629,25.2593700688604));
#1641=CARTESIAN_POINT('',(0.,2.45038341668956,47.4286775400507));
#1642=CARTESIAN_POINT('',(0.,7.5,59.));
#1643=CARTESIAN_POINT('',(0.,7.5,65.));
#1644=CARTESIAN_POINT('',(0.000106983441030423,4.5754528316168,27.5654329658315));
#1645=CARTESIAN_POINT('',(0.000212785822045953,4.57543634221359,27.5655163723941));
#1646=CARTESIAN_POINT('',(0.630363295203392,4.71145021345204,26.793051535571));
#1647=CARTESIAN_POINT('',(1.31629161938381,4.71858448617819,26.061705644437));
#1648=CARTESIAN_POINT('',(2.00482204054446,4.56281607778089,25.3235541472097));
#1649=CARTESIAN_POINT('',(2.00482204054444,4.5628160777809,25.3235541472097));
#1650=CARTESIAN_POINT('',(2.00482204054444,4.5628160777809,25.3235541472097));
#1651=CARTESIAN_POINT('',(2.58294813320186,4.43202478877091,24.703763608163));
#1652=CARTESIAN_POINT('',(3.66649658036588,3.97495075694774,23.4914478545415));
#1653=CARTESIAN_POINT('',(5.43337940365223,2.249769587632,21.0834903935645));
#1654=CARTESIAN_POINT('',(6.01803896640101,-0.237247869802519,18.6885828732291));
#1655=CARTESIAN_POINT('',(5.22759541636689,-2.56905215184126,16.2936219529054));
#1656=CARTESIAN_POINT('',(4.07163598067108,-3.94773005783393,14.4465317778257));
#1657=CARTESIAN_POINT('',(2.50845060031253,-4.81127966714049,12.6032745825363));
#1658=CARTESIAN_POINT('',(1.37284855605483,-4.95123399287885,11.3203955555343));
#1659=CARTESIAN_POINT('',(0.813185253129645,-4.91450266811978,10.6694104180267));
#1660=CARTESIAN_POINT('',(0.813185253129646,-4.91450266811978,10.6694104180267));
#1661=CARTESIAN_POINT('',(0.813185253129646,-4.91450266811978,10.6694104180267));
#1662=CARTESIAN_POINT('',(0.533846661977906,-4.89616936583659,10.3444913636208));
#1663=CARTESIAN_POINT('',(0.263040022366823,-4.85072494546344,10.0194140349534));
#1664=CARTESIAN_POINT('',(-4.96554269747626E-07,-4.78080651487699,9.69414263417895));
#1665=CARTESIAN_POINT('',(-5.90265384523045E-06,-4.78081055202772,9.69414613818205));
#1666=CARTESIAN_POINT('',(0.,-2.,-3.97584801734976E-30));
#1667=CARTESIAN_POINT('',(0.,-7.5,16.));
#1668=CARTESIAN_POINT('',(0.,-4.18837563692629,25.2593700688604));
#1669=CARTESIAN_POINT('',(0.,-2.45038341668956,47.4286775400507));
#1670=CARTESIAN_POINT('',(0.,-7.5,59.));
#1671=CARTESIAN_POINT('',(0.,-7.5,65.));
#1672=CARTESIAN_POINT('',(-2.83135346836518E-07,-4.13509860390315,6.98744466944091));
#1673=CARTESIAN_POINT('',(-7.43914145366143E-05,-4.13510976383797,6.98748889361357));
#1674=CARTESIAN_POINT('',(0.416581940464717,-4.3058270833372,7.64261679920143));
#1675=CARTESIAN_POINT('',(1.41955921478913,-4.48182874303957,8.9190802109933));
#1676=CARTESIAN_POINT('',(2.47466660711506,-4.22432153332746,10.0804930625169));
#1677=CARTESIAN_POINT('',(2.97689902497134,-3.9939552984465,10.6694104180268));
#1678=CARTESIAN_POINT('',(0.,5.75930419251055,18.5071313611781));
#1679=CARTESIAN_POINT('',(11.5186083850211,5.75930419251055,18.5071313611781));
#1680=CARTESIAN_POINT('',(11.5186083850211,-5.75930419251055,18.5071313611781));
#1681=CARTESIAN_POINT('',(0.,-5.75930419251055,18.5071313611781));
#1682=CARTESIAN_POINT('',(-0.0231307785984004,-5.75930419251055,18.5071313611781));
#1683=CARTESIAN_POINT('',(-0.046307633161318,-5.75916484531192,18.5071313611781));
#1684=CARTESIAN_POINT('',(-0.0695294309116096,-5.75888447879506,18.5071313611781));
#1685=CARTESIAN_POINT('',(0.,5.70618606457927,22.0903069642342));
#1686=CARTESIAN_POINT('',(11.4123721291585,5.70618606457927,22.0903069642342));
#1687=CARTESIAN_POINT('',(11.4123721291585,-5.70618606457927,22.0903069642342));
#1688=CARTESIAN_POINT('',(0.,-5.70618606457927,22.0903069642342));
#1689=CARTESIAN_POINT('',(-0.0229174431648705,-5.70618606457927,22.0903069642342));
#1690=CARTESIAN_POINT('',(-0.0458805373351145,-5.70604800258144,22.0903069642342));
#1691=CARTESIAN_POINT('',(-0.0688881601812053,-5.70577022188815,22.0903069642342));
#1692=CARTESIAN_POINT('',(0.,3.82788591939529,29.8576687810714));
#1693=CARTESIAN_POINT('',(7.65577183879058,3.82788591939529,29.8576687810714));
#1694=CARTESIAN_POINT('',(7.65577183879058,-3.82788591939529,29.8576687810714));
#1695=CARTESIAN_POINT('',(0.,-3.82788591939529,29.8576687810714));
#1696=CARTESIAN_POINT('',(-0.015373728968268,-3.82788591939529,29.8576687810714));
#1697=CARTESIAN_POINT('',(-0.0307780820414457,-3.82779330314136,29.8576687810714));
#1698=CARTESIAN_POINT('',(-0.0462123063262091,-3.82760695926955,29.8576687810714));
#1699=CARTESIAN_POINT('',(0.,2.45038341668956,47.4286775400507));
#1700=CARTESIAN_POINT('',(4.90076683337912,2.45038341668956,47.4286775400507));
#1701=CARTESIAN_POINT('',(4.90076683337912,-2.45038341668956,47.4286775400507));
#1702=CARTESIAN_POINT('',(0.,-2.45038341668956,47.4286775400507));
#1703=CARTESIAN_POINT('',(-0.00984134096725511,-2.45038341668956,47.4286775400507));
#1704=CARTESIAN_POINT('',(-0.0197022856532212,-2.45032412930809,47.4286775400507));
#1705=CARTESIAN_POINT('',(-0.0295823521006628,-2.45020484311647,47.4286775400507));
#1706=CARTESIAN_POINT('',(0.,7.5,59.));
#1707=CARTESIAN_POINT('',(15.,7.5,59.));
#1708=CARTESIAN_POINT('',(15.,-7.5,59.));
#1709=CARTESIAN_POINT('',(0.,-7.5,59.));
#1710=CARTESIAN_POINT('',(-0.0301218400156045,-7.5,59.));
#1711=CARTESIAN_POINT('',(-0.0603036820249096,-7.49981853641434,59.));
#1712=CARTESIAN_POINT('',(-0.090544050879479,-7.4994534317409,59.));
#1713=CARTESIAN_POINT('',(0.,7.5,65.));
#1714=CARTESIAN_POINT('',(15.,7.5,65.));
#1715=CARTESIAN_POINT('',(15.,-7.5,65.));
#1716=CARTESIAN_POINT('',(0.,-7.5,65.));
#1717=CARTESIAN_POINT('',(-0.0301218400156045,-7.5,65.));
#1718=CARTESIAN_POINT('',(-0.0603036820249096,-7.49981853641434,65.));
#1719=CARTESIAN_POINT('',(-0.090544050879479,-7.4994534317409,65.));
#1720=CARTESIAN_POINT('',(0.,0.,35.));
#1721=CARTESIAN_POINT('',(0.,3.63364264176573,35.));
#1722=CARTESIAN_POINT('',(0.69699627983349,3.56616811633391,35.));
#1723=CARTESIAN_POINT('',(0.,2.,-3.97584801734976E-30));
#1724=CARTESIAN_POINT('',(0.,7.5,16.));
#1725=CARTESIAN_POINT('',(0.,4.18837563692629,25.2593700688604));
#1726=CARTESIAN_POINT('',(0.,2.45038341668956,47.4286775400507));
#1727=CARTESIAN_POINT('',(0.,7.5,59.));
#1728=CARTESIAN_POINT('',(0.,7.5,65.));
#1729=CARTESIAN_POINT('',(0.,7.5,65.));
#1730=CARTESIAN_POINT('',(0.,0.,65.));
#1731=CARTESIAN_POINT('',(0.,-7.5,65.));
#1732=CARTESIAN_POINT('',(0.,-2.,-3.97584801734976E-30));
#1733=CARTESIAN_POINT('',(0.,-7.5,16.));
#1734=CARTESIAN_POINT('',(0.,-4.18837563692629,25.2593700688604));
#1735=CARTESIAN_POINT('',(0.,-2.45038341668956,47.4286775400507));
#1736=CARTESIAN_POINT('',(0.,-7.5,59.));
#1737=CARTESIAN_POINT('',(0.,-7.5,65.));
#1738=CARTESIAN_POINT('',(0.,-3.63364264176573,35.));
#1739=CARTESIAN_POINT('',(0.,0.,35.));
#1740=CARTESIAN_POINT('',(0.759276629633703,-3.55342902669384,35.));
#1741=CARTESIAN_POINT('',(0.759276629633703,-3.55342902669385,35.));
#1742=CARTESIAN_POINT('',(0.523728547791619,-3.63674261601847,34.568184663371));
#1743=CARTESIAN_POINT('',(0.262144668050908,-3.70134619777705,34.1478923853111));
#1744=CARTESIAN_POINT('',(-3.5807176316848E-06,-3.74073541973908,33.7254344581579));
#1745=CARTESIAN_POINT('',(-2.6694939350521E-06,-3.74073963070998,33.7254342853387));
#1746=CARTESIAN_POINT('',(0.,-2.,-3.97584801734976E-30));
#1747=CARTESIAN_POINT('',(0.,-7.5,16.));
#1748=CARTESIAN_POINT('',(0.,-4.18837563692629,25.2593700688604));
#1749=CARTESIAN_POINT('',(0.,-2.45038341668956,47.4286775400507));
#1750=CARTESIAN_POINT('',(0.,-7.5,59.));
#1751=CARTESIAN_POINT('',(0.,-7.5,65.));
#1752=CARTESIAN_POINT('',(5.13935425342405E-06,-4.09052571957836,30.672056544694));
#1753=CARTESIAN_POINT('',(4.85381093918577E-06,-4.09052368889637,30.672056496427));
#1754=CARTESIAN_POINT('',(0.461593934500491,-4.01180309917357,31.2532572417394));
#1755=CARTESIAN_POINT('',(0.90833103439647,-3.86038558572558,31.8484095667936));
#1756=CARTESIAN_POINT('',(1.32521101707598,-3.63859705438564,32.4387578152001));
#1757=CARTESIAN_POINT('',(1.32521101707598,-3.63859705438564,32.4387578152001));
#1758=CARTESIAN_POINT('',(1.32521101707598,-3.63859705438564,32.4387578152001));
#1759=CARTESIAN_POINT('',(1.91672185356569,-3.32390139820762,33.2764027028043));
#1760=CARTESIAN_POINT('',(2.38038890309588,-2.89829320503119,34.1304487794392));
#1761=CARTESIAN_POINT('',(2.73989404299452,-2.38670054284601,35.));
#1762=CARTESIAN_POINT('',(2.73989404299451,-2.38670054284601,35.));
#1763=CARTESIAN_POINT('',(0.,0.,35.));
#1764=CARTESIAN_POINT('',(2.69772149284502,2.43426736310955,35.));
#1765=CARTESIAN_POINT('',(2.69772149284502,2.43426736310955,35.));
#1766=CARTESIAN_POINT('',(2.93369399826034,2.23257630751262,34.4634926550621));
#1767=CARTESIAN_POINT('',(3.38788967322917,1.73815826629259,33.4173634796032));
#1768=CARTESIAN_POINT('',(3.71634153119801,1.15828196007063,32.3753889358779));
#1769=CARTESIAN_POINT('',(3.84884586132747,0.837932494026446,31.8613778197045));
#1770=CARTESIAN_POINT('',(3.84884586132747,0.837932494026439,31.8613778197045));
#1771=CARTESIAN_POINT('',(3.84884586132747,0.837932494026439,31.8613778197045));
#1772=CARTESIAN_POINT('',(3.99928595633591,0.474220575627037,31.2777902412688));
#1773=CARTESIAN_POINT('',(4.2083050370685,-0.27823745257963,30.1242081379825));
#1774=CARTESIAN_POINT('',(4.19512130895756,-1.56726746908297,28.4655952327762));
#1775=CARTESIAN_POINT('',(3.81090937514056,-2.86305586677641,26.8432664198987));
#1776=CARTESIAN_POINT('',(3.2809657267551,-3.65859847360602,25.8347866323079));
#1777=CARTESIAN_POINT('',(2.94910361588212,-4.01763485606889,25.3235541472097));
#1778=CARTESIAN_POINT('',(2.9491036158821,-4.01763485606889,25.3235541472097));
#1779=CARTESIAN_POINT('',(2.94910361588211,-4.01763485606889,25.3235541472097));
#1780=CARTESIAN_POINT('',(2.56714417254233,-4.43087075221714,24.7351468870027));
#1781=CARTESIAN_POINT('',(1.68921473173969,-5.11132763282317,23.5830200844844));
#1782=CARTESIAN_POINT('',(0.560884395552842,-5.45924733083093,22.4394816845637));
#1783=CARTESIAN_POINT('',(-2.96141676322352E-06,-5.52781347295108,21.869038447835));
#1784=CARTESIAN_POINT('',(-2.91836566401089E-06,-5.5278188721924,21.8690390544831));
#1785=CARTESIAN_POINT('',(0.,-2.,-3.97584801734976E-30));
#1786=CARTESIAN_POINT('',(0.,-7.5,16.));
#1787=CARTESIAN_POINT('',(0.,-4.18837563692629,25.2593700688604));
#1788=CARTESIAN_POINT('',(0.,-2.45038341668956,47.4286775400507));
#1789=CARTESIAN_POINT('',(0.,-7.5,59.));
#1790=CARTESIAN_POINT('',(0.,-7.5,65.));
#1791=CARTESIAN_POINT('',(3.48879444613077E-06,-5.75357931450347,18.799344968041));
#1792=CARTESIAN_POINT('',(4.03120686948966E-06,-5.75357923696321,18.7993444270239));
#1793=CARTESIAN_POINT('',(0.523211132998334,-5.74075382697293,19.3257390524201));
#1794=CARTESIAN_POINT('',(1.55223247490458,-5.54541961262273,20.3984723276459));
#1795=CARTESIAN_POINT('',(2.93498453772342,-4.76552501461712,21.9879441546196));
#1796=CARTESIAN_POINT('',(3.94710908830772,-3.61412926834919,23.6544117084586));
#1797=CARTESIAN_POINT('',(4.34723353622362,-2.68672657000257,24.750541070046));
#1798=CARTESIAN_POINT('',(4.46568344207573,-2.21275244189267,25.3235541471972));
#1799=CARTESIAN_POINT('',(4.46568344207573,-2.21275244189267,25.3235541471972));
#1800=CARTESIAN_POINT('',(4.46568344207573,-2.21275244189268,25.3235541471973));
#1801=CARTESIAN_POINT('',(4.58816445497367,-1.72264794682605,25.9160681014162));
#1802=CARTESIAN_POINT('',(4.68276823154407,-0.714865079013768,27.0660685045488));
#1803=CARTESIAN_POINT('',(4.37044785508784,0.763297017623508,28.8417579353398));
#1804=CARTESIAN_POINT('',(3.62815089944537,2.06923572350856,30.6059184640226));
#1805=CARTESIAN_POINT('',(2.90146625161602,2.70906149258802,31.8300736405758));
#1806=CARTESIAN_POINT('',(2.48851197469521,2.96696493335563,32.4387578152001));
#1807=CARTESIAN_POINT('',(2.48851197469522,2.96696493335562,32.4387578152));
#1808=CARTESIAN_POINT('',(2.48851197469522,2.96696493335562,32.4387578152));
#1809=CARTESIAN_POINT('',(1.92022212373959,3.32188051628048,33.2764027028042));
#1810=CARTESIAN_POINT('',(1.31980109162489,3.51062386348321,34.1304487794392));
#1811=CARTESIAN_POINT('',(0.696996279833481,3.56616811633392,35.));
#1812=CARTESIAN_POINT('',(0.,2.,-3.97584801734976E-30));
#1813=CARTESIAN_POINT('',(4.,2.,-3.97584801734976E-30));
#1814=CARTESIAN_POINT('',(4.,-2.,-3.97584801734976E-30));
#1815=CARTESIAN_POINT('',(0.,-2.,-3.97584801734976E-30));
#1816=CARTESIAN_POINT('',(0.,4.43807084992,7.09256974522183));
#1817=CARTESIAN_POINT('',(8.87614169984001,4.43807084992,7.09256974522183));
#1818=CARTESIAN_POINT('',(8.87614169984001,-4.43807084992,7.09256974522183));
#1819=CARTESIAN_POINT('',(0.,-4.43807084992,7.09256974522183));
#1820=CARTESIAN_POINT('',(0.,5.4382739047346,12.039581342749));
#1821=CARTESIAN_POINT('',(10.8765478094692,5.4382739047346,12.039581342749));
#1822=CARTESIAN_POINT('',(10.8765478094692,-5.4382739047346,12.039581342749));
#1823=CARTESIAN_POINT('',(0.,-5.4382739047346,12.039581342749));
#1824=CARTESIAN_POINT('',(0.,5.69327553153628,15.9521886051084));
#1825=CARTESIAN_POINT('',(11.3865510630726,5.69327553153628,15.9521886051084));
#1826=CARTESIAN_POINT('',(11.3865510630726,-5.69327553153628,15.9521886051084));
#1827=CARTESIAN_POINT('',(0.,-5.69327553153628,15.9521886051084));
#1828=CARTESIAN_POINT('',(0.,2.,-3.97584801734976E-30));
#1829=CARTESIAN_POINT('',(0.,7.5,16.));
#1830=CARTESIAN_POINT('',(0.,4.18837563692629,25.2593700688604));
#1831=CARTESIAN_POINT('',(0.,2.45038341668956,47.4286775400507));
#1832=CARTESIAN_POINT('',(0.,7.5,59.));
#1833=CARTESIAN_POINT('',(0.,7.5,65.));
#1834=CARTESIAN_POINT('',(-1.98160895397876E-05,3.46550694211413,4.57674616379407));
#1835=CARTESIAN_POINT('',(-3.63792442453522E-05,3.46540870772388,4.57675927790967));
#1836=CARTESIAN_POINT('',(0.196622641326461,3.40467426016945,4.37019425110278));
#1837=CARTESIAN_POINT('',(0.592206560009137,3.24899527120172,3.95995314824489));
#1838=CARTESIAN_POINT('',(1.17963065869659,2.90508675789114,3.39587905165469));
#1839=CARTESIAN_POINT('',(1.67274757024779,2.50433310608913,3.00672530458704));
#1840=CARTESIAN_POINT('',(2.08885128514689,2.08784541685236,2.854562662229));
#1841=CARTESIAN_POINT('',(2.30443128623465,1.87590634800639,2.94498130021086));
#1842=CARTESIAN_POINT('',(2.39478832854054,1.80692801780094,3.04285601260929));
#1843=CARTESIAN_POINT('',(2.47608473478656,1.69381356299124,3.0428560126029));
#1844=CARTESIAN_POINT('',(2.5635679404084,1.5160929174707,2.95280864650021));
#1845=CARTESIAN_POINT('',(2.68990763652596,1.21723766725756,2.84280980786023));
#1846=CARTESIAN_POINT('',(2.86737475245995,0.819657842900862,2.97225156840907));
#1847=CARTESIAN_POINT('',(3.03351582050054,0.585837387896226,3.32267318745888));
#1848=CARTESIAN_POINT('',(3.19946625566635,0.570606100029842,3.85463164365304));
#1849=CARTESIAN_POINT('',(3.36109330071511,0.701367625651367,4.46183579492441));
#1850=CARTESIAN_POINT('',(3.48777366253687,0.926553407262346,5.05910540431935));
#1851=CARTESIAN_POINT('',(3.60095865026296,1.31046206028674,5.82714633433273));
#1852=CARTESIAN_POINT('',(3.62836337349124,1.88176323949443,6.72839242758374));
#1853=CARTESIAN_POINT('',(3.4905831428782,2.60726670102215,7.76617079460094));
#1854=CARTESIAN_POINT('',(3.04252053802008,3.59837079353479,9.11347627432555));
#1855=CARTESIAN_POINT('',(2.45141627743248,4.23372715744223,10.0407894678348));
#1856=CARTESIAN_POINT('',(1.97041723754846,4.57504782934956,10.6694104180268));
#1857=CARTESIAN_POINT('',(1.97041723754845,4.57504782934955,10.6694104180268));
#1858=CARTESIAN_POINT('',(1.97041723754845,4.57504782934955,10.6694104180268));
#1859=CARTESIAN_POINT('',(1.39181808574972,4.98562630223917,11.4255856250951));
#1860=CARTESIAN_POINT('',(0.71376773370031,5.25343072551337,12.1406392727019));
#1861=CARTESIAN_POINT('',(-0.000357319195142416,5.36195974762531,12.8771272533902));
#1862=CARTESIAN_POINT('',(-0.000178463168968256,5.36198511840262,12.8772969399389));
#1863=CARTESIAN_POINT('',(0.,2.,-3.97584801734976E-30));
#1864=CARTESIAN_POINT('',(0.,7.5,16.));
#1865=CARTESIAN_POINT('',(0.,4.18837563692629,25.2593700688604));
#1866=CARTESIAN_POINT('',(0.,2.45038341668956,47.4286775400507));
#1867=CARTESIAN_POINT('',(0.,7.5,59.));
#1868=CARTESIAN_POINT('',(0.,7.5,65.));
#1869=CARTESIAN_POINT('',(-9.60954941468329E-05,5.68863986456565,15.8819762758827));
#1870=CARTESIAN_POINT('',(-0.000196248462692735,5.6886203728782,15.8818802860058));
#1871=CARTESIAN_POINT('',(0.410067804019252,5.66023719799824,15.459586516149));
#1872=CARTESIAN_POINT('',(1.22311317787375,5.49617192348324,14.5942109768738));
#1873=CARTESIAN_POINT('',(2.70050895526574,4.77738370522381,12.9130029790891));
#1874=CARTESIAN_POINT('',(3.50502081744605,3.860161637363,11.5735474113134));
#1875=CARTESIAN_POINT('',(3.8494915309933,3.16149042125305,10.6694104180267));
#1876=CARTESIAN_POINT('',(3.8494915309933,3.16149042125305,10.6694104180267));
#1877=CARTESIAN_POINT('',(3.84949153099331,3.16149042125305,10.6694104180267));
#1878=CARTESIAN_POINT('',(4.13105993747796,2.59040053395617,9.93037397042266));
#1879=CARTESIAN_POINT('',(4.3481525869572,1.6838005738575,8.8147153064439));
#1880=CARTESIAN_POINT('',(4.24390837952269,0.405919322130838,7.34780085652133));
#1881=CARTESIAN_POINT('',(3.94599626920548,-0.484676419685942,6.24570576924085));
#1882=CARTESIAN_POINT('',(3.43084139881424,-1.33163720020721,5.16799248531215));
#1883=CARTESIAN_POINT('',(2.82874458581725,-1.91833495973657,4.31151167733122));
#1884=CARTESIAN_POINT('',(2.21457980271498,-2.31871111214101,3.65742489822911));
#1885=CARTESIAN_POINT('',(1.68679302847807,-2.57245411887051,3.22928787539546));
#1886=CARTESIAN_POINT('',(1.06914379099545,-2.78238900326041,2.87471068147146));
#1887=CARTESIAN_POINT('',(0.540768387595851,-2.90511760249933,2.88117018998645));
#1888=CARTESIAN_POINT('',(0.367451401955211,-2.97741153810306,3.04285601260929));
#1889=CARTESIAN_POINT('',(0.228843207425148,-2.99125906374319,3.04285601259989));
#1890=CARTESIAN_POINT('',(0.154236127664201,-2.98631514200186,3.00886614990014));
#1891=CARTESIAN_POINT('',(0.078207240893999,-2.97993317979278,2.97869812662338));
#1892=CARTESIAN_POINT('',(-9.09280453048064E-06,-2.97226305930944,2.95423044928599));
#1893=CARTESIAN_POINT('',(5.58883756433521E-06,-2.97226211270774,2.95418381291539));
#1894=CARTESIAN_POINT('',(0.,-2.,-3.97584801734976E-30));
#1895=CARTESIAN_POINT('',(0.,-7.5,16.));
#1896=CARTESIAN_POINT('',(0.,-4.18837563692629,25.2593700688604));
#1897=CARTESIAN_POINT('',(0.,-2.45038341668956,47.4286775400507));
#1898=CARTESIAN_POINT('',(0.,-7.5,59.));
#1899=CARTESIAN_POINT('',(0.,-7.5,65.));
#1900=CARTESIAN_POINT('',(0.,-2.,0.));
#1901=CARTESIAN_POINT('',(0.,0.,0.));
#1902=CARTESIAN_POINT('',(0.0241478223052052,-1.99985421535619,-3.97584801734976E-30));
#1903=CARTESIAN_POINT('',(0.016082806397266,-1.99995159874021,-3.97584801734976E-30));
#1904=CARTESIAN_POINT('',(0.00803340112645653,-2.,-3.97584801734976E-30));
#1905=CARTESIAN_POINT('',(0.,-2.,-3.97584801734976E-30));
#1906=CARTESIAN_POINT('',(-4.,-2.,-3.97584801734976E-30));
#1907=CARTESIAN_POINT('',(-4.,2.,-3.97584801734976E-30));
#1908=CARTESIAN_POINT('',(0.,2.,-3.97584801734976E-30));
#1909=CARTESIAN_POINT('',(2.96300685938029E-05,2.,-3.97584801734976E-30));
#1910=CARTESIAN_POINT('',(5.92603566663436E-05,1.99999999934154,-3.97584801734975E-30));
#1911=CARTESIAN_POINT('',(8.88908641981113E-05,1.9999999980246,-3.97584801734976E-30));
#1912=CARTESIAN_POINT('',(0.0707330309416725,-5.85790918558862,11.2242508023788));
#1913=CARTESIAN_POINT('',(0.0471092435644406,-5.8581944378912,11.2242508023788));
#1914=CARTESIAN_POINT('',(0.0235311823676138,-5.85833621331772,11.2242508023788));
#1915=CARTESIAN_POINT('',(0.,-5.85833621331771,11.2242508023788));
#1916=CARTESIAN_POINT('',(-11.7166724266354,-5.85833621331771,11.2242508023788));
#1917=CARTESIAN_POINT('',(-11.7166724266354,5.85833621331771,11.2242508023788));
#1918=CARTESIAN_POINT('',(0.,5.85833621331771,11.2242508023788));
#1919=CARTESIAN_POINT('',(8.67914519230817E-05,5.85833621331771,11.2242508023788));
#1920=CARTESIAN_POINT('',(0.000173583546736282,5.85833621138899,11.2242508023788));
#1921=CARTESIAN_POINT('',(0.000260376284382451,5.85833620753145,11.2242508023788));
#1922=CARTESIAN_POINT('',(0.0738397521860897,-6.11519903549964,17.0751187737158));
#1923=CARTESIAN_POINT('',(0.0491783658096156,-6.11549681659361,17.0751187737158));
#1924=CARTESIAN_POINT('',(0.024564713989184,-6.11564481905045,17.0751187737158));
#1925=CARTESIAN_POINT('',(0.,-6.11564481905045,17.0751187737158));
#1926=CARTESIAN_POINT('',(-12.2312896381009,-6.11564481905045,17.0751187737158));
#1927=CARTESIAN_POINT('',(-12.2312896381009,6.11564481905045,17.0751187737158));
#1928=CARTESIAN_POINT('',(0.,6.11564481905045,17.0751187737158));
#1929=CARTESIAN_POINT('',(9.06034877419001E-05,6.11564481905045,17.0751187737158));
#1930=CARTESIAN_POINT('',(0.000181207646610803,6.11564481703701,17.0751187737158));
#1931=CARTESIAN_POINT('',(0.000271812476547048,6.11564481301004,17.0751187737158));
#1932=CARTESIAN_POINT('',(0.0666141533223859,-5.51679541287003,21.9564833632648));
#1933=CARTESIAN_POINT('',(0.0443660102207556,-5.51706405455506,21.9564833632648));
#1934=CARTESIAN_POINT('',(0.0221609306037775,-5.51719757421163,21.9564833632648));
#1935=CARTESIAN_POINT('',(0.,-5.51719757421163,21.9564833632648));
#1936=CARTESIAN_POINT('',(-11.0343951484233,-5.51719757421163,21.9564833632648));
#1937=CARTESIAN_POINT('',(-11.0343951484233,5.51719757421163,21.9564833632648));
#1938=CARTESIAN_POINT('',(0.,5.51719757421163,21.9564833632648));
#1939=CARTESIAN_POINT('',(8.17374712847268E-05,5.51719757421163,21.9564833632648));
#1940=CARTESIAN_POINT('',(0.000163475548023233,5.51719757239521,21.9564833632648));
#1941=CARTESIAN_POINT('',(0.000245214230161697,5.5171975687623,21.9564833632648));
#1942=CARTESIAN_POINT('',(0.,0.,0.));
#1943=CARTESIAN_POINT('',(-9.09280453025909E-06,-2.97226305930944,2.95423044928599));
#1944=CARTESIAN_POINT('',(-0.210533634928517,-2.95161841225894,2.88837404404788));
#1945=CARTESIAN_POINT('',(-0.57424210756928,-2.89551068737264,2.85227052342923));
#1946=CARTESIAN_POINT('',(-0.909451752867097,-2.90418856874054,3.17722075779675));
#1947=CARTESIAN_POINT('',(-1.06997416265044,-2.98133861504334,3.5821587445884));
#1948=CARTESIAN_POINT('',(-1.10721275040158,-3.1402835594811,4.11639449095312));
#1949=CARTESIAN_POINT('',(-1.02535780579734,-3.35907471013373,4.72763014317804));
#1950=CARTESIAN_POINT('',(-0.856492200708542,-3.58452244346799,5.32482829435226));
#1951=CARTESIAN_POINT('',(-0.534444373901731,-3.86902992111213,6.09084537800761));
#1952=CARTESIAN_POINT('',(-0.226000363984689,-4.0425407243409,6.63225510042912));
#1953=CARTESIAN_POINT('',(-7.43914145366143E-05,-4.13510976383797,6.98748889361357));
#1954=CARTESIAN_POINT('',(-4.96554269747626E-07,-4.78080651487699,9.69414263417895));
#1955=CARTESIAN_POINT('',(-0.532532550810511,-4.63925491809897,9.03562261621451));
#1956=CARTESIAN_POINT('',(-1.30944915503004,-4.26820662485269,8.04492832802557));
#1957=CARTESIAN_POINT('',(-2.12438584804699,-3.50666569079995,6.74525438515405));
#1958=CARTESIAN_POINT('',(-2.61858757789577,-2.80434430211405,5.7618814981157));
#1959=CARTESIAN_POINT('',(-2.96869015229258,-1.99225223082636,4.82983152955675));
#1960=CARTESIAN_POINT('',(-3.10401849595829,-1.23560758998518,4.06908283393468));
#1961=CARTESIAN_POINT('',(-3.10670312559453,-0.569869058544207,3.5100542754479));
#1962=CARTESIAN_POINT('',(-3.04816555941006,-0.0369712808213776,3.14697724112537));
#1963=CARTESIAN_POINT('',(-2.91815585536463,0.548799545480032,2.85931900183825));
#1964=CARTESIAN_POINT('',(-2.78364641737324,1.00471027637619,2.89894157486461));
#1965=CARTESIAN_POINT('',(-2.76223973049575,1.17048352030212,3.04285601260929));
#1966=CARTESIAN_POINT('',(-2.70492794221465,1.29744550075788,3.0428560125999));
#1967=CARTESIAN_POINT('',(-2.59475895122758,1.46206850199114,2.95280864649788));
#1968=CARTESIAN_POINT('',(-2.39911256054666,1.72090951344235,2.84280980785915));
#1969=CARTESIAN_POINT('',(-2.14353189059021,2.07339045635488,2.97225156841314));
#1970=CARTESIAN_POINT('',(-2.0241079706553,2.3341830693896,3.32267318746506));
#1971=CARTESIAN_POINT('',(-2.09389250601476,2.48551600594431,3.85463164365861));
#1972=CARTESIAN_POINT('',(-2.28794883156557,2.56010837008355,4.46183579492944));
#1973=CARTESIAN_POINT('',(-2.54630561992278,2.55722389077576,5.05910540432381));
#1974=CARTESIAN_POINT('',(-2.93537276003756,2.46329063896081,5.82714633433645));
#1975=CARTESIAN_POINT('',(-3.44383645605711,2.20137323585607,6.72839242758665));
#1976=CARTESIAN_POINT('',(-4.00325076896661,1.71930032524193,7.76617079460308));
#1977=CARTESIAN_POINT('',(-4.63754078844748,0.835714680692931,9.11347627432662));
#1978=CARTESIAN_POINT('',(-4.89222340975332,0.00612519278568913,10.0407894678352));
#1979=CARTESIAN_POINT('',(-4.94731626251979,-0.581092530903059,10.6694104180268));
#1980=CARTESIAN_POINT('',(-4.94731626251979,-0.581092530903059,10.6694104180268));
#1981=CARTESIAN_POINT('',(-4.94731626251979,-0.581092530903059,10.6694104180268));
#1982=CARTESIAN_POINT('',(-5.00900169108539,-1.2385784864878,11.3732540342258));
#1983=CARTESIAN_POINT('',(-4.82705654177823,-2.58784216608054,12.7188142187393));
#1984=CARTESIAN_POINT('',(-3.94326545174817,-4.03999297309799,14.4291871156425));
#1985=CARTESIAN_POINT('',(-2.88419616559013,-4.93484972062451,15.7674852999433));
#1986=CARTESIAN_POINT('',(-1.70569074512382,-5.57476916128546,17.1174422194233));
#1987=CARTESIAN_POINT('',(-0.670017303243661,-5.77000351386455,18.1252411357116));
#1988=CARTESIAN_POINT('',(4.03120686948966E-06,-5.75357923696322,18.7993444270239));
#1989=CARTESIAN_POINT('',(-2.96141676322352E-06,-5.52781347295108,21.869038447835));
#1990=CARTESIAN_POINT('',(-0.450583956929303,-5.58289512203989,21.4107808702755));
#1991=CARTESIAN_POINT('',(-1.36134714233425,-5.56810353046653,20.4929932334173));
#1992=CARTESIAN_POINT('',(-2.71323406265239,-5.1373025498773,19.1316481882144));
#1993=CARTESIAN_POINT('',(-3.84948603084886,-4.37282438158485,17.7458122573136));
#1994=CARTESIAN_POINT('',(-4.75053258049742,-3.2991041860334,16.3844876904804));
#1995=CARTESIAN_POINT('',(-5.29635296708774,-2.04791370157238,14.9748334005265));
#1996=CARTESIAN_POINT('',(-5.53873724972792,-0.249868298701329,13.1219172394883));
#1997=CARTESIAN_POINT('',(-5.13802969243763,1.04173073400411,11.6623695376074));
#1998=CARTESIAN_POINT('',(-4.66267678412296,1.75301224686674,10.6694104180267));
#1999=CARTESIAN_POINT('',(-4.66267678412296,1.75301224686673,10.6694104180267));
#2000=CARTESIAN_POINT('',(-4.66267678412296,1.75301224686673,10.6694104180267));
#2001=CARTESIAN_POINT('',(-4.41596531086604,2.12217231062001,10.1540577127193));
#2002=CARTESIAN_POINT('',(-3.83051114303807,2.75480529887182,9.12083783477208));
#2003=CARTESIAN_POINT('',(-2.29292310121308,3.66083690239783,7.06405981374432));
#2004=CARTESIAN_POINT('',(-0.906215408915733,3.74526509363054,5.52858388790681));
#2005=CARTESIAN_POINT('',(-3.63792442453522E-05,3.46540870772388,4.57675927790967));
#2006=CARTESIAN_POINT('',(0.064430881099397,-5.33633211491907,12.708235284812));
#2007=CARTESIAN_POINT('',(0.0429119213342232,-5.33659193486808,12.708235284812));
#2008=CARTESIAN_POINT('',(0.0214346110301954,-5.33672107001629,12.708235284812));
#2009=CARTESIAN_POINT('',(0.,-5.33672107001629,12.708235284812));
#2010=CARTESIAN_POINT('',(-10.6734421400326,-5.33672107001629,12.708235284812));
#2011=CARTESIAN_POINT('',(-10.6734421400326,5.33672107001629,12.708235284812));
#2012=CARTESIAN_POINT('',(0.,5.33672107001629,12.708235284812));
#2013=CARTESIAN_POINT('',(0.0214327856198424,5.33672107001629,12.708235284812));
#2014=CARTESIAN_POINT('',(0.0429082632706321,5.33659195686173,12.708235284812));
#2015=CARTESIAN_POINT('',(0.0644253834089322,5.33633218129536,12.708235284812));
#2016=CARTESIAN_POINT('',(0.0769312238040662,-6.37164280886277,19.5451573088055));
#2017=CARTESIAN_POINT('',(0.051237334763943,-6.37195303691344,19.5451573088055));
#2018=CARTESIAN_POINT('',(0.0255931756663887,-6.37210722578714,19.5451573088055));
#2019=CARTESIAN_POINT('',(0.,-6.37210722578714,19.5451573088055));
#2020=CARTESIAN_POINT('',(-12.7442144515743,-6.37210722578714,19.5451573088055));
#2021=CARTESIAN_POINT('',(-12.7442144515743,6.37210722578714,19.5451573088055));
#2022=CARTESIAN_POINT('',(0.,6.37210722578714,19.5451573088055));
#2023=CARTESIAN_POINT('',(0.0255909961051286,6.37210722578714,19.5451573088055));
#2024=CARTESIAN_POINT('',(0.0512329669933334,6.37195306317412,19.5451573088055));
#2025=CARTESIAN_POINT('',(0.076924659497505,6.37164288811684,19.5451573088055));
#2026=CARTESIAN_POINT('',(0.0587391171499041,-4.86492551243351,24.8724183407897));
#2027=CARTESIAN_POINT('',(0.0391211222222754,-4.86516238013053,24.8724183407897));
#2028=CARTESIAN_POINT('',(0.0195410974812365,-4.86528010760018,24.8724183407897));
#2029=CARTESIAN_POINT('',(0.,-4.86528010760018,24.8724183407897));
#2030=CARTESIAN_POINT('',(-9.73056021520036,-4.86528010760018,24.8724183407897));
#2031=CARTESIAN_POINT('',(-9.73056021520036,4.86528010760018,24.8724183407897));
#2032=CARTESIAN_POINT('',(0.,4.86528010760018,24.8724183407897));
#2033=CARTESIAN_POINT('',(0.0195394333259317,4.86528010760018,24.8724183407897));
#2034=CARTESIAN_POINT('',(0.0391177873086105,4.86516240018129,24.8724183407897));
#2035=CARTESIAN_POINT('',(0.058734105120288,4.86492557294618,24.8724183407897));
#2036=CARTESIAN_POINT('',(0.0472720748041425,-3.91519542511057,31.8125005132965));
#2037=CARTESIAN_POINT('',(0.0314839021395885,-3.91538605152846,31.8125005132965));
#2038=CARTESIAN_POINT('',(0.015726287127037,-3.91548079625772,31.8125005132965));
#2039=CARTESIAN_POINT('',(0.,-3.91548079625772,31.8125005132965));
#2040=CARTESIAN_POINT('',(-7.83096159251545,-3.91548079625772,31.8125005132965));
#2041=CARTESIAN_POINT('',(-7.83096159251545,3.91548079625772,31.8125005132965));
#2042=CARTESIAN_POINT('',(0.,3.91548079625772,31.8125005132965));
#2043=CARTESIAN_POINT('',(0.0157249478479012,3.91548079625772,31.8125005132965));
#2044=CARTESIAN_POINT('',(0.0314812182673091,3.91538606766491,31.8125005132965));
#2045=CARTESIAN_POINT('',(0.0472680412222565,3.91519547380996,31.8125005132965));
#2046=CARTESIAN_POINT('',(0.0450200263308535,-3.72867494941155,33.853121174942));
#2047=CARTESIAN_POINT('',(0.0299840044930306,-3.72885649435935,33.853121174942));
#2048=CARTESIAN_POINT('',(0.0149770845362541,-3.72894672543603,33.853121174942));
#2049=CARTESIAN_POINT('',(0.,-3.72894672543603,33.853121174942));
#2050=CARTESIAN_POINT('',(-7.45789345087205,-3.72894672543603,33.853121174942));
#2051=CARTESIAN_POINT('',(-7.45789345087205,3.72894672543603,33.853121174942));
#2052=CARTESIAN_POINT('',(0.,3.72894672543603,33.853121174942));
#2053=CARTESIAN_POINT('',(0.0149758090605698,3.72894672543603,33.853121174942));
#2054=CARTESIAN_POINT('',(0.0299814484808144,3.72885650972706,33.853121174942));
#2055=CARTESIAN_POINT('',(0.0450161849093914,3.7286749957909,33.853121174942));
#2056=CARTESIAN_POINT('',(-0.000357319195142416,5.36195974762531,12.8771272533902));
#2057=CARTESIAN_POINT('',(-0.502970752143078,5.43834433062936,13.3954800976123));
#2058=CARTESIAN_POINT('',(-1.51774614606567,5.4337195403314,14.4247436236412));
#2059=CARTESIAN_POINT('',(-3.01434385523193,4.92381926382264,15.942156681813));
#2060=CARTESIAN_POINT('',(-4.23891304092566,4.01435870578484,17.4733696751925));
#2061=CARTESIAN_POINT('',(-5.15238422398454,2.728236792972,18.9929499038563));
#2062=CARTESIAN_POINT('',(-5.59619565684591,1.27651517723966,20.5525792443156));
#2063=CARTESIAN_POINT('',(-5.57286101848815,-0.253652777249651,22.0905954356828));
#2064=CARTESIAN_POINT('',(-5.07622285105766,-1.65199603664594,23.7070396343014));
#2065=CARTESIAN_POINT('',(-4.489264379292,-2.43220724797776,24.7686913399166));
#2066=CARTESIAN_POINT('',(-4.14914154800297,-2.76101908515079,25.3235541471972));
#2067=CARTESIAN_POINT('',(-4.14914154800297,-2.76101908515079,25.3235541471972));
#2068=CARTESIAN_POINT('',(-4.14914154800297,-2.76101908515078,25.3235541471973));
#2069=CARTESIAN_POINT('',(-3.59886736035102,-3.29299356597281,26.2212494867825));
#2070=CARTESIAN_POINT('',(-2.60063368456771,-3.89071553318059,27.5122185215329));
#2071=CARTESIAN_POINT('',(-1.11288446829822,-4.18266403921708,29.3316676067681));
#2072=CARTESIAN_POINT('',(-0.36052368650816,-4.15200915398454,30.2181041281716));
#2073=CARTESIAN_POINT('',(4.85381094497129E-06,-4.09052368889637,30.672056496427));
#2074=CARTESIAN_POINT('',(-3.5807176318874E-06,-3.74073541973908,33.7254344581579));
#2075=CARTESIAN_POINT('',(-0.389265548291692,-3.79922417987454,33.0981298520298));
#2076=CARTESIAN_POINT('',(-0.788004177969047,-3.80645075238813,32.4756911154368));
#2077=CARTESIAN_POINT('',(-1.19875210417782,-3.75216453817375,31.8613778197082));
#2078=CARTESIAN_POINT('',(-1.19875210417783,-3.75216453817375,31.8613778197082));
#2079=CARTESIAN_POINT('',(-1.19875210417783,-3.75216453817375,31.8613778197082));
#2080=CARTESIAN_POINT('',(-1.58895591267536,-3.70059352299929,31.2777902412723));
#2081=CARTESIAN_POINT('',(-2.34511322075061,-3.50538034268635,30.1242081379853));
#2082=CARTESIAN_POINT('',(-3.45485409722852,-2.84944789097412,28.4655952327779));
#2083=CARTESIAN_POINT('',(-4.38493380065235,-1.86881639700443,26.8432664198996));
#2084=CARTESIAN_POINT('',(-4.80892208376725,-1.01210043151324,25.8347866323081));
#2085=CARTESIAN_POINT('',(-4.95392565642655,-0.545181221712002,25.3235541472097));
#2086=CARTESIAN_POINT('',(-4.95392565642655,-0.54518122171201,25.3235541472097));
#2087=CARTESIAN_POINT('',(-4.95392565642655,-0.54518122171201,25.3235541472097));
#2088=CARTESIAN_POINT('',(-5.18343631943141,0.193855309911743,24.514378866541));
#2089=CARTESIAN_POINT('',(-5.2640157125079,1.35983409960379,23.3356498707791));
#2090=CARTESIAN_POINT('',(-4.78450727187153,2.88683849687426,21.7605469642227));
#2091=CARTESIAN_POINT('',(-4.18503053976456,3.87911845809541,20.5855749910535));
#2092=CARTESIAN_POINT('',(-3.31891558468091,4.73326661949899,19.4144242385253));
#2093=CARTESIAN_POINT('',(-1.97929117005609,5.52787150788848,17.8497603857809));
#2094=CARTESIAN_POINT('',(-0.771504469220034,5.74198155815308,16.6758047214876));
#2095=CARTESIAN_POINT('',(-0.000196248462692735,5.6886203728782,15.8818802860058));
#2096=CARTESIAN_POINT('',(0.,-5.09033289915683,24.731366545913));
#2097=CARTESIAN_POINT('',(-10.1806657983137,-5.09033289915683,24.731366545913));
#2098=CARTESIAN_POINT('',(-10.1806657983137,5.09033289915683,24.731366545913));
#2099=CARTESIAN_POINT('',(0.,5.09033289915683,24.731366545913));
#2100=CARTESIAN_POINT('',(0.0204433240172762,5.09033289915683,24.731366545913));
#2101=CARTESIAN_POINT('',(0.0409273692665636,5.09020974627034,24.731366545913));
#2102=CARTESIAN_POINT('',(0.0614511346518165,5.08996196275457,24.731366545913));
#2103=CARTESIAN_POINT('',(0.,-4.89940224338897,25.8088305477491));
#2104=CARTESIAN_POINT('',(-9.79880448677794,-4.89940224338897,25.8088305477491));
#2105=CARTESIAN_POINT('',(-9.79880448677794,4.89940224338897,25.8088305477491));
#2106=CARTESIAN_POINT('',(0.,4.89940224338897,25.8088305477491));
#2107=CARTESIAN_POINT('',(0.0196765259830376,4.89940224338897,25.8088305477491));
#2108=CARTESIAN_POINT('',(0.0393922458065218,4.8992837097802,25.8088305477491));
#2109=CARTESIAN_POINT('',(0.059146195923999,4.89904522024778,25.8088305477491));
#2110=CARTESIAN_POINT('',(0.,-3.63446540684581,32.3248828249642));
#2111=CARTESIAN_POINT('',(-7.26893081369163,-3.63446540684581,32.3248828249642));
#2112=CARTESIAN_POINT('',(-7.26893081369163,3.63446540684581,32.3248828249642));
#2113=CARTESIAN_POINT('',(0.,3.63446540684581,32.3248828249642));
#2114=CARTESIAN_POINT('',(0.0145964036957264,3.63446540684581,32.3248828249642));
#2115=CARTESIAN_POINT('',(0.0292218820928527,3.6343774764659,32.3248828249642));
#2116=CARTESIAN_POINT('',(0.0438757204151512,3.6342005606071,32.3248828249642));
#2117=CARTESIAN_POINT('',(0.,-2.45038341668956,47.4286775400507));
#2118=CARTESIAN_POINT('',(-4.90076683337912,-2.45038341668956,47.4286775400507));
#2119=CARTESIAN_POINT('',(-4.90076683337912,2.45038341668956,47.4286775400507));
#2120=CARTESIAN_POINT('',(0.,2.45038341668956,47.4286775400507));
#2121=CARTESIAN_POINT('',(0.00984100316155011,2.45038341668956,47.4286775400507));
#2122=CARTESIAN_POINT('',(0.0197016087014916,2.45032413337809,47.4286775400507));
#2123=CARTESIAN_POINT('',(0.0295813347124135,2.45020485539961,47.4286775400507));
#2124=CARTESIAN_POINT('',(0.,-7.5,59.));
#2125=CARTESIAN_POINT('',(-15.,-7.5,59.));
#2126=CARTESIAN_POINT('',(-15.,7.5,59.));
#2127=CARTESIAN_POINT('',(0.,7.5,59.));
#2128=CARTESIAN_POINT('',(0.0301208060783153,7.5,59.));
#2129=CARTESIAN_POINT('',(0.0603016100479541,7.49981854887156,59.));
#2130=CARTESIAN_POINT('',(0.0905409369129797,7.49945346933648,59.));
#2131=CARTESIAN_POINT('',(0.,-7.5,65.));
#2132=CARTESIAN_POINT('',(-15.,-7.5,65.));
#2133=CARTESIAN_POINT('',(-15.,7.5,65.));
#2134=CARTESIAN_POINT('',(0.,7.5,65.));
#2135=CARTESIAN_POINT('',(0.0301208060783153,7.5,65.));
#2136=CARTESIAN_POINT('',(0.0603016100479541,7.49981854887156,65.));
#2137=CARTESIAN_POINT('',(0.0905409369129797,7.49945346933648,65.));
#2138=CARTESIAN_POINT('',(-0.000289132123782969,5.0523373741822,24.9445180985774));
#2139=CARTESIAN_POINT('',(-0.106851447247995,5.02983674511336,25.0700104731033));
#2140=CARTESIAN_POINT('',(-0.212273088343714,5.00360853093813,25.1963504666429));
#2141=CARTESIAN_POINT('',(-0.316541894093304,4.97377152703757,25.3235541472223));
#2142=CARTESIAN_POINT('',(-0.316541894093304,4.97377152703757,25.3235541472223));
#2143=CARTESIAN_POINT('',(-0.316541894093304,4.97377152703757,25.3235541472223));
#2144=CARTESIAN_POINT('',(-0.802225343776507,4.83479094815349,25.9160681014392));
#2145=CARTESIAN_POINT('',(-1.72229279708165,4.41282878804917,27.0660685045675));
#2146=CARTESIAN_POINT('',(-2.84625853544499,3.40327035960098,28.8417579353524));
#2147=CARTESIAN_POINT('',(-3.60608615270085,2.10745298592337,30.6059184640295));
#2148=CARTESIAN_POINT('',(-3.79684919880349,1.15821273582695,31.8300736405779));
#2149=CARTESIAN_POINT('',(-3.81372299177119,0.671632121030008,32.4387578152));
#2150=CARTESIAN_POINT('',(-3.81372299177119,0.67163212103001,32.4387578152));
#2151=CARTESIAN_POINT('',(-3.81372299177119,0.67163212103001,32.4387578152001));
#2152=CARTESIAN_POINT('',(-3.83694397730526,0.0020208819271362,33.2764027028042));
#2153=CARTESIAN_POINT('',(-3.70018999472078,-0.612330658452007,34.1304487794392));
#2154=CARTESIAN_POINT('',(-3.43689032282801,-1.17946757348791,35.));
#2155=CARTESIAN_POINT('',(-3.43689032282801,-1.1794675734879,35.));
#2156=CARTESIAN_POINT('',(0.,0.,35.));
#2157=CARTESIAN_POINT('',(0.,0.,65.));
#2158=CARTESIAN_POINT('',(-7.5,0.,65.));
#2159=CARTESIAN_POINT('',(0.,0.,65.));
#2160=CARTESIAN_POINT('',(0.,0.,35.));
#2161=CARTESIAN_POINT('',(-3.45699812247874,1.11916166358429,35.));
#2162=CARTESIAN_POINT('',(-3.45699812247874,1.11916166358429,35.));
#2163=CARTESIAN_POINT('',(-3.40031479732378,1.4243653756648,34.4634926550661));
#2164=CARTESIAN_POINT('',(-3.19923405102418,2.06491938908224,33.4173634796153));
#2165=CARTESIAN_POINT('',(-2.86127236777252,2.63930519511017,32.3753889358971));
#2166=CARTESIAN_POINT('',(-2.65009375715662,2.91423204413457,31.8613778197277));
#2167=CARTESIAN_POINT('',(-2.65009375715662,2.91423204413456,31.8613778197277));
#2168=CARTESIAN_POINT('',(-2.65009375715662,2.91423204413456,31.8613778197277));
#2169=CARTESIAN_POINT('',(-2.34365973606679,3.31316894217732,31.1155139618624));
#2170=CARTESIAN_POINT('',(-1.61839540188154,4.0068531457213,29.6520564268448));
#2171=CARTESIAN_POINT('',(-0.557577250983921,4.45504100631408,28.2492787170217));
#2172=CARTESIAN_POINT('',(0.000212785822045618,4.57543634221359,27.5655163723941));
#2173=CARTESIAN_POINT('',(2.8899940262039,-2.63343124804948,10.2039328845604));
#2174=CARTESIAN_POINT('',(3.23773802466061,-2.25180819298301,10.9479759930919));
#2175=CARTESIAN_POINT('',(3.4745033747203,-1.79300081114173,11.6666666666667));
#2176=CARTESIAN_POINT('',(3.95493649409408,-0.862010437786212,13.125));
#2177=CARTESIAN_POINT('',(3.90550859361341,0.184467435905309,14.5833333333333));
#2178=CARTESIAN_POINT('',(3.85608069313274,1.23094530959683,16.0416666666667));
#2179=CARTESIAN_POINT('',(3.29003593881499,2.11250778247168,17.5));
#2180=CARTESIAN_POINT('',(2.72399118449725,2.99407025534653,18.9583333333334));
#2181=CARTESIAN_POINT('',(1.79300081114173,3.4745033747203,20.4166666666667));
#2182=CARTESIAN_POINT('',(0.862010437786215,3.95493649409408,21.875));
#2183=CARTESIAN_POINT('',(-0.184467435905307,3.90550859361341,23.3333333333333));
#2184=CARTESIAN_POINT('',(-0.652541720216563,3.88340021490409,23.9856245555828));
#2185=CARTESIAN_POINT('',(-1.10213528676855,3.75130956058778,24.6607437998506));
#2186=CARTESIAN_POINT('',(3.47917956759167,-3.17031111753058,10.2039328845604));
#2187=CARTESIAN_POINT('',(3.89781843092954,-2.71088624548224,10.9479759930919));
#2188=CARTESIAN_POINT('',(4.18285333438343,-2.15854141227884,11.6666666666667));
#2189=CARTESIAN_POINT('',(4.76123276263268,-1.03774923927298,13.125));
#2190=CARTESIAN_POINT('',(4.70172795401992,0.222074969037495,14.5833333333333));
#2191=CARTESIAN_POINT('',(4.64222314540716,1.48189917734797,16.0416666666667));
#2192=CARTESIAN_POINT('',(3.96077836534593,2.54318654174107,17.5));
#2193=CARTESIAN_POINT('',(3.27933358528472,3.60447390613418,18.9583333333334));
#2194=CARTESIAN_POINT('',(2.15854141227885,4.18285333438343,20.4166666666667));
#2195=CARTESIAN_POINT('',(1.03774923927298,4.76123276263268,21.875));
#2196=CARTESIAN_POINT('',(-0.222074969037493,4.70172795401992,23.3333333333333));
#2197=CARTESIAN_POINT('',(-0.785575956003173,4.67511232132981,23.9856245555828));
#2198=CARTESIAN_POINT('',(-1.32682854555368,4.51609223291434,24.6607437998506));
#2199=CARTESIAN_POINT('',(2.93410134787685,-2.59165222197195,10.2911392253734));
#2200=CARTESIAN_POINT('',(3.48453305920325,-1.96875723915451,11.4874261527327));
#2201=CARTESIAN_POINT('',(4.17875276231784,-0.348525820141161,13.8612378684578));
#2202=CARTESIAN_POINT('',(3.55832527967436,2.22457054078391,17.4396214789898));
#2203=CARTESIAN_POINT('',(1.85543578795318,3.62587378639229,20.3925981414939));
#2204=CARTESIAN_POINT('',(0.200970318138903,3.9782206019468,22.8069549841311));
#2205=CARTESIAN_POINT('',(-0.644309494074496,3.88404114220765,23.9750925616991));
#2206=CARTESIAN_POINT('',(-1.04528423883999,3.77270177832703,24.5735970312493));
#2207=CARTESIAN_POINT('',(2.93410134787685,-2.59165222197195,10.2911392253734));
#2208=CARTESIAN_POINT('',(-1.04528423884,3.77270177832703,24.5735970312493));
#2209=CARTESIAN_POINT('',(-1.04528423883936,3.77270177832477,24.5735970312493));
#2210=CARTESIAN_POINT('',(-0.6569131207825,4.00053049405793,23.9478279431426));
#2211=CARTESIAN_POINT('',(0.234610013875332,4.31500715055759,22.7452733653032));
#2212=CARTESIAN_POINT('',(1.67901697588302,4.26447523975338,20.9376505077226));
#2213=CARTESIAN_POINT('',(3.04560837760876,3.63546261092678,19.1791350194842));
#2214=CARTESIAN_POINT('',(4.06970218222278,2.54137535793025,17.4330825339377));
#2215=CARTESIAN_POINT('',(4.60601863975115,1.14057130428408,15.6748365668176));
#2216=CARTESIAN_POINT('',(4.57956519773164,-0.365224475583742,13.9196814527001));
#2217=CARTESIAN_POINT('',(4.00057811553006,-1.69341613184731,12.1123412442095));
#2218=CARTESIAN_POINT('',(3.31829415597451,-2.35246736518316,10.9151645834254));
#2219=CARTESIAN_POINT('',(2.93410134787685,-2.59165222197195,10.2911392253734));
#2220=CARTESIAN_POINT('',(-2.99999998147942,0.000333351851853461,27.9272491338774));
#2221=CARTESIAN_POINT('',(-2.99999998147942,0.000333351851854596,35.0423014404333));
#2222=CARTESIAN_POINT('',(-2.9999999938267,0.000222232510594561,27.9272491338774));
#2223=CARTESIAN_POINT('',(-2.9999999938267,0.000222232510595696,35.0423014404333));
#2224=CARTESIAN_POINT('',(-3.,0.00011111522649147,27.9272491338774));
#2225=CARTESIAN_POINT('',(-3.,0.000111115226492605,35.0423014404333));
#2226=CARTESIAN_POINT('',(-3.,1.53853983294731E-15,27.9272491338774));
#2227=CARTESIAN_POINT('',(-3.,2.67368992455204E-15,35.0423014404333));
#2228=CARTESIAN_POINT('',(-3.,-1.19271749218549,27.9272491338775));
#2229=CARTESIAN_POINT('',(-3.,-1.19271749218549,35.0423014404333));
#2230=CARTESIAN_POINT('',(-2.34080959219716,-2.43044780251252,27.9272491338775));
#2231=CARTESIAN_POINT('',(-2.34080959219716,-2.43044780251252,35.0423014404333));
#2232=CARTESIAN_POINT('',(-0.860976502568138,-2.87379878593222,27.9272491338774));
#2233=CARTESIAN_POINT('',(-0.860976502568141,-2.87379878593222,35.0423014404333));
#2234=CARTESIAN_POINT('',(-2.99999999610865,-0.000152800834282154,27.9693516883663));
#2235=CARTESIAN_POINT('',(-2.9999788723122,-0.414884759351271,28.7471157478814));
#2236=CARTESIAN_POINT('',(-2.81750481691524,-1.26395627194838,30.2991349530595));
#2237=CARTESIAN_POINT('',(-2.32568874522298,-1.94223639073967,31.8606451234111));
#2238=CARTESIAN_POINT('',(-2.00972669972181,-2.2273299244668,32.6339464829539));
#2239=CARTESIAN_POINT('',(-2.00972669972183,-2.22732992446679,32.6339464829539));
#2240=CARTESIAN_POINT('',(-2.00972669972183,-2.22732992446679,32.6339464829539));
#2241=CARTESIAN_POINT('',(-1.68719015596018,-2.51835564836755,33.4233385993316));
#2242=CARTESIAN_POINT('',(-1.30880656419052,-2.73491207227446,34.2160149160837));
#2243=CARTESIAN_POINT('',(-0.88955204561053,-2.86508239988836,35.));
#2244=CARTESIAN_POINT('',(-0.889552045610544,-2.86508239988836,35.));
#2245=CARTESIAN_POINT('',(-2.76709623796466E-15,2.71050543121376E-15,35.));
#2246=CARTESIAN_POINT('',(-1.94598474341055,-2.28323090781756,35.));
#2247=CARTESIAN_POINT('',(-1.94598474341053,-2.28323090781757,35.));
#2248=CARTESIAN_POINT('',(-2.41893692106426,-1.88013645121849,33.8143198961942));
#2249=CARTESIAN_POINT('',(-2.75293274709574,-1.35590060169332,32.6404980365692));
#2250=CARTESIAN_POINT('',(-2.90996710081303,-0.729446003612181,31.4669525402289));
#2251=CARTESIAN_POINT('',(-2.90996710081303,-0.729446003612177,31.4669525402289));
#2252=CARTESIAN_POINT('',(-2.90996710081304,-0.729446003612164,31.4669525402289));
#2253=CARTESIAN_POINT('',(-2.97070933094212,-0.487128011011834,31.01301511241));
#2254=CARTESIAN_POINT('',(-3.00000753183541,-0.243983644257481,30.5567203068943));
#2255=CARTESIAN_POINT('',(-2.99999999857108,9.25931717892116E-05,30.0983128945428));
#2256=CARTESIAN_POINT('',(4.20185674720212,2.11979212582838,11.3577362953337));
#2257=CARTESIAN_POINT('',(4.14209870460392,2.23824465305093,11.513237672091));
#2258=CARTESIAN_POINT('',(4.07576239316633,2.35314251484753,11.6666666666667));
#2259=CARTESIAN_POINT('',(3.4452397566376,3.4452397566376,13.125));
#2260=CARTESIAN_POINT('',(2.35314251484753,4.07576239316633,14.5833333333333));
#2261=CARTESIAN_POINT('',(1.26104527305748,4.70628502969507,16.0416666666667));
#2262=CARTESIAN_POINT('',(2.86349455830522E-15,4.70628502969507,17.5));
#2263=CARTESIAN_POINT('',(-1.26104527305747,4.70628502969508,18.9583333333334));
#2264=CARTESIAN_POINT('',(-2.35314251484753,4.07576239316633,20.4166666666667));
#2265=CARTESIAN_POINT('',(-3.44523975663759,3.4452397566376,21.875));
#2266=CARTESIAN_POINT('',(-4.07576239316633,2.35314251484753,23.3333333333333));
#2267=CARTESIAN_POINT('',(-4.60535318912286,1.43586434902999,24.5582218084273));
#2268=CARTESIAN_POINT('',(-4.69090711668546,0.380143661477605,25.8056184646615));
#2269=CARTESIAN_POINT('',(3.49083711117669,1.76109026699902,11.3577362953337));
#2270=CARTESIAN_POINT('',(3.4411910605511,1.85949878085816,11.513237672091));
#2271=CARTESIAN_POINT('',(3.386079886678,1.95495413407112,11.6666666666667));
#2272=CARTESIAN_POINT('',(2.86225150521376,2.86225150521376,13.125));
#2273=CARTESIAN_POINT('',(1.95495413407112,3.386079886678,14.5833333333333));
#2274=CARTESIAN_POINT('',(1.04765676292849,3.90990826814224,16.0416666666667));
#2275=CARTESIAN_POINT('',(2.85438211480535E-15,3.90990826814224,17.5));
#2276=CARTESIAN_POINT('',(-1.04765676292848,3.90990826814224,18.9583333333334));
#2277=CARTESIAN_POINT('',(-1.95495413407112,3.386079886678,20.4166666666667));
#2278=CARTESIAN_POINT('',(-2.86225150521376,2.86225150521376,21.875));
#2279=CARTESIAN_POINT('',(-3.386079886678,1.95495413407112,23.3333333333333));
#2280=CARTESIAN_POINT('',(-3.82605566774042,1.19289372717122,24.5582218084273));
#2281=CARTESIAN_POINT('',(-3.89713253763641,0.31581743046053,25.8056184646615));
#2282=CARTESIAN_POINT('',(-3.89746722103545,0.376137503810419,25.720431873269));
#2283=CARTESIAN_POINT('',(-3.85624081127272,0.792635368069797,25.1263967568006));
#2284=CARTESIAN_POINT('',(-3.65077811399729,1.59233011197603,23.9421921638876));
#2285=CARTESIAN_POINT('',(-2.7183920782671,3.03682631372914,21.5616638457575));
#2286=CARTESIAN_POINT('',(-1.20437150542665,3.89112056911258,19.1763916688101));
#2287=CARTESIAN_POINT('',(0.502536361698065,3.95170214230303,16.8107200614805));
#2288=CARTESIAN_POINT('',(1.72201587005308,3.59228413972401,14.9956744646026));
#2289=CARTESIAN_POINT('',(2.76120978148838,2.86733782432739,13.2374904982119));
#2290=CARTESIAN_POINT('',(3.27518736208281,2.19031906921817,12.0322810934866));
#2291=CARTESIAN_POINT('',(3.46907502562534,1.81717342986404,11.4419364934772));
#2292=CARTESIAN_POINT('',(-3.89746722103545,0.376137503810406,25.720431873269));
#2293=CARTESIAN_POINT('',(3.46907502562531,1.81717342986409,11.4419364934773));
#2294=CARTESIAN_POINT('',(3.46907502562528,1.81717342986418,11.4419364934774));
#2295=CARTESIAN_POINT('',(3.37311097198526,2.26540738142711,12.0618710663454));
#2296=CARTESIAN_POINT('',(3.00423728529807,3.12648743835591,13.284995102542));
#2297=CARTESIAN_POINT('',(1.94881317306545,4.14484198304774,15.0628996138014));
#2298=CARTESIAN_POINT('',(0.580985098656518,4.70305655089358,16.8445909972132));
#2299=CARTESIAN_POINT('',(-0.936053706325207,4.70338979146296,18.5848628892724));
#2300=CARTESIAN_POINT('',(-2.32299553035817,4.14639092390497,20.3357373995988));
#2301=CARTESIAN_POINT('',(-3.389259457823,3.10112634386659,22.1011978405103));
#2302=CARTESIAN_POINT('',(-3.96976816949002,1.74250998579333,23.8878014063415));
#2303=CARTESIAN_POINT('',(-3.97178720109966,0.822768257453425,25.0995800266331));
#2304=CARTESIAN_POINT('',(-3.89746722103546,0.376137503810407,25.7204318732691));
#2305=CARTESIAN_POINT('',(-3.67439337233734,-3.77254895063026,35.));
#2306=CARTESIAN_POINT('',(-3.67439337233734,-1.04056126462338,35.));
#2307=CARTESIAN_POINT('',(0.996779679143037,-3.77254895063026,35.));
#2308=CARTESIAN_POINT('',(0.996779679143037,-1.04056126462338,35.));
#2309=CARTESIAN_POINT('',(-0.889551867685404,-2.86508187274925,35.0000000000018));
#2310=CARTESIAN_POINT('',(-0.644323440213146,-2.94126209954637,35.0000000000018));
#2311=CARTESIAN_POINT('',(-0.417415511800084,-3.0761500098471,35.));
#2312=CARTESIAN_POINT('',(-0.240822239438918,-3.2625653837979,35.));
#2313=CARTESIAN_POINT('',(-0.240822190213213,-3.26256533716598,35.));
#2314=CARTESIAN_POINT('',(-0.240822190213226,-3.26256533716599,35.));
#2315=CARTESIAN_POINT('',(0.0109883865949305,-3.52838343169496,35.));
#2316=CARTESIAN_POINT('',(0.401824149559762,-3.62980745223321,35.));
#2317=CARTESIAN_POINT('',(0.759276629633703,-3.55342902669384,35.));
#2318=CARTESIAN_POINT('',(-3.43689032282801,-1.1794675734879,35.));
#2319=CARTESIAN_POINT('',(-3.30452062028968,-1.56518411196321,35.));
#2320=CARTESIAN_POINT('',(-2.98117668935926,-1.87805109465133,35.));
#2321=CARTESIAN_POINT('',(-2.58156334810083,-1.96302738524067,35.));
#2322=CARTESIAN_POINT('',(-2.58156334810083,-1.96302738524068,35.));
#2323=CARTESIAN_POINT('',(-2.58156334810083,-1.96302738524067,35.));
#2324=CARTESIAN_POINT('',(-2.34718198357091,-2.01286771058693,35.));
#2325=CARTESIAN_POINT('',(-2.12965170215791,-2.12669260134703,35.));
#2326=CARTESIAN_POINT('',(-1.94598474341055,-2.28323090781756,35.));
#2327=CARTESIAN_POINT('',(-0.229785728822477,-3.26529481421219,35.0154108759842));
#2328=CARTESIAN_POINT('',(-0.392302996751224,-2.98783252932621,35.1995138301554));
#2329=CARTESIAN_POINT('',(-0.678210549134828,-2.93186061039722,35.4284572629617));
#2330=CARTESIAN_POINT('',(-0.296748590395706,-3.26372305985924,34.8961675966751));
#2331=CARTESIAN_POINT('',(-0.454073386867925,-2.97758118464062,35.0759838275552));
#2332=CARTESIAN_POINT('',(-0.741528733317869,-2.91168796680344,35.3040108910163));
#2333=CARTESIAN_POINT('',(-0.363939064196548,-3.26147569734954,34.7761377121859));
#2334=CARTESIAN_POINT('',(-0.515520596665621,-2.96767585664652,34.9515352692808));
#2335=CARTESIAN_POINT('',(-0.803522371565545,-2.8919258963186,35.178210290259));
#2336=CARTESIAN_POINT('',(-0.440205969458314,-3.25810330771119,34.6403294363709));
#2337=CARTESIAN_POINT('',(-0.58498897893112,-2.95692025831663,34.8106811553585));
#2338=CARTESIAN_POINT('',(-0.872402017479341,-2.87041609545042,35.035634272432));
#2339=CARTESIAN_POINT('',(-0.448691669544232,-3.25771663677246,34.6252248204649));
#2340=CARTESIAN_POINT('',(-0.592715060276811,-2.95572995443454,34.7950132950404));
#2341=CARTESIAN_POINT('',(-0.880043264563237,-2.86803591627479,35.0197779413865));
#2342=CARTESIAN_POINT('',(-0.465682337146321,-3.25691910740517,34.5949956880557));
#2343=CARTESIAN_POINT('',(-0.608177874747972,-2.95335949910606,34.7636562524323));
#2344=CARTESIAN_POINT('',(-0.895303725906677,-2.8632956588195,34.9880378854515));
#2345=CARTESIAN_POINT('',(-0.473815320514732,-3.25617325458624,34.5810063622933));
#2346=CARTESIAN_POINT('',(-0.615466377161451,-2.95162997021156,34.7501353864082));
#2347=CARTESIAN_POINT('',(-0.902920219953994,-2.86090872157069,34.9749821291542));
#2348=CARTESIAN_POINT('',(-0.49866081996458,-3.25426194039027,34.5375672513603));
#2349=CARTESIAN_POINT('',(-0.637854201484342,-2.94702630439121,34.7067720244489));
#2350=CARTESIAN_POINT('',(-0.925723133504974,-2.85364525250387,34.9321820171121));
#2351=CARTESIAN_POINT('',(-0.51520087778911,-3.25287552381726,34.5085973156752));
#2352=CARTESIAN_POINT('',(-0.652728600893758,-2.94385046974135,34.6778568615579));
#2353=CARTESIAN_POINT('',(-0.940865281189187,-2.84868841946266,34.9036443091009));
#2354=CARTESIAN_POINT('',(-0.564777620483571,-3.24837954740561,34.421610954195));
#2355=CARTESIAN_POINT('',(-0.697230618666062,-2.93400007092769,34.5910327580275));
#2356=CARTESIAN_POINT('',(-0.986112645099887,-2.83347747569761,34.8180172240756));
#2357=CARTESIAN_POINT('',(-0.597737369581327,-3.24493542657679,34.3635763549581));
#2358=CARTESIAN_POINT('',(-0.726696666312407,-2.92701030085156,34.5331228341924));
#2359=CARTESIAN_POINT('',(-1.01603881174472,-2.82288299530568,34.7609138804087));
#2360=CARTESIAN_POINT('',(-0.762518796875165,-3.22545509866166,34.0724477757698));
#2361=CARTESIAN_POINT('',(-0.873519732057957,-2.8898715749366,34.2424559771122));
#2362=CARTESIAN_POINT('',(-1.16447816407459,-2.76767826163286,34.4752902594398));
#2363=CARTESIAN_POINT('',(-0.892913713193934,-3.20277550527024,33.8388986062511));
#2364=CARTESIAN_POINT('',(-0.98770142959431,-2.85351524283054,34.0095550351337));
#2365=CARTESIAN_POINT('',(-1.27942519652063,-2.71639324107368,34.246447154521));
#2366=CARTESIAN_POINT('',(-1.1518426638821,-3.1432385536891,33.3696196851953));
#2367=CARTESIAN_POINT('',(-1.21018177697264,-2.76823567965755,33.5418758884695));
#2368=CARTESIAN_POINT('',(-1.50162825843711,-2.60016031180882,33.7877515419433));
#2369=CARTESIAN_POINT('',(-1.28050734075265,-3.1062516296047,33.1336132318496));
#2370=CARTESIAN_POINT('',(-1.31858964221489,-2.71913075889635,33.3067309203598));
#2371=CARTESIAN_POINT('',(-1.60888407276454,-2.53521355281013,33.5578983510086));
#2372=CARTESIAN_POINT('',(-1.47217015339694,-3.03950300629576,32.778363561573));
#2373=CARTESIAN_POINT('',(-1.47644535541978,-2.63625827304981,32.9532191557547));
#2374=CARTESIAN_POINT('',(-1.76378585628813,-2.42755296186197,33.2121682686426));
#2375=CARTESIAN_POINT('',(-1.53606021908638,-3.01526685575877,32.659314947446));
#2376=CARTESIAN_POINT('',(-1.52851064358868,-2.60693668454866,32.8346821854426));
#2377=CARTESIAN_POINT('',(-1.81442125868513,-2.38995484323003,33.0967670868199));
#2378=CARTESIAN_POINT('',(-1.63162241152766,-2.97589826873717,32.4803663503545));
#2379=CARTESIAN_POINT('',(-1.60543182051072,-2.56057700817681,32.6566075018176));
#2380=CARTESIAN_POINT('',(-1.88883462686311,-2.33094528389765,32.923410667771));
#2381=CARTESIAN_POINT('',(-1.66348833615143,-2.96224538583728,32.42054574462));
#2382=CARTESIAN_POINT('',(-1.6309368422441,-2.54468602554933,32.5970592821173));
#2383=CARTESIAN_POINT('',(-1.91338234610153,-2.31083968310139,32.8655828019662));
#2384=CARTESIAN_POINT('',(-1.72717673962479,-2.9338765517906,32.3006965056936));
#2385=CARTESIAN_POINT('',(-1.68159646426593,-2.51206757639905,32.4777654086557));
#2386=CARTESIAN_POINT('',(-1.96195582431779,-2.26974478450654,32.7498399415532));
#2387=CARTESIAN_POINT('',(-1.75940175507306,-2.91893156726895,32.2400309528286));
#2388=CARTESIAN_POINT('',(-1.70694630057299,-2.49515384956239,32.4176261007059));
#2389=CARTESIAN_POINT('',(-1.98602252689221,-2.24871827313808,32.691961264478));
#2390=CARTESIAN_POINT('',(-1.79019387940908,-2.90419779924607,32.1816265863435));
#2391=CARTESIAN_POINT('',(-1.73143173338817,-2.4784363358229,32.3589015577089));
#2392=CARTESIAN_POINT('',(-2.00972669972183,-2.22732992446678,32.6339464829538));
#2393=CARTESIAN_POINT('',(-2.67963559962909,-2.96977323262239,32.6339464829539));
#2394=CARTESIAN_POINT('',(-1.78810096905491,-2.88803928217239,32.1884292960454));
#2395=CARTESIAN_POINT('',(-1.78810096905491,-2.88803928217236,32.1884292960454));
#2396=CARTESIAN_POINT('',(-1.29966657268498,-3.13317277602835,33.1208746932021));
#2397=CARTESIAN_POINT('',(-0.777093289730734,-3.23770242247397,34.0630451496683));
#2398=CARTESIAN_POINT('',(-0.240822190213232,-3.26256533716599,35.));
#2399=CARTESIAN_POINT('',(-1.9787873248515,-3.38006944286759,32.0504495115824));
#2400=CARTESIAN_POINT('',(-1.5029016399073,-2.68463974803998,32.1330403310197));
#2401=CARTESIAN_POINT('',(-2.00972669972166,-2.22732992446694,32.6339464829543));
#2402=CARTESIAN_POINT('',(-2.34973169341879,-3.16096904591802,31.4508375162403));
#2403=CARTESIAN_POINT('',(-1.79994487913194,-2.51951151935371,31.5340353420863));
#2404=CARTESIAN_POINT('',(-2.25926968862749,-2.00216651152872,32.0232024537509));
#2405=CARTESIAN_POINT('',(-2.67721046028622,-2.88848511258947,30.8399672754205));
#2406=CARTESIAN_POINT('',(-2.06291414192053,-2.30956359054025,30.9220030902861));
#2407=CARTESIAN_POINT('',(-2.4630715454284,-1.74423667744067,31.4084420667942));
#2408=CARTESIAN_POINT('',(-3.03187906048791,-2.47932667766136,30.0626779406107));
#2409=CARTESIAN_POINT('',(-2.34657867061141,-1.993206445413,30.1450319946263));
#2410=CARTESIAN_POINT('',(-2.66336139452559,-1.38322947163602,30.6350624332774));
#2411=CARTESIAN_POINT('',(-3.1000120421413,-2.39398147551776,29.9065148602125));
#2412=CARTESIAN_POINT('',(-2.40106315344423,-1.92711728066223,29.9888801033952));
#2413=CARTESIAN_POINT('',(-2.70062921340628,-1.30904444755793,30.4801358146625));
#2414=CARTESIAN_POINT('',(-3.23037746167273,-2.21582225520647,29.5926863851939));
#2415=CARTESIAN_POINT('',(-2.50523296331797,-1.78908422032346,29.6751270958041));
#2416=CARTESIAN_POINT('',(-2.76936910766185,-1.15654237255444,30.1697703042012));
#2417=CARTESIAN_POINT('',(-3.29258777992297,-2.12297911367658,29.4350142124524));
#2418=CARTESIAN_POINT('',(-2.55491091727509,-1.71709801910706,29.5174804024715));
#2419=CARTESIAN_POINT('',(-2.80081915435356,-1.0782089837039,30.0143283728186));
#2420=CARTESIAN_POINT('',(-3.35828735181587,-2.01526796132843,29.2587614039802));
#2421=CARTESIAN_POINT('',(-2.60730699228366,-1.63360851724026,29.3413335313117));
#2422=CARTESIAN_POINT('',(-2.83242389059093,-0.988679014554864,29.8411723343818));
#2423=CARTESIAN_POINT('',(-3.3655306412981,-2.00325077274119,29.2391864707493));
#2424=CARTESIAN_POINT('',(-2.61308463914563,-1.62429071207466,29.321764456935));
#2425=CARTESIAN_POINT('',(-2.83588460097366,-0.978708347073203,29.8219497448442));
#2426=CARTESIAN_POINT('',(-3.37990339044791,-1.97911712171509,29.2000539498094));
#2427=CARTESIAN_POINT('',(-2.62454770302961,-1.60557796342871,29.2826437347199));
#2428=CARTESIAN_POINT('',(-2.84270389592679,-0.958721053671488,29.7835386439585));
#2429=CARTESIAN_POINT('',(-3.38728951411655,-1.96670990049723,29.1799774640362));
#2430=CARTESIAN_POINT('',(-2.63030069383518,-1.59597859459919,29.262583045711));
#2431=CARTESIAN_POINT('',(-2.84606351315688,-0.948701286753196,29.7643531792865));
#2432=CARTESIAN_POINT('',(-3.40741900849954,-1.93144022366477,29.1235331611601));
#2433=CARTESIAN_POINT('',(-2.64692946146957,-1.56854651909543,29.2061243008833));
#2434=CARTESIAN_POINT('',(-2.85598198576216,-0.918593221530687,29.7068282850849));
#2435=CARTESIAN_POINT('',(-3.42057410719011,-1.90783383394012,29.0858676300456));
#2436=CARTESIAN_POINT('',(-2.6578004576281,-1.55017722068654,29.168447086024));
#2437=CARTESIAN_POINT('',(-2.86236476185489,-0.898504365842234,29.6684736092239));
#2438=CARTESIAN_POINT('',(-3.45925375175311,-1.83673744816097,28.9727650514233));
#2439=CARTESIAN_POINT('',(-2.68977096970373,-1.49483733374217,29.0553198500247));
#2440=CARTESIAN_POINT('',(-2.8808346640135,-0.838188606462082,29.5533950847063));
#2441=CARTESIAN_POINT('',(-3.48399298508269,-1.78897036391523,28.897222089712));
#2442=CARTESIAN_POINT('',(-2.71023491673967,-1.45762419951068,28.9797522503178));
#2443=CARTESIAN_POINT('',(-2.89224369867494,-0.797912552188154,29.4766567300245));
#2444=CARTESIAN_POINT('',(-3.55512072585694,-1.64457665338246,28.6701828407428));
#2445=CARTESIAN_POINT('',(-2.76910459055297,-1.34508192308812,28.7526795918036));
#2446=CARTESIAN_POINT('',(-2.92382692376517,-0.676896102605347,29.2463819544289));
#2447=CARTESIAN_POINT('',(-3.59842424457163,-1.54685952155767,28.5182772271614));
#2448=CARTESIAN_POINT('',(-2.80501688725712,-1.26880930612812,28.6007189588963));
#2449=CARTESIAN_POINT('',(-2.94136186053471,-0.595967972671424,29.0927857171736));
#2450=CARTESIAN_POINT('',(-3.79474167889179,-1.05109347327476,27.7561311726685));
#2451=CARTESIAN_POINT('',(-2.96810561559233,-0.881763997528651,27.8387781489264));
#2452=CARTESIAN_POINT('',(-3.01204945560323,-0.190149367428316,28.3243909735409));
#2453=CARTESIAN_POINT('',(-3.88894272841753,-0.632264955494366,27.1383958672323));
#2454=CARTESIAN_POINT('',(-3.04777479135199,-0.553088662491849,27.2199840546338));
#2455=CARTESIAN_POINT('',(-3.01563960449322,0.138113026004133,27.708324759356));
#2456=CARTESIAN_POINT('',(-3.91449068499361,-0.131174545116968,26.4329636191989));
#2457=CARTESIAN_POINT('',(-3.07297635288841,-0.161899072730978,26.5154973521497));
#2458=CARTESIAN_POINT('',(-2.95630795125674,0.511870474058983,27.0137713262118));
#2459=CARTESIAN_POINT('',(-3.91617910529341,-0.0750680305404589,26.3544301091022));
#2460=CARTESIAN_POINT('',(-3.07486030665589,-0.118062614033252,26.4369847581477));
#2461=CARTESIAN_POINT('',(-2.94881068620199,0.553463959311726,26.9365786998122));
#2462=CARTESIAN_POINT('',(-3.91691142708041,0.00977113175025582,26.2363880519805));
#2463=CARTESIAN_POINT('',(-3.07625111115626,-0.0518103751538432,26.3189892315371));
#2464=CARTESIAN_POINT('',(-2.936162275779,0.615956812302043,26.8207606650648));
#2465=CARTESIAN_POINT('',(-3.91656167619057,0.0366881571751057,26.1989901370196));
#2466=CARTESIAN_POINT('',(-3.07664263751902,-0.0304696360374002,26.2815787015861));
#2467=CARTESIAN_POINT('',(-2.93171667302048,0.636778213596329,26.7821393651062));
#2468=CARTESIAN_POINT('',(-3.91547326264152,0.0910398821259989,26.1231262151261));
#2469=CARTESIAN_POINT('',(-3.07689050995215,0.0124636581306718,26.2056919378716));
#2470=CARTESIAN_POINT('',(-2.92242768606473,0.678133883462212,26.7049172151672));
#2471=CARTESIAN_POINT('',(-3.91465187000203,0.118157248366763,26.0851677130873));
#2472=CARTESIAN_POINT('',(-3.07678670945503,0.0338864575814788,26.1677217543619));
#2473=CARTESIAN_POINT('',(-2.91757679095245,0.698706054850214,26.6663108602887));
#2474=CARTESIAN_POINT('',(-3.90917361267766,0.253455264621537,25.895245153544));
#2475=CARTESIAN_POINT('',(-3.07514305887804,0.140755551376578,25.9777868480114));
#2476=CARTESIAN_POINT('',(-2.89230651771866,0.801046017768327,26.4733015870421));
#2477=CARTESIAN_POINT('',(-3.90041014328576,0.360770827825691,25.7428921121919));
#2478=CARTESIAN_POINT('',(-3.07023561909969,0.225579596831813,25.825373694259));
#2479=CARTESIAN_POINT('',(-2.86884590085378,0.881253912247511,26.3189657279129));
#2480=CARTESIAN_POINT('',(-3.86135871369132,0.680055456726592,25.2846612288138));
#2481=CARTESIAN_POINT('',(-3.04512013857275,0.477883203092875,25.3671264058534));
#2482=CARTESIAN_POINT('',(-2.7891983619201,1.11710050606488,25.8561420023654));
#2483=CARTESIAN_POINT('',(-3.81839364084711,0.889375591206529,24.9776249815438));
#2484=CARTESIAN_POINT('',(-3.01457329683063,0.643412757311414,25.0599227340461));
#2485=CARTESIAN_POINT('',(-2.72380650302331,1.2679901264681,25.5478340273779));
#2486=CARTESIAN_POINT('',(-3.69853895268237,1.30114985608637,24.3605097811241));
#2487=CARTESIAN_POINT('',(-2.92623746456447,0.968646217986991,24.4428308217158));
#2488=CARTESIAN_POINT('',(-2.56927626188766,1.55747883351048,24.9316496525382));
#2489=CARTESIAN_POINT('',(-3.62167463176832,1.50360467618152,24.0504345073218));
#2490=CARTESIAN_POINT('',(-2.86842099652406,1.12849908061789,24.1326703519457));
#2491=CARTESIAN_POINT('',(-2.4801429235461,1.69607998630358,24.6237727080084));
#2492=CARTESIAN_POINT('',(-3.50249109031824,1.75223832351807,23.6606797506011));
#2493=CARTESIAN_POINT('',(-2.77791187076849,1.32430777573701,23.7431730213954));
#2494=CARTESIAN_POINT('',(-2.35313789223391,1.86131118440864,24.2392496599103));
#2495=CARTESIAN_POINT('',(-3.47749041155905,1.80174216403293,23.5826193911517));
#2496=CARTESIAN_POINT('',(-2.75887940344377,1.36329281602727,23.6651326983502));
#2497=CARTESIAN_POINT('',(-2.32695203829509,1.89395393979638,24.162361587116));
#2498=CARTESIAN_POINT('',(-3.43817757379958,1.87565716991604,23.4653551911793));
#2499=CARTESIAN_POINT('',(-2.72890325920623,1.42146484218668,23.5479129479046));
#2500=CARTESIAN_POINT('',(-2.28646419702701,1.94229845913613,24.0470565798581));
#2501=CARTESIAN_POINT('',(-3.42477117869306,1.90023869535611,23.4262381585517));
#2502=CARTESIAN_POINT('',(-2.71867161433792,1.44080741583874,23.5088073499092));
#2503=CARTESIAN_POINT('',(-2.27276665627259,1.95830999245486,24.0086261007921));
#2504=CARTESIAN_POINT('',(-3.40419875389386,1.93702479806617,23.3675177471175));
#2505=CARTESIAN_POINT('',(-2.70296009389554,1.46974363274453,23.4501072915947));
#2506=CARTESIAN_POINT('',(-2.25191317875625,1.98217017696443,23.9509875169846));
#2507=CARTESIAN_POINT('',(-3.39713425592621,1.94966011682221,23.3473883942543));
#2508=CARTESIAN_POINT('',(-2.69751091574673,1.47954610900751,23.4299942035567));
#2509=CARTESIAN_POINT('',(-2.24490885082699,1.99009958585246,23.931778562101));
#2510=CARTESIAN_POINT('',(-3.38345629862612,1.97308782972493,23.3096835059283));
#2511=CARTESIAN_POINT('',(-2.68719694102971,1.49833120414961,23.3922779657848));
#2512=CARTESIAN_POINT('',(-2.23080537378722,2.00589618236178,23.8933514362188));
#2513=CARTESIAN_POINT('',(-3.37655816050069,1.98476558859887,23.2908063893866));
#2514=CARTESIAN_POINT('',(-2.68199116670845,1.50769479377251,23.3733951195405));
#2515=CARTESIAN_POINT('',(-2.22371531718588,2.01375323425197,23.8741207480046));
#2516=CARTESIAN_POINT('',(-3.31394269762413,2.08954046490016,23.1206910616185));
#2517=CARTESIAN_POINT('',(-2.63471534946373,1.59168039788044,23.2032800592294));
#2518=CARTESIAN_POINT('',(-2.15956104664565,2.08409637686104,23.7008906752952));
#2519=CARTESIAN_POINT('',(-3.25436529358401,2.18053693757315,22.9675901096206));
#2520=CARTESIAN_POINT('',(-2.5894568192544,1.66464965469608,23.050115573391));
#2521=CARTESIAN_POINT('',(-2.09996177890585,2.14410119706849,23.545496749234));
#2522=CARTESIAN_POINT('',(-2.94046470493793,2.61987423921768,22.2014680839777));
#2523=CARTESIAN_POINT('',(-2.35015364048357,2.01660191867717,22.2843158844349));
#2524=CARTESIAN_POINT('',(-1.79284181942784,2.42855283423799,22.7702687818421));
#2525=CARTESIAN_POINT('',(-2.63820918691508,2.92521482386735,21.5827102130002));
#2526=CARTESIAN_POINT('',(-2.11613436097066,2.26158725317692,21.6644434634426));
#2527=CARTESIAN_POINT('',(-1.51731991111703,2.60938324450146,22.1512918874035));
#2528=CARTESIAN_POINT('',(-2.1917233462779,3.24686363735813,20.8014132780098));
#2529=CARTESIAN_POINT('',(-1.77040397560283,2.51839940532982,20.8838639628254));
#2530=CARTESIAN_POINT('',(-1.13614292210967,2.77779148783254,21.3790513017722));
#2531=CARTESIAN_POINT('',(-2.09889924702161,3.30811780247192,20.6447431786136));
#2532=CARTESIAN_POINT('',(-1.69842770485248,2.56730725538903,20.7272191066619));
#2533=CARTESIAN_POINT('',(-1.05801780240345,2.80851933681107,21.2246829952782));
#2534=CARTESIAN_POINT('',(-1.99018547405288,3.37334045148717,20.4679715076592));
#2535=CARTESIAN_POINT('',(-1.61416018516909,2.6193136322592,20.5505558952839));
#2536=CARTESIAN_POINT('',(-0.967881742985022,2.83959806288014,21.0511230509161));
#2537=CARTESIAN_POINT('',(-1.97804646643757,3.38053606437835,20.4483229885179));
#2538=CARTESIAN_POINT('',(-1.60474776183817,2.62505226366198,20.5309132591657));
#2539=CARTESIAN_POINT('',(-0.957835367184056,2.84300267921616,21.0318400721121));
#2540=CARTESIAN_POINT('',(-1.95364765139588,3.39482358152727,20.4090112566184));
#2541=CARTESIAN_POINT('',(-1.58582917669021,2.63644534062667,20.49161336637));
#2542=CARTESIAN_POINT('',(-0.937679553751205,2.84971399953326,20.9932771013));
#2543=CARTESIAN_POINT('',(-1.9419616769252,3.40140854249362,20.3903732802048));
#2544=CARTESIAN_POINT('',(-1.57672888164631,2.64196486357661,20.4729669216643));
#2545=CARTESIAN_POINT('',(-0.9275759822135,2.85301867686065,20.973991364052));
#2546=CARTESIAN_POINT('',(-1.90635145875548,3.42139512585053,20.3335042774233));
#2547=CARTESIAN_POINT('',(-1.54902379793346,2.65847889632942,20.4160832756564));
#2548=CARTESIAN_POINT('',(-0.897243927022867,2.86276167862447,20.9160674518657));
#2549=CARTESIAN_POINT('',(-1.88247550685948,3.43447507526299,20.2954891712709));
#2550=CARTESIAN_POINT('',(-1.53043952408638,2.66929009689951,20.3780564096663));
#2551=CARTESIAN_POINT('',(-0.876970365714362,2.86903648898528,20.8773793024055));
#2552=CARTESIAN_POINT('',(-1.81063424966669,3.4728822265109,20.1814442408629));
#2553=CARTESIAN_POINT('',(-1.47450462401352,2.70104271109047,20.2639865727038));
#2554=CARTESIAN_POINT('',(-0.816157397555226,2.8871571990968,20.7614093567987));
#2555=CARTESIAN_POINT('',(-1.76239493206765,3.49741184188352,20.1053176337813));
#2556=CARTESIAN_POINT('',(-1.43691424733816,2.72133858175706,20.1878354125974));
#2557=CARTESIAN_POINT('',(-0.775573877197712,2.89831688007935,20.6841229387187));
#2558=CARTESIAN_POINT('',(-1.51950048332642,3.61478776716726,19.7242190525712));
#2559=CARTESIAN_POINT('',(-1.24760430149319,2.81849059985393,19.8067794565635));
#2560=CARTESIAN_POINT('',(-0.572459875820214,2.94964047166525,20.2978162910655));
#2561=CARTESIAN_POINT('',(-1.31978938508921,3.6919216844465,19.4178670087363));
#2562=CARTESIAN_POINT('',(-1.09146902219132,2.8826493149962,19.5002311366883));
#2563=CARTESIAN_POINT('',(-0.409348693575507,2.97647434104918,19.989165628859));
#2564=CARTESIAN_POINT('',(-0.909675045099768,3.8135690226226,18.8023951136492));
#2565=CARTESIAN_POINT('',(-0.770757640924186,2.98454533840948,18.8847305099923));
#2566=CARTESIAN_POINT('',(-0.0820262356381496,3.00337103144502,19.3725439953322));
#2567=CARTESIAN_POINT('',(-0.699278632301977,3.85809158434429,18.493276839187));
#2568=CARTESIAN_POINT('',(-0.606040624539139,3.02233785626328,18.575507014079));
#2569=CARTESIAN_POINT('',(0.0821854978469483,3.00342921438188,19.0645733944543));
#2570=CARTESIAN_POINT('',(-0.374973660393071,3.8990823395569,18.0273353877469));
#2571=CARTESIAN_POINT('',(-0.352451528664647,3.05831491993435,18.1097540663317));
#2572=CARTESIAN_POINT('',(0.329372548230695,2.98301007372364,18.6031634508375));
#2573=CARTESIAN_POINT('',(-0.26541186003609,3.90842579746885,17.8716408136206));
#2574=CARTESIAN_POINT('',(-0.266776176668883,3.06684417559808,17.9540822519602));
#2575=CARTESIAN_POINT('',(0.411914594414872,2.97276928172425,18.4494522796729));
#2576=CARTESIAN_POINT('',(-0.12648025589001,3.91436789787935,17.6764950562632));
#2577=CARTESIAN_POINT('',(-0.158239241138294,3.07292184541399,17.759039651917));
#2578=CARTESIAN_POINT('',(0.515292820777146,2.95548857823397,18.2574427279728));
#2579=CARTESIAN_POINT('',(-0.098594702753598,3.91526882909965,17.6374394267951));
#2580=CARTESIAN_POINT('',(-0.136452265565178,3.07390797526173,17.7199953691096));
#2581=CARTESIAN_POINT('',(0.535978540909061,2.95180802331818,18.2190473216703));
#2582=CARTESIAN_POINT('',(-0.0426201406639383,3.91648460331793,17.5592734900794));
#2583=CARTESIAN_POINT('',(-0.0927272196588897,3.07541256571566,17.6418529489943));
#2584=CARTESIAN_POINT('',(0.577370751456737,2.94399161313392,18.1422700165363));
#2585=CARTESIAN_POINT('',(-0.0139563222177343,3.91690739415347,17.5194194216501));
#2586=CARTESIAN_POINT('',(-0.0704691020755302,3.07586505277935,17.6020293737376));
#2587=CARTESIAN_POINT('',(0.598096309006843,2.93985169551944,18.1039060857163));
#2588=CARTESIAN_POINT('',(0.0673278483740043,3.91631537279084,17.406366350625));
#2589=CARTESIAN_POINT('',(-0.00627579819587763,3.07708262377744,17.4889523600559));
#2590=CARTESIAN_POINT('',(0.660172481435623,2.92676631126221,17.9887103441223));
#2591=CARTESIAN_POINT('',(0.12148479235533,3.91481529735235,17.3306120745238));
#2592=CARTESIAN_POINT('',(0.0365089186234225,3.07698957375117,17.4131729306626));
#2593=CARTESIAN_POINT('',(0.701288162148209,2.91718567894326,17.9116479245199));
#2594=CARTESIAN_POINT('',(0.392101482280635,3.90178535488696,16.9499360467283));
#2595=CARTESIAN_POINT('',(0.250230438528009,3.07201302571193,17.0325548114696));
#2596=CARTESIAN_POINT('',(0.905530860092922,2.86503958266421,17.5250162142131));
#2597=CARTESIAN_POINT('',(0.606781114215866,3.87373266401497,16.6410990479984));
#2598=CARTESIAN_POINT('',(0.420027940770904,3.05362187515989,16.7235057887207));
#2599=CARTESIAN_POINT('',(1.06369015557423,2.81000134699563,17.2133023972902));
#2600=CARTESIAN_POINT('',(1.02880521455632,3.78325531336413,16.0207069036244));
#2601=CARTESIAN_POINT('',(0.753530437267801,2.98904501872185,16.1030589146659));
#2602=CARTESIAN_POINT('',(1.36715814798248,2.67552292376423,16.5906977254762));
#2603=CARTESIAN_POINT('',(1.23732814783662,3.72058758930646,15.707419548366));
#2604=CARTESIAN_POINT('',(0.918321478615151,2.9426630575526,15.7896506194245));
#2605=CARTESIAN_POINT('',(1.51331388119831,2.59570415306268,16.2780673018281));
#2606=CARTESIAN_POINT('',(1.54346647656986,3.59996227044627,15.2370099817969));
#2607=CARTESIAN_POINT('',(1.15979773634711,2.85188256191832,15.3194025898935));
#2608=CARTESIAN_POINT('',(1.72204883438075,2.45794579889823,15.8114563149534));
#2609=CARTESIAN_POINT('',(1.64412634030269,3.55542989968925,15.0805566882005));
#2610=CARTESIAN_POINT('',(1.23916454863593,2.81815503811727,15.1629694685649));
#2611=CARTESIAN_POINT('',(1.78968832338549,2.40915001121188,15.6567366737833));
#2612=CARTESIAN_POINT('',(1.79303378376485,3.48194597520891,14.8463723884063));
#2613=CARTESIAN_POINT('',(1.35643473749284,2.7622738138771,14.9288834607792));
#2614=CARTESIAN_POINT('',(1.8882234722317,2.33160012368328,15.4259027762613));
#2615=CARTESIAN_POINT('',(1.84232214723908,3.45633543949917,14.7683935439897));
#2616=CARTESIAN_POINT('',(1.39523938249441,2.74275758795712,14.8509252081641));
#2617=CARTESIAN_POINT('',(1.92058057478581,2.30502312791073,15.3491660677973));
#2618=CARTESIAN_POINT('',(1.91572946261122,3.416204394301,14.651545215545));
#2619=CARTESIAN_POINT('',(1.45299456139985,2.71213099467036,14.7341220253027));
#2620=CARTESIAN_POINT('',(1.96837672508434,2.26405243076618,15.2343784921175));
#2621=CARTESIAN_POINT('',(1.94089408411884,3.40227586320711,14.6115209929435));
#2622=CARTESIAN_POINT('',(1.47251598625695,2.7013899023293,14.6941335632653));
#2623=CARTESIAN_POINT('',(1.9841939036072,2.25020371866389,15.1961795050114));
#2624=CARTESIAN_POINT('',(1.98740450728058,3.37507101737179,14.5366145229734));
#2625=CARTESIAN_POINT('',(1.50980952024172,2.68087325110355,14.6192045379583));
#2626=CARTESIAN_POINT('',(2.01554386321854,2.22216677097892,15.1198432327224));
#2627=CARTESIAN_POINT('',(2.01048822949965,3.36125224590114,14.4991108386525));
#2628=CARTESIAN_POINT('',(1.52831880627686,2.67043530445367,14.5816892294893));
#2629=CARTESIAN_POINT('',(2.03103656083344,2.20801471733068,15.0816552919989));
#2630=CARTESIAN_POINT('',(2.2167101852127,3.23495080630067,14.1611304594754));
#2631=CARTESIAN_POINT('',(1.69357559700617,2.57494973865175,14.243800574461));
#2632=CARTESIAN_POINT('',(2.16884984459027,2.0794601627936,14.7377864195449));
#2633=CARTESIAN_POINT('',(2.3891933893564,3.10903018842737,13.8575513266999));
#2634=CARTESIAN_POINT('',(1.83192170916628,2.47869696456576,13.9400034541778));
#2635=CARTESIAN_POINT('',(2.27989955185334,1.95681683463223,14.4308677334761));
#2636=CARTESIAN_POINT('',(2.71293506903801,2.83030091811923,13.2444687424226));
#2637=CARTESIAN_POINT('',(2.09130517138668,2.26451491483401,13.3268422907707));
#2638=CARTESIAN_POINT('',(2.48023242297585,1.69573618787255,13.814554626684));
#2639=CARTESIAN_POINT('',(2.86420031598242,2.67750485024809,12.9349668356771));
#2640=CARTESIAN_POINT('',(2.21247276721637,2.14650424337973,13.017208422578));
#2641=CARTESIAN_POINT('',(2.56951435654256,1.55729723423248,13.5051605903858));
#2642=CARTESIAN_POINT('',(3.0742791639001,2.42675875024748,12.4660484097514));
#2643=CARTESIAN_POINT('',(2.38048513217423,1.95250991675688,12.5484160622827));
#2644=CARTESIAN_POINT('',(2.68665366873585,1.3374553227397,13.0391642126913));
#2645=CARTESIAN_POINT('',(3.14165353673249,2.33931414265824,12.3085359899201));
#2646=CARTESIAN_POINT('',(2.43434886597483,1.88477163338363,12.3909187376566));
#2647=CARTESIAN_POINT('',(2.7229715357135,1.26192183734574,12.8830967162809));
#2648=CARTESIAN_POINT('',(3.26930949974687,2.1583465791569,11.9946484338935));
#2649=CARTESIAN_POINT('',(2.5363229625828,1.74452977729734,12.077112528318));
#2650=CARTESIAN_POINT('',(2.78916230934837,1.10796855550439,12.5730833812729));
#2651=CARTESIAN_POINT('',(3.32966081500909,2.0647862840889,11.8381639825229));
#2652=CARTESIAN_POINT('',(2.58449943862314,1.6719774233564,11.9206551304885));
#2653=CARTESIAN_POINT('',(2.8190817780162,1.02950821048092,12.4190257198493));
#2654=CARTESIAN_POINT('',(3.40061594231631,1.94378909573925,11.6431070324457));
#2655=CARTESIAN_POINT('',(2.64106520114116,1.57818367151561,11.7257112346744));
#2656=CARTESIAN_POINT('',(2.85244032500808,0.929531343704839,12.2276738699313));
#2657=CARTESIAN_POINT('',(3.41340892005339,1.92073693868443,11.6064463029239));
#2658=CARTESIAN_POINT('',(2.65187913437842,1.56021825720599,11.6890320084285));
#2659=CARTESIAN_POINT('',(2.85889621222296,0.909479769851932,12.1894263021407));
#2660=CARTESIAN_POINT('',(3.43933108106156,1.87350893550128,11.5312328329076));
#2661=CARTESIAN_POINT('',(2.67330434370801,1.52345916669133,11.6137959080065));
#2662=CARTESIAN_POINT('',(2.87134820267375,0.869367875548067,12.1128760674691));
#2663=CARTESIAN_POINT('',(3.45203339453865,1.8497983092491,11.4935836889172));
#2664=CARTESIAN_POINT('',(2.68380644826518,1.50499714342571,11.5761352052587));
#2665=CARTESIAN_POINT('',(2.87734961400715,0.849291734033919,12.074588910677));
#2666=CARTESIAN_POINT('',(3.48937018409089,1.77837867338279,11.3805109897974));
#2667=CARTESIAN_POINT('',(2.71468365198208,1.44937204966376,11.4630377148818));
#2668=CARTESIAN_POINT('',(2.8946885468567,0.789003941434,11.9596913496298));
#2669=CARTESIAN_POINT('',(3.51323482662812,1.7303820359097,11.3049622446265));
#2670=CARTESIAN_POINT('',(2.73443584566112,1.41196011258472,11.3874651580201));
#2671=CARTESIAN_POINT('',(2.90536107656132,0.74873296604389,11.8830448564983));
#2672=CARTESIAN_POINT('',(3.58178653248691,1.58525366020382,11.0778279853801));
#2673=CARTESIAN_POINT('',(2.79121206803808,1.29878949192785,11.1602978018237));
#2674=CARTESIAN_POINT('',(2.93477434761351,0.627690757573519,11.6529611917893));
#2675=CARTESIAN_POINT('',(3.62343618698936,1.48698547901776,10.9257555981301));
#2676=CARTESIAN_POINT('',(2.82578174603201,1.2220581354051,11.0081737950584));
#2677=CARTESIAN_POINT('',(2.95091517538279,0.546690842197292,11.4993798805936));
#2678=CARTESIAN_POINT('',(3.736351472117,1.18765680414896,10.4676491995878));
#2679=CARTESIAN_POINT('',(2.91971912744839,0.988226657683645,10.5500512547857));
#2680=CARTESIAN_POINT('',(2.98921177957906,0.302816667000008,11.0380594146372));
#2681=CARTESIAN_POINT('',(3.79566629670442,0.98210876871337,10.1597448902411));
#2682=CARTESIAN_POINT('',(2.96944857675554,0.827355606316046,10.2420031979039));
#2683=CARTESIAN_POINT('',(3.00130824223308,0.13907672240098,10.7297447188101));
#2684=CARTESIAN_POINT('',(3.85975091033578,0.664274747496886,9.69404154774142));
#2685=CARTESIAN_POINT('',(3.02398943651877,0.578736868557795,9.77638969683124));
#2686=CARTESIAN_POINT('',(2.99917918593289,-0.108270889760181,10.2661061559799));
#2687=CARTESIAN_POINT('',(3.87694491490961,0.556736212577635,9.53816141879753));
#2688=CARTESIAN_POINT('',(3.03882056198385,0.494600404086438,9.62051900637842));
#2689=CARTESIAN_POINT('',(2.99507418223794,-0.191011863381691,10.1113653092668));
#2690=CARTESIAN_POINT('',(3.90256055492072,0.33825977226731,9.22503060046912));
#2691=CARTESIAN_POINT('',(3.06145311072682,0.323742963085324,9.30746028704005));
#2692=CARTESIAN_POINT('',(2.97983722975246,-0.357106389248328,9.80148890734757));
#2693=CARTESIAN_POINT('',(3.91098491630184,0.227006044254149,9.06734027475293));
#2694=CARTESIAN_POINT('',(3.06925942239796,0.236753216582073,9.14979411708986));
#2695=CARTESIAN_POINT('',(2.96865755829516,-0.44069270802131,9.64592176397955));
#2696=CARTESIAN_POINT('',(3.91558954821257,0.0868517546837007,8.87101547991541));
#2697=CARTESIAN_POINT('',(3.07427628868162,0.127278473127565,8.95357648137565));
#2698=CARTESIAN_POINT('',(2.95021583689958,-0.544676624970962,9.45290773720584));
#2699=CARTESIAN_POINT('',(3.91621580943965,0.0587646368424739,8.83178668193877));
#2700=CARTESIAN_POINT('',(3.07504416165254,0.105337449233089,8.91435918392281));
#2701=CARTESIAN_POINT('',(2.94630510112691,-0.565450195333204,9.41437387857345));
#2702=CARTESIAN_POINT('',(3.91670863271421,0.0165474469758226,8.77299724934149));
#2703=CARTESIAN_POINT('',(3.07583911869123,0.0723660994855181,8.85559015645884));
#2704=CARTESIAN_POINT('',(2.94010360617267,-0.596575815008196,9.3566773031176));
#2705=CARTESIAN_POINT('',(3.91681583982158,0.0023590167805973,8.75328669318004));
#2706=CARTESIAN_POINT('',(3.07603301467051,0.0613079373834786,8.83588925626592));
#2707=CARTESIAN_POINT('',(2.93797919667886,-0.606951531226412,9.33746841553191));
#2708=CARTESIAN_POINT('',(3.9166316222319,-0.0247498887546773,8.71558776474449));
#2709=CARTESIAN_POINT('',(3.07644994252081,0.0398971703597667,8.7981789717964));
#2710=CARTESIAN_POINT('',(2.9336254349595,-0.627657333849059,9.29905346002348));
#2711=CARTESIAN_POINT('',(3.91647040443401,-0.0382912422204272,8.69672955350594));
#2712=CARTESIAN_POINT('',(3.07660158898348,0.0292014991169083,8.77931503298547));
#2713=CARTESIAN_POINT('',(2.93139668184383,-0.637984980988725,9.27984506250841));
#2714=CARTESIAN_POINT('',(3.91532056885081,-0.105932902973311,8.60239518262211));
#2715=CARTESIAN_POINT('',(3.07707734766288,-0.0242212353450883,8.68496435371742));
#2716=CARTESIAN_POINT('',(2.91999558830937,-0.689497817928399,9.18379841103175));
#2717=CARTESIAN_POINT('',(3.91330117615923,-0.159837969254221,8.5267891692509));
#2718=CARTESIAN_POINT('',(3.07655502311916,-0.0668106510738362,8.60933336297523));
#2719=CARTESIAN_POINT('',(2.91005167407887,-0.730306985173558,9.10694615076845));
#2720=CARTESIAN_POINT('',(3.90400207380276,-0.320941415435173,8.29956951411942));
#2721=CARTESIAN_POINT('',(3.07233479631573,-0.194090497417743,8.38208042360613));
#2722=CARTESIAN_POINT('',(2.8778188024663,-0.851560387629862,8.87634242176859));
#2723=CARTESIAN_POINT('',(3.89348679605376,-0.427528873399269,8.14755528969877));
#2724=CARTESIAN_POINT('',(3.06598879344388,-0.278344054134605,8.23000950115594));
#2725=CARTESIAN_POINT('',(2.85313309762881,-0.930832411745104,8.7225438728855));
#2726=CARTESIAN_POINT('',(3.8197608071437,-0.956510774974767,7.3849321304421));
#2727=CARTESIAN_POINT('',(3.01708503750831,-0.69623239338781,7.4676087930217));
#2728=CARTESIAN_POINT('',(2.7143373357846,-1.31964088001581,7.95321860179966));
#2729=CARTESIAN_POINT('',(3.69500402498556,-1.36727723778038,6.76701595463457));
#2730=CARTESIAN_POINT('',(2.9242297334612,-1.02148614660933,6.84862661821292));
#2731=CARTESIAN_POINT('',(2.55541180570513,-1.60708286687233,7.3366607981665));
#2732=CARTESIAN_POINT('',(3.4706799887528,-1.8149260330864,6.06177627927284));
#2733=CARTESIAN_POINT('',(2.75369201765011,-1.37367166150633,6.14429703325207));
#2734=CARTESIAN_POINT('',(2.31987288492944,-1.90261740724683,6.64184717091992));
#2735=CARTESIAN_POINT('',(3.44455361813247,-1.86445976005425,5.98326989871442));
#2736=CARTESIAN_POINT('',(2.73377259250728,-1.41266369666149,6.06581138936046));
#2737=CARTESIAN_POINT('',(2.29289117227823,-1.93505815514419,6.5646298067079));
#2738=CARTESIAN_POINT('',(3.41032845480782,-1.92611467883932,5.88494329968271));
#2739=CARTESIAN_POINT('',(2.70764230563454,-1.46116172123112,5.96752759337333));
#2740=CARTESIAN_POINT('',(2.25811766706237,-1.97509926362757,6.46808920433541));
#2741=CARTESIAN_POINT('',(3.40340500846793,-1.93843254513694,5.8652682893572));
#2742=CARTESIAN_POINT('',(2.70235370103601,-1.47085094621932,5.94785847346348));
#2743=CARTESIAN_POINT('',(2.25111061743998,-1.98308198111787,6.44878014012019));
#2744=CARTESIAN_POINT('',(3.38939943001523,-1.96304187093838,5.82589858331259));
#2745=CARTESIAN_POINT('',(2.69165151487583,-1.49020571515987,5.90850062417498));
#2746=CARTESIAN_POINT('',(2.23699087134427,-1.9989959973216,6.41016015182525));
#2747=CARTESIAN_POINT('',(3.3825631119805,-1.97460533415894,5.80723376560716));
#2748=CARTESIAN_POINT('',(2.68652303848784,-1.49954800027209,5.88982746536141));
#2749=CARTESIAN_POINT('',(2.22988642371283,-2.00691785497414,6.39085550057462));
#2750=CARTESIAN_POINT('',(3.36172149848953,-2.00971467905724,5.7503740372081));
#2751=CARTESIAN_POINT('',(2.67079019172399,-1.52769838424238,5.83295309615758));
#2752=CARTESIAN_POINT('',(2.20849368987035,-2.03051879550376,6.33294086821751));
#2753=CARTESIAN_POINT('',(3.34761528277929,-2.03293106190075,5.7124404111737));
#2754=CARTESIAN_POINT('',(2.6601248220508,-1.54631388133327,5.79500772734943));
#2755=CARTESIAN_POINT('',(2.19410498052521,-2.04605705224457,6.29433553270569));
#2756=CARTESIAN_POINT('',(3.27603654972391,-2.14807467241608,5.52263937904815));
#2757=CARTESIAN_POINT('',(2.60594206333878,-1.63861419987611,5.60519555366795));
#2758=CARTESIAN_POINT('',(2.12153773564418,-2.12278488357178,6.10132983374847));
#2759=CARTESIAN_POINT('',(3.21542675653256,-2.23719186303222,5.37037445539241));
#2760=CARTESIAN_POINT('',(2.55980502521362,-1.7100722890644,5.45286927647339));
#2761=CARTESIAN_POINT('',(2.06149212452255,-2.18108968650119,5.94699196137496));
#2762=CARTESIAN_POINT('',(3.02385297966679,-2.49584852870636,4.91238550839126));
#2763=CARTESIAN_POINT('',(2.41345020084822,-1.91736330155666,4.9948645498018));
#2764=CARTESIAN_POINT('',(1.87569063528477,-2.34720954344225,5.48414688748146));
#2765=CARTESIAN_POINT('',(2.88321043580848,-2.65674625792919,4.60548073820798));
#2766=CARTESIAN_POINT('',(2.30522495311202,-2.04633598304819,4.6877877398889));
#2767=CARTESIAN_POINT('',(1.74430891910759,-2.44628486217221,5.17580435845222));
#2768=CARTESIAN_POINT('',(2.57600783059927,-2.95568297593462,3.98859036938342));
#2769=CARTESIAN_POINT('',(2.06809596051029,-2.28565530772119,4.07091219378105));
#2770=CARTESIAN_POINT('',(1.46710622055492,-2.62193107647402,4.55950554334737));
#2771=CARTESIAN_POINT('',(2.40946775205801,-3.09373399302505,3.67860814566175));
#2772=CARTESIAN_POINT('',(1.93909489740357,-2.39611772593272,3.76084177705075));
#2773=CARTESIAN_POINT('',(1.3212877583895,-2.69850521538251,4.25154884872454));
#2774=CARTESIAN_POINT('',(2.18359335134617,-3.25099296423399,3.28895959615144));
#2775=CARTESIAN_POINT('',(1.7641042347228,-2.52167884084844,3.37144070455742));
#2776=CARTESIAN_POINT('',(1.12954862047822,-2.77954189527612,3.86689228287542));
#2777=CARTESIAN_POINT('',(2.13752658378289,-3.2816742220343,3.21091998917775));
#2778=CARTESIAN_POINT('',(1.72839223015664,-2.54617603127993,3.29342073910022));
#2779=CARTESIAN_POINT('',(1.09072406368186,-2.79501038612919,3.78997579793448));
#2780=CARTESIAN_POINT('',(2.0670367218602,-3.32650330082807,3.09368651988032));
#2781=CARTESIAN_POINT('',(1.67374641094553,-2.58195028292031,3.17623095315968));
#2782=CARTESIAN_POINT('',(1.03175266406771,-2.8170777324393,3.67462544048464));
#2783=CARTESIAN_POINT('',(2.04330836827468,-3.34124744012068,3.05457966491501));
#2784=CARTESIAN_POINT('',(1.65534875086802,-2.59371467041771,3.13713545706341));
#2785=CARTESIAN_POINT('',(1.0119730508985,-2.82424421013801,3.63617938901712));
#2786=CARTESIAN_POINT('',(1.99537805852181,-3.37033066593006,2.97630606874552));
#2787=CARTESIAN_POINT('',(1.61818535836277,-2.61691459089272,3.0588854090334));
#2788=CARTESIAN_POINT('',(0.972164946706206,-2.83819311017391,3.5592958549902));
#2789=CARTESIAN_POINT('',(1.97072603155859,-3.38505630629481,2.93638372742548));
#2790=CARTESIAN_POINT('',(1.59910506702965,-2.62845446423697,3.01899377984386));
#2791=CARTESIAN_POINT('',(0.952118020514866,-2.84498151456586,3.52087616939956));
#2792=CARTESIAN_POINT('',(1.8527338127376,-3.45204489587322,2.74767921065201));
#2793=CARTESIAN_POINT('',(1.50734495113348,-2.68378411036522,2.83028315430544));
#2794=CARTESIAN_POINT('',(0.851463436796918,-2.87787885554076,3.32859449454643));
#2795=CARTESIAN_POINT('',(1.75600878063726,-3.50182921461149,2.59481673911489));
#2796=CARTESIAN_POINT('',(1.43197192671861,-2.7249720663416,2.67735639920667));
#2797=CARTESIAN_POINT('',(0.76996558113891,-2.90072071118361,3.17334814610387));
#2798=CARTESIAN_POINT('',(1.65798537648024,-3.5473337386006,2.44169266523212));
#2799=CARTESIAN_POINT('',(1.35549226452495,-2.76268448670794,2.52415621384405));
#2800=CARTESIAN_POINT('',(0.688371272215195,-2.91995633384967,3.0183139982025));
#2801=CARTESIAN_POINT('',(-3.89746722103545,0.376137503810401,25.720431873269));
#2802=CARTESIAN_POINT('',(-3.87206182584041,-0.366524609065917,26.7661760460432));
#2803=CARTESIAN_POINT('',(-3.37532896715565,-1.73625464009188,28.8688399088813));
#2804=CARTESIAN_POINT('',(-2.36648907990522,-2.59968774977996,31.0839041838063));
#2805=CARTESIAN_POINT('',(-1.78810096905491,-2.8880392821724,32.1884292960454));
#2806=CARTESIAN_POINT('',(0.781709640648572,-2.89636496970203,3.1958371433425));
#2807=CARTESIAN_POINT('',(0.879679970118845,-2.86992342941082,3.23697627903073));
#2808=CARTESIAN_POINT('',(1.03919106685898,-2.82972290584223,3.382275115024));
#2809=CARTESIAN_POINT('',(1.33075564723853,-2.73957929345842,3.68831118013577));
#2810=CARTESIAN_POINT('',(1.65052634516842,-2.61250817703266,4.10387480887268));
#2811=CARTESIAN_POINT('',(2.00117869681592,-2.42611706734556,4.61701612927893));
#2812=CARTESIAN_POINT('',(2.42352465280152,-2.13793835586252,5.30970563871682));
#2813=CARTESIAN_POINT('',(2.88042342221489,-1.69709298682446,6.17003445118319));
#2814=CARTESIAN_POINT('',(3.29747419179831,-1.06922261325014,7.22910673332339));
#2815=CARTESIAN_POINT('',(3.57080041110551,-0.388760526120932,8.28158524842942));
#2816=CARTESIAN_POINT('',(3.73719345366591,0.611728595968535,9.68383962769543));
#2817=CARTESIAN_POINT('',(3.63802792597071,1.34135989850486,10.7401576252745));
#2818=CARTESIAN_POINT('',(3.4690750256256,1.81717342986427,11.4419364934773));
#2819=CARTESIAN_POINT('',(-1.93765651460671,-2.29033880768094,35.0232797062231));
#2820=CARTESIAN_POINT('',(-2.14480771850126,-2.11566922338325,35.2120676854275));
#2821=CARTESIAN_POINT('',(-2.43824526366145,-2.12550088603516,35.3632616154832));
#2822=CARTESIAN_POINT('',(-1.95238425270744,-2.27775048135485,34.9820780336645));
#2823=CARTESIAN_POINT('',(-2.15863263573191,-2.10052997043454,35.1724399077597));
#2824=CARTESIAN_POINT('',(-2.4531077663142,-2.10918847540444,35.3253558154377));
#2825=CARTESIAN_POINT('',(-1.96730517889571,-2.26497074559042,34.946468427883));
#2826=CARTESIAN_POINT('',(-2.1729374567146,-2.08636726537349,35.1371212604005));
#2827=CARTESIAN_POINT('',(-2.46816164722749,-2.09361167570109,35.2898401599327));
#2828=CARTESIAN_POINT('',(-1.99672039024728,-2.2390831278463,34.8719225759018));
#2829=CARTESIAN_POINT('',(-2.20094740505926,-2.0569666130223,35.0638850757));
#2830=CARTESIAN_POINT('',(-2.49788886460393,-2.06147305714788,35.2172822930813));
#2831=CARTESIAN_POINT('',(-2.01135308458574,-2.22594814657062,34.8345784444843));
#2832=CARTESIAN_POINT('',(-2.21486572194031,-2.04206007828608,35.0271876073849));
#2833=CARTESIAN_POINT('',(-2.5126741292592,-2.04517856223735,35.1809131478048));
#2834=CARTESIAN_POINT('',(-2.05484674904662,-2.18612679556964,34.7227233799283));
#2835=CARTESIAN_POINT('',(-2.25620727497192,-1.99687841000823,34.9171909876898));
#2836=CARTESIAN_POINT('',(-2.55662870541773,-1.9957925751901,35.0718743492591));
#2837=CARTESIAN_POINT('',(-2.0833189748688,-2.15901017403534,34.6483498161495));
#2838=CARTESIAN_POINT('',(-2.28319418506138,-1.96616347107618,34.8440452571998));
#2839=CARTESIAN_POINT('',(-2.58538052073446,-1.96221463180342,34.9993112865136));
#2840=CARTESIAN_POINT('',(-2.16703812065414,-2.07608220313594,34.4256562318707));
#2841=CARTESIAN_POINT('',(-2.36241613935733,-1.87224156886595,34.6246976695919));
#2842=CARTESIAN_POINT('',(-2.66994499300696,-1.85953222890519,34.781598505353));
#2843=CARTESIAN_POINT('',(-2.22040248337812,-2.01886529826999,34.2775389026044));
#2844=CARTESIAN_POINT('',(-2.41313817897618,-1.80700291330541,34.4774790595109));
#2845=CARTESIAN_POINT('',(-2.72470596822442,-1.787697816061,34.6342614607921));
#2846=CARTESIAN_POINT('',(-2.37229358626224,-1.84288910778182,33.8326557881948));
#2847=CARTESIAN_POINT('',(-2.55566554972694,-1.60742401136656,34.0367985157622));
#2848=CARTESIAN_POINT('',(-2.87861168149257,-1.56896701129689,34.1950303383564));
#2849=CARTESIAN_POINT('',(-2.46321899239395,-1.71930747389729,33.5360376351078));
#2850=CARTESIAN_POINT('',(-2.63869564302807,-1.46836845003478,33.744407973276));
#2851=CARTESIAN_POINT('',(-2.96902572317945,-1.41699931363383,33.9040867303371));
#2852=CARTESIAN_POINT('',(-2.62553364118677,-1.45946534501024,32.9434048559145));
#2853=CARTESIAN_POINT('',(-2.78205711952927,-1.17860488040412,33.1629616728925));
#2854=CARTESIAN_POINT('',(-3.12686683026014,-1.10053770496418,33.3262814721471));
#2855=CARTESIAN_POINT('',(-2.69691797293152,-1.3232004961008,32.6473912991599));
#2856=CARTESIAN_POINT('',(-2.84227352215743,-1.02747741850689,32.8733695289989));
#2857=CARTESIAN_POINT('',(-3.19420676055764,-0.935682994486573,33.0390044349485));
#2858=CARTESIAN_POINT('',(-2.78875779863986,-1.10855151748846,32.204127288462));
#2859=CARTESIAN_POINT('',(-2.91441941231617,-0.792641641967767,32.4434568405077));
#2860=CARTESIAN_POINT('',(-3.27683490228645,-0.679054749955752,32.6127009085431));
#2861=CARTESIAN_POINT('',(-2.81681743711167,-1.03528726273529,32.056496568716));
#2862=CARTESIAN_POINT('',(-2.93550446918586,-0.712540738139186,32.3001090872401));
#2863=CARTESIAN_POINT('',(-3.30137717157273,-0.591549244801093,32.4707479148123));
#2864=CARTESIAN_POINT('',(-2.85486457208221,-0.922669129574307,31.8352526777851));
#2865=CARTESIAN_POINT('',(-2.96230406634345,-0.590295771990037,32.0862633856198));
#2866=CARTESIAN_POINT('',(-3.33329819313843,-0.457831170165353,32.2590175656852));
#2867=CARTESIAN_POINT('',(-2.86687219213217,-0.884675701714972,31.7615382489446));
#2868=CARTESIAN_POINT('',(-2.97044892896797,-0.549078930289285,32.0149766017362));
#2869=CARTESIAN_POINT('',(-3.34313953604479,-0.41274452537132,32.1884830841158));
#2870=CARTESIAN_POINT('',(-2.88948903157227,-0.80775020869645,31.6141770360414));
#2871=CARTESIAN_POINT('',(-2.98508222130868,-0.465859306556955,31.8726738738773));
#2872=CARTESIAN_POINT('',(-3.36114096707576,-0.321661091107887,32.0477191711394));
#2873=CARTESIAN_POINT('',(-2.90012036512657,-0.768727426440091,31.540538937595));
#2874=CARTESIAN_POINT('',(-2.99147718910038,-0.42402208781224,31.8020480389874));
#2875=CARTESIAN_POINT('',(-3.36918001202435,-0.276009806930085,31.9781451856549));
#2876=CARTESIAN_POINT('',(-2.90996710081304,-0.729446003612171,31.4669525402289));
#2877=CARTESIAN_POINT('',(-2.99726285614491,-0.381198463974643,31.7303932058248));
#2878=CARTESIAN_POINT('',(-3.37670000670873,-0.228682915787733,31.9066439884767));
#2879=CARTESIAN_POINT('',(-2.58156334810084,-1.9630273852407,35.));
#2880=CARTESIAN_POINT('',(-2.98762823451328,-1.47951222196193,33.958555492553));
#2881=CARTESIAN_POINT('',(-3.26072407997012,-0.90035824297956,32.9145208817272));
#2882=CARTESIAN_POINT('',(-3.35744178802212,-0.23666877925029,31.8975240661717));
#2883=CARTESIAN_POINT('',(-3.35744178802212,-0.236668779250285,31.8975240661717));
#2884=CARTESIAN_POINT('',(-3.87995613441738,-0.972594671482907,31.4669525402289));
#2885=CARTESIAN_POINT('',(-2.90996710081304,-0.729446003612172,31.4669525402289));
#2886=CARTESIAN_POINT('',(-3.07595127331971,-0.067288038720622,31.9678586921638));
#2887=CARTESIAN_POINT('',(-3.91337371724828,-0.161167195021094,32.0504495116011));
#2888=CARTESIAN_POINT('',(-2.98841722216953,-0.416486207997829,30.8806809087614));
#2889=CARTESIAN_POINT('',(-3.08428212470342,0.267399135042397,31.3715412097719));
#2890=CARTESIAN_POINT('',(-3.92936725127119,0.267691410214071,31.4531505740707));
#2891=CARTESIAN_POINT('',(-3.01520086986001,-0.101081909945815,30.2885599371767));
#2892=CARTESIAN_POINT('',(-3.03825804294364,0.59100258676158,30.7748149361896));
#2893=CARTESIAN_POINT('',(-3.87721591377633,0.679861814704443,30.8572880402385));
#2894=CARTESIAN_POINT('',(-2.98062106075667,0.375914287710077,29.3921819814316));
#2895=CARTESIAN_POINT('',(-2.89450817190271,1.05844607754987,29.8824805070189));
#2896=CARTESIAN_POINT('',(-3.70666659416488,1.27731236662328,29.9649063524015));
#2897=CARTESIAN_POINT('',(-2.95622544432309,0.535775612816646,29.0915815640367));
#2898=CARTESIAN_POINT('',(-2.83360638087439,1.21161846796794,29.5846659414585));
#2899=CARTESIAN_POINT('',(-3.63383155439408,1.47313585297261,29.6672900342557));
#2900=CARTESIAN_POINT('',(-2.91402310327894,0.713358726077933,28.7573018938849));
#2901=CARTESIAN_POINT('',(-2.75145952830492,1.37741199790656,29.255779607632));
#2902=CARTESIAN_POINT('',(-3.53502480895276,1.68578566850511,29.3383313860226));
#2903=CARTESIAN_POINT('',(-2.90912773530571,0.733068533191247,28.7201952931992));
#2904=CARTESIAN_POINT('',(-2.74213345486942,1.39576401640488,29.2192806383567));
#2905=CARTESIAN_POINT('',(-3.52380797606707,1.70931925184895,29.3018435948225));
#2906=CARTESIAN_POINT('',(-2.89892111049036,0.772444204996993,28.6460535986738));
#2907=CARTESIAN_POINT('',(-2.72309210532556,1.43230803760363,29.1464107599295));
#2908=CARTESIAN_POINT('',(-3.50089596876622,1.75619732417897,29.2289956332978));
#2909=CARTESIAN_POINT('',(-2.89360663249933,0.792121483182985,28.6090298957147));
#2910=CARTESIAN_POINT('',(-2.71348604160213,1.45010819319238,29.1110594332255));
#2911=CARTESIAN_POINT('',(-3.48966723127459,1.77897631576761,29.1936648881139));
#2912=CARTESIAN_POINT('',(-2.87705430534044,0.851012147491754,28.4979926362258));
#2913=CARTESIAN_POINT('',(-2.68330127281329,1.50607521578234,28.997908301623));
#2914=CARTESIAN_POINT('',(-3.45190187482429,1.85110693441243,29.0804694693524));
#2915=CARTESIAN_POINT('',(-2.86525990201774,0.889903069636287,28.4238316783102));
#2916=CARTESIAN_POINT('',(-2.66249278676804,1.5427878900292,28.9224570177959));
#2917=CARTESIAN_POINT('',(-3.42588094110129,1.89841522752463,29.0049977403256));
#2918=CARTESIAN_POINT('',(-2.82764084912671,1.00549209155775,28.2009518268254));
#2919=CARTESIAN_POINT('',(-2.59808240958796,1.65114684649922,28.6961072850388));
#2920=CARTESIAN_POINT('',(-3.34535183754404,2.03808368786376,28.7785482267895));
#2921=CARTESIAN_POINT('',(-2.79958407857407,1.08110849492494,28.0518368413264));
#2922=CARTESIAN_POINT('',(-2.5524742379622,1.72106447037617,28.54511801261));
#2923=CARTESIAN_POINT('',(-3.28838182398331,2.12819215087737,28.6275356858468));
#2924=CARTESIAN_POINT('',(-2.70667877923936,1.30374704188827,27.602962463054));
#2925=CARTESIAN_POINT('',(-2.40799762622837,1.92399635664085,28.0920597437131));
#2926=CARTESIAN_POINT('',(-3.10796706270058,2.38995308971832,28.1742979685134));
#2927=CARTESIAN_POINT('',(-2.63321179352496,1.44615496597056,27.3024458462391));
#2928=CARTESIAN_POINT('',(-2.30158028860985,2.04997545145033,27.7903169773598));
#2929=CARTESIAN_POINT('',(-2.97528412484642,2.5525546124384,27.8726498205351));
#2930=CARTESIAN_POINT('',(-2.46600074708004,1.71581142628231,26.7066779235393));
#2931=CARTESIAN_POINT('',(-2.07275102940162,2.28097789845849,27.1954986350912));
#2932=CARTESIAN_POINT('',(-2.69006332125554,2.85175764087288,27.2778558381589));
#2933=CARTESIAN_POINT('',(-2.37203436272648,1.84361741996939,26.4103119828155));
#2934=CARTESIAN_POINT('',(-1.94988509241627,2.38659964010518,26.9010560283323));
#2935=CARTESIAN_POINT('',(-2.53707895404604,2.98900583575409,26.9835858706554));
#2936=CARTESIAN_POINT('',(-2.21528702481721,2.0245669783855,25.9680407781659));
#2937=CARTESIAN_POINT('',(-1.75331983302784,2.53001779901072,26.4644095805223));
#2938=CARTESIAN_POINT('',(-2.29224420083851,3.17668507249673,26.5469543191618));
#2939=CARTESIAN_POINT('',(-2.16039351066334,2.08308169226663,25.8209977636186));
#2940=CARTESIAN_POINT('',(-1.68570003745393,2.57533935518103,26.3196063090205));
#2941=CARTESIAN_POINT('',(-2.20806200221189,3.23619836969081,26.4022107877841));
#2942=CARTESIAN_POINT('',(-2.08835177446537,2.15387904887569,25.6376782756874));
#2943=CARTESIAN_POINT('',(-1.59857466788072,2.62875254605418,26.139715324137));
#2944=CARTESIAN_POINT('',(-2.09955933069875,3.30671054525603,26.2223274815453));
#2945=CARTESIAN_POINT('',(-2.0738082750581,2.16788499893594,25.6009904505204));
#2946=CARTESIAN_POINT('',(-1.58032867138889,2.63995277894355,26.1012847012792));
#2947=CARTESIAN_POINT('',(-2.07603524862622,3.32122481151162,26.1838623893364));
#2948=CARTESIAN_POINT('',(-2.04449664619255,2.19554995252177,25.5275102094928));
#2949=CARTESIAN_POINT('',(-1.54432728095264,2.66131074914817,26.0265037429568));
#2950=CARTESIAN_POINT('',(-2.03031667344695,3.34913870024888,26.1090589364758));
#2951=CARTESIAN_POINT('',(-2.02972152336124,2.20921583954346,25.4907270269878));
#2952=CARTESIAN_POINT('',(-1.52625107455538,2.67178301426064,25.9891003722351));
#2953=CARTESIAN_POINT('',(-2.00736785573803,3.36283370283754,26.0716446646785));
#2954=CARTESIAN_POINT('',(-1.98504060463845,2.2497177934752,25.3802496776025));
#2955=CARTESIAN_POINT('',(-1.47180293779069,2.70258389770997,25.8768604241738));
#2956=CARTESIAN_POINT('',(-1.9382545127158,3.40314349484031,25.9593632434345));
#2957=CARTESIAN_POINT('',(-1.95477940040736,2.27605837618091,25.3064277775421));
#2958=CARTESIAN_POINT('',(-1.43520191039021,2.72230277953246,25.8019738212151));
#2959=CARTESIAN_POINT('',(-1.89182319951852,3.42898346746014,25.8844574727576));
#2960=CARTESIAN_POINT('',(-1.80112665042725,2.40449798622579,24.9364807522527));
#2961=CARTESIAN_POINT('',(-1.25079858654337,2.81684933092003,25.4274104117124));
#2962=CARTESIAN_POINT('',(-1.65790417295533,3.55313331656385,25.5096592945171));
#2963=CARTESIAN_POINT('',(-1.67031011495085,2.49712033424976,24.636935215039));
#2964=CARTESIAN_POINT('',(-1.09799828844779,2.87995006379247,25.1257062213207));
#2965=CARTESIAN_POINT('',(-1.46454659973796,3.63660211079418,25.2080279048908));
#2966=CARTESIAN_POINT('',(-1.39553033567783,2.66045878111909,24.0366775752224));
#2967=CARTESIAN_POINT('',(-0.785487315173144,2.9804654446384,24.524613620881));
#2968=CARTESIAN_POINT('',(-1.06925341188207,3.77166957415859,24.6069138725424));
#2969=CARTESIAN_POINT('',(-1.25279754320822,2.73053800283005,23.7385648788379));
#2970=CARTESIAN_POINT('',(-0.627022328411875,3.01756715836447,24.2275736729109));
#2971=CARTESIAN_POINT('',(-0.869054679625878,3.82277881644135,24.3100256205896));
#2972=CARTESIAN_POINT('',(-1.03080304531211,2.81847120777686,23.2943606389294));
#2973=CARTESIAN_POINT('',(-0.386517377235907,3.05408777851306,23.7876244384208));
#2974=CARTESIAN_POINT('',(-0.565034058825121,3.87592425997033,23.8700955799957));
#2975=CARTESIAN_POINT('',(-0.955483419875895,2.84490432340476,23.146788406332));
#2976=CARTESIAN_POINT('',(-0.305833667465439,3.06306260284359,23.6418325416594));
#2977=CARTESIAN_POINT('',(-0.463071355171342,3.88970017991965,23.7243581699507));
#2978=CARTESIAN_POINT('',(-0.840486486765761,2.88013710772775,22.9261814092916));
#2979=CARTESIAN_POINT('',(-0.184123424502425,3.07167049624274,23.4245888317852));
#2980=CARTESIAN_POINT('',(-0.309188415145298,3.90443053858285,23.507147305524));
#2981=CARTESIAN_POINT('',(-0.80181757642937,2.89114434026761,22.8527710712719));
#2982=CARTESIAN_POINT('',(-0.143427228761654,3.07373011831299,23.3523942956751));
#2983=CARTESIAN_POINT('',(-0.257737494805875,3.90835064829711,23.4349765622395));
#2984=CARTESIAN_POINT('',(-0.74330160285874,2.90652876860367,22.7428454442556));
#2985=CARTESIAN_POINT('',(-0.0822137306687743,3.07558988481484,23.2444717820929));
#2986=CARTESIAN_POINT('',(-0.180324374771979,3.9127327651176,23.3270774431392));
#2987=CARTESIAN_POINT('',(-0.723719457869733,2.9114662452888,22.7062266548631));
#2988=CARTESIAN_POINT('',(-0.0611375847663394,3.07617022716657,23.2069248770171));
#2989=CARTESIAN_POINT('',(-0.153293046662254,3.91374963372022,23.2895092493257));
#2990=CARTESIAN_POINT('',(-0.68456801019587,2.92091975079285,22.6328738585053));
#2991=CARTESIAN_POINT('',(-0.0193030941343412,3.07683834471183,23.1322486713742));
#2992=CARTESIAN_POINT('',(-0.0997678385638958,3.91527943479164,23.2148105426488));
#2993=CARTESIAN_POINT('',(-0.664976240390499,2.92544179941903,22.596161780235));
#2994=CARTESIAN_POINT('',(0.00157195405299444,3.07695557868489,23.0949053021537));
#2995=CARTESIAN_POINT('',(-0.0730641839854668,3.91577253901266,23.1774562509471));
#2996=CARTESIAN_POINT('',(-0.488505893706034,2.96431472762294,22.2654360930477));
#2997=CARTESIAN_POINT('',(0.18897061520742,3.0760839932317,22.7589477587917));
#2998=CARTESIAN_POINT('',(0.166750840042316,3.91779801014347,22.8412197816109));
#2999=CARTESIAN_POINT('',(-0.330618726299997,2.98597255174739,21.9692224816292));
#3000=CARTESIAN_POINT('',(0.353067792895094,3.06170877674624,22.4596665328715));
#3001=CARTESIAN_POINT('',(0.376273203530195,3.90256756059649,22.5419952653162));
#3002=CARTESIAN_POINT('',(-0.0127645315061095,3.00419338403937,21.3725238615532));
#3003=CARTESIAN_POINT('',(0.676154755238687,3.00715324556303,21.86031549477));
#3004=CARTESIAN_POINT('',(0.788931021157069,3.84006452076485,21.9425775881261));
#3005=CARTESIAN_POINT('',(0.147704274023181,3.00064475852433,21.0710930979089));
#3006=CARTESIAN_POINT('',(0.835752852484044,2.96672429719669,21.5590637218157));
#3007=CARTESIAN_POINT('',(0.992662096953743,3.79250637621357,21.6414556995829));
#3008=CARTESIAN_POINT('',(0.466554153053008,2.96782963488358,20.4717513751395));
#3009=CARTESIAN_POINT('',(1.14556099678119,2.86103889456018,20.9635534195956));
#3010=CARTESIAN_POINT('',(1.38871337507959,3.66666753584004,21.0460391956744));
#3011=CARTESIAN_POINT('',(0.625461282003404,2.93862507004304,20.1728554245323));
#3012=CARTESIAN_POINT('',(1.29643952839967,2.79565849576266,20.6680534965092));
#3013=CARTESIAN_POINT('',(1.58172150885202,3.58831252701195,20.7507515172801));
#3014=CARTESIAN_POINT('',(0.822699297387177,2.88527915649887,19.8014102325962));
#3015=CARTESIAN_POINT('',(1.47878247879343,2.69819633369135,20.303464176377));
#3016=CARTESIAN_POINT('',(1.81583117353314,3.47092856759332,20.3860865171939));
#3017=CARTESIAN_POINT('',(0.861889401625054,2.873811179843,19.7273039877699));
#3018=CARTESIAN_POINT('',(1.51635954702229,2.67753665554102,20.2268509675116));
#3019=CARTESIAN_POINT('',(1.86435797386051,3.44469288311049,20.3094075051018));
#3020=CARTESIAN_POINT('',(0.939242834633085,2.84946783375679,19.5789497871262));
#3021=CARTESIAN_POINT('',(1.58912447875057,2.63526213943867,20.0760463616601));
#3022=CARTESIAN_POINT('',(1.95813112942795,3.39183777500901,20.1585581033258));
#3023=CARTESIAN_POINT('',(0.977485721449026,2.8365713721944,19.5047765430239));
#3024=CARTESIAN_POINT('',(1.62485195486169,2.61349518595597,20.0007695084467));
#3025=CARTESIAN_POINT('',(2.00417431191884,3.36463327087869,20.0832618311182));
#3026=CARTESIAN_POINT('',(1.09094957699956,2.79576303738404,19.282270928458));
#3027=CARTESIAN_POINT('',(1.73011439800497,2.54637848037083,19.7753361522093));
#3028=CARTESIAN_POINT('',(2.13987134079174,3.28076519471037,19.8577391242208));
#3029=CARTESIAN_POINT('',(1.16490813828775,2.76573582423746,19.1339528482262));
#3030=CARTESIAN_POINT('',(1.797773103588,2.49919317928327,19.6254930582501));
#3031=CARTESIAN_POINT('',(2.22709777516642,3.22185123996504,19.7078776802656));
#3032=CARTESIAN_POINT('',(1.52660952276195,2.6019902549634,18.392479110775));
#3033=CARTESIAN_POINT('',(2.12383706722272,2.25182961773914,18.8788795706474));
#3034=CARTESIAN_POINT('',(2.64798786249475,2.91300228485814,18.9608265418593));
#3035=CARTESIAN_POINT('',(1.79072933558935,2.42843231258843,17.7997161929259));
#3036=CARTESIAN_POINT('',(2.34751312517638,2.01724586703793,18.2871532038635));
#3037=CARTESIAN_POINT('',(2.93708348413609,2.62122592010156,18.3701374979964));
#3038=CARTESIAN_POINT('',(2.05803496374225,2.18314383646,17.1332214573122));
#3039=CARTESIAN_POINT('',(2.55574241220972,1.71394862473781,17.6309899105767));
#3040=CARTESIAN_POINT('',(3.21052262144634,2.2432110606275,17.7135363391086));
#3041=CARTESIAN_POINT('',(2.08731017878848,2.15517779102901,17.0591707812036));
#3042=CARTESIAN_POINT('',(2.57829129102478,1.67964550381755,17.5581247112412));
#3043=CARTESIAN_POINT('',(3.24016680909733,2.20050194111619,17.6406950805903));
#3044=CARTESIAN_POINT('',(2.12335654464817,2.11930659123179,16.9666116637228));
#3045=CARTESIAN_POINT('',(2.60569215821424,1.63604846474399,17.4672050921975));
#3046=CARTESIAN_POINT('',(3.27628333861635,2.14621439640613,17.5497915659921));
#3047=CARTESIAN_POINT('',(2.13053842152923,2.11208664885783,16.9481000505153));
#3048=CARTESIAN_POINT('',(2.61113394018351,1.62729169013744,17.4490262801776));
#3049=CARTESIAN_POINT('',(3.28345969034746,2.13531181266404,17.5316182706402));
#3050=CARTESIAN_POINT('',(2.14484692956298,2.09755467786659,16.9110772115827));
#3051=CARTESIAN_POINT('',(2.62193880116742,1.60970528827018,17.4126837064066));
#3052=CARTESIAN_POINT('',(3.29771800096,2.11341600348694,17.4952866396267));
#3053=CARTESIAN_POINT('',(2.15197097406385,2.09024517575851,16.8925626553804));
#3054=CARTESIAN_POINT('',(2.62755496201184,1.6006178425476,17.3936355569572));
#3055=CARTESIAN_POINT('',(3.30503247567191,2.10181107117364,17.4762282940813));
#3056=CARTESIAN_POINT('',(2.17320927168391,2.06823048363742,16.8369528854276));
#3057=CARTESIAN_POINT('',(2.64408002849366,1.5734627623952,17.3369920869987));
#3058=CARTESIAN_POINT('',(3.32661731692173,2.06731464984012,17.4195652505677));
#3059=CARTESIAN_POINT('',(2.18720590946309,2.05342272442391,16.7998127199358));
#3060=CARTESIAN_POINT('',(2.65489147834952,1.55526994914191,17.2991920442702));
#3061=CARTESIAN_POINT('',(3.34074648893763,2.04421117431467,17.381754099681));
#3062=CARTESIAN_POINT('',(2.25638230753589,1.97872991875377,16.6137792675682));
#3063=CARTESIAN_POINT('',(2.70791547146157,1.46388878592818,17.1100577243209));
#3064=CARTESIAN_POINT('',(3.41010314937795,1.92816636922784,17.1925179688478));
#3065=CARTESIAN_POINT('',(2.30887021477221,1.91717054646938,16.4646102534511));
#3066=CARTESIAN_POINT('',(2.74687893749377,1.38970456202601,16.958850081996));
#3067=CARTESIAN_POINT('',(3.46119079293697,1.83409159310282,17.0412858736327));
#3068=CARTESIAN_POINT('',(2.45748742599587,1.72813594451368,16.0181388685837));
#3069=CARTESIAN_POINT('',(2.8534244470966,1.16523261243363,16.5077504417379));
#3070=CARTESIAN_POINT('',(3.60146901611861,1.54956485820564,16.58999084756));
#3071=CARTESIAN_POINT('',(2.54514668906487,1.59598565817702,15.7210110309897));
#3072=CARTESIAN_POINT('',(2.91107254276126,1.01242891955332,16.2091094540485));
#3073=CARTESIAN_POINT('',(3.6780828156958,1.35628726211336,16.2914362930357));
#3074=CARTESIAN_POINT('',(2.69865047037271,1.31993466835361,15.1277865117523));
#3075=CARTESIAN_POINT('',(3.00122513995489,0.701301437201084,15.6162167046609));
#3076=CARTESIAN_POINT('',(3.80014722018778,0.962848791389364,15.6985520769774));
#3077=CARTESIAN_POINT('',(2.76449091651779,1.17603197703406,14.8316898477611));
#3078=CARTESIAN_POINT('',(3.03375319074342,0.542845826503677,15.3217253376375));
#3079=CARTESIAN_POINT('',(3.84557755913394,0.762686466952244,15.4042255006708));
#3080=CARTESIAN_POINT('',(2.84635532338118,0.951118648060672,14.3883079459698));
#3081=CARTESIAN_POINT('',(3.06350832732891,0.30119014580655,14.8834776197565));
#3082=CARTESIAN_POINT('',(3.89040983484512,0.457191199245322,14.9659950520557));
#3083=CARTESIAN_POINT('',(2.87081453589643,0.874631473633504,14.2406411278294));
#3084=CARTESIAN_POINT('',(3.07024359786397,0.219922827937944,14.7378889047029));
#3085=CARTESIAN_POINT('',(3.90145077435145,0.354481065015076,14.8204651019657));
#3086=CARTESIAN_POINT('',(2.89768906625682,0.777050735108355,14.056214657132));
#3087=CARTESIAN_POINT('',(3.0745501593891,0.117512266938574,14.5566871716325));
#3088=CARTESIAN_POINT('',(3.91024608954121,0.224960807419732,14.639273959834));
#3089=CARTESIAN_POINT('',(2.90288286535631,0.757419210681056,14.0193530896993));
#3090=CARTESIAN_POINT('',(3.07513012269334,0.0972743100303896,14.5212578964308));
#3091=CARTESIAN_POINT('',(3.91184930762351,0.199538489165713,14.6038614477303));
#3092=CARTESIAN_POINT('',(2.9128752394095,0.718032471635549,13.9455727433627));
#3093=CARTESIAN_POINT('',(3.07630465815508,0.0550507562515474,14.4460734813927));
#3094=CARTESIAN_POINT('',(3.91401881899622,0.145504193761587,14.5286543768458));
#3095=CARTESIAN_POINT('',(2.91766582893569,0.698310279521838,13.9086225844403));
#3096=CARTESIAN_POINT('',(3.07667068226557,0.0339687450080451,14.4084522811852));
#3097=CARTESIAN_POINT('',(3.91482629079215,0.11853048335638,14.4910221031526));
#3098=CARTESIAN_POINT('',(2.93142462567134,0.639057280145315,13.797593682886));
#3099=CARTESIAN_POINT('',(3.07711134289977,-0.0291833182426138,14.2955114566705));
#3100=CARTESIAN_POINT('',(3.91642598635761,0.0377360831418515,14.3780382224074));
#3101=CARTESIAN_POINT('',(2.93978012931307,0.599440072126474,13.7233366067112));
#3102=CARTESIAN_POINT('',(3.07652936045488,-0.0711717536101718,14.2200927680404));
#3103=CARTESIAN_POINT('',(3.91639589851766,-0.0159579753373138,14.3025995605663));
#3104=CARTESIAN_POINT('',(2.96241619006694,0.480242388725799,13.499860803033));
#3105=CARTESIAN_POINT('',(3.07219589537417,-0.196773055121315,13.9935149047858));
#3106=CARTESIAN_POINT('',(3.91307357678242,-0.176558311636818,14.0759284782398));
#3107=CARTESIAN_POINT('',(2.97424496266867,0.400333430985705,13.3499707301872));
#3108=CARTESIAN_POINT('',(3.0658400654158,-0.280046753840442,13.8419829124383));
#3109=CARTESIAN_POINT('',(3.90652748152978,-0.282952716226975,13.9243764571582));
#3110=CARTESIAN_POINT('',(2.99135382908738,0.241251369175603,13.0514610273019));
#3111=CARTESIAN_POINT('',(3.04663376720588,-0.443994232620785,13.541095716193));
#3112=CARTESIAN_POINT('',(3.88532842915672,-0.492393856419424,13.6234325683438));
#3113=CARTESIAN_POINT('',(2.99667838577854,0.161867980200637,12.9024470766396));
#3114=CARTESIAN_POINT('',(3.03377988751603,-0.52490936091703,13.391307122215));
#3115=CARTESIAN_POINT('',(3.87067488523379,-0.595725364649862,13.4736403119732));
#3116=CARTESIAN_POINT('',(3.00322828749485,-0.0758301814375002,12.4561155359806));
#3117=CARTESIAN_POINT('',(2.98585657356156,-0.764525269318255,12.9439239230682));
#3118=CARTESIAN_POINT('',(3.81507589983201,-0.901780194090531,13.0262097139036));
#3119=CARTESIAN_POINT('',(2.99508637400684,-0.233698274603715,12.1595064469362));
#3120=CARTESIAN_POINT('',(2.94145161375658,-0.920235962723263,12.6480734635751));
#3121=CARTESIAN_POINT('',(3.7625592809871,-1.10058991909925,12.7305011364957));
#3122=CARTESIAN_POINT('',(2.96408151404756,-0.469585025219196,11.715996100825));
#3123=CARTESIAN_POINT('',(2.85666352705566,-1.14752198793683,12.2083194607984));
#3124=CARTESIAN_POINT('',(3.66130187833833,-1.39131529090552,12.2907663060372));
#3125=CARTESIAN_POINT('',(2.9506003290275,-0.548060047597552,11.5683936671391));
#3126=CARTESIAN_POINT('',(2.82534054862646,-1.22227195406633,12.0623313198412));
#3127=CARTESIAN_POINT('',(3.62378477020347,-1.48696863016514,12.1448302636476));
#3128=CARTESIAN_POINT('',(2.92552178499555,-0.665526344237357,11.3473436536029));
#3129=CARTESIAN_POINT('',(2.77372328741982,-1.33277219703283,11.8443904135409));
#3130=CARTESIAN_POINT('',(3.56179538980049,-1.62855104448832,11.926922595024));
#3131=CARTESIAN_POINT('',(2.91635184592684,-0.704640640956312,11.2737192812615));
#3132=CARTESIAN_POINT('',(2.75573933580294,-1.36934443602415,11.7718973788381));
#3133=CARTESIAN_POINT('',(3.5401789306191,-1.67542852487394,11.8544530362816));
#3134=CARTESIAN_POINT('',(2.9013548348165,-0.763247504430238,11.1633716593003));
#3135=CARTESIAN_POINT('',(2.72758739619734,-1.42378654256357,11.6634251610447));
#3136=CARTESIAN_POINT('',(3.50630615904229,-1.74526430443797,11.7460048170791));
#3137=CARTESIAN_POINT('',(2.89614874611492,-0.782772354836755,11.126603942902));
#3138=CARTESIAN_POINT('',(2.71800595999294,-1.44186702123514,11.6273072875135));
#3139=CARTESIAN_POINT('',(3.49477381871505,-1.76846279891805,11.7098981150469));
#3140=CARTESIAN_POINT('',(2.88802503806827,-0.812043046439496,11.0714746788243));
#3141=CARTESIAN_POINT('',(2.70333710036741,-1.4688822041579,11.5731983373937));
#3142=CARTESIAN_POINT('',(3.47711027943722,-1.8031394785253,11.655803112708));
#3143=CARTESIAN_POINT('',(2.88526719736504,-0.821788028294343,11.0530931076344));
#3144=CARTESIAN_POINT('',(2.69827709480446,-1.47830542827222,11.5540502020175));
#3145=CARTESIAN_POINT('',(3.47064130650161,-1.81531213332345,11.6366410703348));
#3146=CARTESIAN_POINT('',(2.87965867289946,-0.841230224869225,11.0162964073865));
#3147=CARTESIAN_POINT('',(2.68816560559542,-1.49674208995793,11.5165713329185));
#3148=CARTESIAN_POINT('',(3.45799330796611,-1.83907113352837,11.5991508974642));
#3149=CARTESIAN_POINT('',(2.8768069614115,-0.850931154592229,10.9978848803839));
#3150=CARTESIAN_POINT('',(2.68306657064086,-1.50592580170038,11.4978264195114));
#3151=CARTESIAN_POINT('',(3.45161580281265,-1.85090596825422,11.580400367815));
#3152=CARTESIAN_POINT('',(2.85071596829406,-0.938058817621626,10.8320631315732));
#3153=CARTESIAN_POINT('',(2.63680119640135,-1.58824529626693,11.3291219636961));
#3154=CARTESIAN_POINT('',(3.39373921045588,-1.9570205740586,11.4115962802583));
#3155=CARTESIAN_POINT('',(2.82450260548884,-1.01422310959153,10.6838285932363));
#3156=CARTESIAN_POINT('',(2.59291009705091,-1.65925012344183,11.1787492947477));
#3157=CARTESIAN_POINT('',(3.33889308609253,-2.04851419198083,11.2611973881133));
#3158=CARTESIAN_POINT('',(2.76612809259317,-1.1640441829285,10.3857271043881));
#3159=CARTESIAN_POINT('',(2.49979368573587,-1.7969926495169,10.8772878395388));
#3160=CARTESIAN_POINT('',(3.22259666514029,-2.22610298242524,10.9596618069703));
#3161=CARTESIAN_POINT('',(2.73387529912948,-1.23786783918682,10.2355025721477));
#3162=CARTESIAN_POINT('',(2.45042965815437,-1.86389381826718,10.7258068207778));
#3163=CARTESIAN_POINT('',(3.16098379877228,-2.31238645650129,10.8081670068983));
#3164=CARTESIAN_POINT('',(2.55936037971711,-1.59747596616304,9.48714983889623));
#3165=CARTESIAN_POINT('',(2.19289541164022,-2.18489109480659,9.97360146499552));
#3166=CARTESIAN_POINT('',(2.83956919202664,-2.72692095375421,10.0556291432192));
#3167=CARTESIAN_POINT('',(2.37791113847264,-1.85716801298382,8.89408126313326));
#3168=CARTESIAN_POINT('',(1.95170984413062,-2.40196495436575,9.38266167830313));
#3169=CARTESIAN_POINT('',(2.53965955437133,-3.00788791046196,9.46576242290009));
#3170=CARTESIAN_POINT('',(2.13994223093057,-2.10262970576671,8.26984270930384));
#3171=CARTESIAN_POINT('',(1.66112827815082,-2.58993763253046,8.76949682224541));
#3172=CARTESIAN_POINT('',(2.1774413634321,-3.2555188533402,8.85206956437407));
#3173=CARTESIAN_POINT('',(2.12577392951827,-2.11695363613387,8.23314479524214));
#3174=CARTESIAN_POINT('',(1.64388327831906,-2.60084889506086,8.73343564028056));
#3175=CARTESIAN_POINT('',(2.15597048129098,-3.26989342253857,8.81601952012149));
#3176=CARTESIAN_POINT('',(2.09709339638768,-2.14536868248493,8.15979319359161));
#3177=CARTESIAN_POINT('',(1.60912812366968,-2.62235059790758,8.6614142651769));
#3178=CARTESIAN_POINT('',(2.11269871209684,-3.29825616065381,8.7440198480999));
#3179=CARTESIAN_POINT('',(2.08258689376322,-2.15945329976893,8.12313133493744));
#3180=CARTESIAN_POINT('',(1.59114810951073,-2.63340227633136,8.62383396687988));
#3181=CARTESIAN_POINT('',(2.08977820454657,-3.31266800385524,8.7064184027978));
#3182=CARTESIAN_POINT('',(2.03875597358632,-2.2011590074311,8.01294411959258));
#3183=CARTESIAN_POINT('',(1.53723236364837,-2.66569186298658,8.51166791951091));
#3184=CARTESIAN_POINT('',(2.02129669371266,-3.35486250683048,8.59420910467844));
#3185=CARTESIAN_POINT('',(2.00905415564552,-2.22829834340528,7.93930517553816));
#3186=CARTESIAN_POINT('',(1.50097832261842,-2.6863939559001,8.43682356223822));
#3187=CARTESIAN_POINT('',(1.9752786378547,-3.38194454772592,8.51934464877051));
#3188=CARTESIAN_POINT('',(1.91852222995261,-2.3077523444543,7.71785648815721));
#3189=CARTESIAN_POINT('',(1.39133211298202,-2.7460621949849,8.21214316326108));
#3190=CARTESIAN_POINT('',(1.83614565968323,-3.46012743904568,8.29456911242256));
#3191=CARTESIAN_POINT('',(1.85626782900806,-2.35810635105023,7.56951595168246));
#3192=CARTESIAN_POINT('',(1.3170150498276,-2.7826202706124,8.06207164107744));
#3193=CARTESIAN_POINT('',(1.74195349252284,-3.50817079922314,8.14447571458525));
#3194=CARTESIAN_POINT('',(1.66386028195381,-2.50143003612598,7.12241347997063));
#3195=CARTESIAN_POINT('',(1.09059617636303,-2.88282162664421,7.61117444751623));
#3196=CARTESIAN_POINT('',(1.45510536472982,-3.64047427301061,7.69341449543865));
#3197=CARTESIAN_POINT('',(1.52766824670982,-2.5867904554108,6.8208142255601));
#3198=CARTESIAN_POINT('',(0.934437474395484,-2.93710989970855,7.30857264670433));
#3199=CARTESIAN_POINT('',(1.2576467204877,-3.71296811225027,7.39091160773928));
#3200=CARTESIAN_POINT('',(1.24582600264765,-2.73371042785019,6.22422562133745));
#3201=CARTESIAN_POINT('',(0.619417872707772,-3.01916245782515,6.71340107576949));
#3202=CARTESIAN_POINT('',(0.859366553267287,-3.82504322952985,6.79577625411759));
#3203=CARTESIAN_POINT('',(1.0995855502424,-2.79579151076778,5.92778872954765));
#3204=CARTESIAN_POINT('',(0.459708398954492,-3.0473400332522,6.41912327901663));
#3205=CARTESIAN_POINT('',(0.65763644085847,-3.8651237531666,6.50167693958856));
#3206=CARTESIAN_POINT('',(0.910060814304908,-2.85891333794689,5.55956571756455));
#3207=CARTESIAN_POINT('',(0.257744724365535,-3.06655451743914,6.0559476144573));
#3208=CARTESIAN_POINT('',(0.402256892794352,-3.89563350050707,6.13846640067331));
#3209=CARTESIAN_POINT('',(0.871817909374034,-2.87080943564167,5.4860377380076));
#3210=CARTESIAN_POINT('',(0.217211201983091,-3.06959438527375,5.98350472828238));
#3211=CARTESIAN_POINT('',(0.351019478031784,-3.90075032609899,6.0660466043803));
#3212=CARTESIAN_POINT('',(0.813939844535156,-2.88754311659527,5.3759221350211));
#3213=CARTESIAN_POINT('',(0.156232909526978,-3.07293530422746,5.875190831811));
#3214=CARTESIAN_POINT('',(0.273919471620827,-3.90693794037597,5.95775679646925));
#3215=CARTESIAN_POINT('',(0.794561515033502,-2.89293587423353,5.33924633433442));
#3216=CARTESIAN_POINT('',(0.135874390031052,-3.07384580515295,5.83913978793154));
#3217=CARTESIAN_POINT('',(0.248178813386524,-3.90875247219646,5.92171686278636));
#3218=CARTESIAN_POINT('',(0.765364496499746,-2.90074450458802,5.28427696692619));
#3219=CARTESIAN_POINT('',(0.105292309004797,-3.07490468185162,5.78515185674493));
#3220=CARTESIAN_POINT('',(0.209506557874937,-3.91110038804684,5.86774296368504));
#3221=CARTESIAN_POINT('',(0.755609622057513,-2.90330086914007,5.26596215420553));
#3222=CARTESIAN_POINT('',(0.0953447132954607,-3.07514124336515,5.7678061774741));
#3223=CARTESIAN_POINT('',(0.197071953985488,-3.91189514979908,5.85041120255705));
#3224=CARTESIAN_POINT('',(0.736060367799031,-2.90831858169818,5.22934358722757));
#3225=CARTESIAN_POINT('',(0.074370829910474,-3.07578483804674,5.73048188081155));
#3226=CARTESIAN_POINT('',(0.170229863392313,-3.91304807885871,5.81307567070727));
#3227=CARTESIAN_POINT('',(0.726281457517964,-2.91077596956841,5.21102478388806));
#3228=CARTESIAN_POINT('',(0.0638942975705179,-3.07605190296799,5.71181802643502));
#3229=CARTESIAN_POINT('',(0.156823450040134,-3.91355589318981,5.79440622283017));
#3230=CARTESIAN_POINT('',(0.63823272765859,-2.93243158839721,5.04607047544442));
#3231=CARTESIAN_POINT('',(-0.0302729634081173,-3.07796564983809,5.54387851738448));
#3232=CARTESIAN_POINT('',(0.0362957160218587,-3.91751298550342,5.62636561614586));
#3233=CARTESIAN_POINT('',(0.55969330101587,-2.94840954006857,4.89884079832989));
#3234=CARTESIAN_POINT('',(-0.113352769641026,-3.07619711580168,5.39442448289897));
#3235=CARTESIAN_POINT('',(-0.0699183682218476,-3.91667855016543,5.47688489767763));
#3236=CARTESIAN_POINT('',(0.323252225421771,-2.98680592396584,4.45541403589076));
#3237=CARTESIAN_POINT('',(-0.360630916587157,-3.06090931626555,4.9457998291136));
#3238=CARTESIAN_POINT('',(-0.38602846034062,-3.90171589812052,5.02804573474138));
#3239=CARTESIAN_POINT('',(0.164530259908845,-2.99974674127442,4.15749255798534));
#3240=CARTESIAN_POINT('',(-0.523105111012625,-3.03746732143343,4.64596437343962));
#3241=CARTESIAN_POINT('',(-0.593412718893284,-3.87520751412286,4.72828715134758));
#3242=CARTESIAN_POINT('',(-0.155161190783231,-3.00024594376643,3.55707727298468));
#3243=CARTESIAN_POINT('',(-0.843062769435257,-2.96467503098785,4.04516813111932));
#3244=CARTESIAN_POINT('',(-1.00208882609419,-3.79008495795276,4.12748111219956));
#3245=CARTESIAN_POINT('',(-0.314699808826742,-2.98769669733604,3.25726857788178));
#3246=CARTESIAN_POINT('',(-0.999213125706103,-2.91551394249754,3.74666757106994));
#3247=CARTESIAN_POINT('',(-1.20151074840222,-3.73171659756162,3.82913748683089));
#3248=CARTESIAN_POINT('',(-0.471988125203596,-2.96263855535345,2.96145747826049));
#3249=CARTESIAN_POINT('',(-1.14951188804139,-2.85469991733605,3.45398492257209));
#3250=CARTESIAN_POINT('',(-1.39389924550042,-3.65890944853274,3.53641265839958));
#3251=CARTESIAN_POINT('',(-3.35744178802212,-0.236668779250288,31.8975240661717));
#3252=CARTESIAN_POINT('',(-3.41611529020422,0.168396742589725,31.2763950717642));
#3253=CARTESIAN_POINT('',(-3.39981667146342,0.965936523388931,30.0453993623417));
#3254=CARTESIAN_POINT('',(-2.96881647187622,2.14392618668536,28.2355066134233));
#3255=CARTESIAN_POINT('',(-2.16998682693239,3.13960938209234,26.383512395737));
#3256=CARTESIAN_POINT('',(-1.43799383731578,3.60475386118086,25.1823843517634));
#3257=CARTESIAN_POINT('',(-1.04528423883973,3.77270177832587,24.5735970312494));
#3258=CARTESIAN_POINT('',(2.93410134787685,-2.59165222197196,10.2911392253734));
#3259=CARTESIAN_POINT('',(2.63133518422026,-2.84683113307455,9.72744035551902));
#3260=CARTESIAN_POINT('',(2.12746916634596,-3.15021124242919,8.88946182757627));
#3261=CARTESIAN_POINT('',(1.40960900048655,-3.35135864579865,7.7306662833341));
#3262=CARTESIAN_POINT('',(0.889938457949941,-3.4074103260675,6.84385904134586));
#3263=CARTESIAN_POINT('',(0.476914931025672,-3.38659839336467,6.09549615688339));
#3264=CARTESIAN_POINT('',(0.161546495587667,-3.33106688382858,5.48761613848028));
#3265=CARTESIAN_POINT('',(-0.0538366973390458,-3.26899411765502,5.02118488594743));
#3266=CARTESIAN_POINT('',(-0.246948331516129,-3.19435650396145,4.54739962342889));
#3267=CARTESIAN_POINT('',(-0.383988215219553,-3.12383003273416,4.14520500708544));
#3268=CARTESIAN_POINT('',(-0.473584547236495,-3.06514858429497,3.81850685282288));
#3269=CARTESIAN_POINT('',(-0.521711107922521,-3.02095546388796,3.5647727465488));
#3270=CARTESIAN_POINT('',(-0.545809571471413,-2.98681430866648,3.36245150214245));
#3271=CARTESIAN_POINT('',(-0.491865594477452,-2.96511610402567,3.17115793826572));
#3272=CARTESIAN_POINT('',(-0.387866334763548,-2.9751007652725,3.17932812246654));
#3273=CARTESIAN_POINT('',(-0.347338073141882,-2.97982487118724,3.19583714333948));
#3274=CARTESIAN_POINT('',(-1.19875210417784,-3.75216453817374,31.8613778197082));
#3275=CARTESIAN_POINT('',(-1.74953059109557,-3.5405645701553,32.145901998678));
#3276=CARTESIAN_POINT('',(-1.788100969055,-2.88803928217186,32.1884292960454));
#3277=CARTESIAN_POINT('',(-1.15536706948029,-3.75789849109919,31.9262643402797));
#3278=CARTESIAN_POINT('',(-1.70570941761626,-3.55361299578191,32.2093395703983));
#3279=CARTESIAN_POINT('',(-1.75391609560184,-2.90519584945234,32.2536899085642));
#3280=CARTESIAN_POINT('',(-1.11197366790071,-3.76298442036687,31.9911269626781));
#3281=CARTESIAN_POINT('',(-1.66334131664348,-3.56569313030543,32.2715178025271));
#3282=CARTESIAN_POINT('',(-1.72076914205123,-2.92053328428542,32.3165347273493));
#3283=CARTESIAN_POINT('',(-1.02566097199165,-3.7717163108395,32.1210857129166));
#3284=CARTESIAN_POINT('',(-1.57770988045174,-3.58850184733849,32.3970006902142));
#3285=CARTESIAN_POINT('',(-1.65347828632315,-2.9509203227982,32.4439942106913));
#3286=CARTESIAN_POINT('',(-0.982667403883421,-3.7753918993313,32.1861375033831));
#3287=CARTESIAN_POINT('',(-1.53487963174352,-3.59917884263078,32.4598833792631));
#3288=CARTESIAN_POINT('',(-1.61965986140637,-2.96558384064977,32.5078645446418));
#3289=CARTESIAN_POINT('',(-0.854154511481689,-3.78441946457608,32.3815025800291));
#3290=CARTESIAN_POINT('',(-1.40651518785988,-3.62903528481212,32.6487061073969));
#3291=CARTESIAN_POINT('',(-1.51767968845384,-3.00800088094173,32.6998798755691));
#3292=CARTESIAN_POINT('',(-0.769103371734291,-3.78777528809157,32.5120257967555));
#3293=CARTESIAN_POINT('',(-1.32078687967684,-3.64613818850111,32.7752901584069));
#3294=CARTESIAN_POINT('',(-1.44899344713119,-3.0341828327433,32.8284288897319));
#3295=CARTESIAN_POINT('',(-0.51564465811408,-3.79031367367554,32.9043663466349));
#3296=CARTESIAN_POINT('',(-1.06414227656909,-3.68913670720167,33.1556255519451));
#3297=CARTESIAN_POINT('',(-1.24077426439681,-3.10649981762249,33.2155650887694));
#3298=CARTESIAN_POINT('',(-0.348937887561939,-3.78201125516342,33.1669581165148));
#3299=CARTESIAN_POINT('',(-0.892488505215292,-3.70712992421813,33.4118523369756));
#3300=CARTESIAN_POINT('',(-1.09908813068579,-3.14643635330264,33.4756373757754));
#3301=CARTESIAN_POINT('',(-0.0189641065113123,-3.74674311606651,33.6937529974008));
#3302=CARTESIAN_POINT('',(-0.548833619617542,-3.72223549206748,33.9276517920098));
#3303=CARTESIAN_POINT('',(-0.809474893447249,-3.20933907886376,33.9991761309259));
#3304=CARTESIAN_POINT('',(0.144256254386043,-3.71977209848447,33.9578857759555));
#3305=CARTESIAN_POINT('',(-0.376797474855962,-3.71953418141561,34.1872544859552));
#3306=CARTESIAN_POINT('',(-0.661585848068595,-3.23228942228911,34.2625734650095));
#3307=CARTESIAN_POINT('',(0.3262247557823,-3.67899722669866,34.2548821533628));
#3308=CARTESIAN_POINT('',(-0.182431370715378,-3.70465252469461,34.4811798339517));
#3309=CARTESIAN_POINT('',(-0.491704383838443,-3.24774194671457,34.5598163269258));
#3310=CARTESIAN_POINT('',(0.346450150056012,-3.67431856867362,34.2878731101768));
#3311=CARTESIAN_POINT('',(-0.160529687120457,-3.70277410105152,34.5141129072413));
#3312=CARTESIAN_POINT('',(-0.472304165274428,-3.24943460201835,34.5935081254589));
#3313=CARTESIAN_POINT('',(0.386732429399793,-3.66467703472576,34.3538959968228));
#3314=CARTESIAN_POINT('',(-0.118896603144977,-3.69908123052599,34.5778189153842));
#3315=CARTESIAN_POINT('',(-0.436126438512563,-3.25180623884827,34.657172078105));
#3316=CARTESIAN_POINT('',(0.406737009519353,-3.65971847869983,34.3869448026975));
#3317=CARTESIAN_POINT('',(-0.0981109356533566,-3.69706931484003,34.6096863534686));
#3318=CARTESIAN_POINT('',(-0.418019695162111,-3.25294876945776,34.6890370511975));
#3319=CARTESIAN_POINT('',(0.466345165448443,-3.64444441160625,34.4862027094799));
#3320=CARTESIAN_POINT('',(-0.0358603644397379,-3.69053977681276,34.7053046386404));
#3321=CARTESIAN_POINT('',(-0.363619524753531,-3.25624887199682,34.7847322800127));
#3322=CARTESIAN_POINT('',(0.505547090578475,-3.63372944745475,34.5525308525378));
#3323=CARTESIAN_POINT('',(0.0055426154203727,-3.6855258083086,34.7691394928911));
#3324=CARTESIAN_POINT('',(-0.327242545355984,-3.25827981285719,34.8486702881414));
#3325=CARTESIAN_POINT('',(0.621531479093213,-3.60011596902688,34.7518784656057));
#3326=CARTESIAN_POINT('',(0.129317948163696,-3.66852238561546,34.9606325658904));
#3327=CARTESIAN_POINT('',(-0.217606108565464,-3.26385949690101,35.0408163093573));
#3328=CARTESIAN_POINT('',(0.696915758612786,-3.57570843317792,34.8851736614887));
#3329=CARTESIAN_POINT('',(0.212053416273392,-3.65444089583435,35.0889250458661));
#3330=CARTESIAN_POINT('',(-0.143082565936329,-3.26699299479525,35.1700465408937));
#3331=CARTESIAN_POINT('',(0.769713448216982,-3.54972035920585,35.0191719724346));
#3332=CARTESIAN_POINT('',(0.29255587143763,-3.63816489308033,35.2164536201771));
#3333=CARTESIAN_POINT('',(-0.0701196387509299,-3.26880027047915,35.2968158443024));
#3334=CARTESIAN_POINT('',(-0.896566338480716,-2.80630533172233,31.7429121091371));
#3335=CARTESIAN_POINT('',(-1.78810096905483,-2.88803928217243,32.1884292960456));
#3336=CARTESIAN_POINT('',(-1.74953059109513,-3.54056457015544,32.145901998678));
#3337=CARTESIAN_POINT('',(-1.19875210417784,-3.75216453817374,31.8613778197082));
#3338=CARTESIAN_POINT('',(-2.09008105722228,-2.7374891210847,31.611749754856));
#3339=CARTESIAN_POINT('',(-2.1419961634307,-3.42341961438552,31.5761654914854));
#3340=CARTESIAN_POINT('',(-1.58329172022657,-3.70134212577016,31.2862615998159));
#3341=CARTESIAN_POINT('',(-2.35937358258738,-2.55495416268728,31.0460096066488));
#3342=CARTESIAN_POINT('',(-2.50687433032312,-3.25709542281862,31.0249380652923));
#3343=CARTESIAN_POINT('',(-1.95853606545171,-3.60326758126436,30.7167052522947));
#3344=CARTESIAN_POINT('',(-2.72589200783329,-2.23420462011683,30.2169777818));
#3345=CARTESIAN_POINT('',(-3.01992115387591,-2.93246224691756,30.2245858342706));
#3346=CARTESIAN_POINT('',(-2.51273437460337,-3.37378773447677,29.8755634178995));
#3347=CARTESIAN_POINT('',(-2.84163952139399,-2.11929974592009,29.9438684201696));
#3348=CARTESIAN_POINT('',(-3.18654155662594,-2.80990981512379,29.9595486258437));
#3349=CARTESIAN_POINT('',(-2.69584064986701,-3.28335590513548,29.5973104697673));
#3350=CARTESIAN_POINT('',(-3.00557298304544,-1.93379573220373,29.5392879577492));
#3351=CARTESIAN_POINT('',(-3.42588649043622,-2.60501636039554,29.5687713589342));
#3352=CARTESIAN_POINT('',(-2.96702710983786,-3.12351712219863,29.183252821846));
#3353=CARTESIAN_POINT('',(-3.05859347855785,-1.86976168041486,29.405274033837));
#3354=CARTESIAN_POINT('',(-3.50426109984157,-2.53278070633544,29.4390009925122));
#3355=CARTESIAN_POINT('',(-3.05683194701887,-3.06619292544907,29.045784315463));
#3356=CARTESIAN_POINT('',(-3.1355924566176,-1.77018278774077,29.2055416902598));
#3357=CARTESIAN_POINT('',(-3.61881861153204,-2.41882251294683,29.2460593790006));
#3358=CARTESIAN_POINT('',(-3.19040522847596,-2.97359407564372,28.8403955308437));
#3359=CARTESIAN_POINT('',(-3.16152067422493,-1.73421217614285,29.1358972312));
#3360=CARTESIAN_POINT('',(-3.65859601825123,-2.37812845670312,29.1798151447143));
#3361=CARTESIAN_POINT('',(-3.23466519821248,-2.94170442138707,28.7720276782415));
#3362=CARTESIAN_POINT('',(-3.21160935822773,-1.66294609604209,28.9983280214619));
#3363=CARTESIAN_POINT('',(-3.73552042519631,-2.29638411764065,29.0485167091911));
#3364=CARTESIAN_POINT('',(-3.32212659982143,-2.87646479138006,28.6351914243842));
#3365=CARTESIAN_POINT('',(-3.23602760529637,-1.62698634775197,28.9296091626477));
#3366=CARTESIAN_POINT('',(-3.77327799911596,-2.2547868717536,28.9829608687585));
#3367=CARTESIAN_POINT('',(-3.36540500667211,-2.84302539205275,28.5667657915438));
#3368=CARTESIAN_POINT('',(-3.35506455967266,-1.44549861256455,28.586333446117));
#3369=CARTESIAN_POINT('',(-3.95979585770417,-2.04174182910588,28.6534786745248));
#3370=CARTESIAN_POINT('',(-3.57952798977261,-2.67162475460682,28.2246108408384));
#3371=CARTESIAN_POINT('',(-3.44007567263153,-1.2956353178895,28.3141474585682));
#3372=CARTESIAN_POINT('',(-4.09569637076423,-1.86133661639973,28.3947228225445));
#3373=CARTESIAN_POINT('',(-3.74273586699431,-2.52169518598985,27.9524146456493));
#3374=CARTESIAN_POINT('',(-3.58946869505166,-0.988507853156021,27.7797557191854));
#3375=CARTESIAN_POINT('',(-4.34143477052124,-1.48231195853789,27.8872306340197));
#3376=CARTESIAN_POINT('',(-4.0488718722787,-2.19765022698671,27.4148977716886));
#3377=CARTESIAN_POINT('',(-3.65409129929456,-0.830788905822525,27.5167470000681));
#3378=CARTESIAN_POINT('',(-4.45113275427039,-1.28278691914701,27.6379052665238));
#3379=CARTESIAN_POINT('',(-4.19223604145763,-2.02307356540918,27.1488363155477));
#3380=CARTESIAN_POINT('',(-3.76269140405542,-0.50583242669994,26.9984130796541));
#3381=CARTESIAN_POINT('',(-4.64232070045016,-0.864099108835217,27.1470814217923));
#3382=CARTESIAN_POINT('',(-4.45597924872533,-1.64692629188261,26.6215651490686));
#3383=CARTESIAN_POINT('',(-3.8066673544756,-0.338597364757818,26.7430848037918));
#3384=CARTESIAN_POINT('',(-4.72326152207725,-0.644607104652036,26.9057608281914));
#3385=CARTESIAN_POINT('',(-4.5763613611573,-1.4453634919264,26.3603526361084));
#3386=CARTESIAN_POINT('',(-3.84738563876502,-0.122807817176262,26.4280422373564));
#3387=CARTESIAN_POINT('',(-4.80346349622713,-0.359923068230628,26.6103246628901));
#3388=CARTESIAN_POINT('',(-4.70901221441802,-1.1753258025514,26.0361201434187));
#3389=CARTESIAN_POINT('',(-3.85481260363014,-0.0793123050493679,26.3652387740386));
#3390=CARTESIAN_POINT('',(-4.8185675981596,-0.301960577228654,26.5510380542985));
#3391=CARTESIAN_POINT('',(-4.73464593890518,-1.12041346476155,25.9713863117716));
#3392=CARTESIAN_POINT('',(-3.86316867955411,-0.0245073661560598,26.2869781444016));
#3393=CARTESIAN_POINT('',(-4.83606394953353,-0.228856705432726,26.4773078287986));
#3394=CARTESIAN_POINT('',(-4.76549976745936,-1.05062079376924,25.890594499192));
#3395=CARTESIAN_POINT('',(-3.86483837260793,-0.0137410844644939,26.2716390177541));
#3396=CARTESIAN_POINT('',(-4.83939901377616,-0.214478493916461,26.4627415198705));
#3397=CARTESIAN_POINT('',(-4.7716111154504,-1.03660445787047,25.8744424928564));
#3398=CARTESIAN_POINT('',(-3.86790458028687,0.00870133144770248,26.2397815344285));
#3399=CARTESIAN_POINT('',(-4.84634148523802,-0.184412304800428,26.4328592078529));
#3400=CARTESIAN_POINT('',(-4.78371304631979,-1.00845673165104,25.8421502566516));
#3401=CARTESIAN_POINT('',(-3.86929761349326,0.0203620394858769,26.2232471988036));
#3402=CARTESIAN_POINT('',(-4.8499472573446,-0.168733310718449,26.4175270424611));
#3403=CARTESIAN_POINT('',(-4.78970091807062,-0.994347231384794,25.8259995377066));
#3404=CARTESIAN_POINT('',(-3.8734640227968,0.0546963921278998,26.1745599929861));
#3405=CARTESIAN_POINT('',(-4.86024140773132,-0.122538614418686,26.372093713562));
#3406=CARTESIAN_POINT('',(-4.80747404523618,-0.951913239552958,25.7775324006678));
#3407=CARTESIAN_POINT('',(-3.87604366298175,0.0775963387495153,26.142108385779));
#3408=CARTESIAN_POINT('',(-4.86680594858255,-0.0916802543342269,26.3418340062565));
#3409=CARTESIAN_POINT('',(-4.81906892407051,-0.923482502806169,25.7452013698171));
#3410=CARTESIAN_POINT('',(-3.88795174936039,0.192156734966476,25.9798751302152));
#3411=CARTESIAN_POINT('',(-4.89830080306753,0.0637164679870585,26.189894140753));
#3412=CARTESIAN_POINT('',(-4.87575951531421,-0.780618476256166,25.583442777031));
#3413=CARTESIAN_POINT('',(-3.89431536919448,0.284001133264332,25.8501693015326));
#3414=CARTESIAN_POINT('',(-4.91862858634076,0.188854996251164,26.0689686013851));
#3415=CARTESIAN_POINT('',(-4.91700958650891,-0.664052928751502,25.4537074517772));
#3416=CARTESIAN_POINT('',(-3.89746722103545,0.3761375038104,25.7204318732691));
#3417=CARTESIAN_POINT('',(-4.93405157585938,0.314562609828606,25.9487543715376));
#3418=CARTESIAN_POINT('',(-4.95392565642655,-0.545181221712015,25.3235541472097));
#3419=CARTESIAN_POINT('',(-3.97599566371388,-0.437559689789282,25.1444716655997));
#3420=CARTESIAN_POINT('',(-3.97599566371388,0.368861115248462,25.7358137706475));
#3421=CARTESIAN_POINT('',(-3.97599566371388,-0.437559689789282,25.1444716655997));
#3422=CARTESIAN_POINT('',(-3.89746722103546,0.376137503810406,25.7204318732691));
#3423=CARTESIAN_POINT('',(-4.93405157585938,0.314562609828606,25.9487543715376));
#3424=CARTESIAN_POINT('',(-4.95392565642655,-0.545181221712015,25.3235541472097));
#3425=CARTESIAN_POINT('',(-3.97002872992426,0.812200609313995,25.114269888048));
#3426=CARTESIAN_POINT('',(-5.01004422843465,0.86533333272792,25.3369401260485));
#3427=CARTESIAN_POINT('',(-5.12804934503073,0.0155063100309342,24.7096541976263));
#3428=CARTESIAN_POINT('',(-3.96823293123996,1.25391017388034,24.5273443540527));
#3429=CARTESIAN_POINT('',(-4.99445805811945,1.41748296649615,24.7385163922939));
#3430=CARTESIAN_POINT('',(-5.20091595054928,0.595709818026728,24.1049688407831));
#3431=CARTESIAN_POINT('',(-3.86092554482029,1.80518996966866,23.8064053013882));
#3432=CARTESIAN_POINT('',(-4.85010997690578,2.10335518281243,24.0003998435099));
#3433=CARTESIAN_POINT('',(-5.15401941487784,1.33431355741855,23.3516061934152));
#3434=CARTESIAN_POINT('',(-3.83413354645734,1.915366988988,23.6628480378023));
#3435=CARTESIAN_POINT('',(-4.81492646781361,2.24013362403028,23.8533998514597));
#3436=CARTESIAN_POINT('',(-5.13761605663117,1.48269767269503,23.2010401886349));
#3437=CARTESIAN_POINT('',(-3.79357973202645,2.05276848257777,23.4840175088549));
#3438=CARTESIAN_POINT('',(-4.76252410713147,2.41060852115315,23.6700657432204));
#3439=CARTESIAN_POINT('',(-5.10780557983155,1.66881116750934,23.012788142064));
#3440=CARTESIAN_POINT('',(-3.78511536720351,2.08023263671523,23.4482822235379));
#3441=CARTESIAN_POINT('',(-4.75162473950046,2.44467024283786,23.6334284422274));
#3442=CARTESIAN_POINT('',(-5.10137748277413,1.70606547657146,22.9751354451896));
#3443=CARTESIAN_POINT('',(-3.7674676695643,2.13512249480481,23.3768690552139));
#3444=CARTESIAN_POINT('',(-4.72896938569851,2.51273502287467,23.5601942276119));
#3445=CARTESIAN_POINT('',(-5.0875732149752,1.78063217511077,22.8998207731667));
#3446=CARTESIAN_POINT('',(-3.75843014578836,2.16238968079084,23.3415168126986));
#3447=CARTESIAN_POINT('',(-4.717288745709,2.54644316730079,23.5238193410006));
#3448=CARTESIAN_POINT('',(-5.0801804778139,1.81797992485963,22.862181310527));
#3449=CARTESIAN_POINT('',(-3.72768159477949,2.24701550401444,23.2303147444339));
#3450=CARTESIAN_POINT('',(-4.67952850182779,2.65285663626643,23.4110739552515));
#3451=CARTESIAN_POINT('',(-5.05668491207584,1.92982248055265,22.7490635383843));
#3452=CARTESIAN_POINT('',(-3.70585606414676,2.30304664268601,23.1559143200522));
#3453=CARTESIAN_POINT('',(-4.6527161444036,2.72329849622833,23.3356019463463));
#3454=CARTESIAN_POINT('',(-5.03927072713899,2.00415137663418,22.6732283701976));
#3455=CARTESIAN_POINT('',(-3.59095277756236,2.57906715120793,22.7853888528848));
#3456=CARTESIAN_POINT('',(-4.51132101682592,3.07087412756373,22.9589304301652));
#3457=CARTESIAN_POINT('',(-4.94416426715312,2.37166943578688,22.2948449307902));
#3458=CARTESIAN_POINT('',(-3.48030020883243,2.78780708907999,22.4923206650193));
#3459=CARTESIAN_POINT('',(-4.37517899902546,3.33346915413509,22.6606269137162));
#3460=CARTESIAN_POINT('',(-4.84228039068313,2.65393921091794,21.9933145811958));
#3461=CARTESIAN_POINT('',(-3.22299554753608,3.18059045789176,21.9101394455851));
#3462=CARTESIAN_POINT('',(-4.05891038421817,3.82889869575782,22.0670110485765));
#3463=CARTESIAN_POINT('',(-4.58927773090407,3.19376588426135,21.3908533661876));
#3464=CARTESIAN_POINT('',(-3.07633670397409,3.36461419899342,21.6210335976914));
#3465=CARTESIAN_POINT('',(-3.8785769463521,4.06160104612398,21.7716972401016));
#3466=CARTESIAN_POINT('',(-4.43815122770309,3.45131788968764,21.089923183145));
#3467=CARTESIAN_POINT('',(-2.82932343438227,3.62012212500627,21.1886078833448));
#3468=CARTESIAN_POINT('',(-3.57515688400583,4.3858803722199,21.3299983921129));
#3469=CARTESIAN_POINT('',(-4.17420223748407,3.81684146966185,20.6375194852061));
#3470=CARTESIAN_POINT('',(-2.74247080154149,3.7018559009294,21.0446741293198));
#3471=CARTESIAN_POINT('',(-3.46832434169031,4.4899679100464,21.1827520537665));
#3472=CARTESIAN_POINT('',(-4.0799887211178,3.93520202266556,20.4865486732162));
#3473=CARTESIAN_POINT('',(-2.55958663081035,3.85794158472087,20.7569584649982));
#3474=CARTESIAN_POINT('',(-3.24328372792604,4.68934631138112,20.8883073470524));
#3475=CARTESIAN_POINT('',(-3.87876468390359,4.16440047228696,20.1840000629535));
#3476=CARTESIAN_POINT('',(-2.46341396253999,3.93233192330608,20.613030234857));
#3477=CARTESIAN_POINT('',(-3.12488059939485,4.78466979869268,20.7409621361236));
#3478=CARTESIAN_POINT('',(-3.77158424872998,4.27531334084883,20.0322644315022));
#3479=CARTESIAN_POINT('',(-2.35166835357798,4.01040810065825,20.453448069476));
#3480=CARTESIAN_POINT('',(-2.98734164998677,4.88501709083492,20.5776919968584));
#3481=CARTESIAN_POINT('',(-3.64550325961616,4.39375699932762,19.8635930106954));
#3482=CARTESIAN_POINT('',(-2.33919780690004,4.01900984823056,20.4357410192805));
#3483=CARTESIAN_POINT('',(-2.97197783805144,4.89608772812669,20.5595592413063));
#3484=CARTESIAN_POINT('',(-3.63141229685153,4.40683608890992,19.8448713686263));
#3485=CARTESIAN_POINT('',(-2.31414852886274,4.03606621630047,20.400375085249));
#3486=CARTESIAN_POINT('',(-2.9411143299941,4.91805085654012,20.5233420127946));
#3487=CARTESIAN_POINT('',(-3.60306679517254,4.43283113963201,19.8074668837009));
#3488=CARTESIAN_POINT('',(-2.30053913799884,4.04490261852307,20.3814048331038));
#3489=CARTESIAN_POINT('',(-2.92447172636692,4.9299525893071,20.5041855892675));
#3490=CARTESIAN_POINT('',(-3.58883300147991,4.44573150512888,19.7887653388813));
#3491=CARTESIAN_POINT('',(-2.26112042775826,4.07057019872417,20.3263680192314));
#3492=CARTESIAN_POINT('',(-2.87606789170986,4.96385323559731,20.4482250528566));
#3493=CARTESIAN_POINT('',(-3.54596065405987,4.48413438686422,19.7326526804759));
#3494=CARTESIAN_POINT('',(-2.23470554539855,4.0873237224618,20.2896963468281));
#3495=CARTESIAN_POINT('',(-2.8436186821179,4.98600951687787,20.4109376593365));
#3496=CARTESIAN_POINT('',(-3.51714648712391,4.50934222188817,19.6952377479096));
#3497=CARTESIAN_POINT('',(-2.15506119038234,4.13651975669395,20.1797321991252));
#3498=CARTESIAN_POINT('',(-2.74566952625747,5.0512104460698,20.2990452593483));
#3499=CARTESIAN_POINT('',(-3.43001782797816,4.58379234372322,19.5829691127432));
#3500=CARTESIAN_POINT('',(-2.10143206997892,4.16789819075581,20.1064905318985));
#3501=CARTESIAN_POINT('',(-2.67966393908803,5.09291763013547,20.2245218895082));
#3502=CARTESIAN_POINT('',(-3.37101740756134,4.6318616986855,19.5080916099141));
#3503=CARTESIAN_POINT('',(-1.93900388604176,4.25783931538479,19.8869092849884));
#3504=CARTESIAN_POINT('',(-2.47931721705591,5.21304106059343,20.0007900494791));
#3505=CARTESIAN_POINT('',(-3.1913566729826,4.77143144874138,19.2833276109538));
#3506=CARTESIAN_POINT('',(-1.82866481022171,4.31221387569996,19.7407126801921));
#3507=CARTESIAN_POINT('',(-2.34303128770634,5.28618948956461,19.8518655195255));
#3508=CARTESIAN_POINT('',(-3.06804012041506,4.85829980298145,19.1333101437564));
#3509=CARTESIAN_POINT('',(-1.49191700384982,4.45883503287234,19.3022515192991));
#3510=CARTESIAN_POINT('',(-1.92538907078582,5.48592794463876,19.4041273846616));
#3511=CARTESIAN_POINT('',(-2.68801248481126,5.10055654696751,18.6824232760659));
#3512=CARTESIAN_POINT('',(-1.25978864792594,4.5346579856352,19.0101074923335));
#3513=CARTESIAN_POINT('',(-1.63680646102764,5.59183774380136,19.1061084429878));
#3514=CARTESIAN_POINT('',(-2.42127076123923,5.23768962386639,18.3807281049943));
#3515=CARTESIAN_POINT('',(-0.90165532395266,4.6149314909199,18.5705506435956));
#3516=CARTESIAN_POINT('',(-1.19038026554772,5.70980240983578,18.658288049366));
#3517=CARTESIAN_POINT('',(-2.00237901817634,5.40583203319504,17.9251371786241));
#3518=CARTESIAN_POINT('',(-0.780264134653211,4.63613190125559,18.4233871614051));
#3519=CARTESIAN_POINT('',(-1.03848114806824,5.74236897974044,18.5080929925647));
#3520=CARTESIAN_POINT('',(-1.85918470904237,5.45571614931736,17.772322815169));
#3521=CARTESIAN_POINT('',(-0.536090827080755,4.66679908180855,18.1304257524508));
#3522=CARTESIAN_POINT('',(-0.732256144104496,5.7930228956406,18.2090995530644));
#3523=CARTESIAN_POINT('',(-1.56862076063099,5.54186881614541,17.4675452262377));
#3524=CARTESIAN_POINT('',(-0.413731089186582,4.67625145007311,17.9851220429268));
#3525=CARTESIAN_POINT('',(-0.578476123949855,5.81101941595889,18.0608319864826));
#3526=CARTESIAN_POINT('',(-1.42176137657661,5.57803451057161,17.3160979833722));
#3527=CARTESIAN_POINT('',(-0.230023100886326,4.68176674715742,17.7687664510744));
#3528=CARTESIAN_POINT('',(-0.347242078809694,5.82722986082984,17.8402659066718));
#3529=CARTESIAN_POINT('',(-1.19931452520338,5.62202011755587,17.0901586103003));
#3530=CARTESIAN_POINT('',(-0.168758887774128,4.68216003986888,17.6969152339118));
#3531=CARTESIAN_POINT('',(-0.269982312232447,5.83083149780937,17.7669689051522));
#3532=CARTESIAN_POINT('',(-1.12480526436863,5.63496976595986,17.0150511342454));
#3533=CARTESIAN_POINT('',(-0.0768491393558588,4.68059102388291,17.5895244799742));
#3534=CARTESIAN_POINT('',(-0.153986770344302,5.83353616424909,17.657473739214));
#3535=CARTESIAN_POINT('',(-1.01252092688614,5.65182301162733,16.9026793013349));
#3536=CARTESIAN_POINT('',(-0.0462103102957871,4.67970811734405,17.5537919471419));
#3537=CARTESIAN_POINT('',(-0.115282023145585,5.83398743448969,17.6210299854506));
#3538=CARTESIAN_POINT('',(-0.975006031928827,5.65701211166466,16.8652702779873));
#3539=CARTESIAN_POINT('',(0.0150671171834312,4.67722305772397,17.4824536499723));
#3540=CARTESIAN_POINT('',(-0.0378282100121512,5.83398950833166,17.5482776144321));
#3541=CARTESIAN_POINT('',(-0.899805517226455,5.66653117734134,16.7905458452203));
#3542=CARTESIAN_POINT('',(0.0474015342774359,4.67532770579482,17.4447927955059));
#3543=CARTESIAN_POINT('',(0.00330972572624405,5.83383804431383,17.5099555821252));
#3544=CARTESIAN_POINT('',(-0.862167990904872,5.67085124066409,16.7531960230064));
#3545=CARTESIAN_POINT('',(0.205549596630847,4.66437266183203,17.2596335145775));
#3546=CARTESIAN_POINT('',(0.204657003663073,5.83007827824379,17.3210820430843));
#3547=CARTESIAN_POINT('',(-0.674299487960471,5.69018135440709,16.5661465554334));
#3548=CARTESIAN_POINT('',(0.330387544064384,4.64950860913416,17.1112200837051));
#3549=CARTESIAN_POINT('',(0.363875911438087,5.81928825149065,17.1698869068606));
#3550=CARTESIAN_POINT('',(-0.524548577863144,5.69848411102292,16.415887631625));
#3551=CARTESIAN_POINT('',(0.699659943420966,4.58734907345199,16.6647234164271));
#3552=CARTESIAN_POINT('',(0.837651703840483,5.76449299067519,16.7138851321283));
#3553=CARTESIAN_POINT('',(-0.0772570575833818,5.70259164601537,15.9629721457702));
#3554=CARTESIAN_POINT('',(0.938890511857895,4.52256530683156,16.3653793320137));
#3555=CARTESIAN_POINT('',(1.14605752005763,5.69806105602203,16.4087736704842));
#3556=CARTESIAN_POINT('',(0.21833175635052,5.67770225755762,15.6581891447601));
#3557=CARTESIAN_POINT('',(1.2857572522567,4.39159983171243,15.9123588656749));
#3558=CARTESIAN_POINT('',(1.59624030800241,5.55551651604011,15.9479880342459));
#3559=CARTESIAN_POINT('',(0.656311016503995,5.59956743473831,15.1954035793103));
#3560=CARTESIAN_POINT('',(1.39904594510809,4.34237277806111,15.7610885463067));
#3561=CARTESIAN_POINT('',(1.74417543333359,5.50068681929285,15.7938683636425));
#3562=CARTESIAN_POINT('',(0.800999331334995,5.5667198834658,15.0406130208202));
#3563=CARTESIAN_POINT('',(1.61851973540682,4.23423907038399,15.4608771068423));
#3564=CARTESIAN_POINT('',(2.03211592820932,5.37828399292171,15.4880867894222));
#3565=CARTESIAN_POINT('',(1.08469372906116,5.48847792068181,14.7328964174263));
#3566=CARTESIAN_POINT('',(1.72504884896094,4.17520755804349,15.3114895289221));
#3567=CARTESIAN_POINT('',(2.17251512411432,5.31053718664908,15.3360037312677));
#3568=CARTESIAN_POINT('',(1.22413296388081,5.4430122958598,14.5795145195881));
#3569=CARTESIAN_POINT('',(1.93157301591147,4.04764531917415,15.013966200615));
#3570=CARTESIAN_POINT('',(2.44610369251492,5.16246675358172,15.0332501033349));
#3571=CARTESIAN_POINT('',(1.49810233119906,5.33970926267924,14.2734856737141));
#3572=CARTESIAN_POINT('',(2.03156793736344,3.97911408507433,14.8658303453971));
#3573=CARTESIAN_POINT('',(2.57924248394786,5.0821096852019,14.8826115017902));
#3574=CARTESIAN_POINT('',(1.63263249827048,5.28187197291465,14.1208387381127));
#3575=CARTESIAN_POINT('',(2.1523556280847,3.88769293835994,14.6813756795321));
#3576=CARTESIAN_POINT('',(2.74077550544092,4.9740922356577,14.695407178887));
#3577=CARTESIAN_POINT('',(1.79764199695917,5.20189577292151,13.9303796579538));
#3578=CARTESIAN_POINT('',(2.17630268452617,3.8691205262548,14.6445206986635));
#3579=CARTESIAN_POINT('',(2.77288804205939,4.95207336132682,14.6579614358245));
#3580=CARTESIAN_POINT('',(1.83048612860256,5.1855159725729,13.8923054251356));
#3581=CARTESIAN_POINT('',(2.22377204660308,3.83140254977108,14.5708817623881));
#3582=CARTESIAN_POINT('',(2.83663700845132,4.90726389481014,14.5831567377596));
#3583=CARTESIAN_POINT('',(1.89585628748868,5.1519861966342,13.8161898018965));
#3584=CARTESIAN_POINT('',(2.2484682457594,3.81125536328944,14.5321768057727));
#3585=CARTESIAN_POINT('',(2.8702455984136,4.88345678628663,14.5436037857187));
#3586=CARTESIAN_POINT('',(1.9283490776795,5.13484446124863,13.7781263116969));
#3587=CARTESIAN_POINT('',(2.32057082093669,3.75083019876513,14.4172861006875));
#3588=CARTESIAN_POINT('',(2.96834573648606,4.81172689150649,14.426307659474));
#3589=CARTESIAN_POINT('',(2.02486680725471,5.0824094505866,13.6636546790013));
#3590=CARTESIAN_POINT('',(2.36734268924779,3.70952092662839,14.3405009137484));
#3591=CARTESIAN_POINT('',(3.03220470437604,4.76250383464376,14.3479584044951));
#3592=CARTESIAN_POINT('',(2.08807928608538,5.04606695982357,13.587064665682));
#3593=CARTESIAN_POINT('',(2.50380333531936,3.58263386350276,14.1095216694777));
#3594=CARTESIAN_POINT('',(3.21954298622936,4.61052467403209,14.1120159297978));
#3595=CARTESIAN_POINT('',(2.27433652256889,4.93299578508176,13.3564328129958));
#3596=CARTESIAN_POINT('',(2.58964291000535,3.49410040428983,13.9547037785208));
#3597=CARTESIAN_POINT('',(3.33832102605721,4.50377816730388,13.9540647490503));
#3598=CARTESIAN_POINT('',(2.39400552846267,4.85222919618675,13.2015301909179));
#3599=CARTESIAN_POINT('',(2.75108636277771,3.30967934399425,13.643144773997));
#3600=CARTESIAN_POINT('',(3.56408586155415,4.27983849384966,13.63627112542));
#3601=CARTESIAN_POINT('',(2.6243187986129,4.68038033122277,12.8892161915245));
#3602=CARTESIAN_POINT('',(2.82688036227616,3.21350775359601,13.4859596873757));
#3603=CARTESIAN_POINT('',(3.6712788231824,4.16226717815088,13.4759926673162));
#3604=CARTESIAN_POINT('',(2.73525428707023,4.58902165864483,12.7313577441172));
#3605=CARTESIAN_POINT('',(3.03714084697854,2.91686679671589,13.0147078003921));
#3606=CARTESIAN_POINT('',(3.97326999105472,3.79649673892431,12.9946635739652));
#3607=CARTESIAN_POINT('',(3.05192546901921,4.30209098208471,12.257245637709));
#3608=CARTESIAN_POINT('',(3.15439035284286,2.70887308296036,12.7016604568242));
#3609=CARTESIAN_POINT('',(4.1466416689988,3.53743923444608,12.6759701596893));
#3610=CARTESIAN_POINT('',(3.2412469264451,4.09434158138285,11.9412030680838));
#3611=CARTESIAN_POINT('',(3.29706602300481,2.38483143189026,12.2325250353456));
#3612=CARTESIAN_POINT('',(4.36682720198211,3.12964625133928,12.2000356436426));
#3613=CARTESIAN_POINT('',(3.49362390129658,3.76061379773911,11.4658327805434));
#3614=CARTESIAN_POINT('',(3.33907048440391,2.27479782072623,12.076227341141));
#3615=CARTESIAN_POINT('',(4.43367684507921,2.99006102310617,12.0412980059618));
#3616=CARTESIAN_POINT('',(3.57246243515049,3.64566489367001,11.3071618812849));
#3617=CARTESIAN_POINT('',(3.39372459465623,2.10704746192774,11.8418269483999));
#3618=CARTESIAN_POINT('',(4.52380454306687,2.77612278985801,11.8037301728752));
#3619=CARTESIAN_POINT('',(3.68275480334782,3.46780319752754,11.0686984405856));
#3620=CARTESIAN_POINT('',(3.41054944926315,2.05068020438382,11.7637017759948));
#3621=CARTESIAN_POINT('',(4.5521885501923,2.70393902302537,11.7245149248235));
#3622=CARTESIAN_POINT('',(3.7181901981976,3.40760815390013,10.9891346843327));
#3623=CARTESIAN_POINT('',(3.43368460323749,1.96549073662721,11.6465231433768));
#3624=CARTESIAN_POINT('',(4.59219428098961,2.59454728359818,11.6058337518669));
#3625=CARTESIAN_POINT('',(3.76933495809988,3.31595529759805,10.8696605093122));
#3626=CARTESIAN_POINT('',(3.44154911443634,1.93538974967674,11.6051093162052));
#3627=CARTESIAN_POINT('',(4.60628792059426,2.55565150664978,11.5632160077625));
#3628=CARTESIAN_POINT('',(3.78600132011783,3.28521873597521,10.8297778676254));
#3629=CARTESIAN_POINT('',(3.45597403723834,1.87630562474125,11.5236506726917));
#3630=CARTESIAN_POINT('',(4.63248100986572,2.47928236802702,11.4798248712671));
#3631=CARTESIAN_POINT('',(3.81840318911155,3.22354096468919,10.7497562325769));
#3632=CARTESIAN_POINT('',(3.46274374733756,1.84674589851798,11.4828370000225));
#3633=CARTESIAN_POINT('',(4.64503067904535,2.44101068320868,11.4380467187911));
#3634=CARTESIAN_POINT('',(3.83416509595654,3.19257619595828,10.7096379215807));
#3635=CARTESIAN_POINT('',(3.46907502562527,1.81717342986417,11.4419364934774));
#3636=CARTESIAN_POINT('',(4.65703272621561,2.40267993968606,11.396209043636));
#3637=CARTESIAN_POINT('',(3.84949153099331,3.16149042125304,10.6694104180266));
#3638=CARTESIAN_POINT('',(3.09113813081352,2.53867387748618,10.8617634092851));
#3639=CARTESIAN_POINT('',(0.31988829222791,-2.99869446593654,3.09317469686346));
#3640=CARTESIAN_POINT('',(0.477940329324604,-3.00873535605008,3.17894013544608));
#3641=CARTESIAN_POINT('',(0.619698109725598,-2.95849788420094,3.27802548304528));
#3642=CARTESIAN_POINT('',(0.357882767097586,-2.9803752188576,3.04769182836396));
#3643=CARTESIAN_POINT('',(0.498846338699923,-2.99269433022258,3.14134330778102));
#3644=CARTESIAN_POINT('',(0.625839435300836,-2.95182694621823,3.2461267619876));
#3645=CARTESIAN_POINT('',(0.404688817850275,-2.96146437291936,3.00560482668272));
#3646=CARTESIAN_POINT('',(0.526916557009552,-2.97647421272043,3.10739169939441));
#3647=CARTESIAN_POINT('',(0.636951325071157,-2.94453378046306,3.21870418777353));
#3648=CARTESIAN_POINT('',(0.522454617289792,-2.92141743684223,2.93785160899527));
#3649=CARTESIAN_POINT('',(0.603701553339467,-2.94433805704189,3.05676943039322));
#3650=CARTESIAN_POINT('',(0.674893993592069,-2.92807144649411,3.1829393878395));
#3651=CARTESIAN_POINT('',(0.59260831722832,-2.90069043508087,2.91371140753051));
#3652=CARTESIAN_POINT('',(0.652138437636561,-2.9288053673768,3.04133137607431));
#3653=CARTESIAN_POINT('',(0.701761637455058,-2.91904328351904,3.17573369209298));
#3654=CARTESIAN_POINT('',(0.744928629044711,-2.85840415263212,2.89227815623591));
#3655=CARTESIAN_POINT('',(0.762478260121766,-2.90001447497467,3.0364505070408));
#3656=CARTESIAN_POINT('',(0.768727118188403,-2.89958832080736,3.18742060918103));
#3657=CARTESIAN_POINT('',(0.824324010348412,-2.83738903824085,2.8950328684764));
#3658=CARTESIAN_POINT('',(0.822489008936373,-2.88704877286619,3.04680908608624));
#3659=CARTESIAN_POINT('',(0.807541367325453,-2.88941831362874,3.20581923687866));
#3660=CARTESIAN_POINT('',(0.974196948916669,-2.79668349786641,2.91668526349893));
#3661=CARTESIAN_POINT('',(0.938853125353029,-2.86334524255181,3.08178089743938));
#3662=CARTESIAN_POINT('',(0.885778740580506,-2.86899880681624,3.25533970732522));
#3663=CARTESIAN_POINT('',(1.04723295682369,-2.77633757276627,2.93558679358269));
#3664=CARTESIAN_POINT('',(0.997231244113697,-2.85216881361727,3.10671501264354));
#3665=CARTESIAN_POINT('',(0.926425186981293,-2.85842513739287,3.28697573459226));
#3666=CARTESIAN_POINT('',(1.25387223475019,-2.71578856115757,3.00398958591792));
#3667=CARTESIAN_POINT('',(1.16608643056629,-2.81940036639791,3.19166568897524));
#3668=CARTESIAN_POINT('',(1.04625896483758,-2.82608021020652,3.39012926826362));
#3669=CARTESIAN_POINT('',(1.37788100450664,-2.67532019459209,3.06469591957574));
#3670=CARTESIAN_POINT('',(1.27149701953705,-2.79813233649933,3.26126380107279));
#3671=CARTESIAN_POINT('',(1.12427485642123,-2.80341187381212,3.46950994767704));
#3672=CARTESIAN_POINT('',(1.60965919106368,-2.59132434451649,3.19729746542236));
#3673=CARTESIAN_POINT('',(1.47282900728655,-2.7529299731791,3.40946807659962));
#3674=CARTESIAN_POINT('',(1.27499935417582,-2.75512018493734,3.63489858984527));
#3675=CARTESIAN_POINT('',(1.71566100455288,-2.54852417659914,3.26882554877585));
#3676=CARTESIAN_POINT('',(1.567475039535,-2.72940391201382,3.48786845076283));
#3677=CARTESIAN_POINT('',(1.34707044338361,-2.72978781194334,3.72048220496089));
#3678=CARTESIAN_POINT('',(2.01578699934125,-2.4159378131463,3.49155586555712));
#3679=CARTESIAN_POINT('',(1.84263613988911,-2.65368361118167,3.73130795348057));
#3680=CARTESIAN_POINT('',(1.55683617334225,-2.6493184502675,3.98175186104544));
#3681=CARTESIAN_POINT('',(2.19217562864561,-2.32203620028587,3.6508474259201));
#3682=CARTESIAN_POINT('',(2.01068626387242,-2.59707188966796,3.90194290757529));
#3683=CARTESIAN_POINT('',(1.68813204446243,-2.58973735472415,4.16193247281973));
#3684=CARTESIAN_POINT('',(2.5181491414946,-2.12167850259072,3.97915758909588));
#3685=CARTESIAN_POINT('',(2.33189049770674,-2.46896680872325,4.25231042951092));
#3686=CARTESIAN_POINT('',(1.93953594405518,-2.45752764138962,4.52824873212384));
#3687=CARTESIAN_POINT('',(2.66692472607382,-2.01532450914816,4.14850580485315));
#3688=CARTESIAN_POINT('',(2.4838969337628,-2.39727018401349,4.43235390948288));
#3689=CARTESIAN_POINT('',(2.05933947151447,-2.38492565264594,4.71451609390912));
#3690=CARTESIAN_POINT('',(3.07598097917545,-1.68278736108342,4.65808155901625));
#3691=CARTESIAN_POINT('',(2.92114227330556,-2.15961992115861,4.9811944899006));
#3692=CARTESIAN_POINT('',(2.39888924879362,-2.15086549206567,5.27124599226384));
#3693=CARTESIAN_POINT('',(3.30297369631317,-1.44153601593156,5.00292106185814));
#3694=CARTESIAN_POINT('',(3.17763474793866,-1.9747021654851,5.34782467140392));
#3695=CARTESIAN_POINT('',(2.60161056500885,-1.97225232603925,5.64313201333323));
#3696=CARTESIAN_POINT('',(3.50775250360648,-1.16123640705293,5.37119019938847));
#3697=CARTESIAN_POINT('',(3.42191675576911,-1.74934378495739,5.73551321821672));
#3698=CARTESIAN_POINT('',(2.794837280767,-1.75504994720594,6.03999571927775));
#3699=CARTESIAN_POINT('',(3.51965246721158,-1.14468711154729,5.39287418570991));
#3700=CARTESIAN_POINT('',(3.43603770605511,-1.73622085605513,5.75791300157555));
#3701=CARTESIAN_POINT('',(2.80550456101303,-1.74287644822567,6.06212274850531));
#3702=CARTESIAN_POINT('',(3.54315654850486,-1.11150872756967,5.43630240422687));
#3703=CARTESIAN_POINT('',(3.46442761859438,-1.70941396503344,5.8035533573009));
#3704=CARTESIAN_POINT('',(2.82714077287978,-1.71785443144202,6.10746070363639));
#3705=CARTESIAN_POINT('',(3.55476202502476,-1.09487298307804,5.45804367068561));
#3706=CARTESIAN_POINT('',(3.47851088697823,-1.69593514880816,5.82640584689767));
#3707=CARTESIAN_POINT('',(2.83785801519177,-1.70528463927308,6.13014934631106));
#3708=CARTESIAN_POINT('',(3.58914488606976,-1.04482648478046,5.52334805598702));
#3709=CARTESIAN_POINT('',(3.52049091359599,-1.65521572637778,5.89515761464915));
#3710=CARTESIAN_POINT('',(2.86970995137952,-1.66739922864938,6.19827475510266));
#3711=CARTESIAN_POINT('',(3.6114888576047,-1.0112765101205,5.56699172686185));
#3712=CARTESIAN_POINT('',(3.54799517938084,-1.62780522884224,5.941057126377));
#3713=CARTESIAN_POINT('',(2.89054494541653,-1.64190761066868,6.24377098719136));
#3714=CARTESIAN_POINT('',(3.67683008275718,-0.910071171969213,5.69823917024648));
#3715=CARTESIAN_POINT('',(3.62945246921623,-1.5444339442737,6.07953906834356));
#3716=CARTESIAN_POINT('',(2.95186998568539,-1.56473000987083,6.38050197145286));
#3717=CARTESIAN_POINT('',(3.71813880959595,-0.841861017851653,5.78615891048821));
#3718=CARTESIAN_POINT('',(3.6818568110557,-1.48779085845928,6.17212086217911));
#3719=CARTESIAN_POINT('',(2.9911813818719,-1.51234182035922,6.47197876149155));
#3720=CARTESIAN_POINT('',(3.83556918409349,-0.634998967183835,6.05115415550792));
#3721=CARTESIAN_POINT('',(3.83497394101079,-1.31320970178505,6.45306675201277));
#3722=CARTESIAN_POINT('',(3.10450121091538,-1.35235853472824,6.74742152257179));
#3723=CARTESIAN_POINT('',(3.90512239970275,-0.494154225167226,6.22940169992284));
#3724=CARTESIAN_POINT('',(3.92949057623682,-1.19253597913628,6.64132035666609));
#3725=CARTESIAN_POINT('',(3.17383169020457,-1.2419646103971,6.93233334448142));
#3726=CARTESIAN_POINT('',(4.08688796967816,-0.0680595311097937,6.76199523694565));
#3727=CARTESIAN_POINT('',(4.19369817379676,-0.815875692504707,7.21212695791657));
#3728=CARTESIAN_POINT('',(3.36140065653711,-0.903803623331877,7.48427076496648));
#3729=CARTESIAN_POINT('',(4.17369354656572,0.222527990428535,7.11654475586383));
#3730=CARTESIAN_POINT('',(4.33755204748576,-0.551992516330889,7.58947667743682));
#3731=CARTESIAN_POINT('',(3.46053936828186,-0.667752738647157,7.85094201540147));
#3732=CARTESIAN_POINT('',(4.25412112019142,0.669819980529911,7.64796953212769));
#3733=CARTESIAN_POINT('',(4.50950841905009,-0.133763017755127,8.15574742400247));
#3734=CARTESIAN_POINT('',(3.57015311330332,-0.296471535498757,8.40111815096529));
#3735=CARTESIAN_POINT('',(4.27253634659361,0.820832638650622,7.82504762544849));
#3736=CARTESIAN_POINT('',(4.55974523296433,0.0116467942429828,8.34723328484008));
#3737=CARTESIAN_POINT('',(3.60011005399843,-0.169820715908916,8.58453958677508));
#3738=CARTESIAN_POINT('',(4.28450557254857,1.01228334534067,8.04637974508852));
#3739=CARTESIAN_POINT('',(4.61210345182785,0.198395956438419,8.58631224926349));
#3740=CARTESIAN_POINT('',(3.62875720612152,-0.00753426713185125,8.81412465948318));
#3741=CARTESIAN_POINT('',(4.28635320871232,1.05067825144074,8.09065908720731));
#3742=CARTESIAN_POINT('',(4.62199752454326,0.234680954547971,8.63245697909358));
#3743=CARTESIAN_POINT('',(3.63373711494113,0.0235867125946846,8.85797386257656));
#3744=CARTESIAN_POINT('',(4.28910249838209,1.12726530331418,8.17943054957595));
#3745=CARTESIAN_POINT('',(4.64097639770522,0.307880716095479,8.72580872182835));
#3746=CARTESIAN_POINT('',(3.64302596381382,0.0863355229205336,8.94665775403127));
#3747=CARTESIAN_POINT('',(4.28998499530762,1.16551472631164,8.22389698719002));
#3748=CARTESIAN_POINT('',(4.65000908430679,0.344569237994745,8.77260873688546));
#3749=CARTESIAN_POINT('',(3.64726595258393,0.117740300427241,8.99108568427389));
#3750=CARTESIAN_POINT('',(4.29116272465342,1.28013619637628,8.35753959047128));
#3751=CARTESIAN_POINT('',(4.6758175621473,0.45520161001266,8.91375714692573));
#3752=CARTESIAN_POINT('',(3.65877573793622,0.212046640136355,9.12462861659083));
#3753=CARTESIAN_POINT('',(4.2899838262922,1.35622999511062,8.44678312661994));
#3754=CARTESIAN_POINT('',(4.69110136643466,0.528982208277015,9.0079227914294));
#3755=CARTESIAN_POINT('',(3.66481771897535,0.274915939152719,9.21382693618726));
#3756=CARTESIAN_POINT('',(4.27451158082565,1.73401371559811,8.89237062912328));
#3757=CARTESIAN_POINT('',(4.75926456017578,0.903843224591445,9.48642770585162));
#3758=CARTESIAN_POINT('',(3.68693985561596,0.58829423161169,9.65929818142984));
#3759=CARTESIAN_POINT('',(4.23182214362423,2.02890596547593,9.24817732487276));
#3760=CARTESIAN_POINT('',(4.7821816481473,1.20005592627115,9.86471030212137));
#3761=CARTESIAN_POINT('',(3.67912644260304,0.836878072890644,10.0153385783966));
#3762=CARTESIAN_POINT('',(4.08696468538335,2.60539894100921,9.95910027327608));
#3763=CARTESIAN_POINT('',(4.76889749468197,1.79947059940067,10.6289797755254));
#3764=CARTESIAN_POINT('',(3.61322473071142,1.33006699506355,10.7278343417352));
#3765=CARTESIAN_POINT('',(3.98481516124374,2.88702086443752,10.3142246464251));
#3766=CARTESIAN_POINT('',(4.73035974885098,2.1014797684299,11.0133819016824));
#3767=CARTESIAN_POINT('',(3.55517569406125,1.57469245576466,11.084300546075));
#3768=CARTESIAN_POINT('',(3.84949153099331,3.16149042125304,10.6694104180266));
#3769=CARTESIAN_POINT('',(4.6570327262156,2.40267993968607,11.3962090436361));
#3770=CARTESIAN_POINT('',(3.46907502562527,1.81717342986418,11.4419364934774));
#3771=CARTESIAN_POINT('',(2.97689902497132,-3.99395529844651,10.6694104180268));
#3772=CARTESIAN_POINT('',(3.58719701658831,-3.38856823817678,10.0537924932461));
#3773=CARTESIAN_POINT('',(2.9341013478769,-2.59165222197191,10.2911392253735));
#3774=CARTESIAN_POINT('',(2.70499966851989,-4.11867132418169,10.3505814382396));
#3775=CARTESIAN_POINT('',(3.3411967695178,-3.55858194646572,9.76803427945393));
#3776=CARTESIAN_POINT('',(2.76796263881343,-2.73167808944428,9.98181733408042));
#3777=CARTESIAN_POINT('',(2.42757969827073,-4.21182354125646,10.0321925471646));
#3778=CARTESIAN_POINT('',(3.07967841267024,-3.70216639132225,9.4773942410396));
#3779=CARTESIAN_POINT('',(2.59246213249968,-2.85415918235687,9.6719720336324));
#3780=CARTESIAN_POINT('',(2.00821595274911,-4.30719320114439,9.55204585826245));
#3781=CARTESIAN_POINT('',(2.67000037258988,-3.8739044821138,9.03325559658443));
#3782=CARTESIAN_POINT('',(2.3161705708311,-3.01321131727685,9.20349914527733));
#3783=CARTESIAN_POINT('',(1.8678769587158,-4.33156510705761,9.3915728748756));
#3784=CARTESIAN_POINT('',(2.53244418323479,-3.92345168423726,8.88583113466573));
#3785=CARTESIAN_POINT('',(2.22188115413738,-3.06209817098262,9.04672560899466));
#3786=CARTESIAN_POINT('',(1.69222192905268,-4.35290318684836,9.19013664976816));
#3787=CARTESIAN_POINT('',(2.35700970439746,-3.97636995852151,8.6992110224403));
#3788=CARTESIAN_POINT('',(2.10122734755197,-3.11807381513218,8.84968508473959));
#3789=CARTESIAN_POINT('',(1.65707921871331,-4.35671407716893,9.14980719501437));
#3790=CARTESIAN_POINT('',(2.32202736469603,-3.98642828552941,8.66206546120348));
#3791=CARTESIAN_POINT('',(2.0769565253676,-3.12901191721905,8.81022327633996));
#3792=CARTESIAN_POINT('',(1.60435576297623,-4.36174691095395,9.08924390635682));
#3793=CARTESIAN_POINT('',(2.26933162021144,-4.00083455694011,8.606199198749));
#3794=CARTESIAN_POINT('',(2.04033778161015,-3.14503291944009,8.75094422843627));
#3795=CARTESIAN_POINT('',(1.58677139834264,-4.36331475954366,9.06904955449361));
#3796=CARTESIAN_POINT('',(2.25151956176009,-4.00556874322558,8.58744441921962));
#3797=CARTESIAN_POINT('',(2.02796139666744,-3.15043711769987,8.73093222641166));
#3798=CARTESIAN_POINT('',(1.55164235927402,-4.36620204957324,9.02861226028655));
#3799=CARTESIAN_POINT('',(2.21768565379472,-4.01440179540772,8.55098907723014));
#3800=CARTESIAN_POINT('',(2.00418392472761,-3.16010994283292,8.69277892604618));
#3801=CARTESIAN_POINT('',(1.53410511566567,-4.36751787952519,9.0083649215938));
#3802=CARTESIAN_POINT('',(2.20076456947488,-4.01869365186092,8.53272996972605));
#3803=CARTESIAN_POINT('',(1.99228452762501,-3.16487019462753,8.67367174261086));
#3804=CARTESIAN_POINT('',(1.44656060509848,-4.37346267814376,8.90698164914091));
#3805=CARTESIAN_POINT('',(2.11636648392543,-4.03947472949482,8.4415142398725));
#3806=CARTESIAN_POINT('',(1.93273601423662,-3.18829275661406,8.57798096287393));
#3807=CARTESIAN_POINT('',(1.37697821156086,-4.37618905329717,8.82540615269415));
#3808=CARTESIAN_POINT('',(2.04862767927424,-4.05416520039649,8.36784671349619));
#3809=CARTESIAN_POINT('',(1.88493238805852,-3.20581937654609,8.50093295256344));
#3810=CARTESIAN_POINT('',(1.16980079852061,-4.37844956006071,8.57914919857981));
#3811=CARTESIAN_POINT('',(1.84619816092516,-4.09215866368537,8.14596297548372));
#3812=CARTESIAN_POINT('',(1.74109342235902,-3.25483591375251,8.26821433028705));
#3813=CARTESIAN_POINT('',(1.03377070144828,-4.37206825607712,8.41294024524079));
#3814=CARTESIAN_POINT('',(1.71092380778883,-4.10981730968117,7.99542742423251));
#3815=CARTESIAN_POINT('',(1.64463035017166,-3.28276681561699,8.11097155284741));
#3816=CARTESIAN_POINT('',(0.767102795136631,-4.34432556759333,8.07572476449367));
#3817=CARTESIAN_POINT('',(1.44174856273231,-4.1294606899428,7.68915793221453));
#3818=CARTESIAN_POINT('',(1.45090152296121,-3.32940017918332,7.79176476347222));
#3819=CARTESIAN_POINT('',(0.637248756070936,-4.32300007848321,7.9056640480637));
#3820=CARTESIAN_POINT('',(1.30870612785817,-4.13156498001644,7.53447141679957));
#3821=CARTESIAN_POINT('',(1.35418818570943,-3.3479420448586,7.63069576593112));
#3822=CARTESIAN_POINT('',(0.263173986867498,-4.23964563617459,7.39505787572467));
#3823=CARTESIAN_POINT('',(0.922649490642443,-4.11580036723946,7.07260562374967));
#3824=CARTESIAN_POINT('',(1.067703876358,-3.38976624475118,7.1470871083145));
#3825=CARTESIAN_POINT('',(0.0327335388326341,-4.15809603560358,7.05211113233416));
#3826=CARTESIAN_POINT('',(0.674994137386304,-4.07714050699243,6.75955585031956));
#3827=CARTESIAN_POINT('',(0.880411992270528,-3.39960220719279,6.82224430209694));
#3828=CARTESIAN_POINT('',(-0.278757854917453,-4.00613637079496,6.52951697579757));
#3829=CARTESIAN_POINT('',(0.325336622180627,-3.98033759249993,6.27670350995764));
#3830=CARTESIAN_POINT('',(0.606489044896601,-3.39067292957851,6.32855861790391));
#3831=CARTESIAN_POINT('',(-0.37687315706884,-3.95053518629373,6.35395219215125));
#3832=CARTESIAN_POINT('',(0.21384048046889,-3.94233737392814,6.11579647940417));
#3833=CARTESIAN_POINT('',(0.516352517857421,-3.38373063138739,6.16292699007857));
#3834=CARTESIAN_POINT('',(-0.514413787529794,-3.86094576070507,6.08789383602789));
#3835=CARTESIAN_POINT('',(0.0532138125926058,-3.87657569614188,5.87065789941715));
#3836=CARTESIAN_POINT('',(0.38317764405272,-3.36765964857418,5.91252713708691));
#3837=CARTESIAN_POINT('',(-0.558652114054286,-3.83005257678631,5.99875465491519));
#3838=CARTESIAN_POINT('',(0.00110902314948442,-3.85337905350899,5.78887667025983));
#3839=CARTESIAN_POINT('',(0.339125324871713,-3.36135899309002,5.82873507033394));
#3840=CARTESIAN_POINT('',(-0.622424007115344,-3.78234040847658,5.86426790472107));
#3841=CARTESIAN_POINT('',(-0.0752197483856681,-3.81652488817273,5.66519693664031));
#3842=CARTESIAN_POINT('',(0.273604405468879,-3.35052383653348,5.70251474492573));
#3843=CARTESIAN_POINT('',(-0.643287265965169,-3.76620458295619,5.8193228998711));
#3844=CARTESIAN_POINT('',(-0.100027515272791,-3.80405114579606,5.62417564723137));
#3845=CARTESIAN_POINT('',(0.252154323930636,-3.34659473288929,5.660830126823));
#3846=CARTESIAN_POINT('',(-0.683801622710603,-3.73353209608407,5.72903890612417));
#3847=CARTESIAN_POINT('',(-0.147775210708358,-3.77883601054852,5.54250132884571));
#3848=CARTESIAN_POINT('',(0.210764526328336,-3.33802776884348,5.57861390439778));
#3849=CARTESIAN_POINT('',(-0.703479971526303,-3.71699454286751,5.68370975439271));
#3850=CARTESIAN_POINT('',(-0.171203624479936,-3.76591488408703,5.50148516476875));
#3851=CARTESIAN_POINT('',(0.19027366328003,-3.33352534010342,5.53735122464364));
#3852=CARTESIAN_POINT('',(-0.875211443984072,-3.56655212241915,5.27396804430858));
#3853=CARTESIAN_POINT('',(-0.37501811591984,-3.64856229669251,5.13573862203993));
#3854=CARTESIAN_POINT('',(0.00775173579457139,-3.29110636682621,5.16455560986813));
#3855=CARTESIAN_POINT('',(-0.989292851805666,-3.42208516146268,4.90072582229635));
#3856=CARTESIAN_POINT('',(-0.528920911939036,-3.52475268214608,4.79813352885859));
#3857=CARTESIAN_POINT('',(-0.139957251074278,-3.2399780324889,4.82596435585068));
#3858=CARTESIAN_POINT('',(-1.07659141227792,-3.21893693660489,4.3339164378141));
#3859=CARTESIAN_POINT('',(-0.68917001685137,-3.33191856421396,4.28060228820513));
#3860=CARTESIAN_POINT('',(-0.325098104005577,-3.15462352388138,4.31988661998724));
#3861=CARTESIAN_POINT('',(-1.09181372870859,-3.15367722960222,4.14427787273323));
#3862=CARTESIAN_POINT('',(-0.730584139291185,-3.26772512622532,4.10938114134298));
#3863=CARTESIAN_POINT('',(-0.380664485081381,-3.12482537332345,4.15189673797257));
#3864=CARTESIAN_POINT('',(-1.08337436989823,-3.06492660831307,3.85751221220255));
#3865=CARTESIAN_POINT('',(-0.76708914424107,-3.17448269483588,3.85049948124248));
#3866=CARTESIAN_POINT('',(-0.450091545439027,-3.08029994737116,3.90234125430091));
#3867=CARTESIAN_POINT('',(-1.07522801619342,-3.03680077373729,3.76120165696775));
#3868=CARTESIAN_POINT('',(-0.774968682718135,-3.14404275421933,3.76421197983931));
#3869=CARTESIAN_POINT('',(-0.470943257136575,-3.06544421589906,3.81928757171902));
#3870=CARTESIAN_POINT('',(-1.04366041008158,-2.9857900427383,3.56922500632143));
#3871=CARTESIAN_POINT('',(-0.778381351887533,-3.08623027916109,3.59312314859967));
#3872=CARTESIAN_POINT('',(-0.505349447957672,-3.03675532346337,3.65626862671771));
#3873=CARTESIAN_POINT('',(-1.02035806022636,-2.96278074904397,3.47313847514567));
#3874=CARTESIAN_POINT('',(-0.774175499978252,-3.05868077463195,3.50791173558605));
#3875=CARTESIAN_POINT('',(-0.519068024117523,-3.02284648161691,3.5759088461593));
#3876=CARTESIAN_POINT('',(-0.948899251063316,-2.92560250272965,3.28543689793785));
#3877=CARTESIAN_POINT('',(-0.745945411392997,-3.01011281646543,3.34342851673847));
#3878=CARTESIAN_POINT('',(-0.533707940129308,-2.99787975186401,3.42365716447021));
#3879=CARTESIAN_POINT('',(-0.90153538358806,-2.91117062955994,3.19284046910616));
#3880=CARTESIAN_POINT('',(-0.722792033743908,-2.98865613685794,3.26304893468347));
#3881=CARTESIAN_POINT('',(-0.535260948601785,-2.98663589142827,3.3507420289987));
#3882=CARTESIAN_POINT('',(-0.790453524311004,-2.9016502025293,3.06583925773485));
#3883=CARTESIAN_POINT('',(-0.656557835176654,-2.96735293574893,3.15671892410937));
#3884=CARTESIAN_POINT('',(-0.515682080517017,-2.97513458712557,3.25957915531713));
#3885=CARTESIAN_POINT('',(-0.746247259524243,-2.90063908029585,3.0257075090728));
#3886=CARTESIAN_POINT('',(-0.628921331632158,-2.96220717121372,3.1239327406578));
#3887=CARTESIAN_POINT('',(-0.505209659934505,-2.97227276608402,3.23251998483318));
#3888=CARTESIAN_POINT('',(-0.666978828093452,-2.90330835502559,2.97516145147222));
#3889=CARTESIAN_POINT('',(-0.576731391254141,-2.95919726371964,3.08480475085357));
#3890=CARTESIAN_POINT('',(-0.480866150068611,-2.97038905963823,3.20300457872305));
#3891=CARTESIAN_POINT('',(-0.638544581532125,-2.90487566382518,2.95999665451903));
#3892=CARTESIAN_POINT('',(-0.55765764530967,-2.9589697252066,3.07349157052995));
#3893=CARTESIAN_POINT('',(-0.471362567047647,-2.97015988897706,3.19504978097905));
#3894=CARTESIAN_POINT('',(-0.57680101379093,-2.90938552393832,2.9337852300865));
#3895=CARTESIAN_POINT('',(-0.515439127859993,-2.96024716955789,3.05511445417045));
#3896=CARTESIAN_POINT('',(-0.448963925810767,-2.97058902426916,3.18374164222161));
#3897=CARTESIAN_POINT('',(-0.543183622221212,-2.91237147807586,2.92276077873971));
#3898=CARTESIAN_POINT('',(-0.49205454442549,-2.9617958862189,3.04809198244566));
#3899=CARTESIAN_POINT('',(-0.435916812896313,-2.97126935563128,3.18046768888416));
#3900=CARTESIAN_POINT('',(-0.440201458380066,-2.92261081398278,2.89849400182097));
#3901=CARTESIAN_POINT('',(-0.419284147185488,-2.96874984034551,3.03536420586647));
#3902=CARTESIAN_POINT('',(-0.393423786939021,-2.97449519182304,3.17888081645786));
#3903=CARTESIAN_POINT('',(-0.365009601338523,-2.93146300839985,2.89346433731591));
#3904=CARTESIAN_POINT('',(-0.364542267881242,-2.97674069422099,3.03780666211277));
#3905=CARTESIAN_POINT('',(-0.359022451140351,-2.97834816061516,3.1889921040403));
#3906=CARTESIAN_POINT('',(-0.219656821406723,-2.94851149454546,2.90168699442083));
#3907=CARTESIAN_POINT('',(-0.256482609951023,-2.99490908322385,3.05922046717085));
#3908=CARTESIAN_POINT('',(-0.287567214930132,-2.98703789992031,3.22448562573621));
#3909=CARTESIAN_POINT('',(-0.149501445657205,-2.95667476272929,2.91403236364019));
#3910=CARTESIAN_POINT('',(-0.203173012979504,-3.00493830564991,3.07739586336568));
#3911=CARTESIAN_POINT('',(-0.250760861902273,-2.99178856180213,3.2490610134016));
#3912=CARTESIAN_POINT('',(0.0560701296087464,-2.9785615030971,2.96587577444241));
#3913=CARTESIAN_POINT('',(-0.0443277547699982,-3.03527894216756,3.14545125495762));
#3914=CARTESIAN_POINT('',(-0.138350446589475,-3.00573789159172,3.3350192323893));
#3915=CARTESIAN_POINT('',(0.179734798870397,-2.98893062555755,3.01750724308946));
#3916=CARTESIAN_POINT('',(0.0543912519965804,-3.05459070974641,3.20579377985222));
#3917=CARTESIAN_POINT('',(-0.0645614086705695,-3.01408924893567,3.40512788023762));
#3918=CARTESIAN_POINT('',(0.296612872564214,-2.99537695283183,3.07496471256835));
#3919=CARTESIAN_POINT('',(0.148806340717153,-3.07135228859786,3.27054536875856));
#3920=CARTESIAN_POINT('',(0.00764203674926568,-3.02052411841424,3.47877592330625));
#3921=CARTESIAN_POINT('',(2.39044715739277,-3.20714240215694,10.8617634092851));
#3922=CARTESIAN_POINT('',(3.20222788981599,-3.20714240215694,10.2778010453725));
#3923=CARTESIAN_POINT('',(2.39044715739277,-3.20714240215694,10.8617634092851));
#3924=CARTESIAN_POINT('',(2.93410134787685,-2.59165222197195,10.2911392253734));
#3925=CARTESIAN_POINT('',(3.58719701658821,-3.3885682381768,10.053792493246));
#3926=CARTESIAN_POINT('',(2.97689902497126,-3.99395529844652,10.6694104180266));
#3927=CARTESIAN_POINT('',(3.11881576773847,-2.47665555602989,10.5911617127983));
#3928=CARTESIAN_POINT('',(3.81581639480488,-3.23710096592194,10.3610764107007));
#3929=CARTESIAN_POINT('',(3.2433252954167,-3.87174969245522,10.9818216609646));
#3930=CARTESIAN_POINT('',(3.29227753588692,-2.343584248295,10.8853400628993));
#3931=CARTESIAN_POINT('',(4.02941928433033,-3.06454436271664,10.6629447420609));
#3932=CARTESIAN_POINT('',(3.49658302652751,-3.72388887395493,11.2896304267334));
#3933=CARTESIAN_POINT('',(3.53346475424819,-2.11756687662804,11.319720427807));
#3934=CARTESIAN_POINT('',(4.32547255405039,-2.77490450369678,11.1093186013736));
#3935=CARTESIAN_POINT('',(3.85450302619131,-3.46453514317773,11.7464566086957));
#3936=CARTESIAN_POINT('',(3.61068314656372,-2.03781116622345,11.4633615293608));
#3937=CARTESIAN_POINT('',(4.42001655572716,-2.67329421742736,11.2569215315808));
#3938=CARTESIAN_POINT('',(3.97013590966207,-3.37179621027847,11.8979148541986));
#3939=CARTESIAN_POINT('',(3.69369396917206,-1.94308401940572,11.6237992348149));
#3940=CARTESIAN_POINT('',(4.52153935673374,-2.55310625464885,11.4219514707736));
#3941=CARTESIAN_POINT('',(4.09577127676066,-3.26028949363581,12.0675568954842));
#3942=CARTESIAN_POINT('',(3.7028637069202,-1.93248922939757,11.6416095279534));
#3943=CARTESIAN_POINT('',(4.532746594498,-2.53967730438172,11.4402644424498));
#3944=CARTESIAN_POINT('',(4.10966883078633,-3.24780004807843,12.0863956053177));
#3945=CARTESIAN_POINT('',(3.72109467958315,-1.91116029077575,11.6771983091914));
#3946=CARTESIAN_POINT('',(4.55502406519667,-2.51265728249871,11.476860293973));
#3947=CARTESIAN_POINT('',(4.13733878655943,-3.22262091725133,12.124052790508));
#3948=CARTESIAN_POINT('',(3.73039510647049,-1.89960949338445,11.6960889301996));
#3949=CARTESIAN_POINT('',(4.56696143163634,-2.49815509118598,11.4958953662733));
#3950=CARTESIAN_POINT('',(4.15110317171073,-3.20994381919966,12.1428805154259));
#3951=CARTESIAN_POINT('',(3.75781116675679,-1.86574715996507,11.7515425139283));
#3952=CARTESIAN_POINT('',(4.60152246686814,-2.45551399624899,11.5521930154946));
#3953=CARTESIAN_POINT('',(4.1921514070719,-3.17170284286505,12.1993999528026));
#3954=CARTESIAN_POINT('',(3.77581877795234,-1.84297726124465,11.7885145160509));
#3955=CARTESIAN_POINT('',(4.62421278491729,-2.42685279395761,11.5897338766698));
#3956=CARTESIAN_POINT('',(4.21920388158386,-3.14590790866027,12.2371122560265));
#3957=CARTESIAN_POINT('',(3.82903132777538,-1.77408345850914,11.8994467876834));
#3958=CARTESIAN_POINT('',(4.6912564621904,-2.3401461587807,11.7024223614054));
#3959=CARTESIAN_POINT('',(4.29942022269949,-3.06762495921798,12.350352293823));
#3960=CARTESIAN_POINT('',(3.86342638961249,-1.72737552569455,11.9734233184968));
#3961=CARTESIAN_POINT('',(4.73455549538714,-2.2814106664397,11.7775919927115));
#3962=CARTESIAN_POINT('',(4.35164342608204,-3.01423907028215,12.425983052641));
#3963=CARTESIAN_POINT('',(3.96334846527414,-1.58492020638917,12.1954772739013));
#3964=CARTESIAN_POINT('',(4.8603477306335,-2.10232993216702,12.0034105540044));
#3965=CARTESIAN_POINT('',(4.50451833131782,-2.85051721834482,12.6533320312628));
#3966=CARTESIAN_POINT('',(4.02561842530758,-1.4868426970793,12.3436786690819));
#3967=CARTESIAN_POINT('',(4.93863751372868,-1.97924208099225,12.1541970625563));
#3968=CARTESIAN_POINT('',(4.60138197936272,-2.73662134950244,12.8055052454027));
#3969=CARTESIAN_POINT('',(4.14119375619836,-1.2844666263688,12.6407335244393));
#3970=CARTESIAN_POINT('',(5.08400228530963,-1.7255869658988,12.4566719754023));
#3971=CARTESIAN_POINT('',(4.78467446297289,-2.49937682821662,13.1113436782632));
#3972=CARTESIAN_POINT('',(4.1943399517478,-1.18036433815527,12.7892696251342));
#3973=CARTESIAN_POINT('',(5.15085530829687,-1.5952709231846,12.6080224813968));
#3974=CARTESIAN_POINT('',(4.8708658370028,-2.37625021663587,13.2646852508707));
#3975=CARTESIAN_POINT('',(4.33804786694709,-0.863064408134882,13.2304847602588));
#3976=CARTESIAN_POINT('',(5.332033649571,-1.19826361638812,13.0581645771912));
#3977=CARTESIAN_POINT('',(5.11017462380674,-1.99788802236959,13.7213386384946));
#3978=CARTESIAN_POINT('',(4.41369668118093,-0.643638434739714,13.5206424977732));
#3979=CARTESIAN_POINT('',(5.4276958846287,-0.92445366670231,13.3543511779664));
#3980=CARTESIAN_POINT('',(5.24529558208454,-1.7322592698612,14.0231905314232));
#3981=CARTESIAN_POINT('',(4.49611535063939,-0.304018323593822,13.9515912556255));
#3982=CARTESIAN_POINT('',(5.53328319429699,-0.501373423033097,13.7944793657341));
#3983=CARTESIAN_POINT('',(5.41031376038288,-1.31524938370317,14.4737670371586));
#3984=CARTESIAN_POINT('',(4.51839333948509,-0.189061338160558,14.0945209194347));
#3985=CARTESIAN_POINT('',(5.56213916493617,-0.358163160827951,13.9406036098029));
#3986=CARTESIAN_POINT('',(5.45901777746628,-1.17313926201603,14.6235905733679));
#3987=CARTESIAN_POINT('',(4.54373760318663,-0.0141393943752093,14.3080066614258));
#3988=CARTESIAN_POINT('',(5.59558864125678,-0.140371405516874,14.1589036696782));
#3989=CARTESIAN_POINT('',(5.52224964751534,-0.95539266611411,14.8479727625288));
#3990=CARTESIAN_POINT('',(4.55083896663514,0.0445825451350048,14.3790168747315));
#3991=CARTESIAN_POINT('',(5.60509939572176,-0.0672479699321774,14.2315512352311));
#3992=CARTESIAN_POINT('',(5.54168779605341,-0.882046132678096,14.9227079405414));
#3993=CARTESIAN_POINT('',(4.5594236067669,0.133272053053216,14.4853239808398));
#3994=CARTESIAN_POINT('',(5.61684811877147,0.0431695117212842,14.3403193759436));
#3995=CARTESIAN_POINT('',(5.56832239576949,-0.770882457252354,15.0347472777938));
#3996=CARTESIAN_POINT('',(4.56194049649614,0.162936336805541,14.5207249669111));
#3997=CARTESIAN_POINT('',(5.62034511405745,0.0801048718317161,14.3765487642791));
#3998=CARTESIAN_POINT('',(5.57678002862444,-0.733637200781863,15.0720831523685));
#3999=CARTESIAN_POINT('',(4.56627594644284,0.222464760560961,14.5914605697848));
#4000=CARTESIAN_POINT('',(5.62648924779328,0.154222915251595,14.4489476252612));
#4001=CARTESIAN_POINT('',(5.59284186290179,-0.658765081899635,15.1467379253518));
#4002=CARTESIAN_POINT('',(4.56779221458045,0.253696593555362,14.6284718255372));
#4003=CARTESIAN_POINT('',(5.62947743985367,0.193337985101615,14.4864164111306));
#4004=CARTESIAN_POINT('',(5.60044396369366,-0.621158096042857,15.1840702633427));
#4005=CARTESIAN_POINT('',(4.57383223860425,0.40838911657079,14.8122982824811));
#4006=CARTESIAN_POINT('',(5.64181904574828,0.387144940016112,14.6731332831372));
#4007=CARTESIAN_POINT('',(5.63626238194423,-0.432950167399866,15.3712142674202));
#4008=CARTESIAN_POINT('',(4.57286305740577,0.532526424130065,14.9605349348903));
#4009=CARTESIAN_POINT('',(5.6444386231349,0.542672012755297,14.8236794098139));
#4010=CARTESIAN_POINT('',(5.65798558686362,-0.280712699787469,15.5225941312014));
#4011=CARTESIAN_POINT('',(4.55944699831455,0.778001091014059,15.2555276993763));
#4012=CARTESIAN_POINT('',(5.63540630426857,0.850663521990688,15.1235498481055));
#4013=CARTESIAN_POINT('',(5.68704425522978,0.0226418503294904,15.8246858707019));
#4014=CARTESIAN_POINT('',(4.54705135686451,0.899381935737282,15.4023296917777));
#4015=CARTESIAN_POINT('',(5.62377661689318,1.00315655783069,15.2729010150017));
#4016=CARTESIAN_POINT('',(5.69445023141612,0.173802124074176,15.9754407875245));
#4017=CARTESIAN_POINT('',(4.45750537806606,1.49923892062533,16.1336618155508));
#4018=CARTESIAN_POINT('',(5.53103525383118,1.76136337156305,16.0208117780555));
#4019=CARTESIAN_POINT('',(5.69684779337517,0.926466458074236,16.7283787798428));
#4020=CARTESIAN_POINT('',(4.29914035188188,1.95729862624508,16.7104071147028));
#4021=CARTESIAN_POINT('',(5.34836372474381,2.34107331615214,16.6094460197031));
#4022=CARTESIAN_POINT('',(5.59015367832983,1.51889162666033,17.3280323153705));
#4023=CARTESIAN_POINT('',(4.03679238777861,2.41061148162533,17.3225844384138));
#4024=CARTESIAN_POINT('',(5.03935877610524,2.91834748619098,17.2314514833947));
#4025=CARTESIAN_POINT('',(5.35548074583988,2.12788958080925,17.9706740681927));
#4026=CARTESIAN_POINT('',(4.02100348121926,2.43715695977294,17.3585999476985));
#4027=CARTESIAN_POINT('',(5.02063681621793,2.95235718981189,17.2682422742837));
#4028=CARTESIAN_POINT('',(5.34121634238038,2.16364428592645,18.0085057359086));
#4029=CARTESIAN_POINT('',(3.9968747824224,2.47664197005543,17.4124300322982));
#4030=CARTESIAN_POINT('',(4.99199332223587,3.00297318793868,17.3232229062455));
#4031=CARTESIAN_POINT('',(5.31920849982892,2.21696829830185,18.0650864304901));
#4032=CARTESIAN_POINT('',(3.98875436437051,2.48975393146461,17.4303490328281));
#4033=CARTESIAN_POINT('',(4.9823455265885,3.01979063402397,17.3415283688712));
#4034=CARTESIAN_POINT('',(5.31176775543923,2.23469943837203,18.0839270825877));
#4035=CARTESIAN_POINT('',(3.97235905963655,2.51587805080975,17.4661387184463));
#4036=CARTESIAN_POINT('',(4.96285406440576,3.05331005023949,17.3780903585526));
#4037=CARTESIAN_POINT('',(5.29667700796019,2.27007424399427,18.1215696796829));
#4038=CARTESIAN_POINT('',(3.96443812570446,2.52849596075325,17.4834007568572));
#4039=CARTESIAN_POINT('',(4.95330415682667,3.06934307564866,17.3957943738111));
#4040=CARTESIAN_POINT('',(5.28902621404673,2.28771973259385,18.1403702461619));
#4041=CARTESIAN_POINT('',(3.9207034865795,2.59550678516392,17.576030426696));
#4042=CARTESIAN_POINT('',(4.90190762771262,3.1563802195216,17.4901290523067));
#4043=CARTESIAN_POINT('',(5.25025791545506,2.37570869054958,18.2342915603137));
#4044=CARTESIAN_POINT('',(3.88463659818546,2.64790702123594,17.6500587404415));
#4045=CARTESIAN_POINT('',(4.85939372979559,3.22453604585479,17.5654916258441));
#4046=CARTESIAN_POINT('',(5.21776471461447,2.44495354151832,18.3094579475087));
#4047=CARTESIAN_POINT('',(3.77331065815223,2.80155187027397,17.8719797879525));
#4048=CARTESIAN_POINT('',(4.72756589304417,3.42508826108726,17.791762923167));
#4049=CARTESIAN_POINT('',(5.11598498384644,2.64929505629015,18.5350829285137));
#4050=CARTESIAN_POINT('',(3.69493027814538,2.89924686998744,18.0197095596558));
#4051=CARTESIAN_POINT('',(4.63423898530061,3.55308045392665,17.94233567136));
#4052=CARTESIAN_POINT('',(5.04240447149942,2.78100375777179,18.6856671638335));
#4053=CARTESIAN_POINT('',(3.44802967647366,3.1784229287188,18.4627063470672));
#4054=CARTESIAN_POINT('',(4.33797959285132,3.92169028564166,18.395119447649));
#4055=CARTESIAN_POINT('',(4.80531572670402,3.1627338986648,19.138232825824));
#4056=CARTESIAN_POINT('',(3.26779043052782,3.34606623267261,18.7577918418104));
#4057=CARTESIAN_POINT('',(4.11991924387959,4.14508457568297,18.6963509445901));
#4058=CARTESIAN_POINT('',(4.62553743591191,3.39942281220647,19.4410252821822));
#4059=CARTESIAN_POINT('',(2.97593543623436,3.56943173245389,19.2016555790804));
#4060=CARTESIAN_POINT('',(3.7644994475963,4.44683346515901,19.1486877187887));
#4061=CARTESIAN_POINT('',(4.32503049917957,3.7270834152812,19.8981217699035));
#4062=CARTESIAN_POINT('',(2.87505657659469,3.63918453479707,19.3498132066107));
#4063=CARTESIAN_POINT('',(3.64088319048735,4.54205515655778,19.2999823296069));
#4064=CARTESIAN_POINT('',(4.21970160619114,3.83172498227002,20.050972428043));
#4065=CARTESIAN_POINT('',(2.66631953113893,3.76900855380113,19.6467670317502));
#4066=CARTESIAN_POINT('',(3.38406163400215,4.72107329416795,19.603173620214));
#4067=CARTESIAN_POINT('',(3.99877449671409,4.03154277650326,20.3578639535127));
#4068=CARTESIAN_POINT('',(2.55811673303261,3.82922308903872,19.7960087645956));
#4069=CARTESIAN_POINT('',(3.25040795862268,4.80501781099746,19.755504072859));
#4070=CARTESIAN_POINT('',(3.88279697581106,4.12696776611352,20.5123677604166));
#4071=CARTESIAN_POINT('',(2.33760487014486,3.93831420242759,20.0917340025759));
#4072=CARTESIAN_POINT('',(2.97695739990442,4.95911336150749,20.0572244242071));
#4073=CARTESIAN_POINT('',(3.64344547662704,4.30581222950731,20.8190482901278));
#4074=CARTESIAN_POINT('',(2.22511112039331,3.9873489783429,20.2385090771071));
#4075=CARTESIAN_POINT('',(2.83693365843891,5.0294129065417,20.2068782050855));
#4076=CARTESIAN_POINT('',(3.51988546761003,4.38945890491015,20.9715245621178));
#4077=CARTESIAN_POINT('',(2.08195628042544,4.04181620163933,20.4207161298697));
#4078=CARTESIAN_POINT('',(2.65830860983822,5.10881731496014,20.3922807257749));
#4079=CARTESIAN_POINT('',(3.36074434981292,4.48682952309275,21.1611498852852));
#4080=CARTESIAN_POINT('',(2.05195359525265,4.0527606501032,20.458650319084));
#4081=CARTESIAN_POINT('',(2.62076187717719,5.12526895985598,20.4310408733111));
#4082=CARTESIAN_POINT('',(3.32868828186418,4.50593648852988,21.1990326995618));
#4083=CARTESIAN_POINT('',(1.99217349587591,4.07368382368068,20.5342958367267));
#4084=CARTESIAN_POINT('',(2.54587031438644,5.15687296890599,20.5083085617523));
#4085=CARTESIAN_POINT('',(3.26437237512837,4.54321570717116,21.274923200848));
#4086=CARTESIAN_POINT('',(1.96224375704382,4.08372885940438,20.572135834381));
#4087=CARTESIAN_POINT('',(2.50833111150073,5.17215764124507,20.5469606977541));
#4088=CARTESIAN_POINT('',(3.23208055742258,4.56141586365744,21.3129036693948));
#4089=CARTESIAN_POINT('',(1.87234563274867,4.11263107590538,20.6857145872502));
#4090=CARTESIAN_POINT('',(2.39537809728138,5.21650894122606,20.6630473524192));
#4091=CARTESIAN_POINT('',(3.1348159347277,4.61471351282037,21.4269544785556));
#4092=CARTESIAN_POINT('',(1.81226835102539,4.13025583415021,20.7615121713036));
#4093=CARTESIAN_POINT('',(2.31976635114514,5.24401189203872,20.7404699971654));
#4094=CARTESIAN_POINT('',(3.06945414215215,4.64850864282229,21.5031342129234));
#4095=CARTESIAN_POINT('',(1.5112903964236,4.21035549180066,21.1409818531487));
#4096=CARTESIAN_POINT('',(1.93877217053698,5.37199744617958,21.1293967759313));
#4097=CARTESIAN_POINT('',(2.74020582063907,4.8089788837599,21.8848129332682));
#4098=CARTESIAN_POINT('',(1.26861498249438,4.24886554058897,21.4461223800726));
#4099=CARTESIAN_POINT('',(1.63004429142853,5.44186051921858,21.4407716203417));
#4100=CARTESIAN_POINT('',(2.46905349603279,4.91025334452698,22.1926527236738));
#4101=CARTESIAN_POINT('',(0.782898864817978,4.27770623808584,22.0614670154102));
#4102=CARTESIAN_POINT('',(1.00633586342443,5.52114464808096,22.0677830445956));
#4103=CARTESIAN_POINT('',(1.91432023736232,5.06112054144837,22.8146374633026));
#4104=CARTESIAN_POINT('',(0.538883358401805,4.26765995205887,22.3729938463545));
#4105=CARTESIAN_POINT('',(0.690416119029024,5.52962801315241,22.384359060146));
#4106=CARTESIAN_POINT('',(1.62951607564953,5.11057294658345,23.1301251237076));
#4107=CARTESIAN_POINT('',(0.182980244335896,4.21874854553844,22.8347126689795));
#4108=CARTESIAN_POINT('',(0.225985879185399,5.49813698032186,22.8514351035435));
#4109=CARTESIAN_POINT('',(1.20379198653645,5.1457680254111,23.5985399526831));
#4110=CARTESIAN_POINT('',(0.065737088541768,4.19685277161039,22.9880443962876));
#4111=CARTESIAN_POINT('',(0.0720690679499146,5.48025103522722,23.0065027745213));
#4112=CARTESIAN_POINT('',(1.06179661796225,5.15112212217349,23.7542375224443));
#4113=CARTESIAN_POINT('',(-0.0789114390326175,4.16280869768619,23.1790270554665));
#4114=CARTESIAN_POINT('',(-0.118499494444166,5.44904670819279,23.1990642614278));
#4115=CARTESIAN_POINT('',(0.884237179318578,5.15006403946273,23.9483795781589));
#4116=CARTESIAN_POINT('',(-0.107745926563812,4.15566583801635,23.2171891923161));
#4117=CARTESIAN_POINT('',(-0.156573428995227,5.44235264995001,23.2375648297602));
#4118=CARTESIAN_POINT('',(0.848721766150791,5.14946433467402,23.9871838272244));
#4119=CARTESIAN_POINT('',(-0.150851879047244,4.14445543320389,23.2743805718859));
#4120=CARTESIAN_POINT('',(-0.213546159079229,5.4316490028319,23.2952220034747));
#4121=CARTESIAN_POINT('',(0.795443370856251,5.14798510127305,24.0453547767154));
#4122=CARTESIAN_POINT('',(-0.165196234198952,4.14063594165431,23.2934357235214));
#4123=CARTESIAN_POINT('',(-0.232519060845104,5.42796961591224,23.3144305333118));
#4124=CARTESIAN_POINT('',(0.777683023002551,5.14739540346759,24.0647391869724));
#4125=CARTESIAN_POINT('',(-0.193835870560402,4.13283235689667,23.3315286560472));
#4126=CARTESIAN_POINT('',(-0.270421394461383,5.42038982923178,23.3528194892745));
#4127=CARTESIAN_POINT('',(0.742160521102793,5.14602308805912,24.1034963045412));
#4128=CARTESIAN_POINT('',(-0.208638986479999,4.12872623513048,23.351237817801));
#4129=CARTESIAN_POINT('',(-0.2901192427768,5.4164569444213,23.3728348582515));
#4130=CARTESIAN_POINT('',(0.724396299493119,5.14524082608228,24.1228677967017));
#4131=CARTESIAN_POINT('',(-0.282595532944335,4.10767005177868,23.4502245041115));
#4132=CARTESIAN_POINT('',(-0.388714269516049,5.39614081796467,23.4734871215468));
#4133=CARTESIAN_POINT('',(0.635798125506519,5.1407950741604,24.2198297977093));
#4134=CARTESIAN_POINT('',(-0.340883320436893,4.08939326666362,23.5295922076577));
#4135=CARTESIAN_POINT('',(-0.466578948978642,5.37796853794416,23.5540675178221));
#4136=CARTESIAN_POINT('',(0.565452210841798,5.13557446511195,24.2976279330745));
#4137=CARTESIAN_POINT('',(-0.627952007803765,3.99120545229416,23.9273847269506));
#4138=CARTESIAN_POINT('',(-0.852199155723705,5.27763313156874,23.9586841148814));
#4139=CARTESIAN_POINT('',(0.216386771707746,5.1014862004157,24.6877870084266));
#4140=CARTESIAN_POINT('',(-0.843649096819784,3.89098625910985,24.2487092285391));
#4141=CARTESIAN_POINT('',(-1.14435004847184,5.16813939801208,24.2832802040789));
#4142=CARTESIAN_POINT('',(-0.0543345471259151,5.04880337937359,25.0036719026663));
#4143=CARTESIAN_POINT('',(-1.04528423883964,3.7727017783246,24.5735970312498));
#4144=CARTESIAN_POINT('',(-1.42038947081714,5.03381164112711,24.60921102936));
#4145=CARTESIAN_POINT('',(-0.316541894093688,4.97377152703747,25.3235541472227));
#4146=CARTESIAN_POINT('',(-0.254054922416108,3.99192385904065,25.1444716656122));
#4147=CARTESIAN_POINT('',(-1.0452842388396,3.77270177832592,24.5735970312492));
#4148=CARTESIAN_POINT('',(-1.42038947081529,5.03381164112727,24.6092110293602));
#4149=CARTESIAN_POINT('',(-0.316541894093296,4.97377152703758,25.3235541472223));
#4150=CARTESIAN_POINT('',(-1.23809571645334,3.69024317092788,24.8724977545367));
#4151=CARTESIAN_POINT('',(-1.63903592822366,4.91002980280778,24.9235356636478));
#4152=CARTESIAN_POINT('',(-0.56000471168284,4.90410350885058,25.620568833));
#4153=CARTESIAN_POINT('',(-1.42154143941864,3.59344905248697,25.169235750613));
#4154=CARTESIAN_POINT('',(-1.84692533089934,4.76973279433324,25.2375885989434));
#4155=CARTESIAN_POINT('',(-0.795120473048544,4.81629109642638,25.9153853031428));
#4156=CARTESIAN_POINT('',(-1.68352986482247,3.42842061438476,25.6112243425639));
#4157=CARTESIAN_POINT('',(-2.14280604769366,4.53681686847597,25.7056793956988));
#4158=CARTESIAN_POINT('',(-1.13683514992605,4.65931951642201,26.3546669926416));
#4159=CARTESIAN_POINT('',(-1.76865305574568,3.37008601481618,25.7580295656757));
#4160=CARTESIAN_POINT('',(-2.23769660305015,4.45650803480192,25.8593585761534));
#4161=CARTESIAN_POINT('',(-1.24890432379721,4.60275879828113,26.5006019165925));
#4162=CARTESIAN_POINT('',(-1.89304272689105,3.27765536764336,25.9773992267949));
#4163=CARTESIAN_POINT('',(-2.37631918805825,4.33054858734241,26.0891478657537));
#4164=CARTESIAN_POINT('',(-1.41436091285848,4.51156748930842,26.7187820449241));
#4165=CARTESIAN_POINT('',(-1.93395611457232,3.24602274132824,26.0503822184269));
#4166=CARTESIAN_POINT('',(-2.42165239526183,4.28790971647803,26.1651797107973));
#4167=CARTESIAN_POINT('',(-1.46907129163674,4.48011039324956,26.7913881521225));
#4168=CARTESIAN_POINT('',(-1.98440716834832,3.20545295889361,26.1414260750695));
#4169=CARTESIAN_POINT('',(-2.47762106148124,4.23341573843956,26.26015947389));
#4170=CARTESIAN_POINT('',(-1.53691332318063,4.43945207935475,26.8819949105252));
#4171=CARTESIAN_POINT('',(-1.99446283232198,3.19728753383036,26.159625590724));
#4172=CARTESIAN_POINT('',(-2.4887399836366,4.22249688625725,26.2790841678902));
#4173=CARTESIAN_POINT('',(-1.5504544196985,4.43125353590079,26.9001087133821));
#4174=CARTESIAN_POINT('',(-2.01450493066894,3.18085364712273,26.1960058236638));
#4175=CARTESIAN_POINT('',(-2.51089285777062,4.20055566733144,26.3169004649439));
#4176=CARTESIAN_POINT('',(-1.57748210042183,4.41472225333822,26.9363211978474));
#4177=CARTESIAN_POINT('',(-2.02421540850189,3.17285801896216,26.213651257793));
#4178=CARTESIAN_POINT('',(-2.52151850750797,4.18979382373479,26.335211886601));
#4179=CARTESIAN_POINT('',(-1.59097327267633,4.40638828565258,26.9544175589537));
#4180=CARTESIAN_POINT('',(-2.0551861358727,3.14679649931725,26.2703227374867));
#4181=CARTESIAN_POINT('',(-2.55611391398839,4.15555062121965,26.3941244951125));
#4182=CARTESIAN_POINT('',(-1.63133559811511,4.38119226696381,27.0086988583652));
#4183=CARTESIAN_POINT('',(-2.07558974820252,3.12925196075075,26.308124700945));
#4184=CARTESIAN_POINT('',(-2.57887861606399,4.13254300479572,26.4334132762864));
#4185=CARTESIAN_POINT('',(-1.65801188312118,4.36415870316416,27.0449183876204));
#4186=CARTESIAN_POINT('',(-2.25706910561953,2.96985101321963,26.6485352926098));
#4187=CARTESIAN_POINT('',(-2.77842911455253,3.92667926545062,26.7824270977379));
#4188=CARTESIAN_POINT('',(-1.89604890424348,4.20877040399293,27.3711812098457));
#4189=CARTESIAN_POINT('',(-2.40318888143367,2.81757470369023,26.9525179305254));
#4190=CARTESIAN_POINT('',(-2.93884798513388,3.73187489750364,27.0953901153588));
#4191=CARTESIAN_POINT('',(-2.09317182858781,4.0559332619938,27.6632269309842));
#4192=CARTESIAN_POINT('',(-2.60158893258524,2.57508430514905,27.4106849252233));
#4193=CARTESIAN_POINT('',(-3.15568557175723,3.42445076856702,27.5674516788229));
#4194=CARTESIAN_POINT('',(-2.36920005047346,3.80667477638652,28.1043518007717));
#4195=CARTESIAN_POINT('',(-2.66423911042441,2.49189645292235,27.5637673489227));
#4196=CARTESIAN_POINT('',(-3.22347055212224,3.3205967765135,27.7236946642752));
#4197=CARTESIAN_POINT('',(-2.45790658083901,3.72022017184566,28.2520196599794));
#4198=CARTESIAN_POINT('',(-2.78264872510215,2.32086969901402,27.8706335976897));
#4199=CARTESIAN_POINT('',(-3.35120709449576,3.10856594671448,28.0363890736138));
#4200=CARTESIAN_POINT('',(-2.62873169953434,3.54052656525715,28.5487699558761));
#4201=CARTESIAN_POINT('',(-2.83851787547329,2.23282372858665,28.024763268617));
#4202=CARTESIAN_POINT('',(-3.41138078864223,3.00015820336677,28.1932131188463));
#4203=CARTESIAN_POINT('',(-2.71102214498563,3.44706799108723,28.6981593296315));
#4204=CARTESIAN_POINT('',(-2.94253978936052,2.05343167698837,28.331351698798));
#4205=CARTESIAN_POINT('',(-3.52310118382889,2.78053224510861,28.5047228371578));
#4206=CARTESIAN_POINT('',(-2.86774762957125,3.25469702853351,28.9960068936445));
#4207=CARTESIAN_POINT('',(-2.99075277417087,1.96203630874954,28.4839187301198));
#4208=CARTESIAN_POINT('',(-3.57483745737598,2.66925454061289,28.6595897598026));
#4209=CARTESIAN_POINT('',(-2.94226108760897,3.15573807764492,29.1445679595543));
#4210=CARTESIAN_POINT('',(-3.05744963005504,1.82242518988373,28.7116451755439));
#4211=CARTESIAN_POINT('',(-3.6464392796492,2.4995328619077,28.8912037556118));
#4212=CARTESIAN_POINT('',(-3.04829091604926,3.00309474635804,29.3668507110966));
#4213=CARTESIAN_POINT('',(-3.07874362243804,1.77546792722281,28.7873661438995));
#4214=CARTESIAN_POINT('',(-3.66921755305473,2.44275005023508,28.9679537028928));
#4215=CARTESIAN_POINT('',(-3.08267616548539,2.95151185228144,29.4408515812583));
#4216=CARTESIAN_POINT('',(-3.10927591678255,1.70440075489055,28.9006569669282));
#4217=CARTESIAN_POINT('',(-3.70189339695808,2.35685656231969,29.0829122121568));
#4218=CARTESIAN_POINT('',(-3.13280938930998,2.87307029097883,29.5517087231778));
#4219=CARTESIAN_POINT('',(-3.11921849341217,1.68060645144352,28.9383721025644));
#4220=CARTESIAN_POINT('',(-3.71251489101696,2.32816966930216,29.12111972956));
#4221=CARTESIAN_POINT('',(-3.1492796061694,2.84674517016779,29.5886370604825));
#4222=CARTESIAN_POINT('',(-3.13377926338084,1.64475671197108,28.9948706740226));
#4223=CARTESIAN_POINT('',(-3.72807452394382,2.28495700775132,29.1783896717567));
#4224=CARTESIAN_POINT('',(-3.17362193559801,2.80698818003676,29.6439928395918));
#4225=CARTESIAN_POINT('',(-3.13857399966928,1.63278041603769,29.0136911736198));
#4226=CARTESIAN_POINT('',(-3.73319353554746,2.27053836667933,29.1974518067304));
#4227=CARTESIAN_POINT('',(-3.18167554074337,2.79369096099533,29.6624386437553));
#4228=CARTESIAN_POINT('',(-3.1480455741121,1.60877496444001,29.0513071925582));
#4229=CARTESIAN_POINT('',(-3.74330361909019,2.24165048448965,29.235548316159));
#4230=CARTESIAN_POINT('',(-3.19766139193782,2.7670062922945,29.6993178842333));
#4231=CARTESIAN_POINT('',(-3.15262789817941,1.5970916767153,29.0696066703145));
#4232=CARTESIAN_POINT('',(-3.74812092866296,2.22747999004745,29.2541632383521));
#4233=CARTESIAN_POINT('',(-3.20559735813322,2.75361497750586,29.7177491162666));
#4234=CARTESIAN_POINT('',(-3.23339315349638,1.38389327848564,29.4007214041896));
#4235=CARTESIAN_POINT('',(-3.83515642657399,1.9764890318919,29.5841416545127));
#4236=CARTESIAN_POINT('',(-3.3393368293997,2.52533390471765,30.0310550115025));
#4237=CARTESIAN_POINT('',(-3.28968876612061,1.18258685782488,29.712204909882));
#4238=CARTESIAN_POINT('',(-3.89577165192824,1.73859794855527,29.8971082863668));
#4239=CARTESIAN_POINT('',(-3.44399783234595,2.30497944753932,30.3277802148048));
#4240=CARTESIAN_POINT('',(-3.40659556618311,0.577026938482191,30.6473927727024));
#4241=CARTESIAN_POINT('',(-4.01734769677712,1.03382944306053,30.825678780564));
#4242=CARTESIAN_POINT('',(-3.70063303984482,1.62943878505905,31.2233431735109));
#4243=CARTESIAN_POINT('',(-3.41652437160467,0.171220934326081,31.2720644441902));
#4244=CARTESIAN_POINT('',(-4.0267689014641,0.560297148301861,31.4517766847935));
#4245=CARTESIAN_POINT('',(-3.79678271186189,1.16012998454238,31.8276752734317));
#4246=CARTESIAN_POINT('',(-3.35744178802211,-0.23666877925029,31.8975240661718));
#4247=CARTESIAN_POINT('',(-3.95787945174168,0.0777314841590503,32.0888093557911));
#4248=CARTESIAN_POINT('',(-3.81372299177118,0.671632121030018,32.4387578152001));
#4249=CARTESIAN_POINT('',(-2.83492744162685,0.499257112982331,32.3280955921146));
#4250=CARTESIAN_POINT('',(-3.35744178802212,-0.236668779250282,31.8975240661717));
#4251=CARTESIAN_POINT('',(-3.95787945174168,0.0777314841590583,32.0888093557911));
#4252=CARTESIAN_POINT('',(-3.81372299177118,0.671632121030018,32.4387578152001));
#4253=CARTESIAN_POINT('',(-3.35136074399873,-0.27839769229562,31.961466879764));
#4254=CARTESIAN_POINT('',(-3.95104243676683,0.0294726981250551,32.1524835909557));
#4255=CARTESIAN_POINT('',(-3.81543400950479,0.622292409979466,32.5004789369623));
#4256=CARTESIAN_POINT('',(-3.34405756606456,-0.321543498684943,32.0276798272968));
#4257=CARTESIAN_POINT('',(-3.94349618574825,-0.019930237595849,32.2178427838088));
#4258=CARTESIAN_POINT('',(-3.81625676927837,0.573135357489126,32.5621432802798));
#4259=CARTESIAN_POINT('',(-3.3283211150751,-0.405660173887424,32.1586990513499));
#4260=CARTESIAN_POINT('',(-3.92667583564734,-0.116553799262784,32.3475504328863));
#4261=CARTESIAN_POINT('',(-3.81608813015523,0.475663981930886,32.6856698080679));
#4262=CARTESIAN_POINT('',(-3.31974433870778,-0.44721866533277,32.2241569154122));
#4263=CARTESIAN_POINT('',(-3.91746797985898,-0.164291832130578,32.4123560155873));
#4264=CARTESIAN_POINT('',(-3.81511542683437,0.427276453792132,32.7474837459069));
#4265=CARTESIAN_POINT('',(-3.29199134020121,-0.570459812020064,32.4203941776253));
#4266=CARTESIAN_POINT('',(-3.88761352597705,-0.305635726695295,32.6063469598485));
#4267=CARTESIAN_POINT('',(-3.80964586440771,0.283128535008928,32.9330790208726));
#4268=CARTESIAN_POINT('',(-3.27079673176019,-0.650710232351533,32.5510383709298));
#4269=CARTESIAN_POINT('',(-3.86467480712894,-0.397834546528712,32.7357149522257));
#4270=CARTESIAN_POINT('',(-3.80260202979002,0.188382011060256,33.057014134473));
#4271=CARTESIAN_POINT('',(-3.19978301643774,-0.886165247845335,32.9425344510415));
#4272=CARTESIAN_POINT('',(-3.78779624830761,-0.667554298527313,33.1222779568237));
#4273=CARTESIAN_POINT('',(-3.77200633382574,-0.092006504202002,33.4294335574797));
#4274=CARTESIAN_POINT('',(-3.1425827703564,-1.03609665387037,33.2029632257114));
#4275=CARTESIAN_POINT('',(-3.72555772646923,-0.840037553065582,33.3803619612328));
#4276=CARTESIAN_POINT('',(-3.73904372283472,-0.27380621274994,33.6785361774252));
#4277=CARTESIAN_POINT('',(-3.01048602659446,-1.32350777260176,33.7228622260377));
#4278=CARTESIAN_POINT('',(-3.58162686792287,-1.17090790633065,33.8957010422592));
#4279=CARTESIAN_POINT('',(-3.65034470198106,-0.627983344978325,34.1782714073541));
#4280=CARTESIAN_POINT('',(-2.93557899832802,-1.46098244403084,33.9823306986678));
#4281=CARTESIAN_POINT('',(-3.50008145215878,-1.32956697143455,34.1531575646975));
#4282=CARTESIAN_POINT('',(-3.5946010095858,-0.800358916611119,34.4289037584438));
#4283=CARTESIAN_POINT('',(-2.81034074503528,-1.6585434879113,34.3706329226606));
#4284=CARTESIAN_POINT('',(-3.36343779180553,-1.5586579193824,34.539619786537));
#4285=CARTESIAN_POINT('',(-3.49441756785154,-1.05227511469087,34.8058119805729));
#4286=CARTESIAN_POINT('',(-2.76643794555214,-1.72295040916278,34.4999138580866));
#4287=CARTESIAN_POINT('',(-3.31568135317595,-1.63329791482112,34.6680461809741));
#4288=CARTESIAN_POINT('',(-3.45824964402569,-1.13513744348417,34.931606989571));
#4289=CARTESIAN_POINT('',(-2.67426241809081,-1.84892634433579,34.7581008294652));
#4290=CARTESIAN_POINT('',(-3.21544030938758,-1.77956945344632,34.9246554731949));
#4291=CARTESIAN_POINT('',(-3.38030076311604,-1.29868937244638,35.1834709761868));
#4292=CARTESIAN_POINT('',(-2.62598352139949,-1.91052554327675,34.8865016468528));
#4293=CARTESIAN_POINT('',(-3.16297378416142,-1.85137759606505,35.0525365036713));
#4294=CARTESIAN_POINT('',(-3.33841769107324,-1.37959745946545,35.3094374635028));
#4295=CARTESIAN_POINT('',(-2.57421995829168,-1.97174151180266,35.0188010352668));
#4296=CARTESIAN_POINT('',(-3.10746604042076,-1.92243784308498,35.1832533721451));
#4297=CARTESIAN_POINT('',(-3.29402691275827,-1.45855043159032,35.4358999975515));
#4298=CARTESIAN_POINT('',(0.835621346828078,3.8195238675004,10.2039328845606));
#4299=CARTESIAN_POINT('',(0.331254087242665,3.92986747664417,10.9479759930919));
#4300=CARTESIAN_POINT('',(-0.184467435905202,3.90550859361115,11.6666666666667));
#4301=CARTESIAN_POINT('',(-1.23094530959612,3.85608069313051,13.125));
#4302=CARTESIAN_POINT('',(-2.11250778247046,3.29003593881309,14.5833333333333));
#4303=CARTESIAN_POINT('',(-2.9940702553448,2.72399118449567,16.0416666666667));
#4304=CARTESIAN_POINT('',(-3.47450337471829,1.79300081114069,17.5));
#4305=CARTESIAN_POINT('',(-3.95493649409179,0.862010437785718,18.9583333333334));
#4306=CARTESIAN_POINT('',(-3.90550859361115,-0.1844674359052,20.4166666666667));
#4307=CARTESIAN_POINT('',(-3.85608069313051,-1.23094530959612,21.875));
#4308=CARTESIAN_POINT('',(-3.29003593881309,-2.11250778247045,23.3333333333334));
#4309=CARTESIAN_POINT('',(-3.03685237906372,-2.50681781417974,23.9856245555702));
#4310=CARTESIAN_POINT('',(-2.69766173355549,-2.83013193702879,24.660743799825));
#4311=CARTESIAN_POINT('',(1.00598018188851,4.59821344864004,10.2039328845606));
#4312=CARTESIAN_POINT('',(0.398787139893698,4.73105290327824,10.9479759930919));
#4313=CARTESIAN_POINT('',(-0.222074969038103,4.70172795403278,11.6666666666667));
#4314=CARTESIAN_POINT('',(-1.48189917735202,4.64222314541985,13.125));
#4315=CARTESIAN_POINT('',(-2.54318654174803,3.96077836535677,14.5833333333333));
#4316=CARTESIAN_POINT('',(-3.60447390614404,3.27933358529368,16.0416666666667));
#4317=CARTESIAN_POINT('',(-4.18285333439488,2.15854141228475,17.5));
#4318=CARTESIAN_POINT('',(-4.76123276264571,1.03774923927582,18.9583333333334));
#4319=CARTESIAN_POINT('',(-4.70172795403278,-0.2220749690381,20.4166666666667));
#4320=CARTESIAN_POINT('',(-4.64222314541986,-1.48189917735202,21.875));
#4321=CARTESIAN_POINT('',(-3.96077836535677,-2.54318654174802,23.3333333333334));
#4322=CARTESIAN_POINT('',(-3.65597805783154,-3.01788489516501,23.9856245555702));
#4323=CARTESIAN_POINT('',(-3.24763632678496,-3.40711334336756,24.660743799825));
#4324=CARTESIAN_POINT('',(0.777385988063669,3.83683241552548,10.2911392253734));
#4325=CARTESIAN_POINT('',(-0.037272746607855,4.00207276917368,11.4874261527306));
#4326=CARTESIAN_POINT('',(-1.78754416703717,3.79316895837327,13.8612378684514));
#4327=CARTESIAN_POINT('',(-3.70569724066093,1.96931481674256,17.4396214789773));
#4328=CARTESIAN_POINT('',(-4.06781670390861,-0.206082365724594,20.3925981414757));
#4329=CARTESIAN_POINT('',(-3.54572526222095,-1.81506490004422,22.8069549841091));
#4330=CARTESIAN_POINT('',(-3.04152355146925,-2.50000896085869,23.9750925616749));
#4331=CARTESIAN_POINT('',(-2.74461346152658,-2.79159359416203,24.5735970312239));
#4332=CARTESIAN_POINT('',(0.777385988063673,3.83683241552549,10.2911392253734));
#4333=CARTESIAN_POINT('',(-2.74461346152657,-2.79159359416203,24.5735970312238));
#4334=CARTESIAN_POINT('',(-2.74461346152822,-2.79159359416371,24.5735970312238));
#4335=CARTESIAN_POINT('',(-3.13610447609167,-2.56916869769508,23.9478279431185));
#4336=CARTESIAN_POINT('',(-3.85421081684295,-1.95432534326657,22.7452733652811));
#4337=CARTESIAN_POINT('',(-4.53265237938171,-0.678166265361816,20.9376505077044));
#4338=CARTESIAN_POINT('',(-4.6712071643739,0.819842919537288,19.1791350194688));
#4339=CARTESIAN_POINT('',(-4.2357467116253,2.25377779668622,17.4330825339257));
#4340=CARTESIAN_POINT('',(-3.29077304420704,3.41864350019174,15.6748365668084));
#4341=CARTESIAN_POINT('',(-1.97348892492145,4.14863203731581,13.9196814526939));
#4342=CARTESIAN_POINT('',(-0.53374766840442,4.31131034379626,12.1123412442064));
#4343=CARTESIAN_POINT('',(0.378149421835894,4.04996071889458,10.9151645834244));
#4344=CARTESIAN_POINT('',(0.777385988063673,3.83683241552549,10.2911392253734));
#4345=CARTESIAN_POINT('',(-4.2747940325144E-15,-3.,24.9927108625653));
#4346=CARTESIAN_POINT('',(-7.79715787936487E-15,-2.99999999999998,35.000000000115));
#4347=CARTESIAN_POINT('',(1.78318736796725,-3.,24.9927108625653));
#4348=CARTESIAN_POINT('',(1.78318736796725,-2.99999999999998,35.000000000115));
#4349=CARTESIAN_POINT('',(3.48134382069225,-1.64881289961202,24.9927108625653));
#4350=CARTESIAN_POINT('',(3.48134382069225,-1.64881289961201,35.000000000115));
#4351=CARTESIAN_POINT('',(2.91703835725208,0.700633443620939,24.9927108625653));
#4352=CARTESIAN_POINT('',(2.91703835725208,0.700633443620951,35.000000000115));
#4353=CARTESIAN_POINT('',(-8.40156339517858E-07,-2.99999999999988,25.0523968927802));
#4354=CARTESIAN_POINT('',(0.67366506615393,-3.00000018866144,26.3157469504032));
#4355=CARTESIAN_POINT('',(1.69079677665308,-2.64717021843918,28.2127798440409));
#4356=CARTESIAN_POINT('',(2.6110986242541,-1.59063917927268,30.7411633523353));
#4357=CARTESIAN_POINT('',(2.86156250446024,-0.964859906766446,32.0058139230337));
#4358=CARTESIAN_POINT('',(2.93378764705799,-0.626809414391621,32.63394648295));
#4359=CARTESIAN_POINT('',(2.93378764705798,-0.626809414391629,32.63394648295));
#4360=CARTESIAN_POINT('',(2.93378764705798,-0.626809414391629,32.63394648295));
#4361=CARTESIAN_POINT('',(3.02455504523041,-0.201971711894294,33.4233385993291));
#4362=CARTESIAN_POINT('',(3.02290661382709,0.233996302796152,34.2160149161465));
#4363=CARTESIAN_POINT('',(2.92601016504427,0.662166530457054,35.));
#4364=CARTESIAN_POINT('',(2.92601016504428,0.66216653045704,35.));
#4365=CARTESIAN_POINT('',(-9.6381844154448E-16,-3.75162835240063E-15,35.));
#4366=CARTESIAN_POINT('',(2.95032834058108,-0.543656769261696,35.));
#4367=CARTESIAN_POINT('',(2.95032834058108,-0.543656769261671,35.));
#4368=CARTESIAN_POINT('',(2.83771438986715,-1.15479259819161,33.814319896198));
#4369=CARTESIAN_POINT('',(2.55071073962089,-1.70615939304833,32.6404980365692));
#4370=CARTESIAN_POINT('',(2.08670232022371,-2.15538243167494,31.466952540229));
#4371=CARTESIAN_POINT('',(2.0867023202237,-2.15538243167495,31.466952540229));
#4372=CARTESIAN_POINT('',(2.0867023202237,-2.15538243167495,31.466952540229));
#4373=CARTESIAN_POINT('',(1.80703568659107,-2.42613763720795,30.7596345161238));
#4374=CARTESIAN_POINT('',(1.1682426286987,-2.84407781115723,29.3286551156624));
#4375=CARTESIAN_POINT('',(0.381132713961455,-2.99999975783144,27.8976375317483));
#4376=CARTESIAN_POINT('',(1.90617986720593E-06,-2.99999999999939,27.1818237101185));
#4377=CARTESIAN_POINT('',(-3.93672220530651,2.57901862322315,11.3577362953337));
#4378=CARTESIAN_POINT('',(-4.00942608172452,2.46804037664153,11.513237672091));
#4379=CARTESIAN_POINT('',(-4.07576239316203,2.35314251484505,11.6666666666667));
#4380=CARTESIAN_POINT('',(-4.7062850296901,1.26104527305615,13.125));
#4381=CARTESIAN_POINT('',(-4.7062850296901,4.56089064266141E-15,14.5833333333333));
#4382=CARTESIAN_POINT('',(-4.7062850296901,-1.26104527305614,16.0416666666667));
#4383=CARTESIAN_POINT('',(-4.07576239316203,-2.35314251484505,17.5));
#4384=CARTESIAN_POINT('',(-3.44523975663396,-3.44523975663395,18.9583333333334));
#4385=CARTESIAN_POINT('',(-2.35314251484505,-4.07576239316203,20.4166666666667));
#4386=CARTESIAN_POINT('',(-1.26104527305615,-4.7062850296901,21.875));
#4387=CARTESIAN_POINT('',(-5.78695441515212E-15,-4.7062850296901,23.3333333333333));
#4388=CARTESIAN_POINT('',(1.05918159191193,-4.7062850296901,24.5582218084273));
#4389=CARTESIAN_POINT('',(2.01623949041337,-4.25251656057713,25.8056184646615));
#4390=CARTESIAN_POINT('',(-3.27056746516473,2.14260848525147,11.3577362953337));
#4391=CARTESIAN_POINT('',(-3.33096871280257,2.05040948728264,11.513237672091));
#4392=CARTESIAN_POINT('',(-3.38607988667563,1.95495413406975,11.6666666666667));
#4393=CARTESIAN_POINT('',(-3.9099082681395,1.04765676292775,13.125));
#4394=CARTESIAN_POINT('',(-3.9099082681395,4.25389209510937E-15,14.5833333333333));
#4395=CARTESIAN_POINT('',(-3.9099082681395,-1.04765676292775,16.0416666666667));
#4396=CARTESIAN_POINT('',(-3.38607988667563,-1.95495413406975,17.5));
#4397=CARTESIAN_POINT('',(-2.86225150521176,-2.86225150521175,18.9583333333334));
#4398=CARTESIAN_POINT('',(-1.95495413406975,-3.38607988667563,20.4166666666667));
#4399=CARTESIAN_POINT('',(-1.04765676292776,-3.9099082681395,21.875));
#4400=CARTESIAN_POINT('',(-5.21133213849203E-15,-3.9099082681395,23.3333333333334));
#4401=CARTESIAN_POINT('',(0.879951562124215,-3.9099082681395,24.5582218084273));
#4402=CARTESIAN_POINT('',(1.67506035108029,-3.53292449473583,25.8056184646615));
#4403=CARTESIAN_POINT('',(1.62298897690183,-3.56337437573904,25.720431873269));
#4404=CARTESIAN_POINT('',(1.24167804094988,-3.73592018970739,25.1263967568006));
#4405=CARTESIAN_POINT('',(0.446390728816482,-3.95783164628991,23.9421921638876));
#4406=CARTESIAN_POINT('',(-1.27077269543694,-3.87260975409025,21.5616638457575));
#4407=CARTESIAN_POINT('',(-2.76762350932633,-2.98857660384986,19.1763916688101));
#4408=CARTESIAN_POINT('',(-3.67354262427285,-1.54064181559559,16.8107200614805));
#4409=CARTESIAN_POINT('',(-3.97201725763946,-0.304832580676068,14.9956744646026));
#4410=CARTESIAN_POINT('',(-3.86379228784371,0.957608903783329,13.2374904982119));
#4411=CARTESIAN_POINT('',(-3.53446563737783,1.74123592310837,12.0322810934866));
#4412=CARTESIAN_POINT('',(-3.30825586615703,2.09572038489367,11.4419364934772));
#4413=CARTESIAN_POINT('',(1.62298897690184,-3.56337437573904,25.720431873269));
#4414=CARTESIAN_POINT('',(-3.30825586615705,2.09572038489362,11.4419364934773));
#4415=CARTESIAN_POINT('',(-3.30825586615712,2.09572038489354,11.4419364934774));
#4416=CARTESIAN_POINT('',(-3.64845582822929,1.78849610080969,12.0618710663454));
#4417=CARTESIAN_POINT('',(-4.20973618887817,1.03850208888658,13.284995102542));
#4418=CARTESIAN_POINT('',(-4.56394503852434,-0.384699276419424,15.0628996138014));
#4419=CARTESIAN_POINT('',(-4.36345899783691,-1.84838042079004,16.8445909972132));
#4420=CARTESIAN_POINT('',(-3.60522819014471,-3.16234118471569,18.5848628892724));
#4421=CARTESIAN_POINT('',(-2.42938210894385,-4.08496860412037,20.3357373995988));
#4422=CARTESIAN_POINT('',(-0.99102446522212,-4.48574796242469,22.1011978405103));
#4423=CARTESIAN_POINT('',(0.475826170699923,-4.30917507480987,23.8878014063415));
#4424=CARTESIAN_POINT('',(1.27335538816771,-3.85105274330491,25.0995800266331));
#4425=CARTESIAN_POINT('',(1.62298897690185,-3.56337437573905,25.7204318732691));
#4426=CARTESIAN_POINT('',(5.10431991443481,-1.29584352862619,35.));
#4427=CARTESIAN_POINT('',(2.73834917552658,-2.66183737162963,35.));
#4428=CARTESIAN_POINT('',(2.76873338869461,2.74951099942912,35.));
#4429=CARTESIAN_POINT('',(0.402762649786375,1.38351715642568,35.));
#4430=CARTESIAN_POINT('',(2.92600962049566,0.662166416863483,35.0000000000001));
#4431=CARTESIAN_POINT('',(2.86936941747223,0.912630579413255,35.0000000000001));
#4432=CARTESIAN_POINT('',(2.872731809872,1.1765825664179,35.));
#4433=CARTESIAN_POINT('',(2.94587562359552,1.42272451474878,35.));
#4434=CARTESIAN_POINT('',(2.94587555859889,1.42272453406333,35.));
#4435=CARTESIAN_POINT('',(2.94587555859891,1.42272453406333,35.));
#4436=CARTESIAN_POINT('',(3.0501754928425,1.7737079377853,35.));
#4437=CARTESIAN_POINT('',(2.94259338970014,2.16289364748944,35.));
#4438=CARTESIAN_POINT('',(2.69772149284502,2.43426736310955,35.));
#4439=CARTESIAN_POINT('',(2.73989404299451,-2.38670054284601,35.));
#4440=CARTESIAN_POINT('',(3.00774951270477,-2.07920674851876,35.));
#4441=CARTESIAN_POINT('',(3.11702830225286,-1.64274919882943,35.));
#4442=CARTESIAN_POINT('',(2.99081325799338,-1.25418574831378,35.));
#4443=CARTESIAN_POINT('',(2.99081325799338,-1.25418574831379,35.));
#4444=CARTESIAN_POINT('',(2.99081325799338,-1.25418574831379,35.));
#4445=CARTESIAN_POINT('',(2.91605351404658,-1.02403169466612,35.));
#4446=CARTESIAN_POINT('',(2.90657228342386,-0.781113088767106,35.));
#4447=CARTESIAN_POINT('',(2.95032834058108,-0.543656769261696,35.));
#4448=CARTESIAN_POINT('',(2.94272112436457,1.43364712851872,35.0154108759842));
#4449=CARTESIAN_POINT('',(2.78369037102562,1.15417190349579,35.1995138301554));
#4450=CARTESIAN_POINT('',(2.87817104352635,0.878582740533261,35.4284572629617));
#4451=CARTESIAN_POINT('',(2.97484137595068,1.37486971211474,34.8961675966715));
#4452=CARTESIAN_POINT('',(2.80569764115915,1.09555150411877,35.0759838275505));
#4453=CARTESIAN_POINT('',(2.89236011380166,0.813661262720122,35.3040108910131));
#4454=CARTESIAN_POINT('',(3.00649033982842,1.31555737365136,34.7761377121862));
#4455=CARTESIAN_POINT('',(2.82784298038664,1.0373839954367,34.95153526928));
#4456=CARTESIAN_POINT('',(2.9062424778569,0.75009216187375,35.1782102902572));
#4457=CARTESIAN_POINT('',(3.04170321736131,1.24782210140681,34.6403294363703));
#4458=CARTESIAN_POINT('',(2.85326255013269,0.971844812469779,34.810681155358));
#4459=CARTESIAN_POINT('',(2.92205426683152,0.679685738275105,35.0356342724317));
#4460=CARTESIAN_POINT('',(3.04561120054839,1.24027993409421,34.6252248204644));
#4461=CARTESIAN_POINT('',(2.85609475740544,0.964558677811654,34.7950132950399));
#4462=CARTESIAN_POINT('',(2.92381359474184,0.671878134595921,35.0197779413858));
#4463=CARTESIAN_POINT('',(3.05341585365712,1.22516681963985,34.5949956880551));
#4464=CARTESIAN_POINT('',(2.86177329010802,0.94998226000138,34.7636562524316));
#4465=CARTESIAN_POINT('',(2.92733864203678,0.65629205867144,34.9880378854509));
#4466=CARTESIAN_POINT('',(3.05683641785264,1.2177505230248,34.5810063622927));
#4467=CARTESIAN_POINT('',(2.86391972535554,0.942805467308486,34.7501353864076));
#4468=CARTESIAN_POINT('',(2.92907974076576,0.648502512714196,34.9749821291536));
#4469=CARTESIAN_POINT('',(3.06760392092926,1.19527803223349,34.5375672513597));
#4470=CARTESIAN_POINT('',(2.87112674596603,0.92111520979923,34.7067720244484));
#4471=CARTESIAN_POINT('',(2.93419084880975,0.625122875765444,34.9321820171117));
#4472=CARTESIAN_POINT('',(3.07467327786871,1.1802607136922,34.5085973156764));
#4473=CARTESIAN_POINT('',(2.87581359218559,0.90664568472047,34.6778568615581));
#4474=CARTESIAN_POINT('',(2.93746917931587,0.609530974682354,34.9036443091));
#4475=CARTESIAN_POINT('',(3.09556801942977,1.13507800687199,34.4216109541905));
#4476=CARTESIAN_POINT('',(2.8895339054622,0.863180607400666,34.5910327580248));
#4477=CARTESIAN_POINT('',(2.94691979755516,0.562740136198789,34.8180172240753));
#4478=CARTESIAN_POINT('',(3.1090651978465,1.10481196643908,34.3635763549562));
#4479=CARTESIAN_POINT('',(2.89821361083241,0.834167376553449,34.5331228341905));
#4480=CARTESIAN_POINT('',(2.95270779171824,0.531526075450683,34.7609138804071));
#4481=CARTESIAN_POINT('',(3.17458545264475,0.952366900373594,34.0724477757725));
#4482=CARTESIAN_POINT('',(2.93946206359924,0.688445508797962,34.242455977115));
#4483=CARTESIAN_POINT('',(2.97911876611354,0.37537145857403,34.4752902594415));
#4484=CARTESIAN_POINT('',(3.22014180677965,0.828101793622317,33.8388986062474));
#4485=CARTESIAN_POINT('',(2.96506740517386,0.571383092034543,34.0095550351302));
#4486=CARTESIAN_POINT('',(2.99217815169846,0.250181898109402,34.2464471545184));
#4487=CARTESIAN_POINT('',(3.29804576959099,0.574094268757169,33.3696196851952));
#4488=CARTESIAN_POINT('',(3.00245331073321,0.336069677769386,33.5418758884693));
#4489=CARTESIAN_POINT('',(3.00261901315716,-0.0003680629461404,33.787751541942));
#4490=CARTESIAN_POINT('',(3.33034649216634,0.44417392793657,33.1336132317784));
#4491=CARTESIAN_POINT('',(3.01413113452172,0.217633252100143,33.3067309203143));
#4492=CARTESIAN_POINT('',(3.0000013771343,-0.125727702355685,33.5578983510031));
#4493=CARTESIAN_POINT('',(3.36837189502741,0.24481475163156,32.7783635616049));
#4494=CARTESIAN_POINT('',(3.02128931310881,0.0394899514414785,32.9532191557739));
#4495=CARTESIAN_POINT('',(2.98421546214856,-0.313706877451343,33.212168268641));
#4496=CARTESIAN_POINT('',(3.37932780581979,0.177366256405966,32.6593149474442));
#4497=CARTESIAN_POINT('',(3.02192871667104,-0.020260705030613,32.834682185441));
#4498=CARTESIAN_POINT('',(2.97697223747713,-0.376357481575137,33.0967670868182));
#4499=CARTESIAN_POINT('',(3.39301470556861,0.0749226765995735,32.4803663503502));
#4500=CARTESIAN_POINT('',(3.02024064768279,-0.110056236519281,32.6566075018131));
#4501=CARTESIAN_POINT('',(2.96307514411819,-0.470306128463925,32.9234106677668));
#4502=CARTESIAN_POINT('',(3.39712392445421,0.040499534910235,32.4205457446161));
#4503=CARTESIAN_POINT('',(3.0192311639029,-0.140089724578419,32.5970592821135));
#4504=CARTESIAN_POINT('',(2.95793704268947,-0.501617877327559,32.8655828019627));
#4505=CARTESIAN_POINT('',(3.40439999523081,-0.02884065744752,32.30069650569));
#4506=CARTESIAN_POINT('',(3.01631256931768,-0.200271468770911,32.4777654086521));
#4507=CARTESIAN_POINT('',(2.94663455564837,-0.564231192711026,32.7498399415495));
#4508=CARTESIAN_POINT('',(3.40756976669981,-0.0642208317237573,32.2400309528244));
#4509=CARTESIAN_POINT('',(3.01433977035762,-0.230681934412375,32.4176261007017));
#4510=CARTESIAN_POINT('',(2.94045841393757,-0.595586824209669,32.6919612644743));
#4511=CARTESIAN_POINT('',(3.41020601146667,-0.0982544776469032,32.1816265863397));
#4512=CARTESIAN_POINT('',(3.01210469517899,-0.260245698123197,32.358901557705));
#4513=CARTESIAN_POINT('',(2.93378764705798,-0.626809414391656,32.63394648295));
#4514=CARTESIAN_POINT('',(3.91171686274398,-0.8357458858555,32.63394648295));
#4515=CARTESIAN_POINT('',(3.39516587001624,-0.104521222649174,32.1884292960415));
#4516=CARTESIAN_POINT('',(3.39516587001622,-0.104521222649178,32.1884292960416));
#4517=CARTESIAN_POINT('',(3.36324050482925,0.441042119617949,33.1208746931996));
#4518=CARTESIAN_POINT('',(3.19247919262257,0.945868681219106,34.063045149667));
#4519=CARTESIAN_POINT('',(2.94587555859891,1.42272453406334,35.));
#4520=CARTESIAN_POINT('',(3.91661966650457,-0.0236453705769189,32.0504495115787));
#4521=CARTESIAN_POINT('',(3.07641704176577,0.0407688744688737,32.133040331016));
#4522=CARTESIAN_POINT('',(2.93378764705804,-0.626809414391378,32.6339464829505));
#4523=CARTESIAN_POINT('',(3.91234534105201,-0.454442815622653,31.4508375162353));
#4524=CARTESIAN_POINT('',(3.08193342045169,-0.299042231057287,31.5340353420796));
#4525=CARTESIAN_POINT('',(2.86356190590436,-0.955501688584831,32.0232024537459));
#4526=CARTESIAN_POINT('',(3.84010671609864,-0.874289713591764,30.8399672754188));
#4527=CARTESIAN_POINT('',(3.03159781202425,-0.631754257464244,30.9220030902803));
#4528=CARTESIAN_POINT('',(2.74208904558936,-1.26096419096138,31.4084420667892));
#4529=CARTESIAN_POINT('',(3.66309941737817,-1.38602094875661,30.0626779406067));
#4530=CARTESIAN_POINT('',(2.8994567520193,-1.03559351802291,30.145031994623));
#4531=CARTESIAN_POINT('',(2.52959255896195,-1.61492389130141,30.6350624332742));
#4532=CARTESIAN_POINT('',(3.6232547950575,-1.48769844277591,29.9065148602084));
#4533=CARTESIAN_POINT('',(2.86946409784662,-1.11582304664418,29.988880103392));
#4534=CARTESIAN_POINT('',(2.48398035296998,-1.68429128123513,30.4801358146599));
#4535=CARTESIAN_POINT('',(3.53414709411497,-1.68967781801988,29.5926863851909));
#4536=CARTESIAN_POINT('',(2.80200886596843,-1.27505327847154,29.6751270958003));
#4537=CARTESIAN_POINT('',(2.38627962901526,-1.82007281341499,30.1697703041967));
#4538=CARTESIAN_POINT('',(3.48484773410792,-1.7899751047675,29.4350142124487));
#4539=CARTESIAN_POINT('',(2.76450596397106,-1.35406874921479,29.5174804024677));
#4540=CARTESIAN_POINT('',(2.33416594765149,-1.88647604722609,30.0143283728148));
#4541=CARTESIAN_POINT('',(3.42441692585003,-1.90072817921849,29.2587614039767));
#4542=CARTESIAN_POINT('',(2.71839997190964,-1.44118983216403,29.3413335313083));
#4543=CARTESIAN_POINT('',(2.27243308808735,-1.95861153626166,29.8411723343784));
#4544=CARTESIAN_POINT('',(3.41763137999255,-1.91300964621063,29.2391864707459));
#4545=CARTESIAN_POINT('',(2.71321933935967,-1.45085232370349,29.3217644569315));
#4546=CARTESIAN_POINT('',(2.26552859194686,-1.96659393310912,29.8219497448408));
#4547=CARTESIAN_POINT('',(3.40391739969269,-1.93752363760975,29.2000539498058));
#4548=CARTESIAN_POINT('',(2.70274515559959,-1.47013600255502,29.2826437347164));
#4549=CARTESIAN_POINT('',(2.25162873558464,-1.98249326247526,29.7835386439551));
#4550=CARTESIAN_POINT('',(3.396865492762,-1.95012381895107,29.1799774640328));
#4551=CARTESIAN_POINT('',(2.69730835373569,-1.47991792315521,29.2625830457077));
#4552=CARTESIAN_POINT('',(2.24463117150841,-1.99041265980268,29.7643531792833));
#4553=CARTESIAN_POINT('',(3.37638580383342,-1.98519131086823,29.1235331611569));
#4554=CARTESIAN_POINT('',(2.68186586328829,-1.508034896112,29.2061243008799));
#4555=CARTESIAN_POINT('',(2.22351605846963,-2.01405634165675,29.706828285081));
#4556=CARTESIAN_POINT('',(3.36251961998545,-2.00838715538588,29.0858676300423));
#4557=CARTESIAN_POINT('',(2.67139308229571,-1.5266341041542,29.1684470860204));
#4558=CARTESIAN_POINT('',(2.20930998715683,-2.02962841574394,29.6684736092201));
#4559=CARTESIAN_POINT('',(3.32028816606485,-2.07743290307641,28.9727650514198));
#4560=CARTESIAN_POINT('',(2.63945259039682,-1.58199132325593,29.0553198500218));
#4561=CARTESIAN_POINT('',(2.1663099583642,-2.07578169990891,29.5533950847037));
#4562=CARTESIAN_POINT('',(3.29129027430828,-2.12274124973265,28.8972220897089));
#4563=CARTESIAN_POINT('',(2.61745704431614,-1.61832018836679,28.9797522503143));
#4564=CARTESIAN_POINT('',(2.13713438952956,-2.10580024089522,29.4766567300206));
#4565=CARTESIAN_POINT('',(3.20180552322682,-2.25653653542358,28.670182840739));
#4566=CARTESIAN_POINT('',(2.5494274108408,-1.72557395961172,28.7526795918006));
#4567=CARTESIAN_POINT('',(2.04812268246022,-2.19366034094806,29.2463819544265));
#4568=CARTESIAN_POINT('',(3.13883176403901,-2.34289704861602,28.5182772271578));
#4569=CARTESIAN_POINT('',(2.50132953529232,-1.79481122934638,28.6007189588926));
#4570=CARTESIAN_POINT('',(1.98680433444102,-2.2493101066115,29.0927857171699));
#4571=CARTESIAN_POINT('',(2.80764448905309,-2.76079595808351,27.7561311726667));
#4572=CARTESIAN_POINT('',(2.24768282979833,-2.12957286545529,27.8387781489248));
#4573=CARTESIAN_POINT('',(1.67069891050809,-2.51343666229307,28.324390973539));
#4574=CARTESIAN_POINT('',(2.49202887758981,-3.05179071892564,27.1383958672322));
#4575=CARTESIAN_POINT('',(2.00287622793979,-2.36290606308156,27.2199840546271));
#4576=CARTESIAN_POINT('',(1.38821041313403,-2.68067701915165,27.7083247593462));
#4577=CARTESIAN_POINT('',(2.07084583089582,-3.32446110352484,26.4329636191954));
#4578=CARTESIAN_POINT('',(1.6766968862766,-2.58032605046549,26.5154973521469));
#4579=CARTESIAN_POINT('',(1.03486114164427,-2.81617302422843,27.0137713262095));
#4580=CARTESIAN_POINT('',(2.02310037410479,-3.35397657568483,26.354430109099));
#4581=CARTESIAN_POINT('',(1.63967537631625,-2.60387583163696,26.4369847581445));
#4582=CARTESIAN_POINT('',(0.995091494256239,-2.8304769448584,26.9365786998092));
#4583=CARTESIAN_POINT('',(1.94999366521887,-3.39703036610145,26.2363880519775));
#4584=CARTESIAN_POINT('',(1.58299465663956,-2.63820642310528,26.3189892315339));
#4585=CARTESIAN_POINT('',(0.934646890800287,-2.85076952660968,26.8207606650618));
#4586=CARTESIAN_POINT('',(1.92650796196192,-3.4101859856581,26.1989901370169));
#4587=CARTESIAN_POINT('',(1.56470879761064,-2.64921586444023,26.2815787015831));
#4588=CARTESIAN_POINT('',(0.914392226957893,-2.85733022233276,26.7821393651029));
#4589=CARTESIAN_POINT('',(1.87889378064003,-3.43641925435042,26.1231262151228));
#4590=CARTESIAN_POINT('',(1.52765141040921,-2.67089717534776,26.2056919378687));
#4591=CARTESIAN_POINT('',(0.873932672785352,-2.86996355858667,26.7049172151644));
#4592=CARTESIAN_POINT('',(1.85499875627238,-3.44926659057833,26.0851677130845));
#4593=CARTESIAN_POINT('',(1.50904682161629,-2.68151868120586,26.1677217543593));
#4594=CARTESIAN_POINT('',(0.853691202196375,-2.87604864588227,26.666310860286));
#4595=CARTESIAN_POINT('',(1.7350881084513,-3.5121712886946,25.8952451535402));
#4596=CARTESIAN_POINT('',(1.41567364622152,-2.73352978494919,25.9777868480068));
#4597=CARTESIAN_POINT('',(0.752427057869908,-2.90533392876027,26.4733015870378));
#4598=CARTESIAN_POINT('',(1.63776836979969,-3.55823968317767,25.7428921121891));
#4599=CARTESIAN_POINT('',(1.33976014811691,-2.77169184016067,25.8253736942561));
#4600=CARTESIAN_POINT('',(0.671234675234741,-2.9251203858063,26.3189657279102));
#4601=CARTESIAN_POINT('',(1.34173405533615,-3.68406246754508,25.2846612288107));
#4602=CARTESIAN_POINT('',(1.10870107536394,-2.87609299912687,25.3671264058506));
#4603=CARTESIAN_POINT('',(0.427161764125498,-2.97406689064949,25.8561420023618));
#4604=CARTESIAN_POINT('',(1.13897496493006,-3.75151369022644,24.9776249815396));
#4605=CARTESIAN_POINT('',(0.950074855462687,-2.93240343528157,25.0599227340426));
#4606=CARTESIAN_POINT('',(0.263791590240425,-2.99288068984563,25.547834027375));
#4607=CARTESIAN_POINT('',(0.722440646838913,-3.85360361795273,24.3605097811226));
#4608=CARTESIAN_POINT('',(0.624246500224763,-3.01851909081256,24.4428308217137));
#4609=CARTESIAN_POINT('',(-0.0641781047338207,-3.00379792889023,24.9316496525354));
#4610=CARTESIAN_POINT('',(0.508677469061015,-3.88826457344435,24.0504345073205));
#4611=CARTESIAN_POINT('',(0.456901626299342,-3.04837499204773,24.1326703519442));
#4612=CARTESIAN_POINT('',(-0.228776893217011,-2.99590676995889,24.6237727080069));
#4613=CARTESIAN_POINT('',(0.233762643505583,-3.90936542250334,23.6606797505979));
#4614=CARTESIAN_POINT('',(0.242071759164873,-3.06789613742847,23.7431730213923));
#4615=CARTESIAN_POINT('',(-0.435373823930672,-2.96853278548642,24.2392496599073));
#4616=CARTESIAN_POINT('',(0.178390720655381,-3.91246611984339,23.5826193911488));
#4617=CARTESIAN_POINT('',(0.198793490243762,-3.07090605737393,23.6651326983467));
#4618=CARTESIAN_POINT('',(-0.47673620631518,-2.96217654844949,24.1623615871128));
#4619=CARTESIAN_POINT('',(0.0947220289601548,-3.91537770659051,23.4653551911766));
#4620=CARTESIAN_POINT('',(0.133426965681541,-3.07403196803602,23.5479129479022));
#4621=CARTESIAN_POINT('',(-0.538847708831231,-2.95128530903678,24.0470565798556));
#4622=CARTESIAN_POINT('',(0.0667306059119573,-3.91605819057506,23.4262381585489));
#4623=CARTESIAN_POINT('',(0.111559983090129,-3.07484239048371,23.5088073499064));
#4624=CARTESIAN_POINT('',(-0.559562873815901,-2.94742865743345,24.0086261007895));
#4625=CARTESIAN_POINT('',(0.0245866940592476,-3.91663499943652,23.3675177471148));
#4626=CARTESIAN_POINT('',(0.0786447239390102,-3.07570392310142,23.450107291592));
#4627=CARTESIAN_POINT('',(-0.590653138498452,-2.9412991084018,23.9509875169819));
#4628=CARTESIAN_POINT('',(0.0101119380478277,-3.91683462410957,23.3473883942516));
#4629=CARTESIAN_POINT('',(0.0674309414009626,-3.07588603452633,23.429994203554));
#4630=CARTESIAN_POINT('',(-0.601022371997039,-2.93919788692264,23.9317785620983));
#4631=CARTESIAN_POINT('',(-0.0170160351285278,-3.91670302206711,23.3096835059257));
#4632=CARTESIAN_POINT('',(0.0460055844368507,-3.07634641797835,23.3922779657823));
#4633=CARTESIAN_POINT('',(-0.621754364387402,-2.93488221577914,23.8933514362161));
#4634=CARTESIAN_POINT('',(-0.0305783400354018,-3.91656793864867,23.2908063893839));
#4635=CARTESIAN_POINT('',(0.0352935907921054,-3.07651987998127,23.3733951195378));
#4636=CARTESIAN_POINT('',(-0.632103799223834,-2.93267057259321,23.8741207480017));
#4637=CARTESIAN_POINT('',(-0.152623776028374,-3.91472879527845,23.1206910616166));
#4638=CARTESIAN_POINT('',(-0.0610779845390632,-3.07757062331651,23.2032800592277));
#4639=CARTESIAN_POINT('',(-0.725099882974893,-2.91228291584871,23.7008906752939));
#4640=CARTESIAN_POINT('',(-0.261217735037902,-3.90863148622495,22.967590109619));
#4641=CARTESIAN_POINT('',(-0.146900479741678,-3.07486021482557,23.0501155733884));
#4642=CARTESIAN_POINT('',(-0.806865215494109,-2.89067084604278,23.5454967492304));
#4643=CARTESIAN_POINT('',(-0.798645293418107,-3.85645425301487,22.2014680839715));
#4644=CARTESIAN_POINT('',(-0.571351670656276,-3.04359371479181,22.2843158844319));
#4645=CARTESIAN_POINT('',(-1.20676753917125,-2.76692297770972,22.7702687818435));
#4646=CARTESIAN_POINT('',(-1.21420575553944,-3.74736358829875,21.5827102129983));
#4647=CARTESIAN_POINT('',(-0.900524833642358,-2.96341974100949,21.6644434634429));
#4648=CARTESIAN_POINT('',(-1.50113222238999,-2.61872921094564,22.151291887405));
#4649=CARTESIAN_POINT('',(-1.71600471943882,-3.52151991462251,20.8014132780072));
#4650=CARTESIAN_POINT('',(-1.29579587409099,-2.79241452049745,20.8838639628224));
#4651=CARTESIAN_POINT('',(-1.83756653382542,-2.37282437679228,21.3790513017689));
#4652=CARTESIAN_POINT('',(-1.81546443214323,-3.47175896913972,20.6447431786107));
#4653=CARTESIAN_POINT('',(-1.37413945006238,-2.75453516658742,20.7272191066581));
#4654=CARTESIAN_POINT('',(-1.90324019149744,-2.32052996294232,21.2246829952755));
#4655=CARTESIAN_POINT('',(-1.92630578957655,-3.41022140451536,20.4679715076569));
#4656=CARTESIAN_POINT('',(-1.46131205343192,-2.7075605422628,20.5505558952817));
#4657=CARTESIAN_POINT('',(-1.97522318749972,-2.25800920872342,21.0511230509139));
#4658=CARTESIAN_POINT('',(-1.93860687694375,-3.40330652198935,20.4483229885156));
#4659=CARTESIAN_POINT('',(-1.47098806567519,-2.70227846024841,20.5309132591636));
#4660=CARTESIAN_POINT('',(-1.98319485963732,-2.25101110023185,21.0318400721101));
#4661=CARTESIAN_POINT('',(-1.96317963727269,-3.38932028691539,20.409011256616));
#4662=CARTESIAN_POINT('',(-1.49031405232787,-2.69159102338899,20.4916133663673));
#4663=CARTESIAN_POINT('',(-1.99908494024134,-2.23691131392355,20.9932771012974));
#4664=CARTESIAN_POINT('',(-1.97472536798762,-3.38249241663909,20.3903732802027));
#4665=CARTESIAN_POINT('',(-1.49964424694121,-2.68646969817407,20.472966921662));
#4666=CARTESIAN_POINT('',(-2.00699866052699,-2.22981370296666,20.9739913640495));
#4667=CARTESIAN_POINT('',(-2.00983936599456,-3.36164635474808,20.3335042774209));
#4668=CARTESIAN_POINT('',(-1.52779836068046,-2.67073340824101,20.4160832756543));
#4669=CARTESIAN_POINT('',(-2.03060237515885,-2.20841687350451,20.9160674518637));
#4670=CARTESIAN_POINT('',(-2.03310491041376,-3.34750914857293,20.2954891712688));
#4671=CARTESIAN_POINT('',(-1.54645327194318,-2.66004455526371,20.3780564096641));
#4672=CARTESIAN_POINT('',(-2.04617330098945,-2.1939968595666,20.8773793024033));
#4673=CARTESIAN_POINT('',(-2.10228710767805,-3.30449637042817,20.1814442408605));
#4674=CARTESIAN_POINT('',(-1.60191929250531,-2.62747981793787,20.2639865727016));
#4675=CARTESIAN_POINT('',(-2.09227278036031,-2.15039163931687,20.7614093567964));
#4676=CARTESIAN_POINT('',(-2.14765003653529,-3.2749847036122,20.1053176337787));
#4677=CARTESIAN_POINT('',(-1.6382912204325,-2.60507353213229,20.1878354125949));
#4678=CARTESIAN_POINT('',(-2.12222910776806,-2.12082512020353,20.6841229387164));
#4679=CARTESIAN_POINT('',(-2.37074779399346,-3.12331990320704,19.7242190525704));
#4680=CARTESIAN_POINT('',(-1.81708230905476,-2.48970231889098,19.8067794565626));
#4681=CARTESIAN_POINT('',(-2.26823364258315,-1.97058503093966,20.2978162910633));
#4682=CARTESIAN_POINT('',(-2.53740327496934,-2.98893197735548,19.4178670087356));
#4683=CARTESIAN_POINT('',(-1.95071302589354,-2.38656455815938,19.5002311366867));
#4684=CARTESIAN_POINT('',(-2.37302804627387,-1.84274353816635,19.9891656288568));
#4685=CARTESIAN_POINT('',(-2.84781013012818,-2.69458620955448,18.8023951136457));
#4686=CARTESIAN_POINT('',(-2.19931326134799,-2.15976836640464,18.8847305099896));
#4687=CARTESIAN_POINT('',(-2.55998249240339,-1.57272231956068,19.3725439953301));
#4688=CARTESIAN_POINT('',(-2.99156600601911,-2.53463885206783,18.4932768391844));
#4689=CARTESIAN_POINT('',(-2.31440105007498,-2.03601550470658,18.5755070140749));
#4690=CARTESIAN_POINT('',(-2.64213874704746,-1.43053987823097,19.0645733944497));
#4691=CARTESIAN_POINT('',(-3.18921752730778,-2.27427788542794,18.0273353877451));
#4692=CARTESIAN_POINT('',(-2.47235264910426,-1.83438943739277,18.1097540663306));
#4693=CARTESIAN_POINT('',(-2.74804877770513,-1.20626004278429,18.6031634508368));
#4694=CARTESIAN_POINT('',(-3.2520900993972,-2.18406631198988,17.8716408136183));
#4695=CARTESIAN_POINT('',(-2.52257687718212,-1.7644570339177,17.9540822519582));
#4696=CARTESIAN_POINT('',(-2.78045101477114,-1.12965613790807,18.4494522796713));
#4697=CARTESIAN_POINT('',(-3.32670191137756,-2.06671906361646,17.6764950562613));
#4698=CARTESIAN_POINT('',(-2.58210876140421,-1.67350012540745,17.7590396519151));
#4699=CARTESIAN_POINT('',(-2.81717459973429,-1.0314876159353,18.2574427279708));
#4700=CARTESIAN_POINT('',(-3.3414249172696,-2.04301993181179,17.6374394267931));
#4701=CARTESIAN_POINT('',(-2.59385626269017,-1.65512511601329,17.7199953691077));
#4702=CARTESIAN_POINT('',(-2.82433000574317,-1.0117329793475,18.2190473216686));
#4703=CARTESIAN_POINT('',(-3.37046508967269,-1.99515242618563,17.5592734900775));
#4704=CARTESIAN_POINT('',(-2.61702179919884,-1.61801041070383,17.6418529489922));
#4705=CARTESIAN_POINT('',(-2.838256901231,-0.971978068402345,18.1422700165341));
#4706=CARTESIAN_POINT('',(-3.38516314649981,-1.97054022665961,17.5194194216483));
#4707=CARTESIAN_POINT('',(-2.62854272328255,-1.59896055896801,17.602029373736));
#4708=CARTESIAN_POINT('',(-2.84503440618234,-0.951959250249101,18.1039060857147));
#4709=CARTESIAN_POINT('',(-3.42529252625606,-1.89985005932004,17.4063663506229));
#4710=CARTESIAN_POINT('',(-2.6616938226374,-1.54397631255457,17.4889523600535));
#4711=CARTESIAN_POINT('',(-2.86474021721168,-0.891657015827424,17.9887103441197));
#4712=CARTESIAN_POINT('',(-3.45107189480918,-1.85219873232181,17.330612074522));
#4713=CARTESIAN_POINT('',(-2.68300559736039,-1.50687713588212,17.4131729306611));
#4714=CARTESIAN_POINT('',(-2.8770009865954,-0.851259475677059,17.9116479245185));
#4715=CARTESIAN_POINT('',(-3.57509597858778,-1.61132283292568,16.9499360467259));
#4716=CARTESIAN_POINT('',(-2.78555654028849,-1.31930059628952,17.0325548114664));
#4717=CARTESIAN_POINT('',(-2.93396249148194,-0.648307062579572,17.5250162142092));
#4718=CARTESIAN_POINT('',(-3.65814145161456,-1.41137847255825,16.641099047996));
#4719=CARTESIAN_POINT('',(-2.85452808782568,-1.16305607057124,16.7235057887203));
#4720=CARTESIAN_POINT('',(-2.96537762895404,-0.483817977013574,17.2133023972897));
#4721=CARTESIAN_POINT('',(-3.79079781765462,-1.00065620532971,16.0207069036232));
#4722=CARTESIAN_POINT('',(-2.96535413790309,-0.841946008162249,16.1030589146628));
#4723=CARTESIAN_POINT('',(-3.00064989437867,-0.153767774738051,16.5906977254731));
#4724=CARTESIAN_POINT('',(-3.84078744326292,-0.788736185807644,15.7074195483638));
#4725=CARTESIAN_POINT('',(-3.00758170192615,-0.676041799453757,15.7896506194225));
#4726=CARTESIAN_POINT('',(-3.00460267786017,0.0127161884874009,16.2780673018271));
#4727=CARTESIAN_POINT('',(-3.88939201715712,-0.463299956622991,15.2370099817954));
#4728=CARTESIAN_POINT('',(-3.04970161540487,-0.421526978029992,15.319402589892));
#4729=CARTESIAN_POINT('',(-2.98966792016142,0.262365137682647,15.8114563149514));
#4730=CARTESIAN_POINT('',(-3.90115578465694,-0.353859772110222,15.080556688199));
#4731=CARTESIAN_POINT('',(-3.06017612913067,-0.335929540469646,15.1629694685636));
#4732=CARTESIAN_POINT('',(-2.98122927292968,0.34534054730329,15.6567366737815));
#4733=CARTESIAN_POINT('',(-3.91197056101846,-0.188160181019207,14.8463723884047));
#4734=CARTESIAN_POINT('',(-3.0704166637726,-0.206429965693324,14.9288834607774));
#4735=CARTESIAN_POINT('',(-2.96333667469239,0.469449433133848,15.4259027762598));
#4736=CARTESIAN_POINT('',(-3.91443536822636,-0.132669938284756,14.7683935439881));
#4737=CARTESIAN_POINT('',(-3.07291743884069,-0.163066044377127,14.8509252081625));
#4738=CARTESIAN_POINT('',(-2.95649887247412,0.510760003824886,15.3491660677956));
#4739=CARTESIAN_POINT('',(-3.9163845212903,-0.0490318157497295,14.6515452155434));
#4740=CARTESIAN_POINT('',(-3.07527162047562,-0.0977352956013319,14.7341220253012));
#4741=CARTESIAN_POINT('',(-2.94491528308543,0.572638032758802,15.234378492116));
#4742=CARTESIAN_POINT('',(-3.91690437027936,-0.0202743487005894,14.6115209929419));
#4743=CARTESIAN_POINT('',(-3.07573027407241,-0.0754586995865413,14.6941335632638));
#4744=CARTESIAN_POINT('',(-2.94083053585656,0.593260467226994,15.1961795050096));
#4745=CARTESIAN_POINT('',(-3.91659949426088,0.0336072822158257,14.5366145229719));
#4746=CARTESIAN_POINT('',(-3.07660909990275,-0.0329032261460347,14.6192045379568));
#4747=CARTESIAN_POINT('',(-2.93222480672248,0.634428802500391,15.1198432327211));
#4748=CARTESIAN_POINT('',(-3.91617394822772,0.0605077578068517,14.4991108386509));
#4749=CARTESIAN_POINT('',(-3.07682421595813,-0.0116547409087968,14.5816892294878));
#4750=CARTESIAN_POINT('',(-2.92771511755482,0.65492189903221,15.0816552919975));
#4751=CARTESIAN_POINT('',(-3.90990467085534,0.302251930072163,14.1611304594746));
#4752=CARTESIAN_POINT('',(-3.07675968564371,0.179204620912223,14.2438005744597));
#4753=CARTESIAN_POINT('',(-2.8852902494319,0.838548981013075,14.7377864195428));
#4754=CARTESIAN_POINT('',(-3.88709581898935,0.514587075523517,13.857551326699));
#4755=CARTESIAN_POINT('',(-3.06257539418062,0.34714225560001,13.940003454177));
#4756=CARTESIAN_POINT('',(-2.83460286527092,0.996042512666494,14.4308677334757));
#4757=CARTESIAN_POINT('',(-3.80758002996399,0.934320229546202,13.2444687424207));
#4758=CARTESIAN_POINT('',(-3.00678002918794,0.678865948070439,13.3268422907687));
#4759=CARTESIAN_POINT('',(-2.70866682830187,1.30007619165117,13.8145546266817));
#4760=CARTESIAN_POINT('',(-3.75088737706141,1.14171781004544,12.934966835675));
#4761=CARTESIAN_POINT('',(-2.96516358770526,0.842805499901467,13.0172084225771));
#4762=CARTESIAN_POINT('',(-2.63341614435937,1.44661609103929,13.5051605903851));
#4763=CARTESIAN_POINT('',(-3.63877430852042,1.44902447913956,12.4660484097505));
#4764=CARTESIAN_POINT('',(-2.8811657551397,1.08530563941625,12.5484160622813));
#4765=CARTESIAN_POINT('',(-2.50159712028692,1.65798266692652,13.0391642126897));
#4766=CARTESIAN_POINT('',(-3.59673224333983,1.55109470137175,12.308535989918));
#4767=CARTESIAN_POINT('',(-2.84943454782945,1.16582214291746,12.3909187376547));
#4768=CARTESIAN_POINT('',(-2.45434213658789,1.72720160503779,12.8830967162796));
#4769=CARTESIAN_POINT('',(-3.50383771759445,1.75213179003647,11.9946484338931));
#4770=CARTESIAN_POINT('',(-2.7789685860892,1.32425522914992,12.0771125283174));
#4771=CARTESIAN_POINT('',(-2.35411007033511,1.86150113742182,12.5730833812717));
#4772=CARTESIAN_POINT('',(-3.45298778291128,1.85117770973966,11.8381639825222));
#4773=CARTESIAN_POINT('',(-2.74022464249221,1.40225345823629,11.920655130488));
#4774=CARTESIAN_POINT('',(-2.30112115268895,1.92664232986772,12.4190257198483));
#4775=CARTESIAN_POINT('',(-3.38367870766699,1.97312524669141,11.6431070324444));
#4776=CARTESIAN_POINT('',(-2.68727975194051,1.49813772148215,11.7257112346731));
#4777=CARTESIAN_POINT('',(-2.23121791976586,2.00552011238422,12.2276738699301));
#4778=CARTESIAN_POINT('',(-3.37011144291417,1.99573036892913,11.6064463029228));
#4779=CARTESIAN_POINT('',(-2.67712821337759,1.51648556953515,11.6890320084274));
#4780=CARTESIAN_POINT('',(-2.21708069103085,2.0211368616427,12.1894263021396));
#4781=CARTESIAN_POINT('',(-3.34217187289155,2.04179362047479,11.5312328329064));
#4782=CARTESIAN_POINT('',(-2.65600651183661,1.55341989035334,11.6137959080053));
#4783=CARTESIAN_POINT('',(-2.18856876679516,2.05197654885269,12.1128760674678));
#4784=CARTESIAN_POINT('',(-3.32798902495616,2.06464945975881,11.4935836889161));
#4785=CARTESIAN_POINT('',(-2.64526898296204,1.5717459913258,11.5761352052576));
#4786=CARTESIAN_POINT('',(-2.17418302390068,2.06721199428301,12.0745889106757));
#4787=CARTESIAN_POINT('',(-3.2848062007429,2.13269388594,11.3805109897962));
#4788=CARTESIAN_POINT('',(-2.61253484053446,1.62629898102348,11.4630377148807));
#4789=CARTESIAN_POINT('',(-2.13064173039576,2.11237184690526,11.959691349629));
#4790=CARTESIAN_POINT('',(-3.25517221466367,2.17735959136593,11.3049622446254));
#4791=CARTESIAN_POINT('',(-2.59001124945897,1.66211085106939,11.3874651580189));
#4792=CARTESIAN_POINT('',(-2.10110230752518,2.14175001644701,11.8830448564973));
#4793=CARTESIAN_POINT('',(-3.16376320742177,2.30929129796538,11.077827985379));
#4794=CARTESIAN_POINT('',(-2.52039072819643,1.76786581230736,11.1602978018228));
#4795=CARTESIAN_POINT('',(-2.01098331558554,2.22774376062197,11.652961191788));
#4796=CARTESIAN_POINT('',(-3.09948529338209,2.39449504741628,10.9257555981291));
#4797=CARTESIAN_POINT('',(-2.47122426317797,1.83616970991186,11.0081737950574));
#4798=CARTESIAN_POINT('',(-1.94890574505016,2.2822220851962,11.4993798805923));
#4799=CARTESIAN_POINT('',(-2.89671669942862,2.64194689024682,10.4676491995868));
#4800=CARTESIAN_POINT('',(-2.31568895397473,2.03443760744448,10.5500512547847));
#4801=CARTESIAN_POINT('',(-1.75685281610034,2.43732500490753,11.0380594146369));
#4802=CARTESIAN_POINT('',(-2.74836429133691,2.7960890528787,10.1597448902396));
#4803=CARTESIAN_POINT('',(-2.20123526141075,2.15794009954437,10.2420031979023));
#4804=CARTESIAN_POINT('',(-1.6210980957905,2.52967082116122,10.7297447188081));
#4805=CARTESIAN_POINT('',(-2.5051542615922,3.01050496688264,9.69404154774071));
#4806=CARTESIAN_POINT('',(-2.0131955485366,2.32948323852241,9.77638969683063));
#4807=CARTESIAN_POINT('',(-1.4058242519433,2.65150081039976,10.2661061559795));
#4808=CARTESIAN_POINT('',(-2.42062016075347,3.07916467909596,9.53816141879706));
#4809=CARTESIAN_POINT('',(-1.94774679565248,2.38439560217774,9.6205190063778));
#4810=CARTESIAN_POINT('',(-1.33211596500586,2.68931625972799,10.1113653092657));
#4811=CARTESIAN_POINT('',(-2.24422183332145,3.2105866942354,9.22503060046778));
#4812=CARTESIAN_POINT('',(-1.81109618569127,2.48942468484185,9.30746028703881));
#4813=CARTESIAN_POINT('',(-1.18065540993292,2.75916793473267,9.80148890734685));
#4814=CARTESIAN_POINT('',(-2.15208545928678,3.27350926920817,9.06734027475185));
#4815=CARTESIAN_POINT('',(-1.739664011186,2.53968002231049,9.14979411708933));
#4816=CARTESIAN_POINT('',(-1.10267769873799,2.79127921463118,9.64592176397904));
#4817=CARTESIAN_POINT('',(-2.03301060002521,3.34757414220344,8.87101547991464));
#4818=CARTESIAN_POINT('',(-1.64736453542387,2.59876212768692,8.95357648137475));
#4819=CARTESIAN_POINT('',(-1.00340412437699,2.82730017388782,9.45290773720495));
#4820=CARTESIAN_POINT('',(-2.00899957306908,3.36216005925598,8.83178668193801));
#4821=CARTESIAN_POINT('',(-1.62874698783157,2.61039763713375,8.91435918392217));
#4822=CARTESIAN_POINT('',(-0.983458316829633,2.83430016254233,9.41437387857287));
#4823=CARTESIAN_POINT('',(-1.97268482580541,3.38369545166475,8.77299724934061));
#4824=CARTESIAN_POINT('',(-1.60059043987247,2.62757176499807,8.85559015645791));
#4825=CARTESIAN_POINT('',(-0.953401992005382,2.84449232020802,9.35667730311665));
#4826=CARTESIAN_POINT('',(-1.96045088837027,3.39088251084074,8.75328669317928));
#4827=CARTESIAN_POINT('',(-1.59111073856262,2.63326876489277,8.83588925626517));
#4828=CARTESIAN_POINT('',(-0.9433541534311,2.84784038572743,9.33746841553111));
#4829=CARTESIAN_POINT('',(-1.93688177871305,3.40427742649592,8.71558776474367));
#4830=CARTESIAN_POINT('',(-1.57277693433066,2.64433521851456,8.79817897179556));
#4831=CARTESIAN_POINT('',(-0.923245521494407,2.85442281878778,9.29905346002265));
#4832=CARTESIAN_POINT('',(-1.92507401371117,3.41090848452025,8.69672955350516));
#4833=CARTESIAN_POINT('',(-1.56359003455518,2.64981438382504,8.77931503298474));
#4834=CARTESIAN_POINT('',(-0.913187140152334,2.85765648554066,9.2798450625077));
#4835=CARTESIAN_POINT('',(-1.86591969935343,3.44373352807145,8.60239518262138));
#4836=CARTESIAN_POINT('',(-1.51756246871124,2.67693777015842,8.68496435371649));
#4837=CARTESIAN_POINT('',(-0.862875167974357,2.87353926737872,9.18379841103064));
#4838=CARTESIAN_POINT('',(-1.8182268462157,3.46893721584083,8.52678916925015));
#4839=CARTESIAN_POINT('',(-1.48041779048592,2.69778013169897,8.60933336297458));
#4840=CARTESIAN_POINT('',(-0.82256143531751,2.88533216866463,9.10694615076762));
#4841=CARTESIAN_POINT('',(-1.67405761800749,3.54143568005801,8.29956951411873));
#4842=CARTESIAN_POINT('',(-1.36808009676054,2.75776523124927,8.38208042360527));
#4843=CARTESIAN_POINT('',(-0.701436472688805,2.91804438423934,8.87634242176804));
#4844=CARTESIAN_POINT('',(-1.57649253281116,3.58562291138177,8.1475552896978));
#4845=CARTESIAN_POINT('',(-1.29194137484853,2.79439620990866,8.23000950115458));
#4846=CARTESIAN_POINT('',(-0.620442033576804,2.93630194879738,8.72254387288398));
#4847=CARTESIAN_POINT('',(-1.08151777345045,3.7862652828537,7.38493213044263));
#4848=CARTESIAN_POINT('',(-0.905587579142749,2.96098848455266,7.4676087930234));
#4849=CARTESIAN_POINT('',(-0.214326141926006,3.01050552723793,7.95321860180235));
#4850=CARTESIAN_POINT('',(-0.663405190557697,3.88360597161257,6.76701595463314));
#4851=CARTESIAN_POINT('',(-0.577481914152398,3.04320030898267,6.84862661821345));
#4852=CARTESIAN_POINT('',(0.114068685846044,3.01659297430743,7.33666079816729));
#4853=CARTESIAN_POINT('',(-0.163567943733625,3.91316005520954,6.0617762792725));
#4854=CARTESIAN_POINT('',(-0.1872114535016,3.07160307223676,6.1442970332515));
#4855=CARTESIAN_POINT('',(0.487778565893735,2.96037755552297,6.64184717091931));
#4856=CARTESIAN_POINT('',(-0.107607292525223,3.91530081802743,5.98326989871415));
#4857=CARTESIAN_POINT('',(-0.143483647940503,3.07384836161168,6.0658113893603));
#4858=CARTESIAN_POINT('',(0.529363934016218,2.95323108087809,6.56462980670763));
#4859=CARTESIAN_POINT('',(-0.0370999849266167,3.91648841653217,5.88494329968224));
#4860=CARTESIAN_POINT('',(-0.088417983193482,3.07546788165655,5.96752759337283));
#4861=CARTESIAN_POINT('',(0.581427303766463,2.9431368962242,6.46808920433495));
#4862=CARTESIAN_POINT('',(-0.022970676622518,3.91665146926891,5.86526828935674));
#4863=CARTESIAN_POINT('',(-0.0773825659114691,3.07573242821777,5.94785847346299));
#4864=CARTESIAN_POINT('',(0.591844064715472,2.94105997199079,6.44878014011971));
#4865=CARTESIAN_POINT('',(0.00534441391786486,3.91682694543486,5.82589858331216));
#4866=CARTESIAN_POINT('',(-0.0552697512444425,3.07614144759725,5.90850062417458));
#4867=CARTESIAN_POINT('',(0.612685880072039,2.93678892127877,6.41016015182485));
#4868=CARTESIAN_POINT('',(0.0187768258399304,3.9166882519587,5.80723376560677));
#4869=CARTESIAN_POINT('',(-0.0446148568139236,3.07637119931866,5.88982746536105));
#4870=CARTESIAN_POINT('',(0.623098633859964,2.93459721797637,6.39085550057425));
#4871=CARTESIAN_POINT('',(0.0596032171776598,3.91619355766889,5.75037403720759));
#4872=CARTESIAN_POINT('',(-0.0123694857873342,3.07682134633251,5.83295309615702));
#4873=CARTESIAN_POINT('',(0.654234014833165,2.92787103727717,6.33294086821695));
#4874=CARTESIAN_POINT('',(0.0867623023591771,3.91558540793436,5.71244041117329));
#4875=CARTESIAN_POINT('',(0.00908469243388904,3.07689261380024,5.79500772734894));
#4876=CARTESIAN_POINT('',(0.674884894573716,2.92317917782703,6.29433553270525));
#4877=CARTESIAN_POINT('',(0.222268960676457,3.91116821199487,5.52263937904792));
#4878=CARTESIAN_POINT('',(0.116110492425614,3.07611912757963,5.60519555366811));
#4879=CARTESIAN_POINT('',(0.777616768120779,2.89869801594103,6.10132983374836));
#4880=CARTESIAN_POINT('',(0.329751608259694,3.90323718668127,5.37037445539203));
#4881=CARTESIAN_POINT('',(0.201063532031003,3.0718923251021,5.45286927647312));
#4882=CARTESIAN_POINT('',(0.858133014181112,2.87584939278864,5.94699196137469));
#4883=CARTESIAN_POINT('',(0.649541740024544,3.86665776205428,4.91238550839101));
#4884=CARTESIAN_POINT('',(0.453760227008051,3.04879083548181,4.99486454980133));
#4885=CARTESIAN_POINT('',(1.09489777498415,2.79800051151821,5.484146887481));
#4886=CARTESIAN_POINT('',(0.859204532871992,3.82530661083151,4.6054807382077));
#4887=CARTESIAN_POINT('',(0.619566469442108,3.01955136235737,4.68778773988834));
#4888=CARTESIAN_POINT('',(1.24639037598064,2.73375826708107,5.17580435845149));
#4889=CARTESIAN_POINT('',(1.2716926273929,3.70872970961348,3.9885903693833));
#4890=CARTESIAN_POINT('',(0.945387580526169,2.93385129312596,4.07091219378123));
#4891=CARTESIAN_POINT('',(1.53710580892112,2.58151679528764,4.55950554334771));
#4892=CARTESIAN_POINT('',(1.47451835448226,3.63352727939405,3.67860814566155));
#4893=CARTESIAN_POINT('',(1.10555137241375,2.87736430446667,3.76084177705003));
#4894=CARTESIAN_POINT('',(1.67633018957128,2.49352137216597,4.25154884872342));
#4895=CARTESIAN_POINT('',(1.72364581887807,3.51654379591756,3.28895959615137));
#4896=CARTESIAN_POINT('',(1.30178581899921,2.78859850261784,3.37144070455748));
#4897=CARTESIAN_POINT('',(1.84237958195322,2.36798874778182,3.86689228287558));
#4898=CARTESIAN_POINT('',(1.77324995133481,3.49198943383755,3.21091998917761));
#4899=CARTESIAN_POINT('',(1.34085701051717,2.76991959465917,3.2934207391002));
#4900=CARTESIAN_POINT('',(1.87518796638834,2.34209994073205,3.78997579793449));
#4901=CARTESIAN_POINT('',(1.84731800335984,3.45335796210032,3.09368651988029));
#4902=CARTESIAN_POINT('',(1.39916133084468,2.74048205283202,3.17623095315959));
#4903=CARTESIAN_POINT('',(1.92378454869407,2.30206288372454,3.67462544048454));
#4904=CARTESIAN_POINT('',(1.87195097933694,3.44018067475152,3.05457966491494));
#4905=CARTESIAN_POINT('',(1.41854841931613,2.73043140558341,3.13713545706331));
#4906=CARTESIAN_POINT('',(1.9398807070214,2.28851647509234,3.63617938901703));
#4907=CARTESIAN_POINT('',(1.92110294658831,3.41321342179895,2.97630606874542));
#4908=CARTESIAN_POINT('',(1.45722183606594,2.70984692382047,3.05888540903333));
#4909=CARTESIAN_POINT('',(1.97186486090352,2.26101609560322,3.55929585499012));
#4910=CARTESIAN_POINT('',(1.94618173871282,3.39922696037651,2.93638372742542));
#4911=CARTESIAN_POINT('',(1.47675580520501,2.69909284348666,3.01899377984375));
#4912=CARTESIAN_POINT('',(1.9877672546537,2.24704915044978,3.52087616939948));
#4913=CARTESIAN_POINT('',(2.06319166846152,3.33053699621743,2.74767921065213));
#4914=CARTESIAN_POINT('',(1.57055274228256,2.64729107513003,2.83028315430578));
#4915=CARTESIAN_POINT('',(2.06658447951409,2.17632839442997,3.32859449454663));
#4916=CARTESIAN_POINT('',(2.15466866924959,3.27166282060625,2.5948167391148));
#4917=CARTESIAN_POINT('',(1.64390907069498,2.60261009921489,2.67735639920638));
#4918=CARTESIAN_POINT('',(2.12711503459893,2.11717010889804,3.17334814610356));
#4919=CARTESIAN_POINT('',(2.24308844508962,3.20952432443529,2.44169266523213));
#4920=CARTESIAN_POINT('',(1.71480881586777,2.55523297906587,2.52415621384406));
#4921=CARTESIAN_POINT('',(2.18457072694749,2.05612517589861,3.01831399820251));
#4922=CARTESIAN_POINT('',(1.62298897690185,-3.56337437573904,25.7204318732691));
#4923=CARTESIAN_POINT('',(2.25345053548311,-3.17004160166901,26.7661760460426));
#4924=CARTESIAN_POINT('',(3.19130510933524,-2.05499331164145,28.8688399088795));
#4925=CARTESIAN_POINT('',(3.43464017316899,-0.749595786088238,31.0839041838031));
#4926=CARTESIAN_POINT('',(3.39516587001626,-0.104521222649181,32.1884292960416));
#4927=CARTESIAN_POINT('',(2.11747082206903,2.12516289203589,3.1958371433425));
#4928=CARTESIAN_POINT('',(2.04558661172651,2.19678691602867,3.23697627903072));
#4929=CARTESIAN_POINT('',(1.9310163887006,2.31482731620684,3.38227511502399));
#4930=CARTESIAN_POINT('',(1.70716744019755,2.52225784346738,3.68831118013577));
#4931=CARTESIAN_POINT('',(1.43723527632064,2.73565183304767,4.10387480887268));
#4932=CARTESIAN_POINT('',(1.10048966446829,2.9461301226276,4.61701612927893));
#4933=CARTESIAN_POINT('',(0.639746601501324,3.16780309395524,5.30970563871682));
#4934=CARTESIAN_POINT('',(0.0295139280669428,3.34306635070603,6.17003445118319));
#4935=CARTESIAN_POINT('',(-0.722763150523747,3.39030772504597,7.22910673332339));
#4936=CARTESIAN_POINT('',(-1.44872371394343,3.28678413092175,8.28158524842942));
#4937=CARTESIAN_POINT('',(-2.39836923116309,2.93064017174731,9.68383962769543));
#4938=CARTESIAN_POINT('',(-2.98066571070828,2.47994465431542,10.7401576252745));
#4939=CARTESIAN_POINT('',(-3.30825586615737,2.09572038489378,11.4419364934773));
#4940=CARTESIAN_POINT('',(2.95231988062546,-0.532890186110396,35.0232800858374));
#4941=CARTESIAN_POINT('',(2.90462720976954,-0.799623178854831,35.2120680502443));
#4942=CARTESIAN_POINT('',(3.05986045655474,-1.04883170235809,35.3632619645035));
#4943=CARTESIAN_POINT('',(2.9487819288456,-0.551939001495185,34.9820782523922));
#4944=CARTESIAN_POINT('',(2.89842866506878,-0.819165595208863,35.1724401246367));
#4945=CARTESIAN_POINT('',(3.05316472084492,-1.06985927825865,35.325356033537));
#4946=CARTESIAN_POINT('',(2.94517480577341,-0.571250830262123,34.9464685420993));
#4947=CARTESIAN_POINT('',(2.89331579933298,-0.838635346026457,35.1371213725099));
#4948=CARTESIAN_POINT('',(3.04720174028747,-1.0906847852749,35.2898402710236));
#4949=CARTESIAN_POINT('',(2.93746306502366,-0.609669018285372,34.8719225759023));
#4950=CARTESIAN_POINT('',(2.88185904414336,-0.877593058663732,35.0638850757004));
#4951=CARTESIAN_POINT('',(3.03423246900916,-1.13249868400346,35.2172822930815));
#4952=CARTESIAN_POINT('',(2.9334041847299,-0.628908793946195,34.8345784444841));
#4953=CARTESIAN_POINT('',(2.87590876481993,-0.897099942028706,35.0271876073847));
#4954=CARTESIAN_POINT('',(3.02751365480246,-1.15345034625182,35.1809131478046));
#4955=CARTESIAN_POINT('',(2.92066471538051,-0.686486087773298,34.7227233799286));
#4956=CARTESIAN_POINT('',(2.85745106882176,-0.9554936113247,34.9171909876901));
#4957=CARTESIAN_POINT('',(3.00672142350788,-1.21620911934109,35.0718743492594));
#4958=CARTESIAN_POINT('',(2.91141714517825,-0.724702069404152,34.6483498161504));
#4959=CARTESIAN_POINT('',(2.84434460647575,-0.994222430497842,34.8440452571997));
#4960=CARTESIAN_POINT('',(2.99201797918643,-1.25789789350414,34.9993112865128));
#4961=CARTESIAN_POINT('',(2.88145898858718,-0.838668961889245,34.4256562318688));
#4962=CARTESIAN_POINT('',(2.80261683033763,-1.10979160656111,34.6246976695921));
#4963=CARTESIAN_POINT('',(2.94537464589144,-1.38247407619778,34.7815985053546));
#4964=CARTESIAN_POINT('',(2.85858987680951,-0.913492308097082,34.2775389026038));
#4965=CARTESIAN_POINT('',(2.77147951712282,-1.18633750918319,34.4774790595099));
#4966=CARTESIAN_POINT('',(2.91054470711067,-1.46581567829521,34.6342614607912));
#4967=CARTESIAN_POINT('',(2.78213557682821,-1.13302195704593,33.832655788196));
#4968=CARTESIAN_POINT('',(2.66990280336048,-1.40955928395618,34.0367985157642));
#4969=CARTESIAN_POINT('',(2.79807113022979,-1.7084673381542,34.1950303383583));
#4970=CARTESIAN_POINT('',(2.72057344550858,-1.27355648554862,33.5360376351091));
#4971=CARTESIAN_POINT('',(2.59099220135984,-1.55099323470034,33.7444079732759));
#4972=CARTESIAN_POINT('',(2.71167026434156,-1.86275204394628,33.9040867303362));
#4973=CARTESIAN_POINT('',(2.57670088531518,-1.54404615925346,32.9434048559133));
#4974=CARTESIAN_POINT('',(2.4117303272188,-1.82002970008957,33.1629616728926));
#4975=CARTESIAN_POINT('',(2.51652702545183,-2.15767725677381,33.326281472148));
#4976=CARTESIAN_POINT('',(2.49438423038935,-1.67399922843095,32.6473912991574));
#4977=CARTESIAN_POINT('',(2.31095830732238,-1.94774236543685,32.8733695289991));
#4978=CARTESIAN_POINT('',(2.40742862339551,-2.29842270233727,33.0390044349508));
#4979=CARTESIAN_POINT('',(2.35441267486867,-1.86085933987993,32.2041272884632));
#4980=CARTESIAN_POINT('',(2.14365750419867,-2.12764042736538,32.4434568405077));
#4981=CARTESIAN_POINT('',(2.22649611516429,-2.49829489441086,32.612700908542));
#4982=CARTESIAN_POINT('',(2.30499378829924,-1.92179182699382,32.0564965687166));
#4983=CARTESIAN_POINT('',(2.08483061505312,-2.18595107416787,32.3001090872407));
#4984=CARTESIAN_POINT('',(2.16298525937396,-2.56330187565513,32.4707479148129));
#4985=CARTESIAN_POINT('',(2.22648719154005,-2.01105067900033,31.8352526777848));
#4986=CARTESIAN_POINT('',(1.99236316746148,-2.27028268919247,32.0862633856195));
#4987=CARTESIAN_POINT('',(2.0631425205766,-2.65780532856412,32.2590175656849));
#4988=CARTESIAN_POINT('',(2.19958772786188,-2.04044629693236,31.7615382489459));
#4989=CARTESIAN_POINT('',(1.96074076679686,-2.29794476798626,32.0149766017376));
#4990=CARTESIAN_POINT('',(2.02901701226675,-2.68887150392541,32.1884830841169));
#4991=CARTESIAN_POINT('',(2.14427671642965,-2.09849580094963,31.6141770360402));
#4992=CARTESIAN_POINT('',(1.89598710472251,-2.35222738275974,31.8726738738759));
#4993=CARTESIAN_POINT('',(1.95913715984651,-2.75000291763409,32.0477191711383));
#4994=CARTESIAN_POINT('',(2.11579766244661,-2.1272141970118,31.5405389375956));
#4995=CARTESIAN_POINT('',(1.86295249436121,-2.37868419669604,31.8020480389881));
#4996=CARTESIAN_POINT('',(1.92362151050731,-2.77979057687057,31.9781451856556));
#4997=CARTESIAN_POINT('',(2.0867023202237,-2.15538243167495,31.4669525402289));
#4998=CARTESIAN_POINT('',(1.82875898175811,-2.40510654325367,31.7303932058248));
#4999=CARTESIAN_POINT('',(1.88639521783805,-2.80996652887497,31.9066439884767));
#5000=CARTESIAN_POINT('',(2.9908132579934,-1.25418574831378,35.));
#5001=CARTESIAN_POINT('',(2.77510928668523,-1.84760583717119,33.958555492553));
#5002=CARTESIAN_POINT('',(2.41009515091207,-2.37369076649598,32.9145208817272));
#5003=CARTESIAN_POINT('',(1.88368206912445,-2.78929549052945,31.8975240661717));
#5004=CARTESIAN_POINT('',(1.88368206912446,-2.78929549052945,31.8975240661717));
#5005=CARTESIAN_POINT('',(2.78226976029827,-2.87384324223326,31.466952540229));
#5006=CARTESIAN_POINT('',(2.08670232022371,-2.15538243167494,31.4669525402289));
#5007=CARTESIAN_POINT('',(1.59624878756277,-2.63020792413764,31.9678586921639));
#5008=CARTESIAN_POINT('',(2.09626174376912,-3.30849745612878,32.0504495116012));
#5009=CARTESIAN_POINT('',(1.85489624753886,-2.37980212750476,30.8806809087627));
#5010=CARTESIAN_POINT('',(1.3105666184414,-2.80476623994707,31.3715412097801));
#5011=CARTESIAN_POINT('',(1.73285606401675,-3.53677756550696,31.4531505740721));
#5012=CARTESIAN_POINT('',(1.59513993680627,-2.56069959583873,30.2885599371729));
#5013=CARTESIAN_POINT('',(1.00730576763335,-2.92670994182261,30.7748149361859));
#5014=CARTESIAN_POINT('',(1.34983035428988,-3.69769838463993,30.8572880402367));
#5015=CARTESIAN_POINT('',(1.16475920757584,-2.76925070152525,29.3921819814335));
#5016=CARTESIAN_POINT('',(0.530612894257557,-3.0359406471042,29.8824805070209));
#5017=CARTESIAN_POINT('',(0.747148339019328,-3.8487236172175,29.9649063524024));
#5018=CARTESIAN_POINT('',(1.01411743073484,-2.82805414050585,29.0915815640367));
#5019=CARTESIAN_POINT('',(0.367510817483389,-3.05978434414611,29.5846659414587));
#5020=CARTESIAN_POINT('',(0.541142705298289,-3.88355836566497,29.6672900342574));
#5021=CARTESIAN_POINT('',(0.839224772844617,-2.88029739769331,28.757301893885));
#5022=CARTESIAN_POINT('',(0.182855982487841,-3.07153984795018,29.2557796076321));
#5023=CARTESIAN_POINT('',(0.30757919021511,-3.90431412181388,29.3383313860225));
#5024=CARTESIAN_POINT('',(0.81970789519425,-2.88591278822425,28.7201952931993));
#5025=CARTESIAN_POINT('',(0.162299631539997,-3.07263924068668,29.2192806383569));
#5026=CARTESIAN_POINT('',(0.281590092754586,-3.90636685125688,29.3018435948226));
#5027=CARTESIAN_POINT('',(0.780504250711739,-2.89676142775013,28.6460535986738));
#5028=CARTESIAN_POINT('',(0.121130906053341,-3.07442095885847,29.1464107599293));
#5029=CARTESIAN_POINT('',(0.229536487585866,-3.90996350704747,29.2289956332979));
#5030=CARTESIAN_POINT('',(0.760805988929903,-2.90199759389503,28.6090298957146));
#5031=CARTESIAN_POINT('',(0.100912487260507,-3.07500194143799,29.1110594332254));
#5032=CARTESIAN_POINT('',(0.204194933451744,-3.91162863092174,29.193664888114));
#5033=CARTESIAN_POINT('',(0.701529014013022,-2.91710819023814,28.4979926362262));
#5034=CARTESIAN_POINT('',(0.0373512395290577,-3.07684467615484,28.9979083016233));
#5035=CARTESIAN_POINT('',(0.122845307089398,-3.9149881821751,29.0804694693524));
#5036=CARTESIAN_POINT('',(0.661951285798144,-2.92633939841041,28.4238316783096));
#5037=CARTESIAN_POINT('',(-0.00484711203236172,-3.07718033574825,28.9224570177955));
#5038=CARTESIAN_POINT('',(0.0688646565833006,-3.91610753909695,29.0049977403259));
#5039=CARTESIAN_POINT('',(0.543038729969966,-2.95155485390121,28.2009518268267));
#5040=CARTESIAN_POINT('',(-0.130893909652604,-3.07557879107887,28.6961072850399));
#5041=CARTESIAN_POINT('',(-0.092356329956971,-3.91620151984202,28.7785482267891));
#5042=CARTESIAN_POINT('',(0.463524618435004,-2.96506517953804,28.0518368413255));
#5043=CARTESIAN_POINT('',(-0.21424843391492,-3.07103976776879,28.5451180126107));
#5044=CARTESIAN_POINT('',(-0.1988775548022,-3.91191827235129,28.6275356858477));
#5045=CARTESIAN_POINT('',(0.224261331235438,-2.9959261036497,27.602962463056));
#5046=CARTESIAN_POINT('',(-0.462230908526514,-3.04738529488661,28.0920597437119));
#5047=CARTESIAN_POINT('',(-0.515776558199984,-3.88655497528307,28.1742979685118));
#5048=CARTESIAN_POINT('',(0.0641989584231208,-3.00350578972269,27.3024458462405));
#5049=CARTESIAN_POINT('',(-0.624540673785321,-3.01821472451187,27.7903169773609));
#5050=CARTESIAN_POINT('',(-0.722935076495976,-3.85294894181246,27.8726498205345));
#5051=CARTESIAN_POINT('',(-0.252935909724189,-2.99352500586387,26.7066779235381));
#5052=CARTESIAN_POINT('',(-0.939009290835437,-2.93554399641031,27.1954986350898));
#5053=CARTESIAN_POINT('',(-1.12466290180407,-3.75554199443278,27.2778558381596));
#5054=CARTESIAN_POINT('',(-0.410602339189652,-2.97605072675548,26.4103119828155));
#5055=CARTESIAN_POINT('',(-1.09191337078585,-2.88194984454529,26.9010560283317));
#5056=CARTESIAN_POINT('',(-1.3200155087999,-3.69167774348754,26.9835858706554));
#5057=CARTESIAN_POINT('',(-0.645682922536363,-2.9307783293585,25.9680407781659));
#5058=CARTESIAN_POINT('',(-1.31439976945607,-2.78342841586675,26.4644095805227));
#5059=CARTESIAN_POINT('',(-1.60496787218571,-3.5734842458522,26.5469543191619));
#5060=CARTESIAN_POINT('',(-0.723804908329535,-2.9124965085388,25.8209977636199));
#5061=CARTESIAN_POINT('',(-1.38745928622537,-2.74752873318639,26.3196063090211));
#5062=CARTESIAN_POINT('',(-1.6985989987319,-3.5303369718921,26.4022107877844));
#5063=CARTESIAN_POINT('',(-0.821138085772696,-2.88550521316317,25.6376782756871));
#5064=CARTESIAN_POINT('',(-1.47727915120563,-2.69878254525797,26.1397153241369));
#5065=CARTESIAN_POINT('',(-1.81391566980424,-3.47162698976578,26.2223274815453));
#5066=CARTESIAN_POINT('',(-0.840539344032601,-2.87991314824669,25.6009904505203));
#5067=CARTESIAN_POINT('',(-1.49610183566189,-2.68858116522347,26.1012847012792));
#5068=CARTESIAN_POINT('',(-1.83824743413504,-3.45851167021814,26.1838623893366));
#5069=CARTESIAN_POINT('',(-0.879153711065319,-2.86836100981571,25.527510209493));
#5070=CARTESIAN_POINT('',(-1.53259907565065,-2.66808203163644,26.0265037429569));
#5071=CARTESIAN_POINT('',(-1.8852808584897,-3.43287516705656,26.1090589364757));
#5072=CARTESIAN_POINT('',(-0.898376277807,-2.86239832161061,25.490727026988));
#5073=CARTESIAN_POINT('',(-1.55070642647178,-2.65766371024879,25.9891003722353));
#5074=CARTESIAN_POINT('',(-1.90861548749084,-3.41984840922815,26.0716446646784));
#5075=CARTESIAN_POINT('',(-0.955792458176082,-2.84395448789815,25.3802496776022));
#5076=CARTESIAN_POINT('',(-1.60460484238022,-2.62591068234588,25.8768604241735));
#5077=CARTESIAN_POINT('',(-1.97808146289737,-3.38014939443202,25.9593632434349));
#5078=CARTESIAN_POINT('',(-0.993734674065274,-2.83091780763776,25.3064277775419));
#5079=CARTESIAN_POINT('',(-1.63998240867286,-2.60407270372414,25.8019738212149));
#5080=CARTESIAN_POINT('',(-2.02367519221804,-3.35285868398179,25.8844574727576));
#5081=CARTESIAN_POINT('',(-1.18179301420662,-2.762070427816,24.936480752254));
#5082=CARTESIAN_POINT('',(-1.81406378593873,-2.49164801642414,25.427410411713));
#5083=CARTESIAN_POINT('',(-2.24815162869949,-3.21235378910183,25.5096592945173));
#5084=CARTESIAN_POINT('',(-1.32741458829132,-2.69509115887055,24.636935215039));
#5085=CARTESIAN_POINT('',(-1.94511077265092,-2.39086944300333,25.1257062213202));
#5086=CARTESIAN_POINT('',(-2.41711651153495,-3.08663561579648,25.2080279048909));
#5087=CARTESIAN_POINT('',(-1.6062597223318,-2.53879411300826,24.0366775752224));
#5088=CARTESIAN_POINT('',(-2.18841513257193,-2.1704846916102,24.5246136208818));
#5089=CARTESIAN_POINT('',(-2.73173495996102,-2.81183540485221,24.6069138725424));
#5090=CARTESIAN_POINT('',(-1.7383165048456,-2.45022349963203,23.7385648788404));
#5091=CARTESIAN_POINT('',(-2.29977865256356,-2.05180084432726,24.2275736729108));
#5092=CARTESIAN_POINT('',(-2.87609622827445,-2.66401283805313,24.3100256205881));
#5093=CARTESIAN_POINT('',(-1.92546614311366,-2.30193722742713,23.2943606389282));
#5094=CARTESIAN_POINT('',(-2.45165891296185,-1.86177775694678,23.7876244384208));
#5095=CARTESIAN_POINT('',(-3.07413184286604,-2.42729597893184,23.8700955799965));
#5096=CARTESIAN_POINT('',(-1.98601770546677,-2.24992507620973,23.1467884063324));
#5097=CARTESIAN_POINT('',(-2.49977319371177,-1.79639102677927,23.6418325416604));
#5098=CARTESIAN_POINT('',(-3.1370434913292,-2.34588164730366,23.7243581699517));
#5099=CARTESIAN_POINT('',(-2.07402865829155,-2.16795120294059,22.9261814092915));
#5100=CARTESIAN_POINT('',(-2.5680829695502,-1.69529081117237,23.4245888317848));
#5101=CARTESIAN_POINT('',(-3.22674182615205,-2.21998029136286,23.5071473055236));
#5102=CARTESIAN_POINT('',(-2.10289565646457,-2.13996656052261,22.8527710712727));
#5103=CARTESIAN_POINT('',(-2.59021475245563,-1.66107668285869,23.352394295676));
#5104=CARTESIAN_POINT('',(-3.25586220091964,-2.17738254215827,23.4349765622397));
#5105=CARTESIAN_POINT('',(-2.14547694901173,-2.09698245505117,22.7428454442552));
#5106=CARTESIAN_POINT('',(-2.62243210653767,-1.6089941217064,23.2444717820925));
#5107=CARTESIAN_POINT('',(-3.29836378542561,-2.11253187203288,23.3270774431392));
#5108=CARTESIAN_POINT('',(-2.15954400174615,-2.08249255837267,22.7062266548635));
#5109=CARTESIAN_POINT('',(-2.63347277070848,-1.5910318151169,23.2069248770173));
#5110=CARTESIAN_POINT('',(-3.31276008352256,-2.08963048949321,23.2895092493259));
#5111=CARTESIAN_POINT('',(-2.18730670150433,-2.05331316284427,22.6328738585051));
#5112=CARTESIAN_POINT('',(-2.65496862279126,-1.555136142248,23.1322486713741));
#5113=CARTESIAN_POINT('',(-3.34084753416242,-2.0440412000728,23.2148105426487));
#5114=CARTESIAN_POINT('',(-2.20101879539448,-2.03860721680076,22.5961617802354));
#5115=CARTESIAN_POINT('',(-2.66550767448396,-1.53711643719909,23.0949053021537));
#5116=CARTESIAN_POINT('',(-3.35462640223378,-2.02116170894445,23.1774562509469));
#5117=CARTESIAN_POINT('',(-2.3229189120807,-1.90521587765942,22.2654360930452));
#5118=CARTESIAN_POINT('',(-2.75845218991617,-1.37438864327652,22.7589477587915));
#5119=CARTESIAN_POINT('',(-3.47628802370086,-1.81448854149352,22.8412197816123));
#5120=CARTESIAN_POINT('',(-2.42061872166615,-1.77931049181655,21.969222481628));
#5121=CARTESIAN_POINT('',(-2.82805147609919,-1.22508871046855,22.4596665328722));
#5122=CARTESIAN_POINT('',(-3.56785924922634,-1.6254216272783,22.5419952653171));
#5123=CARTESIAN_POINT('',(-2.59532552270628,-1.51315110057122,21.3725238615545));
#5124=CARTESIAN_POINT('',(-2.94234848135013,-0.918009427854507,21.8603154947694));
#5125=CARTESIAN_POINT('',(-3.72005893773258,-1.23679795422631,21.9425775881253));
#5126=CARTESIAN_POINT('',(-2.67248672562623,-1.37240672571067,21.0710930979096));
#5127=CARTESIAN_POINT('',(-2.98713503363939,-0.759578947062887,21.5590637218164));
#5128=CARTESIAN_POINT('',(-3.7807379142924,-1.03658259477156,21.6414556995837));
#5129=CARTESIAN_POINT('',(-2.80349293444001,-1.07986706865669,20.4717513751389));
#5130=CARTESIAN_POINT('',(-3.05051286229455,-0.4384345224819,20.963553419595));
#5131=CARTESIAN_POINT('',(-3.86978392080882,-0.630672706525308,21.0460391956737));
#5132=CARTESIAN_POINT('',(-2.85765460385684,-0.92764717572284,20.1728554245336));
#5133=CARTESIAN_POINT('',(-3.06933104183643,-0.275079681816939,20.6680534965104));
#5134=CARTESIAN_POINT('',(-3.89843055953585,-0.424345255128089,20.7507515172805));
#5135=CARTESIAN_POINT('',(-2.91007469523133,-0.730161087036603,19.8014102325959));
#5136=CARTESIAN_POINT('',(-3.07609780877136,-0.0684349735392529,20.3034641763768));
#5137=CARTESIAN_POINT('',(-3.91382790102362,-0.162908358533238,20.3860865171938));
#5138=CARTESIAN_POINT('',(-2.91973818823627,-0.69048747286175,19.7273039877702));
#5139=CARTESIAN_POINT('',(-3.07699453677363,-0.0255624387782221,20.2268509675118));
#5140=CARTESIAN_POINT('',(-3.91537053193932,-0.107765074444198,20.3094075051021));
#5141=CARTESIAN_POINT('',(-2.93733294861655,-0.611325761763569,19.5789497871261));
#5142=CARTESIAN_POINT('',(-3.07676619776055,0.0585910986543956,20.07604636166));
#5143=CARTESIAN_POINT('',(-3.91648324338754,-0.000127585478627643,20.1585581033256));
#5144=CARTESIAN_POINT('',(-2.94528572869252,-0.571758219485909,19.5047765430234));
#5145=CARTESIAN_POINT('',(-3.07577920113694,0.100415477320909,20.0007695084468));
#5146=CARTESIAN_POINT('',(-3.91594504295866,0.0533492322945405,20.0832618311182));
#5147=CARTESIAN_POINT('',(-2.96667660183593,-0.453091470762331,19.282270928459));
#5148=CARTESIAN_POINT('',(-3.07028565065384,0.225133779940308,19.7753361522094));
#5149=CARTESIAN_POINT('',(-3.91116167286691,0.212800344600669,19.8577391242209));
#5150=CARTESIAN_POINT('',(-2.97765155309018,-0.374027871286602,19.1339528482266));
#5151=CARTESIAN_POINT('',(-3.06325133401814,0.30732058830585,19.6254930582502));
#5152=CARTESIAN_POINT('',(-3.90375390860739,0.317797630023565,19.7078776802654));
#5153=CARTESIAN_POINT('',(-3.01669442257893,0.0210875008904487,18.3924791107738));
#5154=CARTESIAN_POINT('',(-3.01206018756756,0.713382044844635,18.8788795706475));
#5155=CARTESIAN_POINT('',(-3.8467279112164,0.836723615403469,18.9608265418603));
#5156=CARTESIAN_POINT('',(-2.99844874186716,0.336600939628598,17.7997161929234));
#5157=CARTESIAN_POINT('',(-2.92074272912214,1.02438306860201,18.287153203861));
#5158=CARTESIAN_POINT('',(-3.73858997793334,1.2329759502489,18.3701374979931));
#5159=CARTESIAN_POINT('',(-2.91967550436092,0.690738642247286,17.1332214573126));
#5160=CARTESIAN_POINT('',(-2.76219425590923,1.3563635421339,17.6309899105771));
#5161=CARTESIAN_POINT('',(-3.54793907527695,1.65878861928308,17.7135363391091));
#5162=CARTESIAN_POINT('',(-2.91009380609743,0.730074744893997,17.0591707812028));
#5163=CARTESIAN_POINT('',(-2.74376132117061,1.39304300447467,17.5581247112409));
#5164=CARTESIAN_POINT('',(-3.52577398663242,1.70581579861912,17.6406950805907));
#5165=CARTESIAN_POINT('',(-2.89705161873862,0.77922741334136,16.9666116637231));
#5166=CARTESIAN_POINT('',(-2.71970561139799,1.43857137108344,17.4672050921977));
#5167=CARTESIAN_POINT('',(-3.49681785856376,1.7642374030344,17.549791565992));
#5168=CARTESIAN_POINT('',(-2.89438990366945,0.789057072354169,16.9481000505153));
#5169=CARTESIAN_POINT('',(-2.71484291311806,1.44766247981394,17.4490262801776));
#5170=CARTESIAN_POINT('',(-3.49096411994184,1.77590359781099,17.5316182706403));
#5171=CARTESIAN_POINT('',(-2.88895910164085,0.808714589297268,16.9110772115828));
#5172=CARTESIAN_POINT('',(-2.7050150728319,1.46581296484398,17.4126837064066));
#5173=CARTESIAN_POINT('',(-3.47913094826425,1.79919956160513,17.4952866396267));
#5174=CARTESIAN_POINT('',(-2.88619090937666,0.818538943866776,16.8925626553804));
#5175=CARTESIAN_POINT('',(-2.69995319440278,1.4752204256683,17.3936355569572));
#5176=CARTESIAN_POINT('',(-3.47273801942769,1.81133654867764,17.4762282940813));
#5177=CARTESIAN_POINT('',(-2.87774477555336,0.847939195199362,16.8369528854278));
#5178=CARTESIAN_POINT('',(-2.68469873838996,1.50310909311693,17.3369920869989));
#5179=CARTESIAN_POINT('',(-3.45365566283824,1.84727778020328,17.4195652505679));
#5180=CARTESIAN_POINT('',(-2.87191919879091,0.867464518690504,16.7998127199359));
#5181=CARTESIAN_POINT('',(-2.67434902487425,1.52156848997052,17.2991920442702));
#5182=CARTESIAN_POINT('',(-3.44071205212532,1.87106573986629,17.3817540996811));
#5183=CARTESIAN_POINT('',(-2.84182153063701,0.964719439599004,16.6137792675679));
#5184=CARTESIAN_POINT('',(-2.6217226126595,1.61317919662267,17.1100577243209));
#5185=CARTESIAN_POINT('',(-3.37489263316318,1.9891527722728,17.1925179688478));
#5186=CARTESIAN_POINT('',(-2.8147535040159,1.04095498679924,16.4646102534508));
#5187=CARTESIAN_POINT('',(-2.57695892321638,1.68401465997707,16.9588500819957));
#5188=CARTESIAN_POINT('',(-3.31896530896297,2.08043335747674,17.0412858736328));
#5189=CARTESIAN_POINT('',(-2.72535334213981,1.26417856813639,16.0181388685844));
#5190=CARTESIAN_POINT('',(-2.43583326723433,1.88852175274818,16.5077504417386));
#5191=CARTESIAN_POINT('',(-3.14269704007716,2.34418122979848,16.5899908475601));
#5192=CARTESIAN_POINT('',(-2.65473746858964,1.40616885999905,15.7210110309892));
#5193=CARTESIAN_POINT('',(-2.33232543523966,2.01484831451327,16.209109454048));
#5194=CARTESIAN_POINT('',(-3.01362063166728,2.50716952455857,16.291436293036));
#5195=CARTESIAN_POINT('',(-2.49242218931613,1.67713252910118,15.127786511753));
#5196=CARTESIAN_POINT('',(-2.1079574303044,2.24848649507748,15.6162167046617));
#5197=CARTESIAN_POINT('',(-2.73392512344032,2.809599635109,15.6985520769772));
#5198=CARTESIAN_POINT('',(-2.40071902603321,1.80610337371873,14.8316898477602));
#5199=CARTESIAN_POINT('',(-1.98699487146219,2.35588441874367,15.3217253376369));
#5200=CARTESIAN_POINT('',(-2.58329463506961,2.94902462495717,15.4042255006702));
#5201=CARTESIAN_POINT('',(-2.24687057292429,1.98945669421479,14.3883079459703));
#5202=CARTESIAN_POINT('',(-1.79259248130254,2.50248096326891,14.8834776197569));
#5203=CARTESIAN_POINT('',(-2.34114411035604,3.14059814848602,14.9659950520561));
#5204=CARTESIAN_POINT('',(-2.19286034306416,2.04888258082327,14.2406411278298));
#5205=CARTESIAN_POINT('',(-1.72558055479832,2.5489475375877,14.7378889047032));
#5206=CARTESIAN_POINT('',(-2.2577149946392,3.20151494969512,14.8204651019657));
#5207=CARTESIAN_POINT('',(-2.12179020976167,2.12094697609258,14.056214657132));
#5208=CARTESIAN_POINT('',(-1.6390436881197,2.60388240977116,14.5566871716325));
#5209=CARTESIAN_POINT('',(-2.14994481885203,3.27389204488159,14.639273959834));
#5210=CARTESIAN_POINT('',(-2.10738571044239,2.13526070026852,14.0193530896994));
#5211=CARTESIAN_POINT('',(-1.62180708496861,2.61450365117993,14.521257896431));
#5212=CARTESIAN_POINT('',(-2.12873005446215,3.28799163159561,14.6038614477305));
#5213=CARTESIAN_POINT('',(-2.07827198088323,2.16360771956556,13.9455727433627));
#5214=CARTESIAN_POINT('',(-1.58582768248898,2.63663260561694,14.4460734813927));
#5215=CARTESIAN_POINT('',(-2.08301973765278,3.3168876312603,14.5286543768458));
#5216=CARTESIAN_POINT('',(-2.06358735625759,2.17761758785115,13.9086225844404));
#5217=CARTESIAN_POINT('',(-1.56775313724455,2.64749059741676,14.4084522811854));
#5218=CARTESIAN_POINT('',(-2.06006355510564,3.33107377755096,14.4910221031527));
#5219=CARTESIAN_POINT('',(-2.01915215191494,2.21915955503797,13.797593682886));
#5220=CARTESIAN_POINT('',(-1.51328217648492,2.67944825234571,14.2955114566704));
#5221=CARTESIAN_POINT('',(-1.9908933998189,3.37285635465633,14.3780382224073));
#5222=CARTESIAN_POINT('',(-1.98902039516444,2.24620423746258,13.7233366067112));
#5223=CARTESIAN_POINT('',(-1.47662813356919,2.69993845844769,14.2200927680406));
#5224=CARTESIAN_POINT('',(-1.9443779372239,3.39967732706207,14.3025995605665));
#5225=CARTESIAN_POINT('',(-1.8971102036442,2.32540648281732,13.4998608030332));
#5226=CARTESIAN_POINT('',(-1.36568748317176,2.75898621835693,13.9935149047855));
#5227=CARTESIAN_POINT('',(-1.80363280526426,3.47710028018966,14.0759284782396));
#5228=CARTESIAN_POINT('',(-1.83382140255205,2.37560497925619,13.3499707301876));
#5229=CARTESIAN_POINT('',(-1.29039242963489,2.79511875751066,13.8419829124385));
#5230=CARTESIAN_POINT('',(-1.70821950044229,3.52462839770034,13.9243764571578));
#5231=CARTESIAN_POINT('',(-1.70460672894765,2.46996272310964,13.0514610273016));
#5232=CARTESIAN_POINT('',(-1.13880659901937,2.86045935473795,13.5410957161929));
#5233=CARTESIAN_POINT('',(-1.51623862625201,3.61099004990528,13.6234325683442));
#5234=CARTESIAN_POINT('',(-1.63852097580222,2.51426561895569,12.9024470766388));
#5235=CARTESIAN_POINT('',(-1.06230510251983,2.88978513253776,13.3913071222151));
#5236=CARTESIAN_POINT('',(-1.41942414315129,3.64996546272785,13.4736403119731));
#5237=CARTESIAN_POINT('',(-1.43594328024921,2.63878708105317,12.4561155359822));
#5238=CARTESIAN_POINT('',(-0.830829981715674,2.96809027942004,12.9439239230683));
#5239=CARTESIAN_POINT('',(-1.12657339320423,3.75484274366543,13.0262097139041));
#5240=CARTESIAN_POINT('',(-1.29515454437585,2.71067002372047,12.1595064469347));
#5241=CARTESIAN_POINT('',(-0.673778085684002,3.00748980287717,12.6480734635746));
#5242=CARTESIAN_POINT('',(-0.928140811404755,3.80876688012924,12.7305011364961));
#5243=CARTESIAN_POINT('',(-1.07536819594733,2.80176240266257,11.7159961008258));
#5244=CARTESIAN_POINT('',(-0.434548570573344,3.04770417846325,12.2083194607988));
#5245=CARTESIAN_POINT('',(-0.625736552571217,3.86643808301748,12.2907663060371));
#5246=CARTESIAN_POINT('',(-1.0006662404948,2.82932486515136,11.5683936671391));
#5247=CARTESIAN_POINT('',(-0.354151711758281,3.05795266648594,12.0623313198413));
#5248=CARTESIAN_POINT('',(-0.524139776748356,3.88177398392599,12.1448302636478));
#5249=CARTESIAN_POINT('',(-0.8863981715006,2.86633935724956,11.3473436536031));
#5250=CARTESIAN_POINT('',(-0.232647063622112,3.06850092849046,11.844390413541));
#5251=CARTESIAN_POINT('',(-0.370531119013707,3.89888081289364,11.9269225950241));
#5252=CARTESIAN_POINT('',(-0.847939227356339,2.87795510542443,11.2737192812616));
#5253=CARTESIAN_POINT('',(-0.191982599773734,3.07121248902554,11.7718973788381));
#5254=CARTESIAN_POINT('',(-0.319125800543586,3.90359915029559,11.8544530362816));
#5255=CARTESIAN_POINT('',(-0.789685689196629,2.894270744559,11.1633716593003));
#5256=CARTESIAN_POINT('',(-0.130758382672229,3.0740532474309,11.6634251610448));
#5257=CARTESIAN_POINT('',(-0.241709855559777,3.90918235939542,11.7460048170793));
#5258=CARTESIAN_POINT('',(-0.770173628388674,2.89952456469234,11.126603942902));
#5259=CARTESIAN_POINT('',(-0.110309510727873,3.07479571960899,11.6273072875136));
#5260=CARTESIAN_POINT('',(-0.215853199846779,3.91079430694699,11.7098981150469));
#5261=CARTESIAN_POINT('',(-0.740762611851081,2.90712457295237,11.0714746788244));
#5262=CARTESIAN_POINT('',(-0.0795792462161391,3.07559970599008,11.5731983373938));
#5263=CARTESIAN_POINT('',(-0.176990544749151,3.91283557301529,11.6558031127081));
#5264=CARTESIAN_POINT('',(-0.730944289653768,2.9096087037712,11.0530931076345));
#5265=CARTESIAN_POINT('',(-0.0688884919661227,3.07592922468643,11.5540502020176));
#5266=CARTESIAN_POINT('',(-0.163214229994696,3.91331960551572,11.636641070335));
#5267=CARTESIAN_POINT('',(-0.711302591281689,2.91447267739373,11.0162964073866));
#5268=CARTESIAN_POINT('',(-0.0478661299807399,3.07639074900419,11.5165713329185));
#5269=CARTESIAN_POINT('',(-0.13631433298083,3.91424561757942,11.5991508974641));
#5270=CARTESIAN_POINT('',(-0.701475483957251,2.91685348766239,10.9978848803841));
#5271=CARTESIAN_POINT('',(-0.0373632848334419,3.07656671107003,11.4978264195115));
#5272=CARTESIAN_POINT('',(-0.12287631288193,3.9146399534667,11.580400367815));
#5273=CARTESIAN_POINT('',(-0.612975217843089,2.93782185632733,10.832063131573));
#5274=CARTESIAN_POINT('',(0.057060175807221,3.0776594689458,11.3291219636961));
#5275=CARTESIAN_POINT('',(-0.0020400723648967,3.9175746571033,11.4115962802591));
#5276=CARTESIAN_POINT('',(-0.533908324732931,2.95320256420443,10.6838285932356));
#5277=CARTESIAN_POINT('',(0.140497709607575,3.07515107549615,11.1787492947477));
#5278=CARTESIAN_POINT('',(0.104618787221851,3.91582332906683,11.2611973881137));
#5279=CARTESIAN_POINT('',(-0.374972212753067,2.97755928977172,10.3857271043889));
#5280=CARTESIAN_POINT('',(0.306344442027569,3.06338116082567,10.8772878395391));
#5281=CARTESIAN_POINT('',(0.316563401650545,3.90390206937506,10.9596618069701));
#5282=CARTESIAN_POINT('',(-0.294912654301474,2.98653937941831,10.2355025721484));
#5283=CARTESIAN_POINT('',(0.388964567498792,3.05408124328231,10.7258068207783));
#5284=CARTESIAN_POINT('',(0.422093515310826,3.89368549893862,10.8081670068987));
#5285=CARTESIAN_POINT('',(0.103774578774637,3.015209089356,9.48714983889375));
#5286=CARTESIAN_POINT('',(0.795723486785317,2.99154868172523,9.97360146499367));
#5287=CARTESIAN_POINT('',(0.941798224050635,3.82259953297529,10.0556291432181));
#5288=CARTESIAN_POINT('',(0.419399109103838,2.98791546035111,8.89408126313207));
#5289=CARTESIAN_POINT('',(1.10430774741599,2.89121278301515,9.38266167830203));
#5290=CARTESIAN_POINT('',(1.3350775650107,3.70335364627959,9.46576242289931));
#5291=CARTESIAN_POINT('',(0.750959624480424,2.90455918750039,8.269842709304));
#5292=CARTESIAN_POINT('',(1.41238764491321,2.73354810408863,8.76949682224556));
#5293=CARTESIAN_POINT('',(1.73064134777568,3.5134789626534,8.8520695643742));
#5294=CARTESIAN_POINT('',(0.770448662766593,2.89945104373244,8.23314479524237));
#5295=CARTESIAN_POINT('',(1.43045957536786,2.72406912741114,8.73343564028067));
#5296=CARTESIAN_POINT('',(1.75382553094052,3.50207191787661,8.81601952012151));
#5297=CARTESIAN_POINT('',(0.809397081321621,2.8888204966228,8.15979319359153));
#5298=CARTESIAN_POINT('',(1.46645817358237,2.7047211319958,8.66141426517693));
#5299=CARTESIAN_POINT('',(1.80002426726624,3.47877883554552,8.74401984810003));
#5300=CARTESIAN_POINT('',(0.828847969004413,2.88329980547194,8.12313133493775));
#5301=CARTESIAN_POINT('',(1.48501921493133,2.69467582218567,8.62383396688011));
#5302=CARTESIAN_POINT('',(1.82396554336917,3.46613501534003,8.70641840279791));
#5303=CARTESIAN_POINT('',(0.886881631411005,2.86619396895861,8.01294411959219));
#5304=CARTESIAN_POINT('',(1.53994069018363,2.66412820993222,8.51166791951067));
#5305=CARTESIAN_POINT('',(1.8947478102628,3.42792553875589,8.59420910467845));
#5306=CARTESIAN_POINT('',(0.925235894776903,2.85404110807038,7.93930517553813));
#5307=CARTESIAN_POINT('',(1.57599624907321,2.64308233586734,8.43682356223835));
#5308=CARTESIAN_POINT('',(1.94121057359353,3.40161375379797,8.51934464877066));
#5309=CARTESIAN_POINT('',(1.0393110409642,2.81536516109129,7.71785648815766));
#5310=CARTESIAN_POINT('',(1.68249356473786,2.57796005243611,8.21214316326123));
#5311=CARTESIAN_POINT('',(2.0784854327034,3.32021250585695,8.29456911242266));
#5312=CARTESIAN_POINT('',(1.11404609033082,2.78662827167391,7.56951595168214));
#5313=CARTESIAN_POINT('',(1.75131231852207,2.53187862562313,8.06207164107738));
#5314=CARTESIAN_POINT('',(2.16718828668066,3.26266137634752,8.14447571458527));
#5315=CARTESIAN_POINT('',(1.33437181609764,2.69166029058292,7.1224134799715));
#5316=CARTESIAN_POINT('',(1.9512986750714,2.38589480732318,7.61117444751669));
#5317=CARTESIAN_POINT('',(2.42519051988566,3.08039534754417,7.69341449543885));
#5318=CARTESIAN_POINT('',(1.47639212529791,2.61639473791098,6.82081422556081));
#5319=CARTESIAN_POINT('',(2.07639304965692,2.27780154092905,7.30857264670479));
#5320=CARTESIAN_POINT('',(2.58670134840673,2.94563806505432,7.39091160773964));
#5321=CARTESIAN_POINT('',(1.74454967578486,2.44577218091319,6.22422562133689));
#5322=CARTESIAN_POINT('',(2.30496245027455,2.04601284223562,6.71340107576932));
#5323=CARTESIAN_POINT('',(2.88290133071252,2.6567548810565,6.79577625411739));
#5324=CARTESIAN_POINT('',(1.87143369688833,2.35016477552831,5.92778872954789));
#5325=CARTESIAN_POINT('',(2.4092196832885,1.92178916845433,6.41912327901721));
#5326=CARTESIAN_POINT('',(3.01847713858409,2.50209174082173,6.50167693958892));
#5327=CARTESIAN_POINT('',(2.02086117072774,2.21759245315023,5.55956571756459));
#5328=CARTESIAN_POINT('',(2.52684175200941,1.75649073771145,6.05594761445726));
#5329=CARTESIAN_POINT('',(3.1725891288755,2.29618143826074,6.13846640067332));
#5330=CARTESIAN_POINT('',(2.05028494600271,2.19042117481301,5.48603773800787));
#5331=CARTESIAN_POINT('',(2.54974111596961,1.72290761154079,5.98350472828254));
#5332=CARTESIAN_POINT('',(3.20263913720621,2.25436694824818,6.06604660438035));
#5333=CARTESIAN_POINT('',(2.09371577122679,2.14866414081747,5.37592213502108));
#5334=CARTESIAN_POINT('',(2.58312358288351,1.6717693206713,5.87519083181103));
#5335=CARTESIAN_POINT('',(3.24654777156441,2.19069019120289,5.95775679646934));
#5336=CARTESIAN_POINT('',(2.10807520108881,2.13457839400526,5.33924633433449));
#5337=CARTESIAN_POINT('',(2.59409135956315,1.65459357606713,5.83913978793162));
#5338=CARTESIAN_POINT('',(3.26098953133408,2.16930539317209,5.92171686278644));
#5339=CARTESIAN_POINT('',(2.12943618261143,2.11319734941751,5.28427696692627));
#5340=CARTESIAN_POINT('',(2.61029941419679,1.62863815534712,5.78515185674501));
#5341=CARTESIAN_POINT('',(3.28235901386224,2.13698819540259,5.86774296368511));
#5342=CARTESIAN_POINT('',(2.13652749647596,2.10602756261582,5.26596215420561));
#5343=CARTESIAN_POINT('',(2.61547808033177,1.62014156551302,5.76780617747415));
#5344=CARTESIAN_POINT('',(3.28926459967439,2.12661689342444,5.85041120255709));
#5345=CARTESIAN_POINT('',(2.1506475901494,2.09160626808201,5.22934358722765));
#5346=CARTESIAN_POINT('',(2.6265223913682,1.60229944702642,5.73048188081166));
#5347=CARTESIAN_POINT('',(3.30368411082533,2.10394742560991,5.81307567070738));
#5348=CARTESIAN_POINT('',(2.15766520561251,2.08436617729238,5.21102478388816));
#5349=CARTESIAN_POINT('',(2.63199194254446,1.59336003633704,5.7118180264351));
#5350=CARTESIAN_POINT('',(3.31082709761257,2.09259103823881,5.79440622283024));
#5351=CARTESIAN_POINT('',(2.22044388658259,2.01894154987764,5.04607047544425));
#5352=CARTESIAN_POINT('',(2.68073292643971,1.51276566956,5.54387851738456));
#5353=CARTESIAN_POINT('',(3.37451790709049,1.99018950487534,5.62636561614601));
#5354=CARTESIAN_POINT('',(2.27355091195171,1.95891338704215,4.89884079832974));
#5355=CARTESIAN_POINT('',(2.72074123415286,1.43993217980236,5.39442448289915));
#5356=CARTESIAN_POINT('',(3.42690230701167,1.89778819201173,5.47688489767807));
#5357=CARTESIAN_POINT('',(2.42502369361755,1.77334760102782,4.45541403589131));
#5358=CARTESIAN_POINT('',(2.83114068486056,1.21813912297847,4.94579982911362));
#5359=CARTESIAN_POINT('',(3.57199931629246,1.61654749582107,5.02804573474075));
#5360=CARTESIAN_POINT('',(2.51559175290883,1.64236075540949,4.15749255798526));
#5361=CARTESIAN_POINT('',(2.89207641903239,1.06571134573012,4.6459643734399));
#5362=CARTESIAN_POINT('',(3.65273451161325,1.42369326757145,4.72828715134819));
#5363=CARTESIAN_POINT('',(2.6758698002945,1.3657494389836,3.55707727298492));
#5364=CARTESIAN_POINT('',(2.98901527551883,0.752223740178437,4.04516813111928));
#5365=CARTESIAN_POINT('',(3.78335426913556,1.02720809872999,4.12748111219913));
#5366=CARTESIAN_POINT('',(2.74477114310933,1.22131031965775,3.25726857788186));
#5367=CARTESIAN_POINT('',(3.02451570214237,0.592413020593331,3.74666757106953));
#5368=CARTESIAN_POINT('',(3.83251674741123,0.825319467744402,3.82913748683137));
#5369=CARTESIAN_POINT('',(2.8017143137691,1.07256557096586,2.96145747826057));
#5370=CARTESIAN_POINT('',(3.04699859261505,0.431843461672012,3.45398492257217));
#5371=CARTESIAN_POINT('',(3.86565815532646,0.622302567347103,3.53641265839966));
#5372=CARTESIAN_POINT('',(1.88368206912447,-2.78929549052945,31.8975240661717));
#5373=CARTESIAN_POINT('',(1.56222178810369,-3.04264099486909,31.276395071762));
#5374=CARTESIAN_POINT('',(0.863382768029695,-3.42729586739349,30.0453993623352));
#5375=CARTESIAN_POINT('',(-0.372286305578541,-3.64303357716176,28.2355066134108));
#5376=CARTESIAN_POINT('',(-1.63398806939912,-3.44906840904335,26.3835123957181));
#5377=CARTESIAN_POINT('',(-2.40281149952901,-3.04771612418316,25.18238435174));
#5378=CARTESIAN_POINT('',(-2.74461346152744,-2.79159359416284,24.5735970312238));
#5379=CARTESIAN_POINT('',(0.777385988063677,3.8368324155255,10.2911392253734));
#5380=CARTESIAN_POINT('',(1.14976048941687,3.70221868194383,9.72744035551902));
#5381=CARTESIAN_POINT('',(1.66442838005804,3.41754796503829,8.88946182757627));
#5382=CARTESIAN_POINT('',(2.19755722421097,2.89643652672387,7.7306662833341));
#5383=CARTESIAN_POINT('',(2.50593467451691,2.47441447542314,6.84385904134584));
#5384=CARTESIAN_POINT('',(2.69442277555654,2.10631964239466,6.09549615688336));
#5385=CARTESIAN_POINT('',(2.80401529530678,1.80543681098555,5.48761613848025));
#5386=CARTESIAN_POINT('',(2.85795029938067,1.58787311127603,5.02118488594741));
#5387=CARTESIAN_POINT('',(2.88986804693273,1.38331472346556,4.54739962342886));
#5388=CARTESIAN_POINT('',(2.89731027306233,1.22937146723309,4.1452050070854));
#5389=CARTESIAN_POINT('',(2.8912888139916,1.12243804340091,3.81850685282285));
#5390=CARTESIAN_POINT('',(2.87707972938964,1.05866265904655,3.56477274654876));
#5391=CARTESIAN_POINT('',(2.85956185342773,1.02072219981029,3.36245150214239));
#5392=CARTESIAN_POINT('',(2.81379866849529,1.05658995194785,3.17115793826569));
#5393=CARTESIAN_POINT('',(2.77044600892624,1.15164828345836,3.17932812246657));
#5394=CARTESIAN_POINT('',(2.75427307384775,1.18910884055131,3.19583714333952));
#5395=CARTESIAN_POINT('',(3.84884586132747,0.837932494026447,31.8613778197044));
#5396=CARTESIAN_POINT('',(3.94098415704204,0.255144348488269,32.1459019986742));
#5397=CARTESIAN_POINT('',(3.39516587001583,-0.104521222649521,32.1884292960415));
#5398=CARTESIAN_POINT('',(3.8321190928767,0.87837201267812,31.926264340278));
#5399=CARTESIAN_POINT('',(3.93037383837486,0.299618810755603,32.2093395703964));
#5400=CARTESIAN_POINT('',(3.39293145639507,-0.0663379701741678,32.2536899085606));
#5401=CARTESIAN_POINT('',(3.8148269360341,0.918494765439771,31.9911269626747));
#5402=CARTESIAN_POINT('',(3.91965149126668,0.34235072977272,32.2715178025241));
#5403=CARTESIAN_POINT('',(3.38964058781485,-0.0299631489239142,32.3165347273461));
#5404=CARTESIAN_POINT('',(3.77923262705194,0.997609698002718,32.1210857129129));
#5405=CARTESIAN_POINT('',(3.89658870154886,0.427914087394148,32.3970006902103));
#5406=CARTESIAN_POINT('',(3.38231110724892,0.0435059608352081,32.4439942106875));
#5407=CARTESIAN_POINT('',(3.76091899600562,1.03668101442979,32.186137503379));
#5408=CARTESIAN_POINT('',(3.88442012635401,0.470344668472316,32.4598833792593));
#5409=CARTESIAN_POINT('',(3.37810087375895,0.0801253348550647,32.5078645446382));
#5410=CARTESIAN_POINT('',(3.70448065064088,1.15249022658571,32.3815025800274));
#5411=CARTESIAN_POINT('',(3.84609434180828,0.596439758908045,32.6487061073949));
#5412=CARTESIAN_POINT('',(3.36384502172829,0.189651275460391,32.6998798755665));
#5413=CARTESIAN_POINT('',(3.6648613091823,1.22782458598608,32.512025796752));
#5414=CARTESIAN_POINT('',(3.8180417367896,0.679234103463848,32.7752901584039));
#5415=CARTESIAN_POINT('',(3.35217613644833,0.262226281237648,32.8284288897294));
#5416=CARTESIAN_POINT('',(3.54033025877247,1.44859546358346,32.9043663466334));
#5417=CARTESIAN_POINT('',(3.72695724475559,0.922994108848385,33.1556255519427));
#5418=CARTESIAN_POINT('',(3.3106948911113,0.478707875479272,33.2155650887658));
#5419=CARTESIAN_POINT('',(3.44978676815158,1.58881655260997,33.1669581165116));
#5420=CARTESIAN_POINT('',(3.65671294211063,1.08064724400641,33.4118523369724));
#5421=CARTESIAN_POINT('',(3.27443787869474,0.621379934478552,33.4756373757725));
#5422=CARTESIAN_POINT('',(3.2542567732247,1.85694816003269,33.6937529974002));
#5423=CARTESIAN_POINT('',(3.49796730480782,1.38581388899239,33.9276517920093));
#5424=CARTESIAN_POINT('',(3.18410661837753,0.903643717979766,33.9991761309251));
#5425=CARTESIAN_POINT('',(3.14928900638422,1.98481563019353,33.9578857759563));
#5426=CARTESIAN_POINT('',(3.40960982878011,1.53345090539903,34.187254485956));
#5427=CARTESIAN_POINT('',(3.13003767612053,1.04319455993205,34.2625734650084));
#5428=CARTESIAN_POINT('',(3.02299268088268,2.12201753919992,34.2548821533616));
#5429=CARTESIAN_POINT('',(3.29953888393755,1.69433606086023,34.4811798339506));
#5430=CARTESIAN_POINT('',(3.05847922271059,1.19804248580059,34.5598163269249));
#5431=CARTESIAN_POINT('',(3.00882814704069,2.1371939154297,34.2878731101761));
#5432=CARTESIAN_POINT('',(3.28696127954646,1.71236426341715,34.5141129072404));
#5433=CARTESIAN_POINT('',(3.05024499592142,1.21568989556765,34.593508125458));
#5434=CARTESIAN_POINT('',(2.98033719403827,2.16725862569019,34.3538959968219));
#5435=CARTESIAN_POINT('',(3.26294661787025,1.74657313651567,34.5778189153835));
#5436=CARTESIAN_POINT('',(3.03421003028385,1.24820654441011,34.6571720781043));
#5437=CARTESIAN_POINT('',(2.96604066849379,2.18210382225301,34.3869448026966));
#5438=CARTESIAN_POINT('',(3.25081141403025,1.76356809475515,34.6096863534679));
#5439=CARTESIAN_POINT('',(3.02614611914106,1.26445870943617,34.6890370511969));
#5440=CARTESIAN_POINT('',(2.92300886040777,2.22608896601259,34.4862027094796));
#5441=CARTESIAN_POINT('',(3.21403138261711,1.81421390181157,34.7053046386398));
#5442=CARTESIAN_POINT('',(3.00180400657047,1.31322069024903,34.784732280012));
#5443=CARTESIAN_POINT('',(2.8941284666871,2.25468134697661,34.5525308525367));
#5444=CARTESIAN_POINT('',(3.18898766858835,1.84756294991108,34.7691394928909));
#5445=CARTESIAN_POINT('',(2.98537436325019,1.34573954895104,34.8486702881416));
#5446=CARTESIAN_POINT('',(2.80702614619944,2.33832003466138,34.7518784656065));
#5447=CARTESIAN_POINT('',(3.11237460621332,1.94625382108344,34.9606325658896));
#5448=CARTESIAN_POINT('',(2.93538829298271,1.44347733041382,35.0408163093557));
#5449=CARTESIAN_POINT('',(2.74819646034866,2.39140096784948,34.8851736614839));
#5450=CARTESIAN_POINT('',(3.05881194432468,2.01086409334528,35.0889250458938));
#5451=CARTESIAN_POINT('',(2.90084021042255,1.50958336039209,35.17004654092));
#5452=CARTESIAN_POINT('',(2.68929128329457,2.44145157939337,35.0191719724347));
#5453=CARTESIAN_POINT('',(3.00446528484486,2.07244326323201,35.2164536201779));
#5454=CARTESIAN_POINT('',(2.86592389350756,1.57367474677813,35.2968158443037));
#5455=CARTESIAN_POINT('',(2.87861487728846,0.626703440557115,31.7429121091332));
#5456=CARTESIAN_POINT('',(3.39516587001625,-0.104521222649061,32.1884292960418));
#5457=CARTESIAN_POINT('',(3.94098415704193,0.255144348488738,32.1459019986743));
#5458=CARTESIAN_POINT('',(3.84884586132747,0.837932494026446,31.8613778197044));
#5459=CARTESIAN_POINT('',(3.41577565005649,-0.441318730981711,31.6117497548513));
#5460=CARTESIAN_POINT('',(4.03576643558576,-0.143313285155415,31.576165491485));
#5461=CARTESIAN_POINT('',(3.99710216912832,0.47950021156441,31.2862615998145));
#5462=CARTESIAN_POINT('',(3.39234200168717,-0.765800378196107,31.0460096066462));
#5463=CARTESIAN_POINT('',(4.07416454387281,-0.542469142741998,31.0249380652858));
#5464=CARTESIAN_POINT('',(4.09978929473503,0.105491803724447,30.7167052522872));
#5465=CARTESIAN_POINT('',(3.29782396218916,-1.24358941669998,30.2169777817971));
#5466=CARTESIAN_POINT('',(4.04954737840707,-1.1490973132288,30.2245858342697));
#5467=CARTESIAN_POINT('',(4.17815307233464,-0.489197934134242,29.8755634178991));
#5468=CARTESIAN_POINT('',(3.25618717889762,-1.40128214096549,29.9438684201688));
#5469=CARTESIAN_POINT('',(4.02672406055376,-1.35467103069219,29.9595486258431));
#5470=CARTESIAN_POINT('',(4.19138994844656,-0.692988534773241,29.5973104697654));
#5471=CARTESIAN_POINT('',(3.17750272134046,-1.63600469014537,29.5392879577462));
#5472=CARTESIAN_POINT('',(3.96895359059407,-1.66439655100388,29.5687713589313));
#5473=CARTESIAN_POINT('',(4.18855873189854,-1.00776228973931,29.1832528218435));
#5474=CARTESIAN_POINT('',(3.14855785354024,-1.71393881207449,29.4052740338346));
#5475=CARTESIAN_POINT('',(3.94558298382168,-1.76838878078988,29.4390009925094));
#5476=CARTESIAN_POINT('',(4.1838169398525,-1.11419765849526,29.0457843154601));
#5477=CARTESIAN_POINT('',(3.10081949183387,-1.83041132947633,29.2055416902581));
#5478=CARTESIAN_POINT('',(3.90417104922341,-1.92457759280298,29.2460593789991));
#5479=CARTESIAN_POINT('',(4.17041062428812,-1.27617493840662,28.8403955308421));
#5480=CARTESIAN_POINT('',(3.08263213720395,-1.87085113039831,29.1358972311978));
#5481=CARTESIAN_POINT('',(3.88881766609281,-1.9793728656398,29.1798151447122));
#5482=CARTESIAN_POINT('',(4.1649233584524,-1.33045002369716,28.7720276782394));
#5483=CARTESIAN_POINT('',(3.04595824340996,-1.94986224323697,28.9983280214602));
#5484=CARTESIAN_POINT('',(3.85648719532155,-2.08686352575714,29.0485167091896));
#5485=CARTESIAN_POINT('',(4.15215488233704,-1.43881363434511,28.6351914243825));
#5486=CARTESIAN_POINT('',(3.02702531141127,-1.98898893965953,28.9296091626457));
#5487=CARTESIAN_POINT('',(3.83934171061587,-2.14036116690026,28.9829608687565));
#5488=CARTESIAN_POINT('',(4.14483471645774,-1.49301353377644,28.566765791542));
#5489=CARTESIAN_POINT('',(2.92937079945218,-2.18282183373157,28.5863334461161));
#5490=CARTESIAN_POINT('',(3.74809822082626,-2.40841289201917,28.6534786745245));
#5491=CARTESIAN_POINT('',(4.10345890175491,-1.7641497953984,28.2246108408368));
#5492=CARTESIAN_POINT('',(2.84209093564811,-2.33137526449525,28.3141474585676));
#5493=CARTESIAN_POINT('',(3.65981298017757,-2.61630879506861,28.3947228225427));
#5494=CARTESIAN_POINT('',(4.05522002516507,-1.98045674747783,27.9524146456492));
#5495=CARTESIAN_POINT('',(2.65080726019871,-2.61431714942684,27.7797557191833));
#5496=CARTESIAN_POINT('',(3.45443719768766,-3.01863682087883,27.8872306340188));
#5497=CARTESIAN_POINT('',(3.92765686134208,-2.40760078456985,27.4148977716859));
#5498=CARTESIAN_POINT('',(2.54652994727145,-2.74914144002564,27.5167470000675));
#5499=CARTESIAN_POINT('',(3.33649243675626,-3.2134005812452,27.6379052665256));
#5500=CARTESIAN_POINT('',(3.84815112209502,-2.619046127862,27.1488363155488));
#5501=CARTESIAN_POINT('',(2.31940943360742,-3.00567012916411,26.9984130796529));
#5502=CARTESIAN_POINT('',(3.06949212986565,-3.58831810468426,27.1470814217888));
#5503=CARTESIAN_POINT('',(3.65426963129575,-3.03552808218896,26.6215651490657));
#5504=CARTESIAN_POINT('',(2.19656759677266,-3.12737195035365,26.7430848037921));
#5505=CARTESIAN_POINT('',(2.9198768891277,-3.76816091450752,26.9057608281895));
#5506=CARTESIAN_POINT('',(3.53990218229051,-3.24056344969544,26.360352636109));
#5507=CARTESIAN_POINT('',(2.03004750884016,-3.27052979273808,26.4280422373558));
#5508=CARTESIAN_POINT('',(2.71343426860882,-3.97995987976974,26.61032466289));
#5509=CARTESIAN_POINT('',(3.37236810994132,-3.49046130314221,26.036120143418));
#5510=CARTESIAN_POINT('',(1.99609277282068,-3.29870948904745,26.3652387740388));
#5511=CARTESIAN_POINT('',(2.67078932990106,-4.02202166124492,26.5510380542987));
#5512=CARTESIAN_POINT('',(3.33762949267798,-3.54011692863609,25.9713863117719));
#5513=CARTESIAN_POINT('',(1.95280834144778,-3.33334853252039,26.2869781444011));
#5514=CARTESIAN_POINT('',(2.61622769549767,-4.07372588190593,26.4773078287982));
#5515=CARTESIAN_POINT('',(3.29261418087784,-3.60173346346431,25.8905944991915));
#5516=CARTESIAN_POINT('',(1.94431931452568,-3.34017766996722,26.2716390177539));
#5517=CARTESIAN_POINT('',(2.60544333118501,-4.08380323802135,26.4627415198703));
#5518=CARTESIAN_POINT('',(3.28353135191702,-3.61403421402526,25.8744424928562));
#5519=CARTESIAN_POINT('',(1.92641671606275,-3.35405429166662,26.2397815344281));
#5520=CARTESIAN_POINT('',(2.58287648334637,-4.10484868923062,26.4328592078525));
#5521=CARTESIAN_POINT('',(3.26520567138698,-3.63858865670268,25.8421502566512));
#5522=CARTESIAN_POINT('',(1.91701476327879,-3.36109104783075,26.2232471988032));
#5523=CARTESIAN_POINT('',(2.57110096221889,-4.11581087651606,26.4175270424607));
#5524=CARTESIAN_POINT('',(3.25598042159708,-3.65082905588666,25.8259995377062));
#5525=CARTESIAN_POINT('',(1.88936354632024,-3.3818664404511,26.174559992986));
#5526=CARTESIAN_POINT('',(2.53624225689669,-4.14782322041114,26.372093713562));
#5527=CARTESIAN_POINT('',(3.2281180702696,-3.68743803143251,25.7775324006677));
#5528=CARTESIAN_POINT('',(1.87082143089301,-3.39555044769472,26.1421083857788));
#5529=CARTESIAN_POINT('',(2.51280040356994,-4.16893745959497,26.3418340062565));
#5530=CARTESIAN_POINT('',(3.20929376941573,-3.71169485943021,25.7452013698171));
#5531=CARTESIAN_POINT('',(1.77756326069081,-3.46314335111764,25.9798751302149));
#5532=CARTESIAN_POINT('',(2.39397032161759,-4.27391116482692,26.1898941407521));
#5533=CARTESIAN_POINT('',(3.11391518875819,-3.83222236487816,25.58344277703));
#5534=CARTESIAN_POINT('',(1.70120548848688,-3.51457660670294,25.8501693015327));
#5535=CARTESIAN_POINT('',(2.29576106878929,-4.35408480567926,26.0689686013833));
#5536=CARTESIAN_POINT('',(3.03359149901632,-3.9262287481896,25.4537074517722));
#5537=CARTESIAN_POINT('',(1.62298897690185,-3.56337437573904,25.7204318732691));
#5538=CARTESIAN_POINT('',(2.19460657673737,-4.43029531319115,25.9487543715376));
#5539=CARTESIAN_POINT('',(2.9491036158821,-4.0176348560689,25.3235541472097));
#5540=CARTESIAN_POINT('',(2.36693563888649,-3.22453340521834,25.1444716655997));
#5541=CARTESIAN_POINT('',(1.62298897690185,-3.56337437573905,25.7204318732691));
#5542=CARTESIAN_POINT('',(2.19460657673737,-4.43029531319116,25.9487543715376));
#5543=CARTESIAN_POINT('',(2.9491036158821,-4.01763485606891,25.3235541472097));
#5544=CARTESIAN_POINT('',(1.28162800432944,-3.84424603852897,25.114269888049));
#5545=CARTESIAN_POINT('',(1.75562146534831,-4.77149224228939,25.336940126048));
#5546=CARTESIAN_POINT('',(2.55059581412622,-4.44877415966362,24.7096541976104));
#5547=CARTESIAN_POINT('',(0.898198400975345,-4.06354561352822,24.527344354052));
#5548=CARTESIAN_POINT('',(1.26965277064361,-5.03406903971521,24.7385163922926));
#5549=CARTESIAN_POINT('',(2.08455813957986,-4.80198024513688,24.1049688407819));
#5550=CARTESIAN_POINT('',(0.367122400020344,-4.24625458876892,23.8064053013884));
#5551=CARTESIAN_POINT('',(0.603495966955363,-5.25199604255502,24.0003998435103));
#5552=CARTESIAN_POINT('',(1.42146027010042,-5.13066852359166,23.3516061934155));
#5553=CARTESIAN_POINT('',(0.258310303194633,-4.27814054722824,23.6628480378019));
#5554=CARTESIAN_POINT('',(0.467450607624431,-5.2899154504959,23.8533998514594));
#5555=CARTESIAN_POINT('',(1.28475417762954,-5.19065485628095,23.2010401886349));
#5556=CARTESIAN_POINT('',(0.119040212012923,-4.31172066050553,23.484017508855));
#5557=CARTESIAN_POINT('',(0.29361383566798,-5.32977112348821,23.6700657432205));
#5558=CARTESIAN_POINT('',(1.10866992473354,-5.25789497348069,23.012788142064));
#5559=CARTESIAN_POINT('',(0.0910233744247614,-4.31812238261066,23.4482822235377));
#5560=CARTESIAN_POINT('',(0.25866583557668,-5.33736285507672,23.6334284422272));
#5561=CARTESIAN_POINT('',(1.07319269815649,-5.27095523266204,22.9751354451897));
#5562=CARTESIAN_POINT('',(0.0346635140896862,-4.33028395718171,23.3768690552141));
#5563=CARTESIAN_POINT('',(0.188392330060992,-5.35177513317136,23.5601942276121));
#5564=CARTESIAN_POINT('',(1.00171390904581,-5.29628373533717,22.8998207731666));
#5565=CARTESIAN_POINT('',(0.00653067644810054,-4.33609082499744,23.3415168126988));
#5566=CARTESIAN_POINT('',(0.153359900678837,-5.35851347442094,23.5238193410005));
#5567=CARTESIAN_POINT('',(0.965673440408525,-5.30855531202638,22.8621813105271));
#5568=CARTESIAN_POINT('',(-0.0821317117844854,-4.35177471030585,23.2303147444337));
#5569=CARTESIAN_POINT('',(0.0423230113087795,-5.37901887844915,23.4110739552517));
#5570=CARTESIAN_POINT('',(0.857067163084725,-5.34412883306756,22.7490635383842));
#5571=CARTESIAN_POINT('',(-0.141568866593211,-4.36088881566262,23.1559143200521));
#5572=CARTESIAN_POINT('',(-0.0320876076198979,-5.39101962576602,23.3356019463461));
#5573=CARTESIAN_POINT('',(0.783989358375041,-5.36621215456672,22.6732283701974));
#5574=CARTESIAN_POINT('',(-0.438061282230673,-4.39938990476362,22.785388852885));
#5575=CARTESIAN_POINT('',(-0.403794497881293,-5.44235566897834,22.9589304301661));
#5576=CARTESIAN_POINT('',(0.418156152804786,-5.46760657373138,22.2948449307909));
#5577=CARTESIAN_POINT('',(-0.6741616555776,-4.40793193818457,22.4923206650189));
#5578=CARTESIAN_POINT('',(-0.699279470700508,-5.45575073632695,22.6606269137175));
#5579=CARTESIAN_POINT('',(0.122761418586683,-5.52050743603764,21.9933145811971));
#5580=CARTESIAN_POINT('',(-1.1429743618004,-4.38149124939686,21.9101394455855));
#5581=CARTESIAN_POINT('',(-1.28646834693393,-5.42956885229713,22.0670110485752));
#5582=CARTESIAN_POINT('',(-0.471243524058045,-5.57131404211597,21.3908533661863));
#5583=CARTESIAN_POINT('',(-1.37567301827499,-4.34649283573239,21.6210335976914));
#5584=CARTESIAN_POINT('',(-1.5781612128049,-5.38974668913543,21.7716972401016));
#5585=CARTESIAN_POINT('',(-0.76985335515413,-5.5692106538717,21.089923183145));
#5586=CARTESIAN_POINT('',(-1.72045600786645,-4.26032703220101,21.1886078833448));
#5587=CARTESIAN_POINT('',(-2.01070537829901,-5.28911687017389,21.3299983921128));
#5588=CARTESIAN_POINT('',(-1.21838055620282,-5.52338591302602,20.637519485206));
#5589=CARTESIAN_POINT('',(-1.83466585058348,-4.22597733373683,21.0446741293198));
#5590=CARTESIAN_POINT('',(-2.15426410143151,-5.24864094349136,21.1827520537662));
#5591=CARTESIAN_POINT('',(-1.3679905600932,-5.50097489097486,20.4865486732158));
#5592=CARTESIAN_POINT('',(-2.06128210327944,-4.14563783782909,20.7569584649982));
#5593=CARTESIAN_POINT('',(-2.4394511688363,-5.15343925575481,20.8883073470527));
#5594=CARTESIAN_POINT('',(-1.66709425858079,-5.44130898770584,20.1840000629539));
#5595=CARTESIAN_POINT('',(-2.17379236042555,-4.09954503324995,20.613030234857));
#5596=CARTESIAN_POINT('',(-2.58120529469047,-5.09856088221554,20.7409621361236));
#5597=CARTESIAN_POINT('',(-1.81673783794817,-5.40394444233799,20.0322644315022));
#5598=CARTESIAN_POINT('',(-2.29728111792396,-4.04180858580358,20.453448069476));
#5599=CARTESIAN_POINT('',(-2.73687807359083,-5.02962230408931,20.5776919968583));
#5600=CARTESIAN_POINT('',(-1.98235354966538,-5.35397693207036,19.8635930106954));
#5601=CARTESIAN_POINT('',(-2.3109657231775,-4.03530964936757,20.4357410192805));
#5602=CARTESIAN_POINT('',(-2.75414743268929,-5.02185217130025,20.5595592413062));
#5603=CARTESIAN_POINT('',(-2.00072585488438,-5.34831334514356,19.8448713686261));
#5604=CARTESIAN_POINT('',(-2.33826161024097,-4.02214452227574,20.400375085249));
#5605=CARTESIAN_POINT('',(-2.78859981387046,-5.00610515347938,20.5233420127947));
#5606=CARTESIAN_POINT('',(-2.03741098002169,-5.33676294596763,19.8074668837011));
#5607=CARTESIAN_POINT('',(-2.35271885447577,-4.01477664516881,20.3814048331037));
#5608=CARTESIAN_POINT('',(-2.80722831860938,-4.99764310233655,20.5041855892675));
#5609=CARTESIAN_POINT('',(-2.05569992110652,-5.33088630178598,19.7887653388812));
#5610=CARTESIAN_POINT('',(-2.39465698610383,-3.99347283081684,20.3263680192315));
#5611=CARTESIAN_POINT('',(-2.86078905682985,-4.97267447502833,20.4482250528567));
#5612=CARTESIAN_POINT('',(-2.11039396597774,-5.31295920066807,19.732652680476));
#5613=CARTESIAN_POINT('',(-2.42237340444342,-3.97897363352408,20.2896963468281));
#5614=CARTESIAN_POINT('',(-2.89620156406812,-4.95565077582907,20.4109376593364));
#5615=CARTESIAN_POINT('',(-2.14663167495097,-5.30060931762459,19.6952377479095));
#5616=CARTESIAN_POINT('',(-2.50480059736201,-3.93459761592786,20.1797321991252));
#5617=CARTESIAN_POINT('',(-3.00164180302933,-4.90342478317065,20.2990452593484));
#5618=CARTESIAN_POINT('',(-2.25467170134782,-5.26237874632422,19.5829691127434));
#5619=CARTESIAN_POINT('',(-2.55878967859234,-3.90384265230675,20.1064905318983));
#5620=CARTESIAN_POINT('',(-3.07076407753487,-4.86711585992302,20.2245218895081));
#5621=CARTESIAN_POINT('',(-2.32580119409699,-5.2353175608905,19.5080916099139));
#5622=CARTESIAN_POINT('',(-2.71789506933436,-3.80814628104173,19.8869092849888));
#5623=CARTESIAN_POINT('',(-3.27496738091747,-4.75367222430733,20.0007900494794));
#5624=CARTESIAN_POINT('',(-2.53650251053497,-5.14951167571047,19.2833276109541));
#5625=CARTESIAN_POINT('',(-2.82015435779672,-3.73977711850889,19.7407126801926));
#5626=CARTESIAN_POINT('',(-3.40645874332803,-4.67221936179827,19.8518655195252));
#5627=CARTESIAN_POINT('',(-2.67339098837517,-5.08615058560016,19.1333101437557));
#5628=CARTESIAN_POINT('',(-3.11550590782723,-3.52145554210757,19.3022515192981));
#5629=CARTESIAN_POINT('',(-3.78825842799519,-4.4103998197879,19.4041273846624));
#5630=CARTESIAN_POINT('',(-3.0732053007076,-4.8781653710198,18.6824232760673));
#5631=CARTESIAN_POINT('',(-3.29723468907018,-3.35833796532109,19.0101074923345));
#5632=CARTESIAN_POINT('',(-4.02427030945742,-4.21343484823018,19.1061084429885));
#5633=CARTESIAN_POINT('',(-3.32533689078598,-4.71572680060753,18.3807281049936));
#5634=CARTESIAN_POINT('',(-3.54582024588555,-3.08832216146026,18.5705506435951));
#5635=CARTESIAN_POINT('',(-4.34964380473422,-3.88580075504537,18.6582880493657));
#5636=CARTESIAN_POINT('',(-3.68039836025085,-4.43702711434284,17.9251371786244));
#5637=CARTESIAN_POINT('',(-3.62487593445637,-2.99379451289898,18.4233871614046));
#5638=CARTESIAN_POINT('',(-4.45379684032541,-3.77053554544804,18.5080929925647));
#5639=CARTESIAN_POINT('',(-3.79519642662495,-4.33795926301669,17.7723228151694));
#5640=CARTESIAN_POINT('',(-3.77352114566353,-2.79766781589239,18.1304257524513));
#5641=CARTESIAN_POINT('',(-4.65077692027679,-3.53066387069255,18.2090995530645));
#5642=CARTESIAN_POINT('',(-4.01508879890695,-4.12939983568306,17.4675452262374));
#5643=CARTESIAN_POINT('',(-3.84288700565328,-2.6964273586078,17.9851220429275));
#5644=CARTESIAN_POINT('',(-4.74325237412981,-3.40648472680318,18.0608319864836));
#5645=CARTESIAN_POINT('',(-4.11983890105274,-4.02029872552098,17.3160979833725));
#5646=CARTESIAN_POINT('',(-3.93951738718867,-2.54008922240342,17.7687664510741));
#5647=CARTESIAN_POINT('',(-4.87290805376516,-3.21433539192686,17.8402659066713));
#5648=CARTESIAN_POINT('',(-4.26915497978899,-3.8496469047316,17.0901586103002));
#5649=CARTESIAN_POINT('',(-3.97049009522387,-2.48722950386134,17.6969152339119));
#5650=CARTESIAN_POINT('',(-4.91465704617314,-3.14922728987074,17.766968905152));
#5651=CARTESIAN_POINT('',(-4.31762433469407,-3.79159481623376,17.0150511342454));
#5652=CARTESIAN_POINT('',(-4.01508616173002,-2.40684881888255,17.5895244799742));
#5653=CARTESIAN_POINT('',(-4.9749971269628,-3.05012453708928,17.6574737392141));
#5654=CARTESIAN_POINT('',(-4.38836184231971,-3.70278035036037,16.9026793013349));
#5655=CARTESIAN_POINT('',(-4.0296409567683,-2.37987336130495,17.5537919471419));
#5656=CARTESIAN_POINT('',(-4.99474031205462,-3.01683087788856,17.6210299854506));
#5657=CARTESIAN_POINT('',(-4.41161318225338,-3.67288604832582,16.8652702779875));
#5658=CARTESIAN_POINT('',(-4.05812754574701,-2.32556302261931,17.4824536499723));
#5659=CARTESIAN_POINT('',(-5.03346901462089,-2.94975494501605,17.5482776144321));
#5660=CARTESIAN_POINT('',(-4.45745719230097,-3.6125200250541,16.7905458452201));
#5661=CARTESIAN_POINT('',(-4.07265333137415,-2.29661292003479,17.444792795506));
#5662=CARTESIAN_POINT('',(-5.05390681080311,-2.9140527155985,17.5099555821251));
#5663=CARTESIAN_POINT('',(-4.48001724004511,-3.58208500278552,16.7531960230062));
#5664=CARTESIAN_POINT('',(-4.14224001618001,-2.15417515849611,17.2596335145773));
#5665=CARTESIAN_POINT('',(-5.15132439684212,-2.73780097488705,17.3210820430847));
#5666=CARTESIAN_POINT('',(-4.59069186107707,-3.42905116353591,16.566146555434));
#5667=CARTESIAN_POINT('',(-4.19178634265707,-2.0386302983135,17.1112200837051));
#5668=CARTESIAN_POINT('',(-5.22158941345447,-2.59451834261498,17.1698869068606));
#5669=CARTESIAN_POINT('',(-4.67275771427613,-3.30351444946015,16.415887631625));
#5670=CARTESIAN_POINT('',(-4.32259080534642,-1.68775125171281,16.664723416427));
#5671=CARTESIAN_POINT('',(-5.41102322178188,-2.15681884028792,16.7138851321283));
#5672=CARTESIAN_POINT('',(-4.89996070406681,-2.91820239749613,15.9629721457702));
#5673=CARTESIAN_POINT('',(-4.38610170191889,-1.44817961877468,16.3653793320139));
#5674=CARTESIAN_POINT('',(-5.5076943868592,-1.85651560144303,16.4087736704836));
#5675=CARTESIAN_POINT('',(-5.02620026834433,-2.64977028132632,15.6581891447588));
#5676=CARTESIAN_POINT('',(-4.44611564364695,-1.08230147230185,15.9123588656749));
#5677=CARTESIAN_POINT('',(-5.60933858803568,-1.39537360074531,15.9479880342463));
#5678=CARTESIAN_POINT('',(-5.17752315693948,-2.23140170429316,15.195403579311));
#5679=CARTESIAN_POINT('',(-4.46012811105699,-0.959577059505223,15.7610885463066));
#5680=CARTESIAN_POINT('',(-5.63582224043665,-1.23984317572278,15.7938683636425));
#5681=CARTESIAN_POINT('',(-5.22142050050088,-2.08967417238219,15.0406130208197));
#5682=CARTESIAN_POINT('',(-4.47621846835254,-0.715440327803343,15.4608771068424));
#5683=CARTESIAN_POINT('',(-5.67378853074204,-0.929277979196599,15.4880867894222));
#5684=CARTESIAN_POINT('',(-5.29550817195098,-1.80486663564853,14.7328964174268));
#5685=CARTESIAN_POINT('',(-4.47836023581918,-0.593667653052358,15.311489528922));
#5686=CARTESIAN_POINT('',(-5.68531767343694,-0.773815305735469,15.336003731268));
#5687=CARTESIAN_POINT('',(-5.32585340326619,-1.66137590359886,14.5795145195884));
#5688=CARTESIAN_POINT('',(-4.47115017986947,-0.351031358543342,15.0139662006151));
#5689=CARTESIAN_POINT('',(-5.69387920105207,-0.462845438782156,15.0332501033345));
#5690=CARTESIAN_POINT('',(-5.3733750359027,-1.37245995505288,14.2734856737137));
#5691=CARTESIAN_POINT('',(-4.46179785091209,-0.23016759926623,14.8658303453968));
#5692=CARTESIAN_POINT('',(-5.69085733417744,-0.307365328981824,14.8826115017904));
#5693=CARTESIAN_POINT('',(-5.39055155721637,-1.22703476791106,14.1208387381128));
#5694=CARTESIAN_POINT('',(-4.44301866077554,-0.0798518172802763,14.6813756795322));
#5695=CARTESIAN_POINT('',(-5.67807798956703,-0.11346490404693,14.695407178887));
#5696=CARTESIAN_POINT('',(-5.4037948856685,-1.04414425018432,13.9303796579537));
#5697=CARTESIAN_POINT('',(-4.43890800830359,-0.0498268520035035,14.6445206986635));
#5698=CARTESIAN_POINT('',(-5.67506535334298,-0.0746451943900096,14.6579614358245));
#5699=CARTESIAN_POINT('',(-5.40603162827937,-1.00751049764159,13.8923054251355));
#5700=CARTESIAN_POINT('',(-4.42997796352774,0.0101418096984772,14.5708817623881));
#5701=CARTESIAN_POINT('',(-5.66813370020534,0.00296776322897945,14.5831567377596));
#5702=CARTESIAN_POINT('',(-5.40967906997634,-0.934133391427485,13.8161898018966));
#5703=CARTESIAN_POINT('',(-4.42487808779805,0.0416029387856142,14.5321768057726));
#5704=CARTESIAN_POINT('',(-5.66432043441454,0.0439772101833932,14.5436037857185));
#5705=CARTESIAN_POINT('',(-5.41108028676288,-0.897422941989503,13.7781263116967));
#5706=CARTESIAN_POINT('',(-4.40859964788078,0.134258182829415,14.4172861006876));
#5707=CARTESIAN_POINT('',(-5.65125059236038,0.164799369258796,14.4263076594743));
#5708=CARTESIAN_POINT('',(-5.41392910026948,-0.787618630930973,13.6636546790015));
#5709=CARTESIAN_POINT('',(-4.39621070295416,0.195418445037896,14.3405009137482));
#5710=CARTESIAN_POINT('',(-5.64055165861034,0.244714386142523,14.3479584044947));
#5711=CARTESIAN_POINT('',(-5.41406181944718,-0.71470377304565,13.5870646656817));
#5712=CARTESIAN_POINT('',(-4.35455360591127,0.377040362715146,14.109521669478));
#5713=CARTESIAN_POINT('',(-5.60260298560139,0.482943677634467,14.1120159297986));
#5714=CARTESIAN_POINT('',(-5.40926792792688,-0.496864687241712,13.3564328129965));
#5715=CARTESIAN_POINT('',(-4.32080116849115,0.495646344649924,13.9547037785209));
#5716=CARTESIAN_POINT('',(-5.56954681892344,0.63918173090122,13.9540647490503));
#5717=CARTESIAN_POINT('',(-5.3991565131136,-0.352844993644498,13.2015301909179));
#5718=CARTESIAN_POINT('',(-4.24180957166848,0.72767100617336,13.643144773997));
#5719=CARTESIAN_POINT('',(-5.48849179054546,0.946669650450129,13.63627112542));
#5720=CARTESIAN_POINT('',(-5.3654876655184,-0.0674634183833702,12.8892161915245));
#5721=CARTESIAN_POINT('',(-4.19641953101049,0.841396330392576,13.4859596873756));
#5722=CARTESIAN_POINT('',(-5.44026852520751,1.0982871361761,13.4759926673168));
#5723=CARTESIAN_POINT('',(-5.34183647843869,0.0742888690908427,12.7313577441182));
#5724=CARTESIAN_POINT('',(-4.04465116890058,1.17180772999671,13.0147078003923));
#5725=CARTESIAN_POINT('',(-5.27449761682154,1.54270437888639,12.9946635739636));
#5726=CARTESIAN_POINT('',(-5.2516828143866,0.491999495584718,12.257245637707));
#5727=CARTESIAN_POINT('',(-3.92314808189206,1.37734563753407,12.701660456824));
#5728=CARTESIAN_POINT('',(-5.13683307587211,1.8223774085216,12.6759701596899));
#5729=CARTESIAN_POINT('',(-5.16642728447111,0.759831387548745,11.9412030680848));
#5730=CARTESIAN_POINT('',(-3.71385761526344,1.66292721793168,12.2325250353457));
#5731=CARTESIAN_POINT('',(-4.89376675951028,2.21696016518352,12.2000356436422));
#5732=CARTESIAN_POINT('',(-5.0035990333126,1.14526015092154,11.4658327805429));
#5733=CARTESIAN_POINT('',(-3.63956794342407,1.75432095415742,12.0762273411408));
#5734=CARTESIAN_POINT('',(-4.80630722741524,2.3446462684567,12.0412980059613));
#5735=CARTESIAN_POINT('',(-4.94346962917852,1.27101077607083,11.3071618812845));
#5736=CARTESIAN_POINT('',(-3.5216189263372,1.8855279814565,11.8418269483999));
#5737=CARTESIAN_POINT('',(-4.66609513157542,2.52966826112217,11.8037301728755));
#5738=CARTESIAN_POINT('',(-4.84458306605769,1.45545761684464,11.0686984405858));
#5739=CARTESIAN_POINT('',(-3.48121587666597,1.92828236173296,11.7637017759949));
#5740=CARTESIAN_POINT('',(-4.61777415932043,2.59034141577021,11.7245149248237));
#5741=CARTESIAN_POINT('',(-4.81017032651941,1.51624309079112,10.9891346843328));
#5742=CARTESIAN_POINT('',(-3.41900721044085,1.99091272667355,11.6465231433767));
#5743=CARTESIAN_POINT('',(-4.54304099941064,2.67968326465164,11.6058337518668));
#5744=CARTESIAN_POINT('',(-4.75636900458341,1.60636218028831,10.8696605093121));
#5745=CARTESIAN_POINT('',(-3.39687124666227,2.01277408663529,11.6051093162053));
#5746=CARTESIAN_POINT('',(-4.51640308827589,2.71133660305512,11.5632160077626));
#5747=CARTESIAN_POINT('',(-4.73808354240207,1.63616395399581,10.8297778676254));
#5748=CARTESIAN_POINT('',(-3.35291535490869,2.05480849869728,11.5236506726916));
#5749=CARTESIAN_POINT('',(-4.46336201879904,2.77220505307919,11.4798248712671));
#5750=CARTESIAN_POINT('',(-4.7008699601164,1.69506368131757,10.7497562325769));
#5751=CARTESIAN_POINT('',(-3.33070073611986,2.07545110273085,11.4828370000225));
#5752=CARTESIAN_POINT('',(-4.43649260209164,2.80220922780755,11.4380467187908));
#5753=CARTESIAN_POINT('',(-4.68193463719586,1.72419627742176,10.7096379215798));
#5754=CARTESIAN_POINT('',(-3.30825586615711,2.09572038489355,11.4419364934774));
#5755=CARTESIAN_POINT('',(-4.40929822803919,2.83176867731517,11.3962090436361));
#5756=CARTESIAN_POINT('',(-4.66267678412296,1.75301224686674,10.6694104180267));
#5757=CARTESIAN_POINT('',(-3.74412513523373,1.40766720914816,10.8617634092851));
#5758=CARTESIAN_POINT('',(-3.74412513523373,2.2749951441166,11.3595005419398));
#5759=CARTESIAN_POINT('',(-3.74412513523373,1.40766720914816,10.8617634092851));
#5760=CARTESIAN_POINT('',(2.4370014395752,1.77637862041064,3.09317469686384));
#5761=CARTESIAN_POINT('',(2.3666710869417,1.91827614471315,3.1789401354464));
#5762=CARTESIAN_POINT('',(2.25228526989781,2.01592324780001,3.27802548304555));
#5763=CARTESIAN_POINT('',(2.4021392687916,1.80012317731209,3.04769182836445));
#5764=CARTESIAN_POINT('',(2.34232614638438,1.92836076701062,3.14134330778144));
#5765=CARTESIAN_POINT('',(2.24343740534984,2.01790632276988,3.24612676198774));
#5766=CARTESIAN_POINT('',(2.36235897042566,1.83120298334552,3.00560482668291));
#5767=CARTESIAN_POINT('',(2.3142440034205,1.94456023040516,3.10739169939455));
#5768=CARTESIAN_POINT('',(2.23156539364685,2.02388291871734,3.21870418777372));
#5769=CARTESIAN_POINT('',(2.26879440671936,1.91316768931842,2.93785160899516));
#5770=CARTESIAN_POINT('',(2.24802077805786,1.99498991001692,3.05676943039315));
#5771=CARTESIAN_POINT('',(2.19833725996378,2.04851106655924,3.18293938783935));
#5772=CARTESIAN_POINT('',(2.2157674466804,1.96355907475406,2.9137114075304));
#5773=CARTESIAN_POINT('',(2.21035063207029,2.02917113746592,3.04133137607425));
#5774=CARTESIAN_POINT('',(2.17708481954637,2.0672650471969,3.17573369209287));
#5775=CARTESIAN_POINT('',(2.10298629593999,2.07432919307514,2.892278156236));
#5776=CARTESIAN_POINT('',(2.13024707660973,2.11033278058618,3.03645050704083));
#5777=CARTESIAN_POINT('',(2.12675358724158,2.1155313733329,3.18742060918111));
#5778=CARTESIAN_POINT('',(2.04508898236194,2.13258005303159,2.89503286847649));
#5779=CARTESIAN_POINT('',(2.08901307479869,2.15582076250549,3.04680908608634));
#5780=CARTESIAN_POINT('',(2.09853897809976,2.14406049552502,3.20581923687875));
#5781=CARTESIAN_POINT('',(1.93490048103861,2.24202105498437,2.91668526349882));
#5782=CARTESIAN_POINT('',(2.0103031571786,2.24474327825404,3.08178089743927));
#5783=CARTESIAN_POINT('',(2.04173647983984,2.20160629488303,3.25533970732513));
#5784=CARTESIAN_POINT('',(1.88076238908498,2.29509913067275,2.93558679358273));
#5785=CARTESIAN_POINT('',(1.97143502641743,2.28971199765867,3.10671501264358));
#5786=CARTESIAN_POINT('',(2.0122561903076,2.23152031532798,3.28697573459231));
#5787=CARTESIAN_POINT('',(1.72500576789451,2.4437794889724,3.00398958591782));
#5788=CARTESIAN_POINT('',(1.85862912545658,2.41956065507766,3.19166568897514));
#5789=CARTESIAN_POINT('',(1.92432777275253,2.31912694758981,3.39012926826351));
#5790=CARTESIAN_POINT('',(1.62795474952087,2.53094005059084,3.06469591957564));
#5791=CARTESIAN_POINT('',(1.78750517679049,2.50021488800492,3.26126380107263));
#5792=CARTESIAN_POINT('',(1.86568847178163,2.37535652340296,3.46950994767692));
#5793=CARTESIAN_POINT('',(1.43932311626459,2.68966792315448,3.19729746542247));
#5794=CARTESIAN_POINT('',(1.64769278796955,2.65197232233035,3.40946807659978));
#5795=CARTESIAN_POINT('',(1.7485043935471,2.48174192299368,3.63489858984539));
#5796=CARTESIAN_POINT('',(1.3492561768171,2.76006810252477,3.2688255487759));
#5797=CARTESIAN_POINT('',(1.57999560522498,2.72217516004226,3.48786845076295));
#5798=CARTESIAN_POINT('',(1.69053037039221,2.53149113062908,3.720482204961));
#5799=CARTESIAN_POINT('',(1.08437002047774,2.95369165662094,3.49155586555703));
#5800=CARTESIAN_POINT('',(1.37683935094544,2.92261151266606,3.73130795348034));
#5801=CARTESIAN_POINT('',(1.51595899397545,2.67291890077863,3.98175186104523));
#5802=CARTESIAN_POINT('',(0.914854523631811,3.0594978841072,3.6508474259202));
#5803=CARTESIAN_POINT('',(1.24378709997062,3.03984132838792,3.90194290757538));
#5804=CARTESIAN_POINT('',(1.39871231608936,2.75683391280908,4.16193247281992));
#5805=CARTESIAN_POINT('',(0.57835291115962,3.24162037834762,3.97915758909577));
#5806=CARTESIAN_POINT('',(0.972242728601619,3.2539598142192,4.25231042951083));
#5807=CARTESIAN_POINT('',(1.15851339591832,2.90845121979965,4.52824873212365));
#5808=CARTESIAN_POINT('',(0.411859858754787,3.31728681733483,4.14850580485306));
#5809=CARTESIAN_POINT('',(0.834148412209283,3.34975293702755,4.43235390948269));
#5810=CARTESIAN_POINT('',(1.03573646557134,2.97590312367053,4.71451609390905));
#5811=CARTESIAN_POINT('',(-0.0806538857220813,3.50527135006543,4.65808155901644));
#5812=CARTESIAN_POINT('',(0.409714577589503,3.60959337733067,4.98119448990097));
#5813=CARTESIAN_POINT('',(0.663259531855335,3.15293177635345,5.27124599226397));
#5814=CARTESIAN_POINT('',(-0.403080037889986,3.5812271370047,5.00292106185813));
#5815=CARTESIAN_POINT('',(0.121324866248609,3.73926349840584,5.3478246714041));
#5816=CARTESIAN_POINT('',(0.407215334518164,3.23918700307145,5.64313201333356));
#5817=CARTESIAN_POINT('',(-0.748216023496015,3.61842098183814,5.37119019938847));
#5818=CARTESIAN_POINT('',(-0.195982220159012,3.83813873261036,5.73551321821671));
#5819=CARTESIAN_POINT('',(0.1224991988074,3.297925058191,6.03999571927773));
#5820=CARTESIAN_POINT('',(-0.768498115621178,3.62045200487145,5.3928741857099));
#5821=CARTESIAN_POINT('',(-0.214407485103428,3.84380636983251,5.75791300157552));
#5822=CARTESIAN_POINT('',(0.106622999314509,3.30107644438324,6.0621227485053));
#5823=CARTESIAN_POINT('',(-0.808983479649006,3.62421794437523,5.43630240422688));
#5824=CARTESIAN_POINT('',(-0.251817889994356,3.85498930979186,5.80355335730093));
#5825=CARTESIAN_POINT('',(0.0741351911925754,3.30730294510966,6.10746070363641));
#5826=CARTESIAN_POINT('',(-0.829193195249534,3.62595070961869,5.45804367068563));
#5827=CARTESIAN_POINT('',(-0.270532521450294,3.86044636986799,5.82640584689769));
#5828=CARTESIAN_POINT('',(0.0578908106979881,3.3102994531259,6.13014934631107));
#5829=CARTESIAN_POINT('',(-0.88972616466824,3.63070389158963,5.52334805598699));
#5830=CARTESIAN_POINT('',(-0.326786589011353,3.87644242815526,5.89515761464913));
#5831=CARTESIAN_POINT('',(0.00915511457118886,3.31894133371236,6.19827475510266));
#5832=CARTESIAN_POINT('',(-0.929953280787555,3.63327935123037,5.56699172686189));
#5833=CARTESIAN_POINT('',(-0.364276909099916,3.88655657226969,5.94105712637705));
#5834=CARTESIAN_POINT('',(-0.0233387712021831,3.32423915884577,6.24377098719136));
#5835=CARTESIAN_POINT('',(-1.05027028720133,3.63926384305116,5.6982391702464));
#5836=CARTESIAN_POINT('',(-0.477207204400055,3.9154150123062,6.07953906834348));
#5837=CARTESIAN_POINT('',(-0.120839054230681,3.33875940120776,6.38050197145289));
#5838=CARTESIAN_POINT('',(-1.12999637688258,3.64093317283275,5.78615891048814));
#5839=CARTESIAN_POINT('',(-0.55246372658382,3.93247696070068,6.17212086217907));
#5840=CARTESIAN_POINT('',(-0.185864255299284,3.34660997420777,6.47197876149151));
#5841=CARTESIAN_POINT('',(-1.36785935508874,3.63919983498965,6.05115415550808));
#5842=CARTESIAN_POINT('',(-0.78021400826343,3.97778970665909,6.45306675201287));
#5843=CARTESIAN_POINT('',(-0.381073759358294,3.36475618209629,6.74742152257188));
#5844=CARTESIAN_POINT('',(-1.52461108746911,3.62901231561385,6.2294016999228));
#5845=CARTESIAN_POINT('',(-0.931978835259594,3.99930665252047,6.64132035666602));
#5846=CARTESIAN_POINT('',(-0.511342941897186,3.36960117625178,6.93233334448149));
#5847=CARTESIAN_POINT('',(-1.9845027019284,3.57337856971719,6.76199523694573));
#5848=CARTESIAN_POINT('',(-1.39028001085884,4.0397870005654,7.21212695791682));
#5849=CARTESIAN_POINT('',(-0.897983430430668,3.36296017252481,7.48427076496633));
#5850=CARTESIAN_POINT('',(-2.27956166604711,3.50326064372307,7.11654475586475));
#5851=CARTESIAN_POINT('',(-1.69073648190165,4.03242652152481,7.58947667743733));
#5852=CARTESIAN_POINT('',(-1.1519788490263,3.33079137305172,7.8509420154021));
#5853=CARTESIAN_POINT('',(-2.70714167919699,3.34926697059659,7.64796953212723));
#5854=CARTESIAN_POINT('',(-2.13891203806222,3.972230358355,8.15574742400233));
#5855=CARTESIAN_POINT('',(-1.52832467541054,3.24007905927021,8.40111815096498));
#5856=CARTESIAN_POINT('',(-2.84713009062317,3.28970869541751,7.82504762544832));
#5857=CARTESIAN_POINT('',(-2.2899590361688,3.94303180941095,8.34723328483991));
#5858=CARTESIAN_POINT('',(-1.65298597293314,3.20269712113691,8.58453958677496));
#5859=CARTESIAN_POINT('',(-3.01891587916733,3.20434899581262,8.04637974508857));
#5860=CARTESIAN_POINT('',(-2.47786766419782,3.89500077594552,8.58631224926355));
#5861=CARTESIAN_POINT('',(-1.8078537363257,3.146363058233,8.81412465948323));
#5862=CARTESIAN_POINT('',(-3.05309066130768,3.1867516426174,8.09065908720727));
#5863=CARTESIAN_POINT('',(-2.5142384306946,3.88542679520927,8.63245697909348));
#5864=CARTESIAN_POINT('',(-1.83729524976932,3.13511529591605,8.85797386257655));
#5865=CARTESIAN_POINT('',(-3.12079163866587,3.15083907137715,8.17943054957598));
#5866=CARTESIAN_POINT('',(-2.58712072032659,3.86526310072897,8.72580872182844));
#5867=CARTESIAN_POINT('',(-1.89628173800511,3.11178526984879,8.94665775403128));
#5868=CARTESIAN_POINT('',(-3.15435785912457,3.13247862463456,8.22389698718983));
#5869=CARTESIAN_POINT('',(-2.62341025561949,3.85474137584052,8.77260873688524));
#5870=CARTESIAN_POINT('',(-1.9255990675111,3.09975481908211,8.99108568427382));
#5871=CARTESIAN_POINT('',(-3.25421182869253,3.07618783313472,8.35753959047166));
#5872=CARTESIAN_POINT('',(-2.73212493918821,3.82177598727505,8.9137571469262));
#5873=CARTESIAN_POINT('',(-2.01302564611348,3.06256941573473,9.12462861659099));
#5874=CARTESIAN_POINT('',(-3.31952154228623,3.03711997783826,8.44678312662001));
#5875=CARTESIAN_POINT('',(-2.80366271373506,3.79812185092223,9.00792279142948));
#5876=CARTESIAN_POINT('',(-2.07049304669913,3.03636727529563,9.21382693618721));
#5877=CARTESIAN_POINT('',(-3.63895571863189,2.83482875996612,8.89237062912299));
#5878=CARTESIAN_POINT('',(-3.16238347362302,3.66972240014573,9.48642770585117));
#5879=CARTESIAN_POINT('',(-2.35294767728376,2.8988364613829,9.65929818143005));
#5880=CARTESIAN_POINT('',(-3.87299517980358,2.65041249793927,9.24817732487354));
#5881=CARTESIAN_POINT('',(-3.43036974218572,3.54146282967234,9.8647103021221));
#5882=CARTESIAN_POINT('',(-2.56432089229526,2.76777792658396,10.0153385783969));
#5883=CARTESIAN_POINT('',(-4.29982401259922,2.23671577140611,9.95910027327532));
#5884=CARTESIAN_POINT('',(-3.94283599978604,3.23025107873757,10.6289797755246));
#5885=CARTESIAN_POINT('',(-2.9584841718157,2.46411090884652,10.727834341735));
#5886=CARTESIAN_POINT('',(-4.49264099048051,2.0074407268033,10.3142246464246));
#5887=CARTESIAN_POINT('',(-4.18511473942584,3.04587182732772,11.0133819016808));
#5888=CARTESIAN_POINT('',(-3.14131151687091,2.29152623809177,11.0843005460752));
#5889=CARTESIAN_POINT('',(-4.66267678412295,1.75301224686674,10.6694104180266));
#5890=CARTESIAN_POINT('',(-4.4092982280392,2.83176867731518,11.3962090436361));
#5891=CARTESIAN_POINT('',(-3.30825586615711,2.09572038489355,11.4419364934774));
#5892=CARTESIAN_POINT('',(1.97041723754846,4.57504782934955,10.6694104180268));
#5893=CARTESIAN_POINT('',(1.140987668424,4.8008878638336,10.0537924932461));
#5894=CARTESIAN_POINT('',(0.77738598806361,3.83683241552551,10.2911392253735));
#5895=CARTESIAN_POINT('',(2.21437416232453,4.40193409225631,10.3505814382431));
#5896=CARTESIAN_POINT('',(1.41122398232794,4.67285225469387,9.76803427944458));
#5897=CARTESIAN_POINT('',(0.981721301013851,3.76296500666067,9.98181733407971));
#5898=CARTESIAN_POINT('',(2.43375633385024,4.20825745904196,10.0321925471646));
#5899=CARTESIAN_POINT('',(1.66633093758705,4.51816293651977,9.47739424103991));
#5900=CARTESIAN_POINT('',(1.17554329211567,3.67221765627251,9.67197203363275));
#5901=CARTESIAN_POINT('',(2.72603075482452,3.89276263193759,9.55204585826164));
#5902=CARTESIAN_POINT('',(2.01989950705058,4.24924039183333,9.03325559658349));
#5903=CARTESIAN_POINT('',(1.45143226231754,3.5124682124757,9.20349914527634));
#5904=CARTESIAN_POINT('',(2.81730694150033,3.78341145092006,9.39157287487489));
#5905=CARTESIAN_POINT('',(2.13158673745318,4.15488683846588,8.88583113466454));
#5906=CARTESIAN_POINT('',(1.54091422788453,3.45525460916392,9.04672560899394));
#5907=CARTESIAN_POINT('',(2.92361377549912,3.64195877282424,9.19013664976729));
#5908=CARTESIAN_POINT('',(2.26513254672679,4.02941526023481,8.69921102243964));
#5909=CARTESIAN_POINT('',(1.64971746100401,3.37875316967236,8.84968508473875));
#5910=CARTESIAN_POINT('',(2.94448545849742,3.61342973807281,9.14980719501353));
#5911=CARTESIAN_POINT('',(2.29133448328587,4.00414882887357,8.66206546120276));
#5912=CARTESIAN_POINT('',(1.6713255463726,3.36320307213341,8.81022327633915));
#5913=CARTESIAN_POINT('',(2.97520574827675,3.57028630292171,9.08924390635588));
#5914=CARTESIAN_POINT('',(2.33015855254366,3.96571611118386,8.60619919874812));
#5915=CARTESIAN_POINT('',(1.70350951316888,3.33950081089524,8.75094422843535));
#5916=CARTESIAN_POINT('',(2.98535572730158,3.55584172073443,9.06904955449273));
#5917=CARTESIAN_POINT('',(2.34316450735884,3.95265750921403,8.58744441921884));
#5918=CARTESIAN_POINT('',(1.71437787862026,3.33148464625777,8.73093222641081));
#5919=CARTESIAN_POINT('',(3.00542071334954,3.52686272550527,9.02861226028553));
#5920=CARTESIAN_POINT('',(2.36773110892411,3.92777301149783,8.55098907722922));
#5921=CARTESIAN_POINT('',(1.73464352688177,3.31572916408656,8.69277892604524));
#5922=CARTESIAN_POINT('',(3.01532887731916,3.51233294200404,9.00836492159277));
#5923=CARTESIAN_POINT('',(2.3799085078019,3.91526485084391,8.53272996972509));
#5924=CARTESIAN_POINT('',(1.74471572441562,3.30780410980332,8.67367174260993));
#5925=CARTESIAN_POINT('',(3.06424947922699,3.43948957120018,8.90698164914011));
#5926=CARTESIAN_POINT('',(2.44010449172589,3.85256450354384,8.44151423987192));
#5927=CARTESIAN_POINT('',(1.79477451481187,3.26794486544466,8.57798096287301));
#5928=CARTESIAN_POINT('',(3.10140178613871,3.38059263831717,8.82540615269288));
#5929=CARTESIAN_POINT('',(2.48669621504561,3.80124621334505,8.36784671349495));
#5930=CARTESIAN_POINT('',(1.83385482600458,3.23530902074732,8.50093295256235));
#5931=CARTESIAN_POINT('',(3.20694814894169,3.20230198891561,8.57914919857893));
#5932=CARTESIAN_POINT('',(2.62081427860631,3.64493383962311,8.14596297548311));
#5933=CARTESIAN_POINT('',(1.9482238752806,3.1352490910007,8.26821433028599));
#5934=CARTESIAN_POINT('',(3.26943682611891,3.08130581717969,8.41294024523977));
#5935=CARTESIAN_POINT('',(2.70374429120342,3.53661213632426,7.9954274242318));
#5936=CARTESIAN_POINT('',(2.0206442819397,3.06567507089153,8.11097155284611));
#5937=CARTESIAN_POINT('',(3.37874490627797,2.83649329169807,8.07572476449178));
#5938=CARTESIAN_POINT('',(2.85534358005391,3.31332122616641,7.68915793221261));
#5939=CARTESIAN_POINT('',(2.15789437305713,2.92121766686487,7.79176476347077));
#5940=CARTESIAN_POINT('',(3.42520351049381,2.71337365052753,7.90566404806206));
#5941=CARTESIAN_POINT('',(2.92368716615197,3.19915524282024,7.53447141679823));
#5942=CARTESIAN_POINT('',(2.22230876839149,2.84673239275769,7.63069576592953));
#5943=CARTESIAN_POINT('',(3.54005383053709,2.34773817632907,7.39505787572263));
#5944=CARTESIAN_POINT('',(3.10306292961402,2.85693808130431,7.07260562374755));
#5945=CARTESIAN_POINT('',(2.40177174266711,2.61954180301984,7.14708710831264));
#5946=CARTESIAN_POINT('',(3.58465002879216,2.10739609398533,7.05211113233298));
#5947=CARTESIAN_POINT('',(3.19341018516129,2.62313232387662,6.75955585031803));
#5948=CARTESIAN_POINT('',(2.5039358780561,2.46226025469836,6.82224430209524));
#5949=CARTESIAN_POINT('',(3.60879479559192,1.76165680153275,6.52951697579453));
#5950=CARTESIAN_POINT('',(3.28440515965323,2.27191857583823,6.27670350995507));
#5951=CARTESIAN_POINT('',(2.63316437049141,2.22057138478538,6.32855861790133));
#5952=CARTESIAN_POINT('',(3.60970040840897,1.64888586511923,6.35395219214846));
#5953=CARTESIAN_POINT('',(3.30724407587647,2.15635997540608,6.11579647940156));
#5954=CARTESIAN_POINT('',(2.67222042741698,2.13903971346506,6.16292699007611));
#5955=CARTESIAN_POINT('',(3.60088400516924,1.48497747229299,6.08789383602515));
#5956=CARTESIAN_POINT('',(3.33060612625612,1.98437236160645,5.87065789941466));
#5957=CARTESIAN_POINT('',(2.72488998493915,2.0156713981977,5.91252713708424));
#5958=CARTESIAN_POINT('',(3.59624888635391,1.43121936574262,5.99875465491223));
#5959=CARTESIAN_POINT('',(3.33656963917507,1.92764996897372,5.788876670257));
#5960=CARTESIAN_POINT('',(2.74145961681989,1.9743706429492,5.82873507033116));
#5961=CARTESIAN_POINT('',(3.58681488305861,1.35213520214931,5.86426790471812));
#5962=CARTESIAN_POINT('',(3.34281738152609,1.84312023111613,5.66519693663766));
#5963=CARTESIAN_POINT('',(2.76483655568937,1.91221028398876,5.70251474492296));
#5964=CARTESIAN_POINT('',(3.58327247767178,1.32599917721944,5.81932289986808));
#5965=CARTESIAN_POINT('',(3.34441868719119,1.81539920359251,5.62417564722859));
#5966=CARTESIAN_POINT('',(2.77215889288849,1.89166941664129,5.66083012682019));
#5967=CARTESIAN_POINT('',(3.57523445240836,1.27457647162393,5.72903890612108));
#5968=CARTESIAN_POINT('',(3.34645558722467,1.76144091874942,5.54250132884297));
#5969=CARTESIAN_POINT('',(2.7854345831926,1.85154131843734,5.57861390439502));
#5970=CARTESIAN_POINT('',(3.57075168561424,1.24926574503668,5.68370975438963));
#5971=CARTESIAN_POINT('',(3.34697977034923,1.73469075402202,5.50148516476601));
#5972=CARTESIAN_POINT('',(2.79178079704914,1.83154449612197,5.53735122464081));
#5973=CARTESIAN_POINT('',(3.52633046392766,1.02532071703494,5.27396804430483));
#5974=CARTESIAN_POINT('',(3.34725669418605,1.49950593307895,5.13573862203619));
#5975=CARTESIAN_POINT('',(2.8463058523312,1.65226638353318,5.16455560986499));
#5976=CARTESIAN_POINT('',(3.45825910964287,0.854289839282997,4.90072582229316));
#5977=CARTESIAN_POINT('',(3.3169858207653,1.30431739473858,4.79813352885562));
#5978=CARTESIAN_POINT('',(2.87588190937653,1.49878248136869,4.82596435584735));
#5979=CARTESIAN_POINT('',(3.32597686641768,0.6771129557729,4.3339164378098));
#5980=CARTESIAN_POINT('',(3.2301111283751,1.06912053998593,4.28060228820131));
#5981=CARTESIAN_POINT('',(2.89453316306001,1.29576854514839,4.31988661998364));
#5982=CARTESIAN_POINT('',(3.27707146052516,0.631300189538392,4.14427787272906));
#5983=CARTESIAN_POINT('',(3.19522504154061,1.00115813888347,4.10938114133938));
#5984=CARTESIAN_POINT('',(2.89651039822884,1.23274757226156,4.15189673796898));
#5985=CARTESIAN_POINT('',(3.19599148848187,0.594233578015114,3.85751221219816));
#5986=CARTESIAN_POINT('',(3.1327272297215,0.922922661536673,3.85049948123847));
#5987=CARTESIAN_POINT('',(2.89266377841879,1.15035926130551,3.90234125429708));
#5988=CARTESIAN_POINT('',(3.16756062438409,0.587225609984223,3.76120165696326));
#5989=CARTESIAN_POINT('',(3.11030523709639,0.900878810737474,3.7642119798353));
#5990=CARTESIAN_POINT('',(2.89022419342082,1.12487328352713,3.81928757171519));
#5991=CARTESIAN_POINT('',(3.10760023241732,0.589058593314684,3.56922500631692));
#5992=CARTESIAN_POINT('',(3.06194449962476,0.869017115013298,3.59312314859565));
#5993=CARTESIAN_POINT('',(2.88258197917551,1.08073220201097,3.65626862671389));
#5994=CARTESIAN_POINT('',(3.07602242462719,0.597734373410484,3.47313847514115));
#5995=CARTESIAN_POINT('',(3.03598300288629,0.858884737347126,3.50791173558201));
#5996=CARTESIAN_POINT('',(2.87739585687911,1.06189714562971,3.5759088461555));
#5997=CARTESIAN_POINT('',(3.00809571426912,0.641030394313334,3.28543689793323));
#5998=CARTESIAN_POINT('',(2.97980687301113,0.859048732130116,3.34342851673451));
#5999=CARTESIAN_POINT('',(2.86309399266949,1.03673524157811,3.4236571644666));
#6000=CARTESIAN_POINT('',(2.97191541174217,0.674832770184084,3.19284046910148));
#6001=CARTESIAN_POINT('',(2.94964815456549,0.868371805554412,3.26304893467948));
#6002=CARTESIAN_POINT('',(2.85413302813172,1.02976836657094,3.35074202899498));
#6003=CARTESIAN_POINT('',(2.90812955043987,0.766272268704029,3.06583925773078));
#6004=CARTESIAN_POINT('',(2.89808194193948,0.915080703559771,3.156718924106));
#6005=CARTESIAN_POINT('',(2.8343831723862,1.04097351155935,3.25957915531438));
#6006=CARTESIAN_POINT('',(2.88515076050582,0.804050455899554,3.0257075090688));
#6007=CARTESIAN_POINT('',(2.87980732735766,0.936441735433922,3.12393274065461));
#6008=CARTESIAN_POINT('',(2.82666855237183,1.04861198330239,3.23251998483056));
#6009=CARTESIAN_POINT('',(2.84782820451589,0.874033568602587,2.97516145146904));
#6010=CARTESIAN_POINT('',(2.85110570081571,0.980134595877038,3.08480475085115));
#6011=CARTESIAN_POINT('',(2.81286545980339,1.06875222804126,3.20300457872134));
#6012=CARTESIAN_POINT('',(2.83496841047116,0.899442002862186,2.95999665451597));
#6013=CARTESIAN_POINT('',(2.84137177371071,0.99653917515395,3.07349157052772));
#6014=CARTESIAN_POINT('',(2.80791520067849,1.07686798703396,3.1950497809775));
#6015=CARTESIAN_POINT('',(2.80800228002586,0.955168431103807,2.93378523008416));
#6016=CARTESIAN_POINT('',(2.82136881424606,1.03374020595196,3.0551144541689));
#6017=CARTESIAN_POINT('',(2.7970875221245,1.09648034700199,3.18374164222083));
#6018=CARTESIAN_POINT('',(2.79377949637861,0.985774923281109,2.92276077873768));
#6019=CARTESIAN_POINT('',(2.81101775050043,1.05476620759384,3.04809198244447));
#6020=CARTESIAN_POINT('',(2.79115314990981,1.10811964391319,3.18046768888373));
#6021=CARTESIAN_POINT('',(2.7511559394712,1.08007976125818,2.89849400181996));
#6022=CARTESIAN_POINT('',(2.78065485281088,1.12126419731103,3.03536420586619));
#6023=CARTESIAN_POINT('',(2.77270029302157,1.14653260197226,3.17888081645841));
#6024=CARTESIAN_POINT('',(2.7212262361948,1.1496239168228,2.89346433731588));
#6025=CARTESIAN_POINT('',(2.76020419561283,1.17266748237759,3.03780666211349));
#6026=CARTESIAN_POINT('',(2.75883639397607,1.17825151709452,3.18899210404178));
#6027=CARTESIAN_POINT('',(2.6633142683271,1.28402735982694,2.90168699442173));
#6028=CARTESIAN_POINT('',(2.72190865307015,1.27533408577084,3.05922046717241));
#6029=CARTESIAN_POINT('',(2.73063431086147,1.2444784365387,3.22448562573849));
#6030=CARTESIAN_POINT('',(2.63530617807743,1.3488653315299,2.91403236364152));
#6031=CARTESIAN_POINT('',(2.70393941598558,1.32651616222671,3.07739586336767));
#6032=CARTESIAN_POINT('',(2.71634532822196,1.27872900422246,3.24906101340424));
#6033=CARTESIAN_POINT('',(2.55147486360844,1.53783890819144,2.9658757744458));
#6034=CARTESIAN_POINT('',(2.65079254887181,1.47925050936714,3.14545125496157));
#6035=CARTESIAN_POINT('',(2.67222059452856,1.38305394442931,3.33501923239404));
#6036=CARTESIAN_POINT('',(2.49862245244271,1.65012021455338,3.01750724309343));
#6037=CARTESIAN_POINT('',(2.6181575268038,1.57439956085334,3.20579377985706));
#6038=CARTESIAN_POINT('',(2.64255856318481,1.4511328044603,3.40512788024302));
#6039=CARTESIAN_POINT('',(2.44576609877568,1.75456275915587,3.07496471257379));
#6040=CARTESIAN_POINT('',(2.58546593553554,1.66454621561276,3.27054536876472));
#6041=CARTESIAN_POINT('',(2.61202960091281,1.51688025717486,3.47877592331322));
#6042=CARTESIAN_POINT('',(1.58224321512577,3.67375916578491,10.8617634092851));
#6043=CARTESIAN_POINT('',(0.777385988063672,3.83683241552549,10.2911392253734));
#6044=CARTESIAN_POINT('',(1.14098766842408,4.80088786383354,10.053792493246));
#6045=CARTESIAN_POINT('',(1.97041723754852,4.5750478293495,10.6694104180266));
#6046=CARTESIAN_POINT('',(0.585438744076214,3.93930146259846,10.5911617127983));
#6047=CARTESIAN_POINT('',(0.895503473701596,4.92314441703776,10.3610764107011));
#6048=CARTESIAN_POINT('',(1.73137094305299,4.7446769447948,10.9818216609641));
#6049=CARTESIAN_POINT('',(0.383464726990093,4.02298810653417,10.8853400628979));
#6050=CARTESIAN_POINT('',(0.639263626973777,5.0218516440875,10.6629447420598));
#6051=CARTESIAN_POINT('',(1.47669085245333,4.8900741643912,11.2896304267334));
#6052=CARTESIAN_POINT('',(0.0671343322493541,4.11885367886952,11.3197204278056));
#6053=CARTESIAN_POINT('',(0.240401516253165,5.13342136702771,11.1093186013718));
#6054=CARTESIAN_POINT('',(1.07312393320134,5.07036511123389,11.7464566086934));
#6055=CARTESIAN_POINT('',(-0.0405453352156404,4.14584891305198,11.4633615293593));
#6056=CARTESIAN_POINT('',(0.105132426219941,5.1644937311205,11.2569215315797));
#6057=CARTESIAN_POINT('',(0.934993219655656,5.12413665938281,11.8979148541967));
#6058=CARTESIAN_POINT('',(-0.164086862091356,4.1703748208109,11.6237992348126));
#6059=CARTESIAN_POINT('',(-0.0497148032778392,5.19232107446666,11.4219514707713));
#6060=CARTESIAN_POINT('',(0.775607886802039,5.17718672058253,12.0675568954818));
#6061=CARTESIAN_POINT('',(-0.177847088260289,4.1730186516428,11.6416095279512));
#6062=CARTESIAN_POINT('',(-0.0669482342374973,5.19531235194313,11.4402644424475));
#6063=CARTESIAN_POINT('',(0.757842932657268,5.18297763264055,12.0863956053153));
#6064=CARTESIAN_POINT('',(-0.205433977273913,4.17814266779365,11.6771983091891));
#6065=CARTESIAN_POINT('',(-0.101486994948233,5.20109519655881,11.4768602939706));
#6066=CARTESIAN_POINT('',(0.722202187829398,5.19435095184808,12.1240527905056));
#6067=CARTESIAN_POINT('',(-0.220087474692325,4.18042167504855,11.6960889301972));
#6068=CARTESIAN_POINT('',(-0.120014944255237,5.20418216349345,11.4958953662708));
#6069=CARTESIAN_POINT('',(0.704341306294776,5.19993271003076,12.1428805154235));
#6070=CARTESIAN_POINT('',(-0.263121145808082,4.18723351301841,11.7515425139259));
#6071=CARTESIAN_POINT('',(-0.17422373333192,5.21279235051673,11.552193015492));
#6072=CARTESIAN_POINT('',(0.650699531642821,5.21636103646676,12.1993999528));
#6073=CARTESIAN_POINT('',(-0.291844262139281,4.19144361241505,11.7885145160484));
#6074=CARTESIAN_POINT('',(-0.210390221643668,5.21811214122155,11.5897338766671));
#6075=CARTESIAN_POINT('',(0.614834226076674,5.22689169952694,12.2371122560238));
#6076=CARTESIAN_POINT('',(-0.378114320382766,4.20308013099433,11.8994467876805));
#6077=CARTESIAN_POINT('',(-0.319002209019686,5.23282035131492,11.7024223614026));
#6078=CARTESIAN_POINT('',(0.506931032619059,5.25721961401058,12.3503522938202));
#6079=CARTESIAN_POINT('',(-0.435762107677001,4.20951316190256,11.9734233184939));
#6080=CARTESIAN_POINT('',(-0.391518154089331,5.24095066785185,11.7775919927084));
#6081=CARTESIAN_POINT('',(0.434585894905607,5.27575329033894,12.4259830526378));
#6082=CARTESIAN_POINT('',(-0.609093070930242,4.22482055817211,12.195477273898));
#6083=CARTESIAN_POINT('',(-0.609502736920159,5.26034957203833,12.0034105540012));
#6084=CARTESIAN_POINT('',(0.216361159356158,5.32628591590575,12.6533320312599));
#6085=CARTESIAN_POINT('',(-0.725165665549046,4.22970917079856,12.3436786690785));
#6086=CARTESIAN_POINT('',(-0.755244834482595,5.26660658746805,12.1541970625527));
#6087=CARTESIAN_POINT('',(0.0692926195301364,5.35322436139469,12.8055052453993));
#6088=CARTESIAN_POINT('',(-0.958216149347262,4.22861230804588,12.6407335244352));
#6089=CARTESIAN_POINT('',(-1.04759899374295,5.26566861492564,12.4566719753982));
#6090=CARTESIAN_POINT('',(-0.22781340461665,5.39333804788105,13.1113436782589));
#6091=CARTESIAN_POINT('',(-1.0749444733067,4.22258711939912,12.7892696251298));
#6092=CARTESIAN_POINT('',(-1.19388250874745,5.25840700979537,12.6080224813923));
#6093=CARTESIAN_POINT('',(-0.377539865141905,5.40641866158783,13.2646852508664));
#6094=CARTESIAN_POINT('',(-1.42158823092302,4.18839185967777,13.230484760254));
#6095=CARTESIAN_POINT('',(-1.62829009255842,5.2168084025572,13.0581645771866));
#6096=CARTESIAN_POINT('',(-0.824865530610107,5.42448505317603,13.7213386384893));
#6097=CARTESIAN_POINT('',(-1.64944110524986,4.14419266787323,13.5206424977677));
#6098=CARTESIAN_POINT('',(-1.91324758232265,5.1627493534574,13.3543511779607));
#6099=CARTESIAN_POINT('',(-1.12246725739579,5.40868885937448,14.023190531417));
#6100=CARTESIAN_POINT('',(-1.98477008386663,4.04575927379699,13.9515912556194));
#6101=CARTESIAN_POINT('',(-2.33243947601391,5.04265052411291,13.7944793657281));
#6102=CARTESIAN_POINT('',(-1.56611750158643,5.34309385078882,14.4737670371525));
#6103=CARTESIAN_POINT('',(-2.09546474801735,4.00757408536625,14.0945209194288));
#6104=CARTESIAN_POINT('',(-2.47089118648555,4.99603539663475,13.9406036097968));
#6105=CARTESIAN_POINT('',(-1.71354048564432,5.31421770600593,14.6235905733618));
#6106=CARTESIAN_POINT('',(-2.25962372686507,3.94206188968011,14.3080066614189));
#6107=CARTESIAN_POINT('',(-2.67622911747934,4.91610761521727,14.1589036696713));
#6108=CARTESIAN_POINT('',(-1.93373050430642,5.26010481384686,14.8479727625216));
#6109=CARTESIAN_POINT('',(-2.31402909996467,3.91885088107298,14.3790168747247));
#6110=CARTESIAN_POINT('',(-2.74431124754024,4.8877824524009,14.2315512352244));
#6111=CARTESIAN_POINT('',(-2.00696953981071,5.24026547756548,14.9227079405347));
#6112=CARTESIAN_POINT('',(-2.39512878693678,3.88194064355041,14.4853239808329));
#6113=CARTESIAN_POINT('',(-2.84580995319872,4.84274840419717,14.3403193759365));
#6114=CARTESIAN_POINT('',(-2.11655740656529,5.20774987982654,15.0347472777863));
#6115=CARTESIAN_POINT('',(-2.42207725511589,3.86928819211843,14.520724966904));
#6116=CARTESIAN_POINT('',(-2.87954541099524,4.82730921089667,14.3765487642718));
#6117=CARTESIAN_POINT('',(-2.15304156126658,5.19645177649966,15.0720831523608));
#6118=CARTESIAN_POINT('',(-2.47579810730873,3.84327859003148,14.5914605697778));
#6119=CARTESIAN_POINT('',(-2.94680558634351,4.79557116508644,14.4489476252541));
#6120=CARTESIAN_POINT('',(-2.22591363539245,5.17292567357427,15.1467379253445));
#6121=CARTESIAN_POINT('',(-2.50360380215732,3.82897580026071,14.6284718255298));
#6122=CARTESIAN_POINT('',(-2.98217432653431,4.77860148039715,14.4864164111232));
#6123=CARTESIAN_POINT('',(-2.26228329090013,5.16070579305378,15.184070263335));
#6124=CARTESIAN_POINT('',(-2.6405914688753,3.75686035299707,14.812298282473));
#6125=CARTESIAN_POINT('',(-3.15618687586741,4.69238614716916,14.6731332831291));
#6126=CARTESIAN_POINT('',(-2.44318534742312,5.09762148886139,15.3712142674131));
#6127=CARTESIAN_POINT('',(-2.74761294018048,3.69395236367966,14.9605349348821));
#6128=CARTESIAN_POINT('',(-3.29218706052913,4.61689123136365,14.8236794098063));
#6129=CARTESIAN_POINT('',(-2.58588846424345,5.04031560236699,15.5225941311935));
#6130=CARTESIAN_POINT('',(-2.95349220814146,3.55959638224567,15.255527699368));
#6131=CARTESIAN_POINT('',(-3.55439937224357,4.45507325915284,15.1235498480964));
#6132=CARTESIAN_POINT('',(-2.86313054518089,4.91380387231453,15.8246858706929));
#6133=CARTESIAN_POINT('',(-3.05241328247992,3.48817101949294,15.4023296917691));
#6134=CARTESIAN_POINT('',(-3.68064737149339,4.36875513652842,15.2729010149925));
#6135=CARTESIAN_POINT('',(-2.99774217037985,4.84463749895979,15.9754407875152));
#6136=CARTESIAN_POINT('',(-3.52713168063056,3.11069343460372,16.1336618155408));
#6137=CARTESIAN_POINT('',(-4.29090305197766,3.90933535326999,16.0208117780468));
#6138=CARTESIAN_POINT('',(-3.65076738512678,4.4703816815246,16.7283787798339));
#6139=CARTESIAN_POINT('',(-3.84464050905669,2.74451544605036,16.7104071146911));
#6140=CARTESIAN_POINT('',(-4.70161082627426,3.46128219624158,16.6094460196918));
#6141=CARTESIAN_POINT('',(-4.11047557343976,4.08176928317048,17.3280323153602));
#6142=CARTESIAN_POINT('',(-4.10604697562627,2.29065901681597,17.322584438402));
#6143=CARTESIAN_POINT('',(-5.04704244815784,2.90503897580645,17.2314514833827));
#6144=CARTESIAN_POINT('',(-4.52054680634115,3.57403758498098,17.9706740681802));
#6145=CARTESIAN_POINT('',(-4.12114158077816,2.26371268356397,17.3585999476866));
#6146=CARTESIAN_POINT('',(-5.06713473552512,2.87182043112507,17.2682422742715));
#6147=CARTESIAN_POINT('',(-4.5443790875478,3.54380689665667,18.008505735896));
#6148=CARTESIAN_POINT('',(-4.14327225335307,2.22307411230447,17.4124300322863));
#6149=CARTESIAN_POINT('',(-5.0966477287499,2.82170643862033,17.3232229062333));
#6150=CARTESIAN_POINT('',(-4.57955511562085,3.4980855397372,18.0650864304778));
#6151=CARTESIAN_POINT('',(-4.15056733600097,2.20948564327764,17.4303490328162));
#6152=CARTESIAN_POINT('',(-5.10638816646281,2.8049424794566,17.3415283688589));
#6153=CARTESIAN_POINT('',(-4.5911903611649,3.4827760960376,18.0839270825752));
#6154=CARTESIAN_POINT('',(-4.16499383463839,2.18222483320279,17.4661387184344));
#6155=CARTESIAN_POINT('',(-5.12567110133428,2.77130266994174,17.3780903585404));
#6156=CARTESIAN_POINT('',(-4.6142804677482,3.45201972254766,18.1215696796703));
#6157=CARTESIAN_POINT('',(-4.17196079822603,2.16905614822454,17.4834007568448));
#6158=CARTESIAN_POINT('',(-5.13478115484823,2.75501569467046,17.3957943737986));
#6159=CARTESIAN_POINT('',(-4.62573651218089,3.43657119635978,18.1403702461494));
#6160=CARTESIAN_POINT('',(-4.20812655493171,2.09767542751193,17.5760304266832));
#6161=CARTESIAN_POINT('',(-5.18445926795821,2.66698642285484,17.4901290522938));
#6162=CARTESIAN_POINT('',(-4.68255303572751,3.35900238594009,18.2342915603006));
#6163=CARTESIAN_POINT('',(-4.23547304633775,2.0402404678911,17.6500587404291));
#6164=CARTESIAN_POINT('',(-5.22222699602042,2.59609039407821,17.5654916258306));
#6165=CARTESIAN_POINT('',(-4.72627423532753,3.29624002307769,18.3094579474953));
#6166=CARTESIAN_POINT('',(-4.31287041874874,1.86700695120403,17.871979787939));
#6167=CARTESIAN_POINT('',(-5.32999639082135,2.38164803091096,17.7917629231547));
#6168=CARTESIAN_POINT('',(-4.85234931278378,3.10592543325731,18.5350829285014));
#6169=CARTESIAN_POINT('',(-4.35828658032081,1.75028005110227,18.0197095596435));
#6170=CARTESIAN_POINT('',(-5.39417742743474,2.23682846152743,17.9423356713468));
#6171=CARTESIAN_POINT('',(-4.92962213799359,2.97634848960012,18.6856671638193));
#6172=CARTESIAN_POINT('',(-4.47660983847446,1.39686982848221,18.4627063470512));
#6173=CARTESIAN_POINT('',(-5.56527320956247,1.79595538570244,18.3951194476343));
#6174=CARTESIAN_POINT('',(-5.14166576499947,2.58015854321191,19.138232825811));
#6175=CARTESIAN_POINT('',(-4.53167357550265,1.15695641075548,18.7577918417972));
#6176=CARTESIAN_POINT('',(-5.64970816531163,1.49541243891304,18.6963509445749));
#6177=CARTESIAN_POINT('',(-5.25675523152596,2.30612151956621,19.4410252821638));
#6178=CARTESIAN_POINT('',(-4.57918627549464,0.792519821587385,19.2016555790645));
#6179=CARTESIAN_POINT('',(-5.73332047102274,1.03673542158734,19.1486877187735));
#6180=CARTESIAN_POINT('',(-5.39026416924274,1.88204457680609,19.8981217698894));
#6181=CARTESIAN_POINT('',(-4.58915454449034,0.670279765262634,19.3498132065954));
#6182=CARTESIAN_POINT('',(-5.75397674621052,0.882069756911388,19.2999823295916));
#6183=CARTESIAN_POINT('',(-5.42822197805312,1.7385062962315,20.0509724280275));
#6184=CARTESIAN_POINT('',(-4.59721692024195,0.424596171686,19.6467670317337));
#6185=CARTESIAN_POINT('',(-5.78060022287825,0.570146695950966,19.6031736201969));
#6186=CARTESIAN_POINT('',(-5.49080570924958,1.44726890992427,20.3578639534954));
#6187=CARTESIAN_POINT('',(-4.59526283838186,0.30078253214623,19.7960087645796));
#6188=CARTESIAN_POINT('',(-5.78647146927156,0.412426959348437,19.7555040728427));
#6189=CARTESIAN_POINT('',(-5.51545741395689,1.29911693574902,20.5123677604003));
#6190=CARTESIAN_POINT('',(-4.57948258246144,0.0552681003560651,20.0917340025588));
#6191=CARTESIAN_POINT('',(-5.78319685126519,0.0985640535659685,20.0572244241895));
#6192=CARTESIAN_POINT('',(-5.55066551299108,1.00241022532609,20.8190482901097));
#6193=CARTESIAN_POINT('',(-4.56570106919723,-0.0666717326530133,20.2385090770896));
#6194=CARTESIAN_POINT('',(-5.77406617240795,-0.0578498361935949,20.2068782050681));
#6195=CARTESIAN_POINT('',(-5.56132565432404,0.853580780924575,20.9715245620997));
#6196=CARTESIAN_POINT('',(-4.54129364826234,-0.217881072388611,20.4207161298528));
#6197=CARTESIAN_POINT('',(-5.75351988297027,-0.252245870242961,20.3922807257575));
#6198=CARTESIAN_POINT('',(-5.56608052435449,0.667075221034041,21.1611498852675));
#6199=CARTESIAN_POINT('',(-4.53577047607633,-0.24933638416122,20.4586503190661));
#6200=CARTESIAN_POINT('',(-5.7489940590537,-0.292988117003514,20.4310408732929));
#6201=CARTESIAN_POINT('',(-5.56659960783806,0.62976036912649,21.1990326995439));
#6202=CARTESIAN_POINT('',(-4.52400042623402,-0.311569055651086,20.5342958367088));
#6203=CARTESIAN_POINT('',(-5.73891815235787,-0.373648117434765,20.5083085617339));
#6204=CARTESIAN_POINT('',(-5.56672640484699,0.555421550705433,21.27492320083));
#6205=CARTESIAN_POINT('',(-4.51773481293674,-0.342511487670043,20.5721358343629));
#6206=CARTESIAN_POINT('',(-5.73338546544905,-0.413800356940959,20.5469606977356));
#6207=CARTESIAN_POINT('',(-5.56634229386424,0.518355937994662,21.3129036693765));
#6208=CARTESIAN_POINT('',(-4.49781580450527,-0.434816655312909,20.6857145872321));
#6209=CARTESIAN_POINT('',(-5.71531831081445,-0.533796186679321,20.6630473524007));
#6210=CARTESIAN_POINT('',(-5.56386710065427,0.40747347927,21.4269544785376));
#6211=CARTESIAN_POINT('',(-4.48304065201927,-0.495657486597634,20.7615121712849));
#6212=CARTESIAN_POINT('',(-5.70133069182978,-0.613029355063921,20.7404699971471));
#6213=CARTESIAN_POINT('',(-5.56045364547256,0.333970941462118,21.5031342129057));
#6214=CARTESIAN_POINT('',(-4.4019200130799,-0.796361870088379,21.1409818531307));
#6215=CARTESIAN_POINT('',(-5.62167234272866,-1.00697277123581,21.1293967759095));
#6216=CARTESIAN_POINT('',(-5.53480078992138,-0.0314015895917719,21.8848129332456));
#6217=CARTESIAN_POINT('',(-4.31393298666786,-1.02577996781858,21.4461223800532));
#6218=CARTESIAN_POINT('',(-5.52781159921537,-1.30927049392034,21.4407716203229));
#6219=CARTESIAN_POINT('',(-5.48693088339755,-0.316863621379367,22.1926527236551));
#6220=CARTESIAN_POINT('',(-4.09605170452659,-1.46084281350199,22.0614670153889));
#6221=CARTESIAN_POINT('',(-5.28461945492864,-1.88905990155537,22.067783044573));
#6222=CARTESIAN_POINT('',(-5.34021907919712,-0.872710314169927,22.8146374632801));
#6223=CARTESIAN_POINT('',(-3.96534361240628,-1.66714329796407,22.3729938463346));
#6224=CARTESIAN_POINT('',(-5.13400639239274,-2.16689610829542,22.3843590601258));
#6225=CARTESIAN_POINT('',(-5.24064403746676,-1.14408415588574,23.1301251236866));
#6226=CARTESIAN_POINT('',(-3.74503353479412,-1.95090873276983,22.8347126689566));
#6227=CARTESIAN_POINT('',(-4.87451923805146,-2.55335897787204,22.8514351035204));
#6228=CARTESIAN_POINT('',(-5.05826182526529,-1.53036957147454,23.5985399526603));
#6229=CARTESIAN_POINT('',(-3.66744966044,-2.04149639714461,22.9880443962659));
#6230=CARTESIAN_POINT('',(-4.78207114961094,-2.67771187392409,23.0065027744986));
#6231=CARTESIAN_POINT('',(-4.99190092478908,-1.65601821626163,23.7542375224214));
#6232=CARTESIAN_POINT('',(-3.56564236378688,-2.14974365968175,23.1790270554439));
#6233=CARTESIAN_POINT('',(-4.65976312849553,-2.82714692660312,23.1990642614051));
#6234=CARTESIAN_POINT('',(-4.90220487896148,-1.80926015945259,23.948379578136));
#6235=CARTESIAN_POINT('',(-3.54503922209166,-2.17114362855422,23.2171891922936));
#6236=CARTESIAN_POINT('',(-4.63492893672743,-2.85677289202502,23.2375648297374));
#6237=CARTESIAN_POINT('',(-4.88392781279588,-1.83971755708774,23.9871838272014));
#6238=CARTESIAN_POINT('',(-3.51377775049579,-2.20286927605293,23.2743805718632));
#6239=CARTESIAN_POINT('',(-4.59717294136823,-2.90076090004182,23.2952220034519));
#6240=CARTESIAN_POINT('',(-4.85600756144553,-1.88511838418512,24.0453547766923));
#6241=CARTESIAN_POINT('',(-3.50329779620853,-2.21338210624048,23.2934357234987));
#6242=CARTESIAN_POINT('',(-4.58450004794272,-2.91535222149491,23.3144305332891));
#6243=CARTESIAN_POINT('',(-4.84661669423861,-1.90020444770379,24.0647391869496));
#6244=CARTESIAN_POINT('',(-3.48221987538725,-2.23428296650594,23.3315286560246));
#6245=CARTESIAN_POINT('',(-4.55898459331399,-2.94438671192888,23.3528194892515));
#6246=CARTESIAN_POINT('',(-4.82766698328323,-1.93028167905077,24.103496304518));
#6247=CARTESIAN_POINT('',(-3.47126231166744,-2.24504978006388,23.3512378177773));
#6248=CARTESIAN_POINT('',(-4.54572969100096,-2.95947910656403,23.3728348582274));
#6249=CARTESIAN_POINT('',(-4.81810741373405,-1.9452748152549,24.1228677966786));
#6250=CARTESIAN_POINT('',(-3.41604884874603,-2.29856993640272,23.4502245040879));
#6251=CARTESIAN_POINT('',(-4.47883789601385,-3.03470684117907,23.473487121523));
#6252=CARTESIAN_POINT('',(-4.76995819263799,-2.01978020869509,24.219829797686));
#6253=CARTESIAN_POINT('',(-3.3710767947909,-2.33991024854432,23.5295922076339));
#6254=CARTESIAN_POINT('',(-4.42416790014016,-3.093053491641,23.5540675177975));
#6255=CARTESIAN_POINT('',(-4.73026405524656,-2.07809125332368,24.2976279330507));
#6256=CARTESIAN_POINT('',(-3.14250930952268,-2.53942511725101,23.9273847269253));
#6257=CARTESIAN_POINT('',(-4.14446478595002,-3.37684268370954,23.9586841148577));
#6258=CARTESIAN_POINT('',(-4.52621003248339,-2.36334665884838,24.6877870084035));
#6259=CARTESIAN_POINT('',(-2.94786839777022,-2.67611467927043,24.2487092285145));
#6260=CARTESIAN_POINT('',(-3.90356498476418,-3.57510591179498,24.2832802040534));
#6261=CARTESIAN_POINT('',(-4.34522471170207,-2.57145678778454,25.0036719026421));
#6262=CARTESIAN_POINT('',(-2.74461346152852,-2.79159359416353,24.5735970312234));
#6263=CARTESIAN_POINT('',(-3.64921402369405,-3.74699918554513,24.6092110293334));
#6264=CARTESIAN_POINT('',(-4.14914154800325,-2.76101908515051,25.3235541471967));
#6265=CARTESIAN_POINT('',(-3.33008001070742,-2.21597994627773,25.1444716655873));
#6266=CARTESIAN_POINT('',(-2.74461346152734,-2.79159359416292,24.573597031224));
#6267=CARTESIAN_POINT('',(-3.64921402369296,-3.7469991855467,24.6092110293333));
#6268=CARTESIAN_POINT('',(-4.14914154800297,-2.76101908515078,25.3235541471972));
#6269=CARTESIAN_POINT('',(-2.57679647395268,-2.91734392821887,24.8724977545118));
#6270=CARTESIAN_POINT('',(-3.43269257848238,-3.87446165294657,24.9235356636264));
#6271=CARTESIAN_POINT('',(-3.96707586562944,-2.93703006096335,25.6205688329798));
#6272=CARTESIAN_POINT('',(-2.40124744696295,-3.02781552530453,25.1692357505909));
#6273=CARTESIAN_POINT('',(-3.20724710372437,-3.98435065260988,25.2375885989217));
#6274=CARTESIAN_POINT('',(-3.77347020501727,-3.09674007692988,25.915385303121));
#6275=CARTESIAN_POINT('',(-2.12733441451792,-3.17218993815156,25.6112243425421));
#6276=CARTESIAN_POINT('',(-2.85759563658811,-4.12413290691756,25.7056793956751));
#6277=CARTESIAN_POINT('',(-3.46667149062217,-3.31418787795208,26.3546669926197));
#6278=CARTESIAN_POINT('',(-2.03425357390945,-3.21674148415877,25.7580295656555));
#6279=CARTESIAN_POINT('',(-2.74060086879898,-4.16615612159899,25.8593585761335));
#6280=CARTESIAN_POINT('',(-3.36165388491998,-3.3829622704356,26.5006019165728));
#6281=CARTESIAN_POINT('',(-1.89201144979735,-3.27825077575321,25.9773992267746));
#6282=CARTESIAN_POINT('',(-2.56220549494878,-4.22322707802498,26.0891478657319));
#6283=CARTESIAN_POINT('',(-3.19995160021484,-3.48065622530066,26.7187820449037));
#6284=CARTESIAN_POINT('',(-1.84416009797889,-3.29786649568275,26.0503822184074));
#6285=CARTESIAN_POINT('',(-2.50261254598906,-4.24116735166669,26.1651797107768));
#6286=CARTESIAN_POINT('',(-3.1453537665091,-3.51230825514423,26.7913881521031));
#6287=CARTESIAN_POINT('',(-1.78380010887659,-3.32127349868347,26.1414260750501));
#6288=CARTESIAN_POINT('',(-2.4274350435449,-4.2623906494094,26.2601594738699));
#6289=CARTESIAN_POINT('',(-3.0762216180293,-3.55073202095842,26.8819949105059));
#6290=CARTESIAN_POINT('',(-1.77170081135221,-3.325899246605,26.1596255907047));
#6291=CARTESIAN_POINT('',(-2.4124195790971,-4.26656049236757,26.2790841678702));
#6292=CARTESIAN_POINT('',(-3.06235092286517,-3.55835968281109,26.9001087133629));
#6293=CARTESIAN_POINT('',(-1.74744759880699,-3.3350392695649,26.1960058236446));
#6294=CARTESIAN_POINT('',(-2.38234148905024,-4.27477483467173,26.3169004649241));
#6295=CARTESIAN_POINT('',(-3.03452057184712,-3.57350069964174,26.9363211978284));
#6296=CARTESIAN_POINT('',(-1.73566794278469,-3.33945097597075,26.2136512577733));
#6297=CARTESIAN_POINT('',(-2.36770863423578,-4.27859599547743,26.3352118865804));
#6298=CARTESIAN_POINT('',(-3.02055755798973,-3.58101741369825,26.9544175589347));
#6299=CARTESIAN_POINT('',(-1.69761264102563,-3.35324165282529,26.270322737467));
#6300=CARTESIAN_POINT('',(-2.32075544771072,-4.2914348950862,26.3941244950921));
#6301=CARTESIAN_POINT('',(-2.97855600301172,-3.60337420353973,27.0086988583465));
#6302=CARTESIAN_POINT('',(-1.67221681876427,-3.36213943014879,26.3081247009255));
#6303=CARTESIAN_POINT('',(-2.28944791636907,-4.29964589718126,26.4334132762659));
#6304=CARTESIAN_POINT('',(-2.95046636154101,-3.61795976213401,27.0449183876018));
#6305=CARTESIAN_POINT('',(-1.44343187010551,-3.43960469016982,26.6485352925916));
#6306=CARTESIAN_POINT('',(-2.01138943913113,-4.3695298285416,26.7824270977215));
#6307=CARTESIAN_POINT('',(-2.69687763644608,-3.74641171988318,27.371181209827));
#6308=CARTESIAN_POINT('',(-1.23849682975167,-3.49000997325672,26.9525179305075));
#6309=CARTESIAN_POINT('',(-1.76247447243145,-4.41105446173744,27.0953901153399));
#6310=CARTESIAN_POINT('',(-2.46595532666055,-3.84070660903484,27.663226930967));
#6311=CARTESIAN_POINT('',(-0.929293958863194,-3.54058425839624,27.4106849252081));
#6312=CARTESIAN_POINT('',(-1.38781857372187,-4.44512925578003,27.5674516788076));
#6313=CARTESIAN_POINT('',(-2.11207703507134,-3.95512481854713,28.104351800757));
#6314=CARTESIAN_POINT('',(-0.825926076628428,-3.55324697784395,27.5637673489088));
#6315=CARTESIAN_POINT('',(-1.26398588813698,-4.45190577474374,27.7236946642609));
#6316=CARTESIAN_POINT('',(-1.99285188608215,-3.98871962505499,28.2520196599655));
#6317=CARTESIAN_POINT('',(-0.618607755678503,-3.57027933525307,27.8706335976749));
#6318=CARTESIAN_POINT('',(-1.01649353195651,-4.45651345053467,28.0363890735989));
#6319=CARTESIAN_POINT('',(-1.75182009852978,-4.04681171415668,28.5487699558622));
#6320=CARTESIAN_POINT('',(-0.514423133401012,-3.57464045354899,28.0247632686037));
#6321=CARTESIAN_POINT('',(-0.892522825177376,-4.45442152662969,28.1932131188329));
#6322=CARTESIAN_POINT('',(-1.62973737637135,-4.07134804332137,28.698159329619));
#6323=CARTESIAN_POINT('',(-0.307054102535571,-3.57503004772732,28.331351698786));
#6324=CARTESIAN_POINT('',(-0.64646096840116,-4.44136124785429,28.5047228371455));
#6325=CARTESIAN_POINT('',(-1.38477649355594,-4.11089081311678,28.9960068936324));
#6326=CARTESIAN_POINT('',(-0.203796899446879,-3.57108603324588,28.4839187301083));
#6327=CARTESIAN_POINT('',(-0.524223512658692,-4.43052732279532,28.6595897597914));
#6328=CARTESIAN_POINT('',(-1.26181879913493,-4.12594188525735,29.144567959543));
#6329=CARTESIAN_POINT('',(-0.0495416959158246,-3.55904164536157,28.7116451755331));
#6330=CARTESIAN_POINT('',(-0.341439316190297,-4.4076754804886,28.8912037556005));
#6331=CARTESIAN_POINT('',(-1.076610882302,-4.14144474460235,29.366850711086));
#6332=CARTESIAN_POINT('',(0.00177148263281087,-3.55400415238292,28.7873661438896));
#6333=CARTESIAN_POINT('',(-0.280874822080789,-4.39901063807535,28.9679537028829));
#6334=CARTESIAN_POINT('',(-1.01474616091275,-4.14543179709118,29.4408515812489));
#6335=CARTESIAN_POINT('',(0.0785836064196322,-3.54491230875493,28.9006569669178));
#6336=CARTESIAN_POINT('',(-0.190150957573738,-4.38436200502908,29.0829122121461));
#6337=CARTESIAN_POINT('',(-0.92174716419923,-4.14962766184605,29.5517087231674));
#6338=CARTESIAN_POINT('',(0.104161365985273,-3.5416256809718,28.9383721025545));
#6339=CARTESIAN_POINT('',(-0.15999663243559,-4.37921704220115,29.1211197295502));
#6340=CARTESIAN_POINT('',(-0.890713832389478,-4.15072872764655,29.5886370604729));
#6341=CARTESIAN_POINT('',(0.142488536071813,-3.53631080792718,28.9948706740127));
#6342=CARTESIAN_POINT('',(-0.114793553303846,-4.37108574881401,29.1783896717466));
#6343=CARTESIAN_POINT('',(-0.844112104243565,-4.15193130825363,29.6439928395821));
#6344=CARTESIAN_POINT('',(0.155257680737748,-3.53447502339072,29.0136911736102));
#6345=CARTESIAN_POINT('',(-0.0997471380455693,-4.36830962236894,29.1974518067206));
#6346=CARTESIAN_POINT('',(-0.8285695721812,-4.15225732538085,29.6624386437458));
#6347=CARTESIAN_POINT('',(0.180782798872019,-3.53067492167326,29.0513071925485));
#6348=CARTESIAN_POINT('',(-0.0696744564362963,-4.36262127045675,29.2355483161492));
#6349=CARTESIAN_POINT('',(-0.797467045597516,-4.15275914426601,29.6993178842238));
#6350=CARTESIAN_POINT('',(0.193191984874811,-3.52880168686165,29.0696066703046));
#6351=CARTESIAN_POINT('',(-0.0549937934790907,-4.35970793570341,29.2541632383421));
#6352=CARTESIAN_POINT('',(-0.781901843702741,-4.1529362352005,29.7177491162572));
#6353=CARTESIAN_POINT('',(0.41820984144797,-3.49214725059442,29.4007214041816));
#6354=CARTESIAN_POINT('',(0.205888501362023,-4.30958740884854,29.5841416545059));
#6355=CARTESIAN_POINT('',(-0.517334899829754,-4.15461747841241,30.0310550114949));
#6356=CARTESIAN_POINT('',(0.620694121997737,-3.44024747091843,29.7122049098748));
#6357=CARTESIAN_POINT('',(0.442215835543437,-4.2431361921934,29.8971082863583));
#6358=CARTESIAN_POINT('',(-0.274171840602597,-4.13507933716057,30.3277802147968));
#6359=CARTESIAN_POINT('',(1.20357779569484,-3.23871176997686,30.647392772697));
#6360=CARTESIAN_POINT('',(1.11335128751161,-3.9960398827744,30.8256787805604));
#6361=CARTESIAN_POINT('',(0.439181138145447,-4.01956161512006,31.2233431735081));
#6362=CARTESIAN_POINT('',(1.55998050701531,-3.04440736562057,31.2720644441881));
#6363=CARTESIAN_POINT('',(1.52815288663582,-3.76743273798606,31.4517766847875));
#6364=CARTESIAN_POINT('',(0.893689317624846,-3.86817527339375,31.8276752734279));
#6365=CARTESIAN_POINT('',(1.88368206912447,-2.78929549052945,31.8975240661718));
#6366=CARTESIAN_POINT('',(1.91162228591524,-3.46648989240425,32.0888093557912));
#6367=CARTESIAN_POINT('',(1.32521101707597,-3.63859705438564,32.4387578152001));
#6368=CARTESIAN_POINT('',(0.985094377950653,-2.70474773882565,32.3280955921146));
#6369=CARTESIAN_POINT('',(1.88368206912743,-2.78929549052658,31.8975240661774));
#6370=CARTESIAN_POINT('',(1.91162228591819,-3.4664898924027,32.0888093557952));
#6371=CARTESIAN_POINT('',(1.32521101707597,-3.63859705438564,32.4387578152001));
#6372=CARTESIAN_POINT('',(1.91677984588386,-2.76316469545789,31.9614668797796));
#6373=CARTESIAN_POINT('',(1.9499971130346,-3.43643947069237,32.1524835909638));
#6374=CARTESIAN_POINT('',(1.36879596912688,-3.61540898368431,32.5004789369629));
#6375=CARTESIAN_POINT('',(1.95049362131525,-2.73526705458688,32.027679827297));
#6376=CARTESIAN_POINT('',(1.98900818493603,-3.40520275778702,32.2178427838088));
#6377=CARTESIAN_POINT('',(1.41177860524694,-3.5915429883038,32.5621432802798));
#6378=CARTESIAN_POINT('',(2.01547257342758,-2.67958055066358,32.1586990513498));
#6379=CARTESIAN_POINT('',(2.06427646889238,-3.34232412646577,32.3475504328863));
#6380=CARTESIAN_POINT('',(1.49610697305978,-3.5426612547603,32.6856698080679));
#6381=CARTESIAN_POINT('',(2.04717489457889,-2.65137359872375,32.2241569154127));
#6382=CARTESIAN_POINT('',(2.10101489018878,-3.31048087300433,32.4123560155878));
#6383=CARTESIAN_POINT('',(1.53752544999416,-3.51762510490454,32.7474837459074));
#6384=CARTESIAN_POINT('',(2.14002835914758,-2.56571822364338,32.4203941776242));
#6385=CARTESIAN_POINT('',(2.20849506661093,-3.21395421024521,32.6063469598475));
#6386=CARTESIAN_POINT('',(1.6596264283501,-3.44081436550388,32.9330790208715));
#6387=CARTESIAN_POINT('',(2.19892995759935,-2.50723794414335,32.5510383709307));
#6388=CARTESIAN_POINT('',(2.27687222736234,-3.1479892870747,32.7357149522257));
#6389=CARTESIAN_POINT('',(1.73815740770165,-3.38734096381011,33.0570141344729));
#6390=CARTESIAN_POINT('',(2.36733312480315,-2.32801075491106,32.9425344510399));
#6391=CARTESIAN_POINT('',(2.4720171050821,-2.94655062613078,33.1222779568237));
#6392=CARTESIAN_POINT('',(1.96568313686354,-3.2206500562288,33.4294335574797));
#6393=CARTESIAN_POINT('',(2.46857740820657,-2.20350818568842,33.2029632257129));
#6394=CARTESIAN_POINT('',(2.59027272432166,-2.80640885785424,33.3803619612358));
#6395=CARTESIAN_POINT('',(2.10664499737375,-3.1012037434596,33.6785361774282));
#6396=CARTESIAN_POINT('',(2.65143436647594,-1.94540349046833,33.7228622260362));
#6397=CARTESIAN_POINT('',(2.80484942633654,-2.51632590133343,33.8957010422562));
#6398=CARTESIAN_POINT('',(2.36902188089433,-2.84729957199743,34.1782714073511));
#6399=CARTESIAN_POINT('',(2.7330374101781,-1.81179476535255,33.9823306986686));
#6400=CARTESIAN_POINT('',(2.90147949937419,-2.36637596716707,34.1531575646985));
#6401=CARTESIAN_POINT('',(2.49043165872325,-2.71283633246522,34.4289037584438));
#6402=CARTESIAN_POINT('',(2.84151116632994,-1.60455473453548,34.3706329226602));
#6403=CARTESIAN_POINT('',(3.03155624989787,-2.13349361206097,34.5396197865365));
#6404=CARTESIAN_POINT('',(2.65850576501839,-2.5001168278445,34.8058119805728));
#6405=CARTESIAN_POINT('',(2.87533779657156,-1.53433033426013,34.4999138580859));
#6406=CARTESIAN_POINT('',(3.07231816277155,-2.05481532529398,34.6680461809731));
#6407=CARTESIAN_POINT('',(2.71218268485752,-2.42736332261217,34.9316069895705));
#6408=CARTESIAN_POINT('',(2.93834839296674,-1.39151601828463,34.7581008294659));
#6409=CARTESIAN_POINT('',(3.14887250917674,-1.89486826555919,34.9246554731959));
#6410=CARTESIAN_POINT('',(2.81484836972097,-2.27808164706774,35.1834709761873));
#6411=CARTESIAN_POINT('',(2.96755541575673,-1.31890566781388,34.8865016468526));
#6412=CARTESIAN_POINT('',(3.18482692226951,-1.81352685055627,35.0525365036714));
#6413=CARTESIAN_POINT('',(2.86397529243051,-2.20135579917967,35.3094374635024));
#6414=CARTESIAN_POINT('',(2.99468821806327,-1.24346912290821,35.0188010352668));
#6415=CARTESIAN_POINT('',(3.21861302951852,-1.72992561085936,35.1832533721451));
#6416=CARTESIAN_POINT('',(2.91015518283709,-2.12343577140315,35.4358999975515));
#6417=CARTESIAN_POINT('',(-3.72561537301424,-1.18609261944738,10.2039328845606));
#6418=CARTESIAN_POINT('',(-3.56899211188597,-1.67805928365524,10.9479759930919));
#6419=CARTESIAN_POINT('',(-3.29003593879884,-2.11250778246131,11.6666666666667));
#6420=CARTESIAN_POINT('',(-2.72399118448387,-2.99407025533183,13.125));
#6421=CARTESIAN_POINT('',(-1.79300081113293,-3.47450337470325,14.5833333333333));
#6422=CARTESIAN_POINT('',(-0.862010437781984,-3.95493649407466,16.0416666666667));
#6423=CARTESIAN_POINT('',(0.184467435904402,-3.90550859359424,17.5));
#6424=CARTESIAN_POINT('',(1.23094530959079,-3.85608069311382,18.9583333333333));
#6425=CARTESIAN_POINT('',(2.1125077824613,-3.29003593879885,20.4166666666667));
#6426=CARTESIAN_POINT('',(2.99407025533183,-2.72399118448388,21.875));
#6427=CARTESIAN_POINT('',(3.47450337470324,-1.79300081113293,23.3333333333333));
#6428=CARTESIAN_POINT('',(3.68939409925492,-1.37658240071657,23.9856245555702));
#6429=CARTESIAN_POINT('',(3.79979702028989,-0.921177623557842,24.660743799825));
#6430=CARTESIAN_POINT('',(-4.4851597494881,-1.42790233110034,10.2039328845606));
#6431=CARTESIAN_POINT('',(-4.29660557083232,-2.02016665778788,10.9479759930919));
#6432=CARTESIAN_POINT('',(-3.96077836535528,-2.54318654174707,11.6666666666667));
#6433=CARTESIAN_POINT('',(-3.27933358529245,-3.60447390614269,13.125));
#6434=CARTESIAN_POINT('',(-2.15854141228394,-4.1828533343933,14.5833333333333));
#6435=CARTESIAN_POINT('',(-1.03774923927543,-4.76123276264392,16.0416666666667));
#6436=CARTESIAN_POINT('',(0.222074969038017,-4.70172795403102,17.5));
#6437=CARTESIAN_POINT('',(1.48189917735146,-4.64222314541812,18.9583333333334));
#6438=CARTESIAN_POINT('',(2.54318654174707,-3.96077836535529,20.4166666666667));
#6439=CARTESIAN_POINT('',(3.60447390614268,-3.27933358529246,21.875));
#6440=CARTESIAN_POINT('',(4.1828533343933,-2.15854141228395,23.3333333333333));
#6441=CARTESIAN_POINT('',(4.44155401382434,-1.65722742617748,23.9856245555702));
#6442=CARTESIAN_POINT('',(4.57446487232,-1.10897888956476,24.660743799825));
#6443=CARTESIAN_POINT('',(-3.71148733594052,-1.24518019355353,10.2911392253734));
#6444=CARTESIAN_POINT('',(-3.44726031259442,-2.03331553001806,11.4874261527306));
#6445=CARTESIAN_POINT('',(-2.39120859527923,-3.44464313822751,13.8612378684514));
#6446=CARTESIAN_POINT('',(0.14737196098231,-4.19388535751753,17.4396214789773));
#6447=CARTESIAN_POINT('',(2.21238091594378,-3.41979142066127,20.3925981414756));
#6448=CARTESIAN_POINT('',(3.34475494406625,-2.16315570190145,22.8069549841091));
#6449=CARTESIAN_POINT('',(3.68583304552698,-1.3840321813517,23.9750925616749));
#6450=CARTESIAN_POINT('',(3.78989770034951,-0.981108184169747,24.5735970312239));
#6451=CARTESIAN_POINT('',(-3.71148733594052,-1.24518019355354,10.2911392253734));
#6452=CARTESIAN_POINT('',(3.78989770034951,-0.981108184169741,24.5735970312238));
#6453=CARTESIAN_POINT('',(3.78989770035179,-0.98110818417033,24.5735970312238));
#6454=CARTESIAN_POINT('',(3.79301759685756,-1.43136179636993,23.9478279431185));
#6455=CARTESIAN_POINT('',(3.61960080295006,-2.36068180729347,22.7452733652811));
#6456=CARTESIAN_POINT('',(2.8536354034838,-3.58630897438764,20.9376505077044));
#6457=CARTESIAN_POINT('',(1.62559878675485,-4.45530553045631,19.1791350194688));
#6458=CARTESIAN_POINT('',(0.166044529397059,-4.79515315460702,17.4330825339257));
#6459=CARTESIAN_POINT('',(-1.31524559554508,-4.55921480446822,15.6748365668084));
#6460=CARTESIAN_POINT('',(-2.60607627280876,-3.78340756172712,13.9196814526939));
#6461=CARTESIAN_POINT('',(-3.46683044712397,-2.61789421194707,12.1123412442064));
#6462=CARTESIAN_POINT('',(-3.69644357780974,-1.69749335371101,10.9151645834244));
#6463=CARTESIAN_POINT('',(-3.71148733594052,-1.24518019355354,10.2911392253734));
#6464=CARTESIAN_POINT('',(3.,-6.13204262985831E-15,22.0585329008943));
#6465=CARTESIAN_POINT('',(3.00000000000001,-6.18433977207997E-15,35.077303724129));
#6466=CARTESIAN_POINT('',(3.,2.62414067151183,22.0585329008943));
#6467=CARTESIAN_POINT('',(3.00000000000001,2.62414067151183,35.077303724129));
#6468=CARTESIAN_POINT('',(0.509654270739719,4.62617047182648,22.0585329008943));
#6469=CARTESIAN_POINT('',(0.509654270739734,4.62617047182648,35.077303724129));
#6470=CARTESIAN_POINT('',(-2.06804958924113,2.17328573741224,22.0585329008943));
#6471=CARTESIAN_POINT('',(-2.06804958924112,2.17328573741224,35.077303724129));
#6472=CARTESIAN_POINT('',(2.99999999999547,-5.21601005313998E-06,22.135722019917));
#6473=CARTESIAN_POINT('',(3.0000008127977,0.467479831344627,23.0124135791355));
#6474=CARTESIAN_POINT('',(2.77229553877593,1.41879902602566,24.7639433577515));
#6475=CARTESIAN_POINT('',(1.82696799270607,2.52071745460667,27.3912296516136));
#6476=CARTESIAN_POINT('',(0.482824992660613,3.07307607260134,30.006686475718));
#6477=CARTESIAN_POINT('',(-0.468874558850957,3.00151124871289,31.7645607595274));
#6478=CARTESIAN_POINT('',(-0.924060947346847,2.85413933885304,32.6339464829734));
#6479=CARTESIAN_POINT('',(-0.92406094734684,2.85413933885304,32.6339464829734));
#6480=CARTESIAN_POINT('',(-0.92406094734684,2.85413933885304,32.6339464829734));
#6481=CARTESIAN_POINT('',(-1.33736488927702,2.72032736025649,33.4233385993444));
#6482=CARTESIAN_POINT('',(-1.71410004949871,2.50091576947001,34.216014916178));
#6483=CARTESIAN_POINT('',(-2.03645811943375,2.20291586943132,35.));
#6484=CARTESIAN_POINT('',(-2.03645811943374,2.20291586943133,35.));
#6485=CARTESIAN_POINT('',(3.73091467950915E-15,1.04112292118687E-15,35.));
#6486=CARTESIAN_POINT('',(-1.00434359717057,2.82688767707924,35.));
#6487=CARTESIAN_POINT('',(-1.00434359717056,2.82688767707924,35.));
#6488=CARTESIAN_POINT('',(-0.418777468768913,3.03492904941554,33.8143198962139));
#6489=CARTESIAN_POINT('',(0.202222007474853,3.06205999474166,32.6404980365692));
#6490=CARTESIAN_POINT('',(0.823264780589346,2.88482843528713,31.4669525402289));
#6491=CARTESIAN_POINT('',(0.823264780589341,2.88482843528713,31.4669525402289));
#6492=CARTESIAN_POINT('',(0.823264780589345,2.88482843528713,31.4669525402289));
#6493=CARTESIAN_POINT('',(1.1380502143217,2.79499579294887,30.8721222901038));
#6494=CARTESIAN_POINT('',(1.71651797590753,2.52371733197573,29.6721852882173));
#6495=CARTESIAN_POINT('',(2.6837650292584,1.6056061541291,27.2615868256793));
#6496=CARTESIAN_POINT('',(2.9999999874426,0.642892983198226,25.4725911095387));
#6497=CARTESIAN_POINT('',(3.,5.8597930330409E-08,24.2651535734497));
#6498=CARTESIAN_POINT('',(-0.265134541889407,-4.69881074901811,11.3577362953337));
#6499=CARTESIAN_POINT('',(-0.132672622874142,-4.70628502965885,11.513237672091));
#6500=CARTESIAN_POINT('',(-4.91959267714113E-15,-4.70628502965885,11.6666666666667));
#6501=CARTESIAN_POINT('',(1.26104527304777,-4.70628502965885,13.125));
#6502=CARTESIAN_POINT('',(2.35314251482943,-4.07576239313497,14.5833333333333));
#6503=CARTESIAN_POINT('',(3.44523975661108,-3.44523975661108,16.0416666666667));
#6504=CARTESIAN_POINT('',(4.07576239313497,-2.35314251482943,17.5));
#6505=CARTESIAN_POINT('',(4.70628502965885,-1.26104527304778,18.9583333333334));
#6506=CARTESIAN_POINT('',(4.70628502965885,-6.22063528412373E-15,20.4166666666667));
#6507=CARTESIAN_POINT('',(4.70628502965885,1.26104527304776,21.875));
#6508=CARTESIAN_POINT('',(4.07576239313497,2.35314251482943,23.3333333333333));
#6509=CARTESIAN_POINT('',(3.54617159718252,3.27042068063991,24.5582218084273));
#6510=CARTESIAN_POINT('',(2.67466762624939,3.87237289907422,25.8056184646615));
#6511=CARTESIAN_POINT('',(-0.220269646009202,-3.90369875224396,11.3577362953337));
#6512=CARTESIAN_POINT('',(-0.110222347745959,-3.90990826813418,11.513237672091));
#6513=CARTESIAN_POINT('',(-4.34397040049979E-15,-3.90990826813418,11.6666666666667));
#6514=CARTESIAN_POINT('',(1.04765676292632,-3.90990826813418,13.125));
#6515=CARTESIAN_POINT('',(1.95495413406709,-3.38607988667103,14.5833333333333));
#6516=CARTESIAN_POINT('',(2.86225150520786,-2.86225150520786,16.0416666666667));
#6517=CARTESIAN_POINT('',(3.38607988667102,-1.95495413406709,17.5));
#6518=CARTESIAN_POINT('',(3.90990826813418,-1.04765676292633,18.9583333333334));
#6519=CARTESIAN_POINT('',(3.90990826813418,-5.64501300748239E-15,20.4166666666667));
#6520=CARTESIAN_POINT('',(3.90990826813418,1.04765676292632,21.875));
#6521=CARTESIAN_POINT('',(3.38607988667102,1.95495413406709,23.3333333333333));
#6522=CARTESIAN_POINT('',(2.94610410560951,2.71701454096543,24.5582218084273));
#6523=CARTESIAN_POINT('',(2.22207218655037,3.21710706427115,25.8056184646615));
#6524=CARTESIAN_POINT('',(2.27447824413361,3.18723687192862,25.720431873269));
#6525=CARTESIAN_POINT('',(2.61456277032283,2.94328482163759,25.1263967568006));
#6526=CARTESIAN_POINT('',(3.20438738518081,2.36550153431387,23.9421921638876));
#6527=CARTESIAN_POINT('',(3.98916477370403,0.835783440361114,21.5616638457575));
#6528=CARTESIAN_POINT('',(3.97199501475298,-0.902543965262713,19.1763916688101));
#6529=CARTESIAN_POINT('',(3.17100626257478,-2.41106032670746,16.8107200614805));
#6530=CARTESIAN_POINT('',(2.25000138758638,-3.28745155904794,14.9956744646026));
#6531=CARTESIAN_POINT('',(1.10258250635531,-3.82494672811072,13.2374904982119));
#6532=CARTESIAN_POINT('',(0.259278275295016,-3.93155499232654,12.0322810934866));
#6533=CARTESIAN_POINT('',(-0.160819159468312,-3.91289381475772,11.4419364934772));
#6534=CARTESIAN_POINT('',(2.2744782441336,3.18723687192864,25.720431873269));
#6535=CARTESIAN_POINT('',(-0.160819159468256,-3.91289381475772,11.4419364934773));
#6536=CARTESIAN_POINT('',(-0.160819159468161,-3.91289381475772,11.4419364934774));
#6537=CARTESIAN_POINT('',(0.275344856244028,-4.05390348223681,12.0618710663454));
#6538=CARTESIAN_POINT('',(1.20549890358011,-4.16498952724248,13.284995102542));
#6539=CARTESIAN_POINT('',(2.61513186545888,-3.76014270662831,15.0628996138014));
#6540=CARTESIAN_POINT('',(3.78247389918039,-2.85467613010354,16.8445909972132));
#6541=CARTESIAN_POINT('',(4.54128189646992,-1.54104860674727,18.5848628892724));
#6542=CARTESIAN_POINT('',(4.75237763930202,-0.0614223197846131,20.3357373995988));
#6543=CARTESIAN_POINT('',(4.38028392304513,1.3846216185581,22.1011978405103));
#6544=CARTESIAN_POINT('',(3.49394199879009,2.56666508901655,23.8878014063415));
#6545=CARTESIAN_POINT('',(2.69843181293195,3.02828448585148,25.0995800266331));
#6546=CARTESIAN_POINT('',(2.27447824413361,3.18723687192864,25.7204318732691));
#6547=CARTESIAN_POINT('',(-1.42992654209745,5.06839247925644,35.));
#6548=CARTESIAN_POINT('',(0.936044196810762,3.702398636253,35.));
#6549=CARTESIAN_POINT('',(-3.76551306783765,1.02303795120114,35.));
#6550=CARTESIAN_POINT('',(-1.39954232892944,-0.342955891802294,35.));
#6551=CARTESIAN_POINT('',(-2.03645774194279,2.20291546095796,35.));
#6552=CARTESIAN_POINT('',(-2.22518625497611,2.02850187662516,35.));
#6553=CARTESIAN_POINT('',(-2.45498481057714,1.8996467199944,35.));
#6554=CARTESIAN_POINT('',(-2.70505338415731,1.83984086904922,35.));
#6555=CARTESIAN_POINT('',(-2.70505336838574,1.83984080310292,35.));
#6556=CARTESIAN_POINT('',(-2.70505336838568,1.83984080310266,35.));
#6557=CARTESIAN_POINT('',(-3.06116387943742,1.75467549390967,35.));
#6558=CARTESIAN_POINT('',(-3.34441753925991,1.46691380474376,35.));
#6559=CARTESIAN_POINT('',(-3.45699812247874,1.11916166358429,35.));
#6560=CARTESIAN_POINT('',(0.69699627983349,3.56616811633391,35.));
#6561=CARTESIAN_POINT('',(0.296771107584907,3.64439086048198,35.));
#6562=CARTESIAN_POINT('',(-0.135851612893602,3.52080029348077,35.));
#6563=CARTESIAN_POINT('',(-0.409249909892555,3.21721313355446,35.));
#6564=CARTESIAN_POINT('',(-0.409249909892552,3.21721313355445,35.));
#6565=CARTESIAN_POINT('',(-0.409249909892554,3.21721313355446,35.));
#6566=CARTESIAN_POINT('',(-0.569603580040262,3.03915308037101,35.));
#6567=CARTESIAN_POINT('',(-0.776943967728004,2.90767877595501,35.));
#6568=CARTESIAN_POINT('',(-1.00434359717057,2.82688767707925,35.));
#6569=CARTESIAN_POINT('',(-2.71293539554208,1.83164768569353,35.0154108759841));
#6570=CARTESIAN_POINT('',(-2.39138737427437,1.83366062583047,35.1995138301552));
#6571=CARTESIAN_POINT('',(-2.19996049439147,2.05327786986401,35.4284572629615));
#6572=CARTESIAN_POINT('',(-2.67809278555712,1.88885334774946,34.8961675966741));
#6573=CARTESIAN_POINT('',(-2.35162425429568,1.88202968052935,35.075983827555));
#6574=CARTESIAN_POINT('',(-2.15083138048828,2.09802670408905,35.3040108910174));
#6575=CARTESIAN_POINT('',(-2.64255127563281,1.9459183236972,34.7761377121897));
#6576=CARTESIAN_POINT('',(-2.31232238372117,1.93029186120956,34.9515352692835));
#6577=CARTESIAN_POINT('',(-2.10272010629094,2.14183373444445,35.1782102902592));
#6578=CARTESIAN_POINT('',(-2.6014972479036,2.01028120630288,34.6403294363732));
#6579=CARTESIAN_POINT('',(-2.26827357120237,1.98507544584548,34.8106811553611));
#6580=CARTESIAN_POINT('',(-2.04965224935328,2.19073035717406,35.035634272435));
#6581=CARTESIAN_POINT('',(-2.59691953100485,2.01743670267671,34.6252248204676));
#6582=CARTESIAN_POINT('',(-2.26337969712938,1.99117127662153,34.7950132950433));
#6583=CARTESIAN_POINT('',(-2.04377033017956,2.1961577816776,35.0197779413893));
#6584=CARTESIAN_POINT('',(-2.58773351651156,2.03175228776361,34.5949956880586));
#6585=CARTESIAN_POINT('',(-2.25359541536092,2.00337723910321,34.7636562524352));
#6586=CARTESIAN_POINT('',(-2.0320349161312,2.20700360014673,34.9880378854546));
#6587=CARTESIAN_POINT('',(-2.58302109733871,2.03842273155976,34.5810063622963));
#6588=CARTESIAN_POINT('',(-2.248453348195,2.00882450290162,34.7501353864112));
#6589=CARTESIAN_POINT('',(-2.02615952081286,2.21240620885506,34.9749821291572));
#6590=CARTESIAN_POINT('',(-2.56894310096561,2.05898390815489,34.5375672513636));
#6591=CARTESIAN_POINT('',(-2.23327254448276,2.02591109459038,34.7067720244521));
#6592=CARTESIAN_POINT('',(-2.00846771530609,2.22852237673694,34.9321820171153));
#6593=CARTESIAN_POINT('',(-2.55947240008089,2.07261481012444,34.5085973156789));
#6594=CARTESIAN_POINT('',(-2.223084991293,2.0372047850201,34.6778568615616));
#6595=CARTESIAN_POINT('',(-1.99660389812795,2.23915744477876,34.9036443091046));
#6596=CARTESIAN_POINT('',(-2.53079039894675,2.11330154052856,34.4216109541986));
#6597=CARTESIAN_POINT('',(-2.19230328679736,2.07081946352322,34.5910327580309));
#6598=CARTESIAN_POINT('',(-1.96080715245705,2.27073733949677,34.8180172240792));
#6599=CARTESIAN_POINT('',(-2.5113278282664,2.14012346013516,34.3635763549612));
#6600=CARTESIAN_POINT('',(-2.17151694452174,2.09284292429594,34.5331228341953));
#6601=CARTESIAN_POINT('',(-1.93666897997552,2.29135691985299,34.7609138804117));
#6602=CARTESIAN_POINT('',(-2.412066655772,2.27308819828442,34.0724477757818));
#6603=CARTESIAN_POINT('',(-2.06594233154258,2.20142606613567,34.2424559771253));
#6604=CARTESIAN_POINT('',(-1.81464060204086,2.39230680305566,34.4752902594522));
#6605=CARTESIAN_POINT('',(-2.32722809358915,2.37467371164477,33.8388986062566));
#6606=CARTESIAN_POINT('',(-1.97736597558471,2.28213215079383,34.0095550351397));
#6607=CARTESIAN_POINT('',(-1.71275295518236,2.46621134296247,34.2464471545271));
#6608=CARTESIAN_POINT('',(-2.14620310571259,2.56914428492465,33.3696196852099));
#6609=CARTESIAN_POINT('',(-1.79227153376306,2.43216600188196,33.5418758884837));
#6610=CARTESIAN_POINT('',(-1.50099075472445,2.60052837474895,33.7877515419567));
#6611=CARTESIAN_POINT('',(-2.04983915139711,2.66207770163419,33.1336132318286));
#6612=CARTESIAN_POINT('',(-1.69554149230374,2.50149750677465,33.3067309203522));
#6613=CARTESIAN_POINT('',(-1.39111730437541,2.66094125516037,33.5578983510207));
#6614=CARTESIAN_POINT('',(-1.89620174164833,2.79468825467048,32.7783635616065));
#6615=CARTESIAN_POINT('',(-1.54484395770031,2.59676832161111,32.9532191557815));
#6616=CARTESIAN_POINT('',(-1.22042960586867,2.74125983930856,33.2121682686586));
#6617=CARTESIAN_POINT('',(-1.84326758674082,2.83790059934479,32.6593149474645));
#6618=CARTESIAN_POINT('',(-1.49341807308946,2.62719738957305,32.8346821854614));
#6619=CARTESIAN_POINT('',(-1.16255097880033,2.76631232479948,33.0967670868382));
#6620=CARTESIAN_POINT('',(-1.76139229404897,2.90097559212928,32.4803663503718));
#6621=CARTESIAN_POINT('',(-1.41480882718022,2.67063324469015,32.6566075018346));
#6622=CARTESIAN_POINT('',(-1.07424051726439,2.80125141235651,32.9234106677875));
#6623=CARTESIAN_POINT('',(-1.73363558831147,2.9217458509183,32.4205457446383));
#6624=CARTESIAN_POINT('',(-1.38829432166746,2.68477575012142,32.5970592821353));
#6625=CARTESIAN_POINT('',(-1.04455469659744,2.81245756042386,32.8655828019836));
#6626=CARTESIAN_POINT('',(-1.67722325561473,2.96271720922958,32.3006965057132));
#6627=CARTESIAN_POINT('',(-1.33471610506022,2.71233904516381,32.4777654086754));
#6628=CARTESIAN_POINT('',(-0.984678731340726,2.83397597721194,32.7498399415724));
#6629=CARTESIAN_POINT('',(-1.64816801163483,2.98315239898467,32.2400309528494));
#6630=CARTESIAN_POINT('',(-1.30739346979156,2.72583578396996,32.417626100727));
#6631=CARTESIAN_POINT('',(-0.954435887053556,2.84430509734321,32.6919612644979));
#6632=CARTESIAN_POINT('',(-1.6200121320669,3.00245227688422,32.1816265863632));
#6633=CARTESIAN_POINT('',(-1.28067296179998,2.7386820339398,32.3589015577287));
#6634=CARTESIAN_POINT('',(-0.924060947346818,2.85413933885304,32.6339464829734));
#6635=CARTESIAN_POINT('',(-1.23208126312912,3.80551911847072,32.6339464829734));
#6636=CARTESIAN_POINT('',(-1.60706490097078,2.99256050481299,32.1884292960651));
#6637=CARTESIAN_POINT('',(-1.60706490097077,2.99256050481299,32.1884292960651));
#6638=CARTESIAN_POINT('',(-2.06357393214973,2.69213065640301,33.1208746932149));
#6639=CARTESIAN_POINT('',(-2.41538590289353,2.29183374125103,34.0630451496749));
#6640=CARTESIAN_POINT('',(-2.70505336838567,1.83984080310266,35.));
#6641=CARTESIAN_POINT('',(-1.93783234166485,3.40371481343521,32.0504495116012));
#6642=CARTESIAN_POINT('',(-1.57351540186757,2.64387087356353,32.1330403310385));
#6643=CARTESIAN_POINT('',(-0.924060947346836,2.85413933885304,32.6339464829734));
#6644=CARTESIAN_POINT('',(-1.56261364764153,3.61541186153354,31.450837516255));
#6645=CARTESIAN_POINT('',(-1.28198854132911,2.81855375040389,31.5340353421029));
#6646=CARTESIAN_POINT('',(-0.604292217279853,2.95766820011611,32.0232024537751));
#6647=CARTESIAN_POINT('',(-1.1628962558286,3.76277482617601,30.8399672754444));
#6648=CARTESIAN_POINT('',(-0.968683670112882,2.94131784799951,30.9220030903038));
#6649=CARTESIAN_POINT('',(-0.279017500172723,3.00520086839904,31.4084420668101));
#6650=CARTESIAN_POINT('',(-0.631220356902843,3.8653476264133,30.0626779406276));
#6651=CARTESIAN_POINT('',(-0.55287808141846,3.02879996343216,30.1450319946444));
#6652=CARTESIAN_POINT('',(0.133768835553239,2.99815336293635,30.6350624332961));
#6653=CARTESIAN_POINT('',(-0.523242752929909,3.88167991828933,29.9065148602309));
#6654=CARTESIAN_POINT('',(-0.46840094441269,3.04294032730351,29.9888801034137));
#6655=CARTESIAN_POINT('',(0.216648860425784,2.99333572879184,30.4801358146808));
#6656=CARTESIAN_POINT('',(-0.303769632455894,3.90550007322336,29.5926863852117));
#6657=CARTESIAN_POINT('',(-0.296775902661494,3.06413749879188,29.6751270958218));
#6658=CARTESIAN_POINT('',(0.383089478635651,2.9766151859695,30.1697703042187));
#6659=CARTESIAN_POINT('',(-0.192259954199363,3.91295421844124,29.4350142124709));
#6660=CARTESIAN_POINT('',(-0.209595046707455,3.07116676831957,29.517480402489));
#6661=CARTESIAN_POINT('',(0.466653206690887,2.96468503092972,30.0143283728351));
#6662=CARTESIAN_POINT('',(-0.0661295740480242,3.91599614054445,29.2587614039979));
#6663=CARTESIAN_POINT('',(-0.111092979636747,3.07479834940222,29.3413335313295));
#6664=CARTESIAN_POINT('',(0.559990802493013,2.94729055081692,29.8411723343994));
#6665=CARTESIAN_POINT('',(-0.0521007387084717,3.91626041894946,29.2391864707672));
#6666=CARTESIAN_POINT('',(-0.100134700224862,3.0751430357761,29.3217644569529));
#6667=CARTESIAN_POINT('',(0.570356009016124,2.94530228018271,29.8219497448617));
#6668=CARTESIAN_POINT('',(-0.024014009258665,3.91664075932247,29.200053949827));
#6669=CARTESIAN_POINT('',(-0.0781974525809111,3.07571396598182,29.2826437347375));
#6670=CARTESIAN_POINT('',(0.591075160331563,2.94121431614721,29.7835386439758));
#6671=CARTESIAN_POINT('',(-0.00957597865889979,3.91683371944618,29.1799774640532));
#6672=CARTESIAN_POINT('',(-0.0670076599111084,3.07589651775242,29.2625830457281));
#6673=CARTESIAN_POINT('',(0.601432341637829,2.93911394655635,29.764353179304));
#6674=CARTESIAN_POINT('',(0.0310332046526802,3.9166315345312,29.1235331611773));
#6675=CARTESIAN_POINT('',(-0.034936401829262,3.07658141520575,29.2061243009003));
#6676=CARTESIAN_POINT('',(0.632465927281979,2.93264956318812,29.7068282851018));
#6677=CARTESIAN_POINT('',(0.0580544871913121,3.91622098932421,29.0858676300626));
#6678=CARTESIAN_POINT('',(-0.0135926246780531,3.07681132483907,29.1684470860409));
#6679=CARTESIAN_POINT('',(0.6530547746876,2.92813278158691,29.668473609241));
#6680=CARTESIAN_POINT('',(0.138965585674819,3.91417035123576,28.9727650514403));
#6681=CARTESIAN_POINT('',(0.0503183792961993,3.07682865699649,29.0553198500418));
#6682=CARTESIAN_POINT('',(0.714524705638744,2.91397030637179,29.5533950847238));
#6683=CARTESIAN_POINT('',(0.192702710761246,3.91171161364663,28.8972220897289));
#6684=CARTESIAN_POINT('',(0.0927778724132896,3.07594438787589,28.9797522503344));
#6685=CARTESIAN_POINT('',(0.755109309134982,2.9037127930844,29.4766567300414));
#6686=CARTESIAN_POINT('',(0.353315202616667,3.90111318880502,28.6701828407596));
#6687=CARTESIAN_POINT('',(0.219677179701339,3.07065588269944,28.752679591821));
#6688=CARTESIAN_POINT('',(0.87570424129491,2.8705564435549,29.2463819544466));
#6689=CARTESIAN_POINT('',(0.45959248051903,3.88975657017307,28.5182772271786));
#6690=CARTESIAN_POINT('',(0.303687351954073,3.06362053547392,28.6007189589131));
#6691=CARTESIAN_POINT('',(0.954557526083489,2.84527807928429,29.0927857171899));
#6692=CARTESIAN_POINT('',(0.98709718982811,3.8118894313603,27.7561311726833));
#6693=CARTESIAN_POINT('',(0.720422785785928,3.01133686298489,27.8387781489427));
#6694=CARTESIAN_POINT('',(1.3413505450868,2.70358602972577,28.32439097356));
#6695=CARTESIAN_POINT('',(1.39691385081551,3.68405567442439,27.1383958672514));
#6696=CARTESIAN_POINT('',(1.04489856340452,2.915994725576,27.219984054648));
#6697=CARTESIAN_POINT('',(1.62742919135115,2.54256399315324,27.7083247593681));
#6698=CARTESIAN_POINT('',(1.84364485408585,3.4556356486457,26.4329636192145));
#6699=CARTESIAN_POINT('',(1.39627946660219,2.74222512319942,26.5154973521657));
#6700=CARTESIAN_POINT('',(1.92144680960423,2.30430255017411,27.0137713262279));
#6701=CARTESIAN_POINT('',(1.89307873117665,3.42904460622976,26.3544301091182));
#6702=CARTESIAN_POINT('',(1.43518493033023,2.72193844567333,26.4369847581637));
#6703=CARTESIAN_POINT('',(1.95371919193755,2.27701298555167,26.9365786998283));
#6704=CARTESIAN_POINT('',(1.96691776184975,3.38725923435567,26.2363880519963));
#6705=CARTESIAN_POINT('',(1.49325645450747,2.69001679826264,26.3189892315528));
#6706=CARTESIAN_POINT('',(2.00151538497078,2.23481271431283,26.8207606650801));
#6707=CARTESIAN_POINT('',(1.99005371421752,3.37349782848763,26.1989901370349));
#6708=CARTESIAN_POINT('',(1.51193383989965,2.67968550048088,26.2815787016011));
#6709=CARTESIAN_POINT('',(2.01732444605477,2.22055200874175,26.7821393651216));
#6710=CARTESIAN_POINT('',(2.03657948199022,3.34537937222897,26.1231262151412));
#6711=CARTESIAN_POINT('',(1.54923909953377,2.65843351722064,26.2056919378871));
#6712=CARTESIAN_POINT('',(2.0484950132715,2.19182967512966,26.7049172151827));
#6713=CARTESIAN_POINT('',(2.05965311371856,3.33110934221651,26.0851677131027));
#6714=CARTESIAN_POINT('',(1.56773988782984,2.6476322236281,26.1677217543773));
#6715=CARTESIAN_POINT('',(2.06388558874832,2.17734259103747,26.666310860304));
#6716=CARTESIAN_POINT('',(2.17408550421571,3.25871602407724,25.8952451535579));
#6717=CARTESIAN_POINT('',(1.65946941264822,2.59277423357554,25.9777868480255));
#6718=CARTESIAN_POINT('',(2.13987945984153,2.10428791099715,26.4733015870577));
#6719=CARTESIAN_POINT('',(2.26264177347532,3.19746885535751,25.7428921122075));
#6720=CARTESIAN_POINT('',(1.73047547097466,2.54611224333297,25.8253736942744));
#6721=CARTESIAN_POINT('',(2.19761122561231,2.0438664735642,26.3189657279274));
#6722=CARTESIAN_POINT('',(2.51962465834588,3.00400701082394,25.2846612288274));
#6723=CARTESIAN_POINT('',(1.93641906320049,2.39820979603823,25.3671264058675));
#6724=CARTESIAN_POINT('',(2.3620365977873,1.85696638459111,25.8561420023816));
#6725=CARTESIAN_POINT('',(2.67941867590781,2.86213809902488,24.977624981556));
#6726=CARTESIAN_POINT('',(2.0644984413596,2.28899067797445,25.059922734059));
#6727=CARTESIAN_POINT('',(2.46001491277669,1.7248905633833,25.5478340273945));
#6728=CARTESIAN_POINT('',(2.97609830583493,2.55245376187497,24.3605097811408));
#6729=CARTESIAN_POINT('',(2.30199096433382,2.04987287283181,24.4428308217322));
#6730=CARTESIAN_POINT('',(2.63345436661651,1.44631909538695,24.9316496525505));
#6731=CARTESIAN_POINT('',(3.11299716269954,2.38465989727135,24.050434507338));
#6732=CARTESIAN_POINT('',(2.41151937021838,1.91987591143657,24.1326703519626));
#6733=CARTESIAN_POINT('',(2.70891981675878,1.29982678366281,24.6237727080237));
#6734=CARTESIAN_POINT('',(3.26872844680515,2.15712709899317,23.6606797506145));
#6735=CARTESIAN_POINT('',(2.53584011159769,1.74358836169755,23.7431730214087));
#6736=CARTESIAN_POINT('',(2.78851171616025,1.10722160108481,24.2392496599238));
#6737=CARTESIAN_POINT('',(3.2990996908963,2.11072395581869,23.5826193911654));
#6738=CARTESIAN_POINT('',(2.56008591319429,1.70761324135279,23.6651326983636));
#6739=CARTESIAN_POINT('',(2.80368824460619,1.06822260866027,24.1623615871292));
#6740=CARTESIAN_POINT('',(3.34345554483227,2.03972053668287,23.4653551911933));
#6741=CARTESIAN_POINT('',(2.59547629351896,1.65256712585595,23.5479129479187));
#6742=CARTESIAN_POINT('',(2.82531190585425,1.00898684990797,24.047056579872));
#6743=CARTESIAN_POINT('',(3.35804057277398,2.01581949522738,23.4262381585655));
#6744=CARTESIAN_POINT('',(2.60711163124224,1.63403497465151,23.508807349923));
#6745=CARTESIAN_POINT('',(2.83232953008466,0.989118664985899,24.0086261008055));
#6746=CARTESIAN_POINT('',(3.37961205982759,1.9796102013789,23.3675177471314));
#6747=CARTESIAN_POINT('',(2.62431536995093,1.60596029036348,23.4501072916085));
#6748=CARTESIAN_POINT('',(2.84256631725083,0.959128931444745,23.9509875169982));
#6749=CARTESIAN_POINT('',(3.38702231787173,1.96717450729555,23.3473883942674));
#6750=CARTESIAN_POINT('',(2.63007997434034,1.59633992552518,23.4299942035699));
#6751=CARTESIAN_POINT('',(2.84593122282025,0.949098301077571,23.9317785621145));
#6752=CARTESIAN_POINT('',(3.40047233374803,1.9436151923506,23.3096835059417));
#6753=CARTESIAN_POINT('',(2.64119135658746,1.57801521383522,23.3922779657982));
#6754=CARTESIAN_POINT('',(2.85255973817083,0.928986033424753,23.8933514362324));
#6755=CARTESIAN_POINT('',(3.40713650052948,1.93180235005808,23.2908063893998));
#6756=CARTESIAN_POINT('',(2.64669757591095,1.56882508621517,23.3733951195536));
#6757=CARTESIAN_POINT('',(2.85581911640595,0.918917338348609,23.8741207480179));
#6758=CARTESIAN_POINT('',(3.46656647364666,1.82518833038718,23.1206910616324));
#6759=CARTESIAN_POINT('',(2.69579333399807,1.48589022544293,23.2032800592442));
#6760=CARTESIAN_POINT('',(2.88466092961745,0.828186538995352,23.7008906753106));
#6761=CARTESIAN_POINT('',(3.5155830286166,1.72809454866071,22.9675901096348));
#6762=CARTESIAN_POINT('',(2.73635729899171,1.41021056013639,23.0501155734049));
#6763=CARTESIAN_POINT('',(2.90682699439696,0.746569648982068,23.5454967492471));
#6764=CARTESIAN_POINT('',(3.73910999834905,1.23658001380463,22.201468083987));
#6765=CARTESIAN_POINT('',(2.92150531113397,1.0269917961204,22.2843158844448));
#6766=CARTESIAN_POINT('',(2.99960935859638,0.338370143477758,22.7702687818563));
#6767=CARTESIAN_POINT('',(3.85241494245046,0.822148764442619,21.5827102130154));
#6768=CARTESIAN_POINT('',(3.01665919460771,0.701832487840882,21.6644434634622));
#6769=CARTESIAN_POINT('',(3.01845213350629,0.00934596645173934,22.1512918874252));
#6770=CARTESIAN_POINT('',(3.90772806571472,0.274656277273094,20.8014132780212));
#6771=CARTESIAN_POINT('',(3.06619984969266,0.274015115174609,20.8838639628359));
#6772=CARTESIAN_POINT('',(2.97370945593485,-0.404967111033142,21.3790513017819));
#6773=CARTESIAN_POINT('',(3.91436367916256,0.163641166677204,20.6447431786255));
#6774=CARTESIAN_POINT('',(3.07256715491335,0.187227911205111,20.7272191066729));
#6775=CARTESIAN_POINT('',(2.96125799390099,-0.487989373861542,21.2246829952891));
#6776=CARTESIAN_POINT('',(3.9164912636279,0.0368809530375735,20.4679715076712));
#6777=CARTESIAN_POINT('',(3.07547223859967,0.0882469100109853,20.550555895296));
#6778=CARTESIAN_POINT('',(2.94310493048504,-0.581588854149563,21.051123050928));
#6779=CARTESIAN_POINT('',(3.91665334337979,0.0227704576203996,20.4483229885298));
#6780=CARTESIAN_POINT('',(3.07573582751206,0.0772261965937808,20.5309132591777));
#6781=CARTESIAN_POINT('',(2.94103022682172,-0.59199157897717,21.0318400721239));
#6782=CARTESIAN_POINT('',(3.91682728866703,-0.00550329460245577,20.4090112566303));
#6783=CARTESIAN_POINT('',(3.07614322901682,0.0551456827696295,20.4916133663818));
#6784=CARTESIAN_POINT('',(2.93676449399287,-0.612802685602543,20.9932771013116));
#6785=CARTESIAN_POINT('',(3.91668704491154,-0.0189161258455217,20.3903732802163));
#6786=CARTESIAN_POINT('',(3.07637312858629,0.0445048346044893,20.4729669216757));
#6787=CARTESIAN_POINT('',(2.93457464274086,-0.623204973886919,20.9739913640636));
#6788=CARTESIAN_POINT('',(3.91619082474872,-0.0597487710932844,20.3335042774348));
#6789=CARTESIAN_POINT('',(3.07682215861277,0.0122545119188939,20.416083275668));
#6790=CARTESIAN_POINT('',(2.92784630218223,-0.654344805112735,20.9160674518774));
#6791=CARTESIAN_POINT('',(3.91558041727218,-0.086965926680913,20.2954891712825));
#6792=CARTESIAN_POINT('',(3.07689279602847,-0.00924554162878164,20.3780564096778));
#6793=CARTESIAN_POINT('',(2.92314366670439,-0.675039629411589,20.8773793024172));
#6794=CARTESIAN_POINT('',(3.91292135734359,-0.168385856074021,20.181444240874));
#6795=CARTESIAN_POINT('',(3.07642391651786,-0.0735628931453855,20.2639865727152));
#6796=CARTESIAN_POINT('',(2.90843017791608,-0.736765559773001,20.7614093568102));
#6797=CARTESIAN_POINT('',(3.910044968602,-0.222427138261968,20.105317633793));
#6798=CARTESIAN_POINT('',(3.07520546776963,-0.116265049617486,20.1878354126094));
#6799=CARTESIAN_POINT('',(2.89780298496646,-0.777491759868783,20.6841229387308));
#6800=CARTESIAN_POINT('',(3.89024827732015,-0.491467863953321,19.7242190525811));
#6801=CARTESIAN_POINT('',(3.06468661054844,-0.328788280957202,19.8067794565722));
#6802=CARTESIAN_POINT('',(2.84069351840487,-0.979055440719443,20.2978162910743));
#6803=CARTESIAN_POINT('',(3.85719266005935,-0.70298970708397,19.4178670087466));
#6804=CARTESIAN_POINT('',(3.04218204808525,-0.496084756831434,19.5002311366993));
#6805=CARTESIAN_POINT('',(2.78237673985102,-1.13373080287698,19.98916562887));
#6806=CARTESIAN_POINT('',(3.7574851752285,-1.11898281305854,18.8023951136605));
#6807=CARTESIAN_POINT('',(2.97007090227258,-0.824776971997151,18.8847305100029));
#6808=CARTESIAN_POINT('',(2.64200872804353,-1.4306487118779,19.3725439953428));
#6809=CARTESIAN_POINT('',(3.69084463832201,-1.32345273226869,18.4932768391964));
#6810=CARTESIAN_POINT('',(2.92044167461361,-0.98632235155005,18.5755070140896));
#6811=CARTESIAN_POINT('',(2.55995324920225,-1.57288933614468,19.0645733944667));
#6812=CARTESIAN_POINT('',(3.56419118770331,-1.62480445412117,18.0273353877576));
#6813=CARTESIAN_POINT('',(2.82480417777132,-1.22392548253566,18.1097540663419));
#6814=CARTESIAN_POINT('',(2.41867622947756,-1.77675003093426,18.6031634508466));
#6815=CARTESIAN_POINT('',(3.51750195943557,-1.72435948547129,17.8716408136304));
#6816=CARTESIAN_POINT('',(2.78935305385314,-1.30238714167442,17.9540822519699));
#6817=CARTESIAN_POINT('',(2.36853642035922,-1.84311314381056,18.4494522796832));
#6818=CARTESIAN_POINT('',(3.45318216727018,-1.8476488342554,17.6764950562733));
#6819=CARTESIAN_POINT('',(2.74034800254437,-1.39942172000065,17.7590396519271));
#6820=CARTESIAN_POINT('',(2.30188177896022,-1.92400096229364,18.2574427279825));
#6821=CARTESIAN_POINT('',(3.44001962002585,-1.87224889728035,17.6374394268051));
#6822=CARTESIAN_POINT('',(2.73030852825744,-1.41878285924257,17.7199953691195));
#6823=CARTESIAN_POINT('',(2.28835146483719,-1.94007504396558,18.21904732168));
#6824=CARTESIAN_POINT('',(3.41308523033939,-1.9213321771249,17.5592734900893));
#6825=CARTESIAN_POINT('',(2.70974901885971,-1.45740215500598,17.6418529490043));
#6826=CARTESIAN_POINT('',(2.26088614977749,-1.97201354472653,18.1422700165461));
#6827=CARTESIAN_POINT('',(3.39911946872035,-1.94636716748675,17.5194194216597));
#6828=CARTESIAN_POINT('',(2.69901182536004,-1.47690449380566,17.6020293737473));
#6829=CARTESIAN_POINT('',(2.24693809717873,-1.98789244526532,18.1039060857262));
#6830=CARTESIAN_POINT('',(3.35796467788487,-2.01646531346374,17.4063663506343));
#6831=CARTESIAN_POINT('',(2.66796962083556,-1.5331063112173,17.4889523600651));
#6832=CARTESIAN_POINT('',(2.20456773577934,-2.03510929542987,17.9887103441316));
#6833=CARTESIAN_POINT('',(3.32958710245709,-2.0626165650234,17.3306120745336));
#6834=CARTESIAN_POINT('',(2.64649667873949,-1.57011243786346,17.4131729306725));
#6835=CARTESIAN_POINT('',(2.17571282445072,-2.06592620326127,17.9116479245301));
#6836=CARTESIAN_POINT('',(3.18299449630939,-2.29046252195556,16.9499360467364));
#6837=CARTESIAN_POINT('',(2.53532610176171,-1.75271242941742,17.0325548114775));
#6838=CARTESIAN_POINT('',(2.02843163139182,-2.21673252008059,17.5250162142205));
#6839=CARTESIAN_POINT('',(3.05136033740247,-2.46235419144993,16.6410990480075));
#6840=CARTESIAN_POINT('',(2.43450014705711,-1.89056580458345,16.7235057887306));
#6841=CARTESIAN_POINT('',(1.90168747338276,-2.32618336997787,17.2133023973002));
#6842=CARTESIAN_POINT('',(2.7619926031022,-2.78259910802953,16.0207069036333));
#6843=CARTESIAN_POINT('',(2.21182370063881,-2.14709901055553,16.103058914674));
#6844=CARTESIAN_POINT('',(1.63349174640085,-2.52175514902277,16.5906977254844));
#6845=CARTESIAN_POINT('',(2.60345929543055,-2.93185140349337,15.7074195483744));
#6846=CARTESIAN_POINT('',(2.08926022331456,-2.26662125809395,15.789650619433));
#6847=CARTESIAN_POINT('',(1.49128879666551,-2.60842034154661,16.2780673018374));
#6848=CARTESIAN_POINT('',(2.34592554059187,-3.13666231381869,15.2370099818054));
#6849=CARTESIAN_POINT('',(1.88990387906122,-2.43035558388495,15.3194025899021));
#6850=CARTESIAN_POINT('',(1.267619085785,-2.72031093657823,15.8114563149614));
#6851=CARTESIAN_POINT('',(2.25702944435919,-3.20157012757447,15.080556688209));
#6852=CARTESIAN_POINT('',(1.8210115804985,-2.48222549764343,15.1629694685735));
#6853=CARTESIAN_POINT('',(1.19154094954844,-2.75449055851237,15.6567366737915));
#6854=CARTESIAN_POINT('',(2.11893677725826,-3.29378579418543,14.8463723884144));
#6855=CARTESIAN_POINT('',(1.71398192628338,-2.55584384818067,14.9288834607871));
#6856=CARTESIAN_POINT('',(1.07511320246485,-2.8010495568148,15.4259027762693));
#6857=CARTESIAN_POINT('',(2.07211322099212,-3.32366550121029,14.7683935439978));
#6858=CARTESIAN_POINT('',(1.67767805635014,-2.57969154357685,14.8509252081718));
#6859=CARTESIAN_POINT('',(1.03591829769254,-2.8157831317333,15.3491660678048));
#6860=CARTESIAN_POINT('',(2.00065505868399,-3.36717257854717,14.6515452155529));
#6861=CARTESIAN_POINT('',(1.62227705907949,-2.6143956990657,14.7341220253109));
#6862=CARTESIAN_POINT('',(0.976538558005333,-2.83669046352274,15.2343784921256));
#6863=CARTESIAN_POINT('',(1.97601028616533,-3.38200151450262,14.6115209929512));
#6864=CARTESIAN_POINT('',(1.60321428781915,-2.62593120273956,14.694133563273));
#6865=CARTESIAN_POINT('',(0.956636632253591,-2.84346418588863,15.1961795050191));
#6866=CARTESIAN_POINT('',(1.92919498698505,-3.40867829958392,14.536614522981));
#6867=CARTESIAN_POINT('',(1.56679957966473,-2.64797002495452,14.6192045379659));
#6868=CARTESIAN_POINT('',(0.916680943508201,-2.85659557347723,15.1198432327303));
#6869=CARTESIAN_POINT('',(1.9056857187328,-3.42176000370425,14.49911083866));
#6870=CARTESIAN_POINT('',(1.54850540968499,-2.65878056354192,14.5816892294969));
#6871=CARTESIAN_POINT('',(0.896678556725605,-2.86293661636082,15.0816552920067));
#6872=CARTESIAN_POINT('',(1.69319448564798,-3.53720273636989,14.1611304594832));
#6873=CARTESIAN_POINT('',(1.38318408864118,-2.75415435956088,14.2438005744684));
#6874=CARTESIAN_POINT('',(0.716440404845972,-2.9180091438049,14.7377864195521));
#6875=CARTESIAN_POINT('',(1.49790242963726,-3.62361726394787,13.8575513267072));
#6876=CARTESIAN_POINT('',(1.23065368501756,-2.82583922016328,13.9400034541851));
#6877=CARTESIAN_POINT('',(0.554703313421598,-2.95285934729717,14.4308677334835));
#6878=CARTESIAN_POINT('',(1.0946449609314,-3.76462114766325,13.2444687424295));
#6879=CARTESIAN_POINT('',(0.91547485780559,-2.94338086290273,13.3268422907776));
#6880=CARTESIAN_POINT('',(0.228434405330168,-2.99581237952289,13.814554626691));
#6881=CARTESIAN_POINT('',(0.886687061083572,-3.81922266029175,12.9349668356827));
#6882=CARTESIAN_POINT('',(0.752690820493581,-2.98930974327913,13.017208422585));
#6883=CARTESIAN_POINT('',(0.0639017878207827,-3.00391332527085,13.5051605903926));
#6884=CARTESIAN_POINT('',(0.564495144625353,-3.87578322938545,12.4660484097585));
#6885=CARTESIAN_POINT('',(0.500680622968885,-3.03781555617212,12.5484160622893));
#6886=CARTESIAN_POINT('',(-0.185056548445073,-2.99543798966598,13.0391642126978));
#6887=CARTESIAN_POINT('',(0.455078706612194,-3.89040884402824,12.3085359899261));
#6888=CARTESIAN_POINT('',(0.415085681858222,-3.05059377629951,12.3909187376626));
#6889=CARTESIAN_POINT('',(-0.268629399121828,-2.98912344238297,12.8830967162874));
#6890=CARTESIAN_POINT('',(0.234528217852397,-3.91047836919267,11.9946484339002));
#6891=CARTESIAN_POINT('',(0.242645623510341,-3.06878500644679,12.0771125283247));
#6892=CARTESIAN_POINT('',(-0.435052239009493,-2.96946969292647,12.5730833812789));
#6893=CARTESIAN_POINT('',(0.123326967906626,-3.91596399382778,11.8381639825293));
#6894=CARTESIAN_POINT('',(0.155725203872757,-3.07423088159226,11.9206551304952));
#6895=CARTESIAN_POINT('',(-0.517960625323672,-2.95615054034887,12.4190257198553));
#6896=CARTESIAN_POINT('',(-0.01693723464448,-3.9169143424299,11.6431070324517));
#6897=CARTESIAN_POINT('',(0.0462145508030665,-3.07632139299708,11.7257112346803));
#6898=CARTESIAN_POINT('',(-0.621222405238593,-2.93505145608923,12.2276738699372));
#6899=CARTESIAN_POINT('',(-0.0432974771347411,-3.91646730761293,11.6064463029296));
#6900=CARTESIAN_POINT('',(0.0252490790027282,-3.07670382674053,11.6890320084343));
#6901=CARTESIAN_POINT('',(-0.641815521188541,-2.93061663149485,12.1894263021468));
#6902=CARTESIAN_POINT('',(-0.09715920816544,-3.91530255597545,11.5312328329133));
#6903=CARTESIAN_POINT('',(-0.0172978318678381,-3.07687905704412,11.6137959080121));
#6904=CARTESIAN_POINT('',(-0.682779435875063,-2.92134442440101,12.1128760674746));
#6905=CARTESIAN_POINT('',(-0.124044369577952,-3.91444776900747,11.493583688923));
#6906=CARTESIAN_POINT('',(-0.0385374652996801,-3.07674313475115,11.5761352052644));
#6907=CARTESIAN_POINT('',(-0.703166590102937,-2.91650372831726,12.0745889106827));
#6908=CARTESIAN_POINT('',(-0.204563983343642,-3.91107255932215,11.3805109898028));
#6909=CARTESIAN_POINT('',(-0.102148811443977,-3.07567103068651,11.4630377148875));
#6910=CARTESIAN_POINT('',(-0.76404681645755,-2.90137578833953,11.9596913496358));
#6911=CARTESIAN_POINT('',(-0.258062611960127,-3.90774162727534,11.304962244632));
#6912=CARTESIAN_POINT('',(-0.144424596198526,-3.07407096365375,11.3874651580256));
#6913=CARTESIAN_POINT('',(-0.804258769032688,-2.89048298249141,11.8830448565043));
#6914=CARTESIAN_POINT('',(-0.418023325060715,-3.89454495816888,11.0778279853858));
#6915=CARTESIAN_POINT('',(-0.270821339838574,-3.06665530423498,11.1602978018293));
#6916=CARTESIAN_POINT('',(-0.923791032024776,-2.85543451819581,11.6529611917943));
#6917=CARTESIAN_POINT('',(-0.523950893602875,-3.88148052643401,10.9257555981357));
#6918=CARTESIAN_POINT('',(-0.354557482850496,-3.05822784531686,11.0081737950645));
#6919=CARTESIAN_POINT('',(-1.00200943032933,-2.82891292739418,11.4993798805997));
#6920=CARTESIAN_POINT('',(-0.839634772684818,-3.82960369439594,10.4676491995926));
#6921=CARTESIAN_POINT('',(-0.604030173470949,-3.02266426512821,10.5500512547896));
#6922=CARTESIAN_POINT('',(-1.232358963476,-2.74014167190817,11.038059414641));
#6923=CARTESIAN_POINT('',(-1.04730200536361,-3.77819782159287,10.1597448902465));
#6924=CARTESIAN_POINT('',(-0.768213315342023,-2.98529570586148,10.2420031979079));
#6925=CARTESIAN_POINT('',(-1.38021014643967,-2.6687475435633,10.729744718814));
#6926=CARTESIAN_POINT('',(-1.35459664874008,-3.67477971438004,9.69404154774583));
#6927=CARTESIAN_POINT('',(-1.01079388797927,-2.90822010708031,9.77638969683638));
#6928=CARTESIAN_POINT('',(-1.59335493398712,-2.54322992064057,10.266106155985));
#6929=CARTESIAN_POINT('',(-1.45632475415274,-3.63590089167443,9.53816141880217));
#6930=CARTESIAN_POINT('',(-1.09107376632891,-2.87899600626441,9.62051900638317));
#6931=CARTESIAN_POINT('',(-1.66295821722969,-2.49830439634747,10.1113653092715));
#6932=CARTESIAN_POINT('',(-1.65833872159585,-3.5488464665036,9.22503060047347));
#6933=CARTESIAN_POINT('',(-1.25035692503264,-2.81316764792819,9.30746028704426));
#6934=CARTESIAN_POINT('',(-1.79918181981714,-2.40206154548552,9.80148890735174));
#6935=CARTESIAN_POINT('',(-1.75889945701159,-3.50051531346342,9.06734027475698));
#6936=CARTESIAN_POINT('',(-1.32959541120907,-2.77643323889322,9.14979411709431));
#6937=CARTESIAN_POINT('',(-1.86597985955494,-2.35058650661095,9.64592176398422));
#6938=CARTESIAN_POINT('',(-1.88257894818428,-3.43442589688824,8.87101547991967));
#6939=CARTESIAN_POINT('',(-1.42691175325537,-2.72604060081537,8.95357648137981));
#6940=CARTESIAN_POINT('',(-1.94681171252046,-2.28262354891822,9.45290773720985));
#6941=CARTESIAN_POINT('',(-1.90721623636744,-3.42092469609968,8.83178668194297));
#6942=CARTESIAN_POINT('',(-1.4462971738185,-2.71573508636775,8.91435918392697));
#6943=CARTESIAN_POINT('',(-1.96284678429517,-2.26884996721047,9.41437387857759));
#6944=CARTESIAN_POINT('',(-1.94402380690573,-3.40024289864166,8.77299724934554));
#6945=CARTESIAN_POINT('',(-1.47524867881637,-2.69993786448441,8.85559015646291));
#6946=CARTESIAN_POINT('',(-1.9867016141652,-2.24791650520112,9.35667730312157));
#6947=CARTESIAN_POINT('',(-1.95636495144839,-3.39324152762253,8.753286693184));
#6948=CARTESIAN_POINT('',(-1.48492227610556,-2.69457670227715,8.83588925626984));
#6949=CARTESIAN_POINT('',(-1.99462504324569,-2.24088885450238,9.33746841553589));
#6950=CARTESIAN_POINT('',(-1.97974984351594,-3.37952753774234,8.71558776474835));
#6951=CARTESIAN_POINT('',(-1.50367300818782,-2.68423238887512,8.7981789718003));
#6952=CARTESIAN_POINT('',(-2.01037991346305,-2.22676548494002,9.29905346002748));
#6953=CARTESIAN_POINT('',(-1.99139639071996,-3.37261724230092,8.69672955350978));
#6954=CARTESIAN_POINT('',(-1.51301155442596,-2.67901588294274,8.77931503298936));
#6955=CARTESIAN_POINT('',(-2.01820954168948,-2.21967150455326,9.27984506251243));
#6956=CARTESIAN_POINT('',(-2.04940086949453,-3.3378006250996,8.60239518262623));
#6957=CARTESIAN_POINT('',(-1.55951487894951,-2.65271653481451,8.68496435372135));
#6958=CARTESIAN_POINT('',(-2.05712042033297,-2.18404144945175,9.1837984110355));
#6959=CARTESIAN_POINT('',(-2.09507432994085,-3.30909924658784,8.5267891692547));
#6960=CARTESIAN_POINT('',(-1.5961372326311,-2.63096948062602,8.60933336297906));
#6961=CARTESIAN_POINT('',(-2.0874902387595,-2.15502518349237,9.10694615077217));
#6962=CARTESIAN_POINT('',(-2.22994445579251,-3.22049426462409,8.29956951412315));
#6963=CARTESIAN_POINT('',(-1.70425469955299,-2.56367473383254,8.38208042360981));
#6964=CARTESIAN_POINT('',(-2.17638232977562,-2.06648399661098,8.87634242177266));
#6965=CARTESIAN_POINT('',(-2.31699426323995,-3.15809403798357,8.14755528970225));
#6966=CARTESIAN_POINT('',(-1.77404741859328,-2.51605215577458,8.23000950115954));
#6967=CARTESIAN_POINT('',(-2.23269106405035,-2.00546953705358,8.7225438728888));
#6968=CARTESIAN_POINT('',(-2.73824303369203,-2.8297545078813,7.38493213044569));
#6969=CARTESIAN_POINT('',(-2.11149745836429,-2.26475609116758,7.46760879302463));
#6970=CARTESIAN_POINT('',(-2.50001119385731,-1.69086464722379,7.95321860180411));
#6971=CARTESIAN_POINT('',(-3.03159883442594,-2.51632873383325,6.76701595463553));
#6972=CARTESIAN_POINT('',(-2.34674781930676,-2.02171416237518,6.84862661821524));
#6973=CARTESIAN_POINT('',(-2.66948049155015,-1.40951010743624,7.33666079817022));
#6974=CARTESIAN_POINT('',(-3.30711204501801,-2.09823402212456,6.06177627927537));
#6975=CARTESIAN_POINT('',(-2.56648056414765,-1.69793141073141,6.14429703325446));
#6976=CARTESIAN_POINT('',(-2.80765145082251,-1.05776014827736,6.64184717092206));
#6977=CARTESIAN_POINT('',(-3.33694632560608,-2.05084105797454,5.98326989871673));
#6978=CARTESIAN_POINT('',(-2.59028894456582,-1.66118466495125,6.0658113893628));
#6979=CARTESIAN_POINT('',(-2.82225510629382,-1.0181729257351,6.56462980671008));
#6980=CARTESIAN_POINT('',(-3.37322846988009,-1.99037373769421,5.8849432996849));
#6981=CARTESIAN_POINT('',(-2.61922432244018,-1.61430616042648,5.96752759337551));
#6982=CARTESIAN_POINT('',(-2.83954497082822,-0.968037632597794,6.46808920433759));
#6983=CARTESIAN_POINT('',(-3.38043433184431,-1.97821892413327,5.86526828935933));
#6984=CARTESIAN_POINT('',(-2.62497113512369,-1.60488148199947,5.94785847346563));
#6985=CARTESIAN_POINT('',(-2.84295468215486,-0.957977990874085,6.44878014012233));
#6986=CARTESIAN_POINT('',(-3.39474384393199,-1.95378507449785,5.82589858331478));
#6987=CARTESIAN_POINT('',(-2.63638176363049,-1.58593573243844,5.90850062417714));
#6988=CARTESIAN_POINT('',(-2.8496767514157,-0.937792923958314,6.41016015182734));
#6989=CARTESIAN_POINT('',(-3.40133993781944,-1.94208291780108,5.80723376560921));
#6990=CARTESIAN_POINT('',(-2.6419081816731,-1.57682319904761,5.88982746536346));
#6991=CARTESIAN_POINT('',(-2.85298505757223,-0.927679363003397,6.39085550057671));
#6992=CARTESIAN_POINT('',(-3.42132471566611,-1.90647887861284,5.75037403721009));
#6993=CARTESIAN_POINT('',(-2.6584207059358,-1.549122962091,5.83295309615959));
#6994=CARTESIAN_POINT('',(-2.8627277047029,-0.89735224177448,6.33294086821955));
#6995=CARTESIAN_POINT('',(-3.43437758513755,-1.8826543460348,5.71244041117569));
#6996=CARTESIAN_POINT('',(-2.66920951448399,-1.53057873246796,5.79500772735138));
#6997=CARTESIAN_POINT('',(-2.86898987509838,-0.877122125583581,6.29433553270775));
#6998=CARTESIAN_POINT('',(-3.49830551039933,-1.76309353958035,5.52263937905018));
#6999=CARTESIAN_POINT('',(-2.72205255576336,-1.4375049277045,5.6051955536702));
#7000=CARTESIAN_POINT('',(-2.89915450376456,-0.775913132370355,6.1013298337504));
#7001=CARTESIAN_POINT('',(-3.54517836479141,-1.66604532365016,5.37037445539388));
#7002=CARTESIAN_POINT('',(-2.76086855724386,-1.36182003603862,5.45286927647502));
#7003=CARTESIAN_POINT('',(-2.91962513870332,-0.694759706288441,5.94699196137686));
#7004=CARTESIAN_POINT('',(-3.67339471969091,-1.37080923334906,4.91238550839339));
#7005=CARTESIAN_POINT('',(-2.86721042785606,-1.13142753392593,4.99486454980362));
#7006=CARTESIAN_POINT('',(-2.97058841026854,-0.450790968076863,5.48414688748281));
#7007=CARTESIAN_POINT('',(-3.7424149686803,-1.16856035290306,4.60548073820948));
#7008=CARTESIAN_POINT('',(-2.92479142255367,-0.973215379309974,4.68778773988977));
#7009=CARTESIAN_POINT('',(-2.99069929508817,-0.287473404909796,5.17580435845305));
#7010=CARTESIAN_POINT('',(-3.84770045799169,-0.753046733679696,3.98859036938416));
#7011=CARTESIAN_POINT('',(-3.01348354103639,-0.648195985405247,4.0709121937825));
#7012=CARTESIAN_POINT('',(-3.00421202947587,0.040414281186032,4.55950554334878));
#7013=CARTESIAN_POINT('',(-3.88398610653981,-0.539793286369539,3.67860814566242));
#7014=CARTESIAN_POINT('',(-3.0446462698175,-0.481246578534586,3.76084177705136));
#7015=CARTESIAN_POINT('',(-2.99761794796085,0.204983843216045,4.25154884872475));
#7016=CARTESIAN_POINT('',(-3.90723917022424,-0.265550831683914,3.2889595961519));
#7017=CARTESIAN_POINT('',(-3.06589005372187,-0.266919661769606,3.3714407045579));
#7018=CARTESIAN_POINT('',(-2.9719282024314,0.411553147494057,3.86689228287599));
#7019=CARTESIAN_POINT('',(-3.91077653511761,-0.210315211803654,3.2109199891781));
#7020=CARTESIAN_POINT('',(-3.06924924067374,-0.223743563379552,3.29342073910062));
#7021=CARTESIAN_POINT('',(-2.9659120300702,0.452910445396902,3.78997579793492));
#7022=CARTESIAN_POINT('',(-3.91435472522002,-0.126854661272452,3.09368651988066));
#7023=CARTESIAN_POINT('',(-3.07290774179017,-0.158531769911875,3.17623095316));
#7024=CARTESIAN_POINT('',(-2.95553721276178,0.515014848714574,3.67462544048494));
#7025=CARTESIAN_POINT('',(-3.91525934761146,-0.098933234631076,3.05457966491531));
#7026=CARTESIAN_POINT('',(-3.07389717018406,-0.136716735165859,3.13713545706371));
#7027=CARTESIAN_POINT('',(-2.95185375791992,0.535727735045494,3.6361793890174));
#7028=CARTESIAN_POINT('',(-3.91648100511016,-0.0428827558690579,2.97630606874569));
#7029=CARTESIAN_POINT('',(-3.07540719442869,-0.0929323329279176,3.05888540903358));
#7030=CARTESIAN_POINT('',(-2.94402980760969,0.577177014570553,3.55929585499039));
#7031=CARTESIAN_POINT('',(-3.91690777027139,-0.0141706540817683,2.93638372742567));
#7032=CARTESIAN_POINT('',(-3.07586087223469,-0.070638379249771,3.01899377984403));
#7033=CARTESIAN_POINT('',(-2.93988527516862,0.597932364115959,3.52087616939977));
#7034=CARTESIAN_POINT('',(-3.91592548119913,0.121507899655302,2.74767921065222));
#7035=CARTESIAN_POINT('',(-3.07789769341588,0.0364930352348791,2.83028315430575));
#7036=CARTESIAN_POINT('',(-2.91804791631083,0.701550461110683,3.32859449454661));
#7037=CARTESIAN_POINT('',(-3.91067744988774,0.230166394005492,2.59481673911482));
#7038=CARTESIAN_POINT('',(-3.07588099741506,0.122361967126061,2.67735639920639));
#7039=CARTESIAN_POINT('',(-2.89708061573827,0.783550602285372,3.17334814610356));
#7040=CARTESIAN_POINT('',(-3.90107382156985,0.337809414165394,2.441692665232));
#7041=CARTESIAN_POINT('',(-3.07030108039271,0.20745150764214,2.52415621384393));
#7042=CARTESIAN_POINT('',(-2.87294199916267,0.863831157951131,3.01831399820238));
#7043=CARTESIAN_POINT('',(2.2744782441336,3.18723687192864,25.720431873269));
#7044=CARTESIAN_POINT('',(1.61861129035498,3.53656621073577,26.7661760460464));
#7045=CARTESIAN_POINT('',(0.184023857813104,3.79124795173269,28.8688399088904));
#7046=CARTESIAN_POINT('',(-1.06815109327282,3.34928353586287,31.0839041838228));
#7047=CARTESIAN_POINT('',(-1.60706490097078,2.99256050481298,32.1884292960651));
#7048=CARTESIAN_POINT('',(-2.89918046271759,0.771202077666153,3.1958371433425));
#7049=CARTESIAN_POINT('',(-2.92526658184535,0.673136513382161,3.23697627903073));
#7050=CARTESIAN_POINT('',(-2.97020745555958,0.51489558963539,3.38227511502399));
#7051=CARTESIAN_POINT('',(-3.03792308743608,0.217321449991042,3.68831118013577));
#7052=CARTESIAN_POINT('',(-3.08776162148907,-0.123143656015006,4.10387480887268));
#7053=CARTESIAN_POINT('',(-3.10166836128422,-0.520013055282044,4.61701612927893));
#7054=CARTESIAN_POINT('',(-3.06327125430284,-1.02986473809271,5.30970563871681));
#7055=CARTESIAN_POINT('',(-2.90993735028184,-1.64597336388157,6.17003445118319));
#7056=CARTESIAN_POINT('',(-2.57471104127456,-2.32108511179582,7.22910673332338));
#7057=CARTESIAN_POINT('',(-2.12207669716209,-2.89802360480082,8.28158524842941));
#7058=CARTESIAN_POINT('',(-1.33882422250281,-3.54236876771585,9.68383962769542));
#7059=CARTESIAN_POINT('',(-0.657362215262437,-3.82130455282028,10.7401576252745));
#7060=CARTESIAN_POINT('',(-0.160819159468243,-3.91289381475806,11.4419364934773));
#7061=CARTESIAN_POINT('',(-1.01466333342169,2.8232291692983,35.023279706223));
#7062=CARTESIAN_POINT('',(-0.759819434204138,2.91529258214666,35.2120676854275));
#7063=CARTESIAN_POINT('',(-0.621615131242039,3.17433278200549,35.3632616154832));
#7064=CARTESIAN_POINT('',(-0.996397653981847,2.82968960147076,34.9820780336647));
#7065=CARTESIAN_POINT('',(-0.739795997941147,2.91969568519905,35.1724399077597));
#7066=CARTESIAN_POINT('',(-0.600056917912664,3.17904788155101,35.3253558154376));
#7067=CARTESIAN_POINT('',(-0.977869615062056,2.83622163471558,34.9464684278826));
#7068=CARTESIAN_POINT('',(-0.72037832508054,2.92500267103632,35.1371212604002));
#7069=CARTESIAN_POINT('',(-0.579040073203234,3.18429652499599,35.2898401599325));
#7070=CARTESIAN_POINT('',(-0.940742674776334,2.84875214613169,34.8719225759021));
#7071=CARTESIAN_POINT('',(-0.680911639083983,2.93455967168593,35.0638850757003));
#7072=CARTESIAN_POINT('',(-0.536343604405135,3.19397174115123,35.2172822930814));
#7073=CARTESIAN_POINT('',(-0.922051100144057,2.85485694051679,34.8345784444839));
#7074=CARTESIAN_POINT('',(-0.661043042879512,2.93916002031477,35.0271876073846));
#7075=CARTESIAN_POINT('',(-0.51483952554314,3.19862890848914,35.1809131478045));
#7076=CARTESIAN_POINT('',(-0.865817966334096,2.87261288334298,34.722723379929));
#7077=CARTESIAN_POINT('',(-0.60124379385006,2.95237202133295,34.9171909876904));
#7078=CARTESIAN_POINT('',(-0.450092718090389,3.21200169453123,35.0718743492597));
#7079=CARTESIAN_POINT('',(-0.828098170309438,2.88371224344016,34.6483498161491));
#7080=CARTESIAN_POINT('',(-0.561150421414164,2.96038590157418,34.844045257199));
#7081=CARTESIAN_POINT('',(-0.406637458451594,3.22011252530727,34.9993112865125));
#7082=CARTESIAN_POINT('',(-0.714420867933065,2.91475116502384,34.4256562318713));
#7083=CARTESIAN_POINT('',(-0.440200690980705,2.98203317542674,34.6246976695936));
#7084=CARTESIAN_POINT('',(-0.275429652885246,3.24200630510353,34.7815985053553));
#7085=CARTESIAN_POINT('',(-0.638187393431216,2.93235760636657,34.2775389026038));
#7086=CARTESIAN_POINT('',(-0.35834133814746,2.99334042248806,34.4774790595113));
#7087=CARTESIAN_POINT('',(-0.185838738887819,3.25351349435554,34.6342614607936));
#7088=CARTESIAN_POINT('',(-0.409841990566331,2.97591106482875,33.832655788196));
#7089=CARTESIAN_POINT('',(-0.114237253631872,3.01698329532381,34.0367985157614));
#7090=CARTESIAN_POINT('',(0.0805405512659476,3.27743434945241,34.1950303383535));
#7091=CARTESIAN_POINT('',(-0.257354453115238,2.99286395944608,33.5360376351091));
#7092=CARTESIAN_POINT('',(0.047703441668293,3.0193616847352,33.7444079732759));
#7093=CARTESIAN_POINT('',(0.257355458838303,3.27975135757968,33.9040867303358));
#7094=CARTESIAN_POINT('',(0.0488327558722039,3.00351150426354,32.9434048559133));
#7095=CARTESIAN_POINT('',(0.370326792310469,2.99863458049357,33.1629616728925));
#7096=CARTESIAN_POINT('',(0.610339804807942,3.2582149617384,33.3262814721483));
#7097=CARTESIAN_POINT('',(0.202533742541373,2.99719972453203,32.6473912991612));
#7098=CARTESIAN_POINT('',(0.531315214836887,2.97521978394577,32.8733695289988));
#7099=CARTESIAN_POINT('',(0.786778137164869,3.23410569682624,33.0390044349477));
#7100=CARTESIAN_POINT('',(0.434345123771592,2.96941085736826,32.2041272884614));
#7101=CARTESIAN_POINT('',(0.770761908116585,2.92028206933214,32.4434568405078));
#7102=CARTESIAN_POINT('',(1.05033878712079,3.17734964436542,32.6127009085436));
#7103=CARTESIAN_POINT('',(0.511823648812982,2.95707908972925,32.0564965687141));
#7104=CARTESIAN_POINT('',(0.850673854133149,2.89849181230724,32.3001090872385));
#7105=CARTESIAN_POINT('',(1.1383919121993,3.1548511204564,32.4707479148111));
#7106=CARTESIAN_POINT('',(0.628377380541904,2.93371980857458,31.835252677786));
#7107=CARTESIAN_POINT('',(0.96994089888178,2.86057846118242,32.0862633856206));
#7108=CARTESIAN_POINT('',(1.27015567256158,3.11563649872939,32.2590175656859));
#7109=CARTESIAN_POINT('',(0.667284464270131,2.92512199864712,31.7615382489452));
#7110=CARTESIAN_POINT('',(1.00970816217074,2.84702369827514,32.014976601737));
#7111=CARTESIAN_POINT('',(1.31412252377779,3.10161602929662,32.1884830841165));
#7112=CARTESIAN_POINT('',(0.745212315142806,2.90624600964631,31.6141770360408));
#7113=CARTESIAN_POINT('',(1.08909511658656,2.81808668931711,31.8726738738765));
#7114=CARTESIAN_POINT('',(1.40200380722954,3.07166400874209,32.0477191711387));
#7115=CARTESIAN_POINT('',(0.784322702678178,2.89594162345287,31.5405389375943));
#7116=CARTESIAN_POINT('',(1.1285246947363,2.80270628450974,31.8020480389861));
#7117=CARTESIAN_POINT('',(1.4455585015152,3.05580038380167,31.9781451856542));
#7118=CARTESIAN_POINT('',(0.823264780589351,2.88482843528713,31.4669525402289));
#7119=CARTESIAN_POINT('',(1.16850387438682,2.78630500722831,31.7303932058248));
#7120=CARTESIAN_POINT('',(1.49030478887071,3.0386494446627,31.9066439884767));
#7121=CARTESIAN_POINT('',(-0.409249909892576,3.21721313355448,35.));
#7122=CARTESIAN_POINT('',(0.212518947828041,3.32711805913312,33.958555492553));
#7123=CARTESIAN_POINT('',(0.850628929058053,3.27404900947554,32.9145208817272));
#7124=CARTESIAN_POINT('',(1.47375971889766,3.02596426977975,31.8975240661717));
#7125=CARTESIAN_POINT('',(1.47375971889767,3.02596426977974,31.8975240661717));
#7126=CARTESIAN_POINT('',(1.09768637411913,3.84643791371617,31.4669525402289));
#7127=CARTESIAN_POINT('',(0.823264780589352,2.88482843528713,31.4669525402289));
#7128=CARTESIAN_POINT('',(1.47970248575697,2.69749596285827,31.9678586921638));
#7129=CARTESIAN_POINT('',(1.8171119734792,3.46966465114989,32.0504495116011));
#7130=CARTESIAN_POINT('',(1.13352097461757,2.79628833550899,30.8806809087527));
#7131=CARTESIAN_POINT('',(1.77371550624238,2.53736710489741,31.3715412097739));
#7132=CARTESIAN_POINT('',(2.19651118725483,3.26908615529447,31.4531505740733));
#7133=CARTESIAN_POINT('',(1.42006093305392,2.66178150578459,30.2885599371767));
#7134=CARTESIAN_POINT('',(2.03095227531123,2.33570735506156,30.7748149361864));
#7135=CARTESIAN_POINT('',(2.5273855594867,3.01783656993338,30.8572880402349));
#7136=CARTESIAN_POINT('',(1.81586185318079,2.39333641381517,29.3921819814315));
#7137=CARTESIAN_POINT('',(2.36389527764493,1.97749456955389,29.88248050702));
#7138=CARTESIAN_POINT('',(2.95951825514548,2.57141125059528,29.9649063524033));
#7139=CARTESIAN_POINT('',(1.9421080135882,2.29227852769011,29.0915815640373));
#7140=CARTESIAN_POINT('',(2.46609556339151,1.84816587618019,29.5846659414605));
#7141=CARTESIAN_POINT('',(3.09268884909627,2.41042251269429,29.6672900342584));
#7142=CARTESIAN_POINT('',(2.07479833043436,2.16693867161527,28.7573018938849));
#7143=CARTESIAN_POINT('',(2.56860354581706,1.69412785004337,29.2557796076318));
#7144=CARTESIAN_POINT('',(3.22744561873763,2.21852845330853,29.3383313860223));
#7145=CARTESIAN_POINT('',(2.08941984011148,2.152844255033,28.7201952931991));
#7146=CARTESIAN_POINT('',(2.57983382332953,1.67687522428173,29.2192806383566));
#7147=CARTESIAN_POINT('',(3.24221788331255,2.19704759940781,29.3018435948225));
#7148=CARTESIAN_POINT('',(2.11841685977865,2.12431722275315,28.6460535986739));
#7149=CARTESIAN_POINT('',(2.60196119927217,1.64211292125491,29.1464107599295));
#7150=CARTESIAN_POINT('',(3.27135948118036,2.1537661828686,29.2289956332979));
#7151=CARTESIAN_POINT('',(2.13280064356957,2.10987611071203,28.6090298957146));
#7152=CARTESIAN_POINT('',(2.61257355434166,1.62489374824556,29.1110594332255));
#7153=CARTESIAN_POINT('',(3.28547229782296,2.13265231515408,29.1936648881138));
#7154=CARTESIAN_POINT('',(2.17552529132719,2.06609604274637,28.497992636226));
#7155=CARTESIAN_POINT('',(2.64595003328421,1.57076946037256,28.9979083016231));
#7156=CARTESIAN_POINT('',(3.32905656773475,2.06388124776273,29.0804694693525));
#7157=CARTESIAN_POINT('',(2.2033086162197,2.03643632877407,28.4238316783099));
#7158=CARTESIAN_POINT('',(2.66733989880032,1.5343924457192,28.9224570177955));
#7159=CARTESIAN_POINT('',(3.35701628451825,2.01769231157219,29.0049977403253));
#7160=CARTESIAN_POINT('',(2.28460211915661,1.94606276234357,28.200951826826));
#7161=CARTESIAN_POINT('',(2.72897631924083,1.42443194457934,28.6961072850398));
#7162=CARTESIAN_POINT('',(3.4377081675006,1.8781178319785,28.77854822679));
#7163=CARTESIAN_POINT('',(2.33605946013915,1.88395668461318,28.0518368413258));
#7164=CARTESIAN_POINT('',(2.76672267187771,1.34997529739303,28.54511801261));
#7165=CARTESIAN_POINT('',(3.48725937878607,1.78372612147405,28.6275356858471));
#7166=CARTESIAN_POINT('',(2.48241744800382,1.6921790617613,27.6029624630553));
#7167=CARTESIAN_POINT('',(2.8702285347538,1.12338893824491,28.0920597437131));
#7168=CARTESIAN_POINT('',(3.62374362089953,1.49660188556447,28.1742979685129));
#7169=CARTESIAN_POINT('',(2.56901283510196,1.55735082375222,27.3024458462398));
#7170=CARTESIAN_POINT('',(2.92612096239561,0.968239273060741,27.790316977361));
#7171=CARTESIAN_POINT('',(3.69821920134161,1.30039432937452,27.8726498205355));
#7172=CARTESIAN_POINT('',(2.71893665680417,1.27771357958146,26.7066779235387));
#7173=CARTESIAN_POINT('',(3.0117603202365,0.654566097952567,27.1954986350899));
#7174=CARTESIAN_POINT('',(3.81472622306046,0.903784353559426,27.2778558381585));
#7175=CARTESIAN_POINT('',(2.78263670191641,1.13243330678563,26.4103119828161));
#7176=CARTESIAN_POINT('',(3.04179846320306,0.495350204440637,26.9010560283321));
#7177=CARTESIAN_POINT('',(3.85709446284606,0.702671907733119,26.9835858706546));
#7178=CARTESIAN_POINT('',(2.86096994735348,0.906211350973216,25.9680407781656));
#7179=CARTESIAN_POINT('',(3.06771960248348,0.253410616855679,26.4644095805223));
#7180=CARTESIAN_POINT('',(3.89721207302421,0.396799173355616,26.5469543191622));
#7181=CARTESIAN_POINT('',(2.88419841899285,0.829414816272171,25.8209977636186));
#7182=CARTESIAN_POINT('',(3.07315932367946,0.172189378005332,26.3196063090201));
#7183=CARTESIAN_POINT('',(3.90666100094366,0.294138602201075,26.402210787784));
#7184=CARTESIAN_POINT('',(2.9094898602381,0.731626164287474,25.6376782756874));
#7185=CARTESIAN_POINT('',(3.07585381908633,0.0700299992037866,26.1397153241371));
#7186=CARTESIAN_POINT('',(3.91347500050307,0.164916444509793,26.2223274815454));
#7187=CARTESIAN_POINT('',(2.91434761909077,0.712028149310741,25.6009904505204));
#7188=CARTESIAN_POINT('',(3.07643050705087,0.0486283862799743,26.1012847012793));
#7189=CARTESIAN_POINT('',(3.91428268276135,0.137286858706505,26.1838623893365));
#7190=CARTESIAN_POINT('',(2.92365035725785,0.672811057293934,25.5275102094928));
#7191=CARTESIAN_POINT('',(3.07692635660325,0.00677128248818878,26.0265037429567));
#7192=CARTESIAN_POINT('',(3.91559753193661,0.0837364668076677,26.1090589364757));
#7193=CARTESIAN_POINT('',(2.92809780116821,0.653182482067204,25.4907270269879));
#7194=CARTESIAN_POINT('',(3.07695750102727,-0.0141193040119389,25.9891003722354));
#7195=CARTESIAN_POINT('',(3.91598334322881,0.0570147063907768,26.0716446646787));
#7196=CARTESIAN_POINT('',(2.94083306281464,0.594236694422838,25.3802496776022));
#7197=CARTESIAN_POINT('',(3.07640778017073,-0.0766732153639152,25.8768604241731));
#7198=CARTESIAN_POINT('',(3.91633597561337,-0.0229941004086257,25.9593632434343));
#7199=CARTESIAN_POINT('',(2.94851407447271,0.554859431456788,25.3064277775418));
#7200=CARTESIAN_POINT('',(3.07518431906323,-0.118230075808291,25.8019738212151));
#7201=CARTESIAN_POINT('',(3.91549839173664,-0.0761247834782349,25.8844574727577));
#7202=CARTESIAN_POINT('',(2.98291966463366,0.357572441590439,24.9364807522539));
#7203=CARTESIAN_POINT('',(3.06486237248151,-0.32520131449605,25.4274104117124));
#7204=CARTESIAN_POINT('',(3.90605580165464,-0.340779527462562,25.5096592945168));
#7205=CARTESIAN_POINT('',(2.99772470324241,0.197970824620438,24.6369352150403));
#7206=CARTESIAN_POINT('',(3.04310906109912,-0.48908062078913,25.1257062213206));
#7207=CARTESIAN_POINT('',(3.88166311127277,-0.549966494998881,25.2080279048893));
#7208=CARTESIAN_POINT('',(3.00179005800943,-0.121664668110501,24.0366775752211));
#7209=CARTESIAN_POINT('',(2.97390244774477,-0.809980753028375,24.524613620881));
#7210=CARTESIAN_POINT('',(3.80098837184329,-0.959834169305231,24.6069138725438));
#7211=CARTESIAN_POINT('',(2.99111404805355,-0.280314503199395,23.7385648788391));
#7212=CARTESIAN_POINT('',(2.92680098097589,-0.96576631403881,24.2275736729101));
#7213=CARTESIAN_POINT('',(3.74515090789909,-1.15876597838879,24.3100256205866));
#7214=CARTESIAN_POINT('',(2.95626918842593,-0.516533980349071,23.2943606389288));
#7215=CARTESIAN_POINT('',(2.83817629019745,-1.19231002156554,23.787624438421));
#7216=CARTESIAN_POINT('',(3.6391659016918,-1.44862828103826,23.8700955799972));
#7217=CARTESIAN_POINT('',(2.94150112534266,-0.594979247195,23.1467884063317));
#7218=CARTESIAN_POINT('',(2.80560686117715,-1.26667157606421,23.6418325416594));
#7219=CARTESIAN_POINT('',(3.60011484650102,-1.54381853261635,23.724358169951));
#7220=CARTESIAN_POINT('',(2.91451514505735,-0.712185904787198,22.9261814092918));
#7221=CARTESIAN_POINT('',(2.75220639405268,-1.37637968507045,23.4245888317852));
#7222=CARTESIAN_POINT('',(3.53593024129713,-1.68445024721985,23.5071473055239));
#7223=CARTESIAN_POINT('',(2.90471323289401,-0.751177779745219,22.8527710712724));
#7224=CARTESIAN_POINT('',(2.73364198121734,-1.41265343545468,23.3523942956753));
#7225=CARTESIAN_POINT('',(3.51359969572542,-1.73096810613916,23.4349765622391));
#7226=CARTESIAN_POINT('',(2.88877855187047,-0.809546313552392,22.7428454442554));
#7227=CARTESIAN_POINT('',(2.70464583720644,-1.46659576310827,23.2444717820928));
#7228=CARTESIAN_POINT('',(3.47868816019768,-1.80020089308457,23.3270774431395));
#7229=CARTESIAN_POINT('',(2.88326345961585,-0.828973686916167,22.7062266548632));
#7230=CARTESIAN_POINT('',(2.69461035547474,-1.4851384120497,23.206924877017));
#7231=CARTESIAN_POINT('',(3.46605313018488,-1.82411914422712,23.2895092493257));
#7232=CARTESIAN_POINT('',(2.87187471170028,-0.867606587948581,22.6328738585053));
#7233=CARTESIAN_POINT('',(2.67427171692571,-1.52170220246384,23.1322486713743));
#7234=CARTESIAN_POINT('',(3.44061537272629,-1.87123823471878,23.2148105426488));
#7235=CARTESIAN_POINT('',(2.86599503578497,-0.886834582618325,22.5961617802349));
#7236=CARTESIAN_POINT('',(2.66393572043085,-1.53983914148597,23.0949053021534));
#7237=CARTESIAN_POINT('',(3.4276905862191,-1.89461083006826,23.1774562509469));
#7238=CARTESIAN_POINT('',(2.81142480578697,-1.05909884996318,22.2654360930483));
#7239=CARTESIAN_POINT('',(2.56948157470977,-1.70169534995381,22.7589477587936));
#7240=CARTESIAN_POINT('',(3.30953718365988,-2.10330946864972,22.8412197816126));
#7241=CARTESIAN_POINT('',(2.75123744796638,-1.20666205993084,21.9692224816299));
#7242=CARTESIAN_POINT('',(2.47498368320429,-1.83662006627778,22.4596665328721));
#7243=CARTESIAN_POINT('',(3.19158604569649,-2.27714593331824,22.5419952653167));
#7244=CARTESIAN_POINT('',(2.60809005421218,-1.49104228346819,21.3725238615526));
#7245=CARTESIAN_POINT('',(2.26619372611124,-2.08914381770846,21.8603154947694));
#7246=CARTESIAN_POINT('',(2.93112791657518,-2.60326656653855,21.9425775881256));
#7247=CARTESIAN_POINT('',(2.52478245160311,-1.62823803281376,21.0710930979089));
#7248=CARTESIAN_POINT('',(2.15138218115604,-2.20714535013479,21.559063721815));
#7249=CARTESIAN_POINT('',(2.78807581733848,-2.75592378144275,21.6414556995827));
#7250=CARTESIAN_POINT('',(2.33693878138698,-1.88796256622683,20.4717513751396));
#7251=CARTESIAN_POINT('',(1.90495186551262,-2.42260437207731,20.9635534195962));
#7252=CARTESIAN_POINT('',(2.48107054572946,-3.03599482931405,21.0460391956746));
#7253=CARTESIAN_POINT('',(2.23219332185357,-2.01097789431988,20.1728554245336));
#7254=CARTESIAN_POINT('',(1.77289151343669,-2.52057881394615,20.6680534965098));
#7255=CARTESIAN_POINT('',(2.31670905068402,-3.16396727188397,20.7507515172799));
#7256=CARTESIAN_POINT('',(2.08737539784413,-2.15511806946238,19.8014102325959));
#7257=CARTESIAN_POINT('',(1.59731532997795,-2.62976136015201,20.3034641763769));
#7258=CARTESIAN_POINT('',(2.09799672749045,-3.30802020906009,20.3860865171939));
#7259=CARTESIAN_POINT('',(2.0578487866111,-2.18332370698149,19.7273039877696));
#7260=CARTESIAN_POINT('',(1.56063498975112,-2.65197421676289,20.2268509675113));
#7261=CARTESIAN_POINT('',(2.05101255807881,-3.33692780866649,20.3094075051017));
#7262=CARTESIAN_POINT('',(1.99809011398359,-2.23814207199302,19.5789497871266));
#7263=CARTESIAN_POINT('',(1.48764171901021,-2.69385323809301,20.0760463616605));
#7264=CARTESIAN_POINT('',(1.95835211395962,-3.39171018953026,20.1585581033259));
#7265=CARTESIAN_POINT('',(1.9678000072436,-2.26481315270854,19.5047765430233));
#7266=CARTESIAN_POINT('',(1.45092724627549,-2.71391066327688,20.0007695084465));
#7267=CARTESIAN_POINT('',(1.91177073103991,-3.41798250317323,20.0832618311183));
#7268=CARTESIAN_POINT('',(1.87572702483623,-2.34267156662162,19.2822709284593));
#7269=CARTESIAN_POINT('',(1.34017125264849,-2.77151226031116,19.77533615221));
#7270=CARTESIAN_POINT('',(1.77129033207509,-3.49356553931111,19.8577391242208));
#7271=CARTESIAN_POINT('',(1.81274341480241,-2.3917079529512,19.1339528482256));
#7272=CARTESIAN_POINT('',(1.26547823043004,-2.8065137675891,19.6254930582495));
#7273=CARTESIAN_POINT('',(1.67665613344078,-3.53964886998846,19.7078776802654));
#7274=CARTESIAN_POINT('',(1.49008489981709,-2.62307775585264,18.3924791107775));
#7275=CARTESIAN_POINT('',(0.888223120345298,-2.96521166258397,18.8788795706501));
#7276=CARTESIAN_POINT('',(1.1987400487224,-3.7497259002623,18.96082654186));
#7277=CARTESIAN_POINT('',(1.20771940627727,-2.76503325221681,17.7997161929196));
#7278=CARTESIAN_POINT('',(0.573229603945252,-3.04162893563832,18.2871532038628));
#7279=CARTESIAN_POINT('',(0.801506493798459,-3.85420187034892,18.3701374979967));
#7280=CARTESIAN_POINT('',(0.86164054061874,-2.87388247870734,17.133221457313));
#7281=CARTESIAN_POINT('',(0.2064518436996,-3.07031216687194,17.6309899105769));
#7282=CARTESIAN_POINT('',(0.337416453830454,-3.90199967991082,17.7135363391086));
#7283=CARTESIAN_POINT('',(0.822783627308981,-2.88525253592315,17.0591707812031));
#7284=CARTESIAN_POINT('',(0.165470030145968,-3.07268850829233,17.5581247112412));
#7285=CARTESIAN_POINT('',(0.285607177535115,-3.90631773973554,17.6406950805906));
#7286=CARTESIAN_POINT('',(0.773695074090446,-2.89853400457316,16.9666116637229));
#7287=CARTESIAN_POINT('',(0.114013453183709,-3.07461983582745,17.4672050921976));
#7288=CARTESIAN_POINT('',(0.220534519947388,-3.91045179944052,17.549791565992));
#7289=CARTESIAN_POINT('',(0.763851482140185,-2.90114372121204,16.9481000505153));
#7290=CARTESIAN_POINT('',(0.103708972934525,-3.07495416995142,17.4490262801775));
#7291=CARTESIAN_POINT('',(0.207504429594233,-3.91121541047512,17.5316182706401));
#7292=CARTESIAN_POINT('',(0.7441121720779,-2.90626926716388,16.9110772115828));
#7293=CARTESIAN_POINT('',(0.0830762716644834,-3.07551825311417,17.4126837064067));
#7294=CARTESIAN_POINT('',(0.181412947304386,-3.91261556509205,17.4952866396269));
#7295=CARTESIAN_POINT('',(0.734219935312805,-2.90878411962529,16.8925626553804));
#7296=CARTESIAN_POINT('',(0.0723982323909595,-3.07583826821592,17.3936355569572));
#7297=CARTESIAN_POINT('',(0.167705543755762,-3.91314761985128,17.4762282940812));
#7298=CARTESIAN_POINT('',(0.704535503869464,-2.91616967883685,16.8369528854277));
#7299=CARTESIAN_POINT('',(0.0406187098962354,-3.07657185551217,17.3369920869988));
#7300=CARTESIAN_POINT('',(0.127038345916499,-3.9145924300435,17.4195652505678));
#7301=CARTESIAN_POINT('',(0.684713289327894,-2.92088724311442,16.7998127199358));
#7302=CARTESIAN_POINT('',(0.0194575465246768,-3.0768384391124,17.2991920442703));
#7303=CARTESIAN_POINT('',(0.0999655631878432,-3.91527691418099,17.3817540996812));
#7304=CARTESIAN_POINT('',(0.585439223100751,-2.94344935835281,16.6137792675679));
#7305=CARTESIAN_POINT('',(-0.0861928588019319,-3.07706798255099,17.1100577243206));
#7306=CARTESIAN_POINT('',(-0.0352105162155049,-3.91731914150054,17.1925179688469));
#7307=CARTESIAN_POINT('',(0.505883289243596,-2.95812553326867,16.4646102534518));
#7308=CARTESIAN_POINT('',(-0.169920014277364,-3.07371922200323,16.958850081996));
#7309=CARTESIAN_POINT('',(-0.142225483974238,-3.91452495057947,17.0412858736323));
#7310=CARTESIAN_POINT('',(0.267865916144123,-2.99231451265006,16.0181388685825));
#7311=CARTESIAN_POINT('',(-0.417591179862471,-3.05375436518162,16.5077504417378));
#7312=CARTESIAN_POINT('',(-0.458771976041011,-3.89374608800442,16.5899908475609));
#7313=CARTESIAN_POINT('',(0.109590779524473,-3.00215451817654,15.7210110309888));
#7314=CARTESIAN_POINT('',(-0.578747107521572,-3.02727723406718,16.2091094540486));
#7315=CARTESIAN_POINT('',(-0.664462184028859,-3.86345678667253,16.2914362930353));
#7316=CARTESIAN_POINT('',(-0.206228281056295,-2.99706719745439,15.1277865117533));
#7317=CARTESIAN_POINT('',(-0.893267709650542,-2.94978793227809,15.616216704661));
#7318=CARTESIAN_POINT('',(-1.06622209674717,-3.77244842649783,15.6985520769778));
#7319=CARTESIAN_POINT('',(-0.36377189048504,-2.98213535075268,14.8316898477595));
#7320=CARTESIAN_POINT('',(-1.04675831928152,-2.89873024524729,15.3217253376356));
#7321=CARTESIAN_POINT('',(-1.26228292406452,-3.71171109190883,15.4042255006694));
#7322=CARTESIAN_POINT('',(-0.59948475045668,-2.94057534227556,14.3883079459706));
#7323=CARTESIAN_POINT('',(-1.27091584602625,-2.80367110907551,14.8834776197575));
#7324=CARTESIAN_POINT('',(-1.54926572448902,-3.59778934773169,14.9659950520564));
#7325=CARTESIAN_POINT('',(-0.677954192831937,-2.92351405445676,14.240641127829));
#7326=CARTESIAN_POINT('',(-1.3446630430651,-2.76887036552597,14.7378889047032));
#7327=CARTESIAN_POINT('',(-1.64373577971182,-3.5559960147103,14.8204651019661));
#7328=CARTESIAN_POINT('',(-0.775898856495217,-2.89799771120099,14.0562146571322));
#7329=CARTESIAN_POINT('',(-1.43550647126954,-2.7213946767097,14.5566871716325));
#7330=CARTESIAN_POINT('',(-1.76030127068927,-3.49885285230136,14.639273959834));
#7331=CARTESIAN_POINT('',(-0.795497154913955,-2.89267991094967,14.0193530896992));
#7332=CARTESIAN_POINT('',(-1.45332303772471,-2.71177796121034,14.5212578964309));
#7333=CARTESIAN_POINT('',(-1.78311925316143,-3.48753012076146,14.6038614477304));
#7334=CARTESIAN_POINT('',(-0.834603258526251,-2.88164019120107,13.9455727433628));
#7335=CARTESIAN_POINT('',(-1.49047697566616,-2.69168336186854,14.4460734813927));
#7336=CARTESIAN_POINT('',(-1.83099908134342,-3.46239182502183,14.5286543768458));
#7337=CARTESIAN_POINT('',(-0.854078472678125,-2.875927867373,13.9086225844402));
#7338=CARTESIAN_POINT('',(-1.50891754502111,-2.68145934242485,14.4084522811852));
#7339=CARTESIAN_POINT('',(-1.85476273568659,-3.44960426090738,14.4910221031526));
#7340=CARTESIAN_POINT('',(-0.912272473756376,-2.85821683518334,13.7975936828862));
#7341=CARTESIAN_POINT('',(-1.56382916641473,-2.65026493410307,14.2955114566706));
#7342=CARTESIAN_POINT('',(-1.92553258653861,-3.41059243779819,14.3780382224075));
#7343=CARTESIAN_POINT('',(-0.950759734148715,-2.84564430958903,13.7233366067112));
#7344=CARTESIAN_POINT('',(-1.59990122688585,-2.6287667048375,14.2200927680405));
#7345=CARTESIAN_POINT('',(-1.97201796129395,-3.38371935172484,14.3025995605663));
#7346=CARTESIAN_POINT('',(-1.06530598642262,-2.80564887154325,13.499860803033));
#7347=CARTESIAN_POINT('',(-1.70650841220215,-2.56221316323575,13.9935149047856));
#7348=CARTESIAN_POINT('',(-2.10944077151788,-3.30054196855277,14.0759284782399));
#7349=CARTESIAN_POINT('',(-1.14042356011639,-2.77593841024189,13.3499707301874));
#7350=CARTESIAN_POINT('',(-1.77544763578093,-2.51507200367057,13.8419829124384));
#7351=CARTESIAN_POINT('',(-2.19830798108735,-3.24167568147322,13.9243764571579));
#7352=CARTESIAN_POINT('',(-1.28674710014,-2.71121409228526,13.0514610273017));
#7353=CARTESIAN_POINT('',(-1.90782716818652,-2.41646512211678,13.5410957161928));
#7354=CARTESIAN_POINT('',(-2.3690898029049,-3.11859619348601,13.623432568344));
#7355=CARTESIAN_POINT('',(-1.35815740997621,-2.6761335991563,12.9024470766397));
#7356=CARTESIAN_POINT('',(-1.97147478499643,-2.36487577162087,13.3913071222155));
#7357=CARTESIAN_POINT('',(-2.45125074208239,-3.05424009807806,13.4736403119733));
#7358=CARTESIAN_POINT('',(-1.56728500724593,-2.5629568996158,12.4561155359803));
#7359=CARTESIAN_POINT('',(-2.15502659184547,-2.20356501010154,12.9439239230673));
#7360=CARTESIAN_POINT('',(-2.68850250662809,-2.85306254957483,13.0262097139034));
#7361=CARTESIAN_POINT('',(-1.69993182963043,-2.476971749117,12.1595064469343));
#7362=CARTESIAN_POINT('',(-2.267673528072,-2.08725384015477,12.6480734635746));
#7363=CARTESIAN_POINT('',(-2.83441846958256,-2.70817696103076,12.7305011364964));
#7364=CARTESIAN_POINT('',(-1.88871331810055,-2.33217737744328,11.7159961008259));
#7365=CARTESIAN_POINT('',(-2.42211495648264,-1.90018219052606,12.2083194607988));
#7366=CARTESIAN_POINT('',(-3.03556532576706,-2.47512279211161,12.2907663060369));
#7367=CARTESIAN_POINT('',(-1.94993408853255,-2.28126481755375,11.5683936671392));
#7368=CARTESIAN_POINT('',(-2.47118883686787,-1.83568071241951,12.0623313198411));
#7369=CARTESIAN_POINT('',(-3.09964499345522,-2.39480535376072,12.1448302636475));
#7370=CARTESIAN_POINT('',(-2.03912361349509,-2.20081301301228,11.3473436536029));
#7371=CARTESIAN_POINT('',(-2.54107622379794,-1.73572873145771,11.844390413541));
#7372=CARTESIAN_POINT('',(-3.19126427078683,-2.27032976840542,11.9269225950241));
#7373=CARTESIAN_POINT('',(-2.06841261857058,-2.17331446446808,11.2737192812619));
#7374=CARTESIAN_POINT('',(-2.56375673602936,-1.70186805300136,11.7718973788383));
#7375=CARTESIAN_POINT('',(-3.2210531300755,-2.22817062542149,11.8544530362815));
#7376=CARTESIAN_POINT('',(-2.11166914561987,-2.13102324012881,11.1633716593001));
#7377=CARTESIAN_POINT('',(-2.59682901352507,-1.65026670486736,11.6634251610446));
#7378=CARTESIAN_POINT('',(-3.26459630348257,-2.16391805495755,11.7460048170793));
#7379=CARTESIAN_POINT('',(-2.12597511772629,-2.11675220985556,11.1266039429019));
#7380=CARTESIAN_POINT('',(-2.60769644926514,-1.63292869837377,11.6273072875135));
#7381=CARTESIAN_POINT('',(-3.27892061886833,-2.14233150802894,11.7098981150469));
#7382=CARTESIAN_POINT('',(-2.14726242621721,-2.09508152651292,11.0714746788244));
#7383=CARTESIAN_POINT('',(-2.6237578541513,-1.60671750183225,11.5731983373938));
#7384=CARTESIAN_POINT('',(-3.3001197346881,-2.10969609449003,11.655803112708));
#7385=CARTESIAN_POINT('',(-2.15432290771132,-2.08782067547691,11.0530931076344));
#7386=CARTESIAN_POINT('',(-2.62938860283837,-1.59762379641424,11.5540502020175));
#7387=CARTESIAN_POINT('',(-3.30742707650699,-2.09800747219232,11.6366410703349));
#7388=CARTESIAN_POINT('',(-2.16835608161777,-2.0732424525245,11.0162964073865));
#7389=CARTESIAN_POINT('',(-2.6402994756147,-1.57964865904626,11.5165713329185));
#7390=CARTESIAN_POINT('',(-3.32167897498528,-2.07517448405106,11.5991508974642));
#7391=CARTESIAN_POINT('',(-2.17533147745426,-2.06592233307014,10.997884880384));
#7392=CARTESIAN_POINT('',(-2.64570328580744,-1.57064090936959,11.4978264195114));
#7393=CARTESIAN_POINT('',(-3.32873948993072,-2.06373398521241,11.5804003678149));
#7394=CARTESIAN_POINT('',(-2.23774075045107,-1.99976303870609,10.832063131573));
#7395=CARTESIAN_POINT('',(-2.69386137220867,-1.48941417267941,11.3291219636964));
#7396=CARTESIAN_POINT('',(-3.39169913809133,-1.9605540830454,11.4115962802591));
#7397=CARTESIAN_POINT('',(-2.2905942807558,-1.93897945461308,10.6838285932364));
#7398=CARTESIAN_POINT('',(-2.7334078066584,-1.41590095205455,11.1787492947478));
#7399=CARTESIAN_POINT('',(-3.44351187331457,-1.86730913708617,11.2611973881136));
#7400=CARTESIAN_POINT('',(-2.39115587984024,-1.81351510684313,10.3857271043881));
#7401=CARTESIAN_POINT('',(-2.80613812776358,-1.26638851130864,10.8772878395389));
#7402=CARTESIAN_POINT('',(-3.53916006679069,-1.67779908694975,10.9596618069701));
#7403=CARTESIAN_POINT('',(-2.43896264482818,-1.74867154023165,10.2355025721483));
#7404=CARTESIAN_POINT('',(-2.83939422565332,-1.19018742501515,10.7258068207783));
#7405=CARTESIAN_POINT('',(-3.58307731408324,-1.58129904243753,10.8081670068988));
#7406=CARTESIAN_POINT('',(-2.66313495849116,-1.41773312319242,9.48714983889438));
#7407=CARTESIAN_POINT('',(-2.98861889842502,-0.806657586918661,9.97360146499366));
#7408=CARTESIAN_POINT('',(-3.78136741607686,-1.09567857922039,10.0556291432174));
#7409=CARTESIAN_POINT('',(-2.79731024757612,-1.13074744736758,8.8940812631314));
#7410=CARTESIAN_POINT('',(-3.05601759154503,-0.489247828650475,9.38266167830269));
#7411=CARTESIAN_POINT('',(-3.87473711938101,-0.695465735819344,9.46576242290141));
#7412=CARTESIAN_POINT('',(-2.89090185541106,-0.801929481733671,8.269842709304));
#7413=CARTESIAN_POINT('',(-3.07351592306417,-0.143610471558102,8.76949682224548));
#7414=CARTESIAN_POINT('',(-3.9080827112079,-0.257960109313091,8.85206956437403));
#7415=CARTESIAN_POINT('',(-2.8962225922849,-0.782497407598591,8.23314479524222));
#7416=CARTESIAN_POINT('',(-3.0743428536869,-0.123220232350318,8.73343564028068));
#7417=CARTESIAN_POINT('',(-3.90979601223156,-0.232178495338139,8.81601952012159));
#7418=CARTESIAN_POINT('',(-2.90649047770934,-0.743451814137863,8.15979319359161));
#7419=CARTESIAN_POINT('',(-3.07558629725214,-0.082370534088181,8.66141426517686));
#7420=CARTESIAN_POINT('',(-3.91272297936313,-0.180522674891611,8.74401984809988));
#7421=CARTESIAN_POINT('',(-2.91143486276765,-0.723846505702963,8.12313133493772));
#7422=CARTESIAN_POINT('',(-3.07616732444216,-0.0612735458542254,8.62383396688008));
#7423=CARTESIAN_POINT('',(-3.9137437479158,-0.15346701148476,8.70641840279783));
#7424=CARTESIAN_POINT('',(-2.9256376049974,-0.665034961527623,8.01294411959215));
#7425=CARTESIAN_POINT('',(-3.07717305383189,0.00156365305421282,8.51166791951063));
#7426=CARTESIAN_POINT('',(-3.91604450397549,-0.0730630319254639,8.59420910467851));
#7427=CARTESIAN_POINT('',(-2.9342900504225,-0.625742764665128,7.9393051755382));
#7428=CARTESIAN_POINT('',(-3.07697457169169,0.0433116200326979,8.43682356223826));
#7429=CARTESIAN_POINT('',(-3.91648921144832,-0.0196692060719675,8.51934464877058));
#7430=CARTESIAN_POINT('',(-2.95783327091684,-0.507612816636939,7.71785648815726));
#7431=CARTESIAN_POINT('',(-3.07382567771993,0.16810214254897,8.21214316326113));
#7432=CARTESIAN_POINT('',(-3.91463109238668,0.139914933188623,8.29456911242257));
#7433=CARTESIAN_POINT('',(-2.97031391933895,-0.428521920623722,7.56951595168241));
#7434=CARTESIAN_POINT('',(-3.06832736834966,0.250741644989136,8.06207164107733));
#7435=CARTESIAN_POINT('',(-3.90914177920356,0.245509422875914,8.14447571458505));
#7436=CARTESIAN_POINT('',(-2.99823209805144,-0.190230254456876,7.12241347997083));
#7437=CARTESIAN_POINT('',(-3.04189485143461,0.496926819321342,7.61117444751659));
#7438=CARTESIAN_POINT('',(-3.8802958846155,0.560078925465868,7.69341449543917));
#7439=CARTESIAN_POINT('',(-3.00406037200779,-0.0296042825001858,6.8208142255606));
#7440=CARTESIAN_POINT('',(-3.01083052405216,0.65930835877953,7.30857264670449));
#7441=CARTESIAN_POINT('',(-3.84434806889405,0.767330047196471,7.39091160773944));
#7442=CARTESIAN_POINT('',(-2.99037567843252,0.287938246937027,6.22422562133701));
#7443=CARTESIAN_POINT('',(-2.92438032298268,0.973149615589603,6.71340107576934));
#7444=CARTESIAN_POINT('',(-3.74226788398027,1.16828834847287,6.79577625411751));
#7445=CARTESIAN_POINT('',(-2.97101924713098,0.445626735239661,5.92778872954801));
#7446=CARTESIAN_POINT('',(-2.86892808224342,1.1255508647984,6.41912327901677));
#7447=CARTESIAN_POINT('',(-3.67611357944226,1.3630320123455,6.5016769395886));
#7448=CARTESIAN_POINT('',(-2.93092198503263,0.641320884796618,5.55956571756451));
#7449=CARTESIAN_POINT('',(-2.78458647637488,1.31006377972759,6.0559476144573));
#7450=CARTESIAN_POINT('',(-3.57484602166999,1.59945206224619,6.13846640067336));
#7451=CARTESIAN_POINT('',(-2.92210285537678,0.680388260828641,5.48603773800775));
#7452=CARTESIAN_POINT('',(-2.76695231795272,1.34668677373291,5.98350472828254));
#7453=CARTESIAN_POINT('',(-3.55365861523812,1.64638337785075,6.06604660438044));
#7454=CARTESIAN_POINT('',(-2.90765561576198,0.738878975777824,5.37592213502108));
#7455=CARTESIAN_POINT('',(-2.73935649241052,1.40116598355621,5.87519083181098));
#7456=CARTESIAN_POINT('',(-3.52046724318523,1.71624774917313,5.95775679646925));
#7457=CARTESIAN_POINT('',(-2.90263671612235,0.758357480228252,5.3392463343345));
#7458=CARTESIAN_POINT('',(-2.72996574959428,1.4192522290858,5.83913978793157));
#7459=CARTESIAN_POINT('',(-3.50916834472063,1.7394470790244,5.9217168627864));
#7460=CARTESIAN_POINT('',(-2.89480067911121,0.787547155170535,5.28427696692622));
#7461=CARTESIAN_POINT('',(-2.71559172320159,1.44626652650454,5.78515185674498));
#7462=CARTESIAN_POINT('',(-3.49186557173723,1.77411219264426,5.86774296368509));
#7463=CARTESIAN_POINT('',(-2.8921371185335,0.797273306524249,5.26596215420557));
#7464=CARTESIAN_POINT('',(-2.71082279362725,1.45499967785215,5.76780617747415));
#7465=CARTESIAN_POINT('',(-3.4863365536599,1.78527825637464,5.85041120255711));
#7466=CARTESIAN_POINT('',(-2.88670795794848,0.816712313616181,5.22934358722763));
#7467=CARTESIAN_POINT('',(-2.70089322127872,1.47348539102034,5.7304818808116));
#7468=CARTESIAN_POINT('',(-3.47391397421771,1.80910065324883,5.81307567070731));
#7469=CARTESIAN_POINT('',(-2.88394666313052,0.826409792276018,5.21102478388816));
#7470=CARTESIAN_POINT('',(-2.69588624011502,1.48269186663092,5.71181802643512));
#7471=CARTESIAN_POINT('',(-3.46765054765277,1.82096485495098,5.79440622283025));
#7472=CARTESIAN_POINT('',(-2.85867661424126,0.913490038519549,5.04607047544434));
#7473=CARTESIAN_POINT('',(-2.65045996303167,1.56519998027824,5.54387851738449));
#7474=CARTESIAN_POINT('',(-3.41081362311237,1.92732348062811,5.62636561614605));
#7475=CARTESIAN_POINT('',(-2.83324421296775,0.989496153026472,4.89884079832993));
#7476=CARTESIAN_POINT('',(-2.60738846451211,1.63626493599901,5.39442448289926));
#7477=CARTESIAN_POINT('',(-3.35698393878999,2.0188903581537,5.47688489767802));
#7478=CARTESIAN_POINT('',(-2.7482759190391,1.21345832293795,4.4554140358908));
#7479=CARTESIAN_POINT('',(-2.47050976827299,1.84277019328781,4.9457998291132));
#7480=CARTESIAN_POINT('',(-3.18597085595164,2.28516840229955,5.02804573474073));
#7481=CARTESIAN_POINT('',(-2.68012201281767,1.35738598586488,4.15749255798531));
#7482=CARTESIAN_POINT('',(-2.36897130801991,1.97175597570302,4.6459643734397));
#7483=CARTESIAN_POINT('',(-3.05932179272024,2.45151424655175,4.72828715134778));
#7484=CARTESIAN_POINT('',(-2.52070860951134,1.63449650478292,3.55707727298481));
#7485=CARTESIAN_POINT('',(-2.14595250608352,2.21245129080977,4.0451681311194));
#7486=CARTESIAN_POINT('',(-2.78126544304116,2.76287685922249,4.12748111219946));
#7487=CARTESIAN_POINT('',(-2.43007133428249,1.76638637767812,3.2572685778818));
#7488=CARTESIAN_POINT('',(-2.02530257643781,2.32310092190339,3.74666757106928));
#7489=CARTESIAN_POINT('',(-2.63100599900991,2.90639712981532,3.82913748683106));
#7490=CARTESIAN_POINT('',(-2.32972618856554,1.89007298438761,2.96145747826054));
#7491=CARTESIAN_POINT('',(-1.89748670457368,2.42285645566407,3.45398492257214));
#7492=CARTESIAN_POINT('',(-2.47175890982608,3.03660688118567,3.53641265839963));
#7493=CARTESIAN_POINT('',(1.47375971889766,3.02596426977975,31.8975240661717));
#7494=CARTESIAN_POINT('',(1.85389350210075,2.87424425227789,31.276395071762));
#7495=CARTESIAN_POINT('',(2.53643390343334,2.46135934400018,30.0453993623352));
#7496=CARTESIAN_POINT('',(3.34110277745105,1.49910739046881,28.2355066134108));
#7497=CARTESIAN_POINT('',(3.80397489632147,0.309459026941331,26.3835123957181));
#7498=CARTESIAN_POINT('',(3.84080533683057,-0.557037737005915,25.18238435174));
#7499=CARTESIAN_POINT('',(3.78989770035064,-0.981108184170087,24.5735970312238));
#7500=CARTESIAN_POINT('',(-3.71148733594053,-1.24518019355354,10.2911392253734));
#7501=CARTESIAN_POINT('',(-3.78109567363713,-0.855387548869284,9.72744035551903));
#7502=CARTESIAN_POINT('',(-3.79189754640399,-0.267336722609116,8.88946182757629));
#7503=CARTESIAN_POINT('',(-3.60716622469753,0.454922119074763,7.73066628333413));
#7504=CARTESIAN_POINT('',(-3.39587313246685,0.932995850644338,6.84385904134589));
#7505=CARTESIAN_POINT('',(-3.17133770658222,1.28027875096998,6.09549615688343));
#7506=CARTESIAN_POINT('',(-2.96556179089446,1.525630072843,5.48761613848031));
#7507=CARTESIAN_POINT('',(-2.80411360204164,1.68112100637896,5.0211848859475));
#7508=CARTESIAN_POINT('',(-2.64291971541661,1.81104178049586,4.54739962342893));
#7509=CARTESIAN_POINT('',(-2.51332205784279,1.89445856550106,4.1452050070855));
#7510=CARTESIAN_POINT('',(-2.41770426675513,1.94271054089402,3.81850685282295));
#7511=CARTESIAN_POINT('',(-2.35536862146709,1.96229280484146,3.56477274654884));
#7512=CARTESIAN_POINT('',(-2.31375228195645,1.96609210885604,3.36245150214258));
#7513=CARTESIAN_POINT('',(-2.32193307401764,1.90852615207814,3.17115793826568));
#7514=CARTESIAN_POINT('',(-2.38257967416313,1.82345248181371,3.1793281224667));
#7515=CARTESIAN_POINT('',(-2.4069350007063,1.7907160306355,3.19583714333975));
#7516=CARTESIAN_POINT('',(-2.65009375715662,2.91423204413456,31.8613778197276));
#7517=CARTESIAN_POINT('',(-2.19145356595582,3.28542022165497,32.145901998697));
#7518=CARTESIAN_POINT('',(-1.60706490097031,2.99256050481281,32.188429296065));
#7519=CARTESIAN_POINT('',(-2.67675202340066,2.87952647840683,31.9262643403003));
#7520=CARTESIAN_POINT('',(-2.2246644207651,3.25399418501298,32.2093395704175));
#7521=CARTESIAN_POINT('',(-1.63901536080197,2.97153381961744,32.2536899085823));
#7522=CARTESIAN_POINT('',(-2.70285326813985,2.84448965491473,31.9911269626967));
#7523=CARTESIAN_POINT('',(-2.25631017463166,3.22334240052129,32.2715178025454));
#7524=CARTESIAN_POINT('',(-1.66887144577245,2.95049643320117,32.316534727368));
#7525=CARTESIAN_POINT('',(-2.7535716550661,2.77410661282511,32.1210857129344));
#7526=CARTESIAN_POINT('',(-2.31887882110495,3.16058775993349,32.3970006902311));
#7527=CARTESIAN_POINT('',(-1.72883282093338,2.90741436195507,32.4439942107083));
#7528=CARTESIAN_POINT('',(-2.77825159212748,2.73871088489039,32.1861375034004));
#7529=CARTESIAN_POINT('',(-2.34954049461785,3.12883417414822,32.4598833792793));
#7530=CARTESIAN_POINT('',(-1.75844101235972,2.88545850578699,32.5078645446585));
#7531=CARTESIAN_POINT('',(-2.85032613916461,2.63192923797872,32.3815025800458));
#7532=CARTESIAN_POINT('',(-2.4395791539553,3.03259552589289,32.6487061074142));
#7533=CARTESIAN_POINT('',(-1.84616533328237,2.81834960547358,32.699879875586));
#7534=CARTESIAN_POINT('',(-2.89575793745193,2.55995070209589,32.512025796771));
#7535=CARTESIAN_POINT('',(-2.49725485711844,2.96690408502867,32.7752901584224));
#7536=CARTESIAN_POINT('',(-1.90318268932324,2.77195655149873,32.8284288897473));
#7537=CARTESIAN_POINT('',(-3.02468560066226,2.34171821008194,32.9043663466479));
#7538=CARTESIAN_POINT('',(-2.66281496819173,2.7661425983425,33.1556255519568));
#7539=CARTESIAN_POINT('',(-2.06992062672007,2.62779194213608,33.2155650887819));
#7540=CARTESIAN_POINT('',(-3.10084888059295,2.19319470254543,33.1669581165284));
#7541=CARTESIAN_POINT('',(-2.76422443689946,2.62648268020496,33.4118523369879));
#7542=CARTESIAN_POINT('',(-2.1753497480126,2.52505641881859,33.4756373757867));
#7543=CARTESIAN_POINT('',(-3.2352926667137,1.88979495602861,33.6937529974068));
#7544=CARTESIAN_POINT('',(-2.9491336851919,2.33642160306886,33.9276517920167));
#7545=CARTESIAN_POINT('',(-2.37463172493344,2.30569536087928,33.9991761309342));
#7546=CARTESIAN_POINT('',(-3.29354526077052,1.73495646828532,33.957885775961));
#7547=CARTESIAN_POINT('',(-3.03281235392469,2.18608327601112,34.1872544859596));
#7548=CARTESIAN_POINT('',(-2.46845182805457,2.189094862354,34.2625734650141));
#7549=CARTESIAN_POINT('',(-3.34921743666553,1.55697968749569,34.2548821533675));
#7550=CARTESIAN_POINT('',(-3.11710751322327,2.01031646383129,34.4811798339565));
#7551=CARTESIAN_POINT('',(-2.56677483887338,2.04969946091126,34.5598163269307));
#7552=CARTESIAN_POINT('',(-3.35527829709703,1.5371246532408,34.287873110181));
#7553=CARTESIAN_POINT('',(-3.12643159242658,1.99040983763115,34.5141129072453));
#7554=CARTESIAN_POINT('',(-2.57794083064814,2.03374470644811,34.593508125463));
#7555=CARTESIAN_POINT('',(-3.36706962343855,1.49741840903288,34.3538959968271));
#7556=CARTESIAN_POINT('',(-3.14405001472637,1.95250809400785,34.5778189153884));
#7557=CARTESIAN_POINT('',(-2.59808359177236,2.0035996944361,34.6571720781091));
#7558=CARTESIAN_POINT('',(-3.37277767801398,1.477614656444,34.3869448027011));
#7559=CARTESIAN_POINT('',(-3.15270047837801,1.93350122008237,34.6096863534721));
#7560=CARTESIAN_POINT('',(-2.60812642398012,1.98849006001975,34.6890370512011));
#7561=CARTESIAN_POINT('',(-3.38935402585547,1.4183554455919,34.4862027094836));
#7562=CARTESIAN_POINT('',(-3.17817101817714,1.87632587499889,34.705304638644));
#7563=CARTESIAN_POINT('',(-2.63818448181738,1.94302818174549,34.784732280016));
#7564=CARTESIAN_POINT('',(-3.39967555726468,1.37904810047649,34.5525308525403));
#7565=CARTESIAN_POINT('',(-3.1945302840087,1.83796285839593,34.769139492894));
#7566=CARTESIAN_POINT('',(-2.65813181789459,1.91254026390486,34.8486702881439));
#7567=CARTESIAN_POINT('',(-3.42855762529486,1.26179593436407,34.7518784656078));
#7568=CARTESIAN_POINT('',(-3.24169255437822,1.72226856453042,34.9606325658914));
#7569=CARTESIAN_POINT('',(-2.71778218441824,1.8203821664858,35.0408163093591));
#7570=CARTESIAN_POINT('',(-3.44511221896315,1.18430746533693,34.885173661491));
#7571=CARTESIAN_POINT('',(-3.27086536055432,1.64357680251833,35.0889250458989));
#7572=CARTESIAN_POINT('',(-2.75775764443945,1.75740963434979,35.17004654092));
#7573=CARTESIAN_POINT('',(-3.45900473151157,1.10826877981255,35.0191719724345));
#7574=CARTESIAN_POINT('',(-3.29702115628324,1.56572162984818,35.2164536201777));
#7575=CARTESIAN_POINT('',(-2.79580425475763,1.69512552370136,35.2968158443035));
#7576=CARTESIAN_POINT('',(-1.98204853881244,2.17960189115526,31.7429121091567));
#7577=CARTESIAN_POINT('',(-1.98204853881244,3.1022867207874,32.1284671702916));
#7578=CARTESIAN_POINT('',(-1.98204853881244,2.17960189115526,31.7429121091567));
#7579=CARTESIAN_POINT('',(-1.60706490097078,2.99256050481298,32.188429296065));
#7580=CARTESIAN_POINT('',(-2.19145356595608,3.28542022165473,32.145901998697));
#7581=CARTESIAN_POINT('',(-2.65009375715662,2.91423204413456,31.8613778197277));
#7582=CARTESIAN_POINT('',(-1.32569459284032,3.17880785206183,31.6117497548713));
#7583=CARTESIAN_POINT('',(-1.89377027217695,3.56673289953242,31.5761654914971));
#7584=CARTESIAN_POINT('',(-2.41381044892113,3.22184191418521,31.2862615998221));
#7585=CARTESIAN_POINT('',(-1.03296841910898,3.3207545408788,31.0460096066676));
#7586=CARTESIAN_POINT('',(-1.56729021356207,3.79956456555542,31.0249380653082));
#7587=CARTESIAN_POINT('',(-2.14125322929223,3.49777577753276,30.7167052523118));
#7588=CARTESIAN_POINT('',(-0.571931954363487,3.47779403681272,30.2169777818117));
#7589=CARTESIAN_POINT('',(-1.02962622453864,4.08155956013867,30.2245858342828));
#7590=CARTESIAN_POINT('',(-1.66541869773854,3.86298566860232,29.8755634179124));
#7591=CARTESIAN_POINT('',(-0.414547657511972,3.52058188688297,29.9438684201838));
#7592=CARTESIAN_POINT('',(-0.84018250393632,4.16458084581185,29.9595486258583));
#7593=CARTESIAN_POINT('',(-1.49554929858724,3.97634443990207,29.597310469782));
#7594=CARTESIAN_POINT('',(-0.171929738301715,3.56980042234638,29.5392879577591));
#7595=CARTESIAN_POINT('',(-0.543067100166677,4.26941291139446,29.5687713589435));
#7596=CARTESIAN_POINT('',(-1.22153162206842,4.13127941193211,29.1832528218562));
#7597=CARTESIAN_POINT('',(-0.0899643749886772,3.58370049248701,29.4052740338462));
#7598=CARTESIAN_POINT('',(-0.441321883988941,4.30116948712107,29.4390009925208));
#7599=CARTESIAN_POINT('',(-1.12698499284121,4.18039058393911,29.0457843154726));
#7600=CARTESIAN_POINT('',(0.0347729647767734,3.60059411721527,29.2055416902703));
#7601=CARTESIAN_POINT('',(-0.285352437699325,4.34340010574643,29.2460593790108));
#7602=CARTESIAN_POINT('',(-0.980005395819643,4.24976901404532,28.8403955308544));
#7603=CARTESIAN_POINT('',(0.078888537014499,3.60506330653932,29.1358972312094));
#7604=CARTESIAN_POINT('',(-0.230221647850032,4.35750132233942,29.1798151447231));
#7605=CARTESIAN_POINT('',(-0.930258160247309,4.27215444507981,28.772027678251));
#7606=CARTESIAN_POINT('',(0.165651114810961,3.6128083392776,28.9983280214719));
#7607=CARTESIAN_POINT('',(-0.120966770133125,4.38324764339464,29.0485167092009));
#7608=CARTESIAN_POINT('',(-0.830028282522749,4.31527842572046,28.6351914243941));
#7609=CARTESIAN_POINT('',(0.209002293878563,3.61597528740994,28.9296091626572));
#7610=CARTESIAN_POINT('',(-0.0660637115076058,4.39514803865076,28.9829608687675));
#7611=CARTESIAN_POINT('',(-0.779429709792674,4.33603892582497,28.5667657915532));
#7612=CARTESIAN_POINT('',(0.425693760215405,3.62832044629571,28.5863334461246));
#7613=CARTESIAN_POINT('',(0.211697636869837,4.45015472112341,28.6534786745321));
#7614=CARTESIAN_POINT('',(-0.523930911989019,4.43577455000189,28.2246108408461));
#7615=CARTESIAN_POINT('',(0.59798473697853,3.62701058238444,28.3141474585755));
#7616=CARTESIAN_POINT('',(0.435883390576798,4.4776454114663,28.3947228225491));
#7617=CARTESIAN_POINT('',(-0.312484158177675,4.50215193346567,27.9524146456557));
#7618=CARTESIAN_POINT('',(0.938661434848392,3.60282500258238,27.7797557191915));
#7619=CARTESIAN_POINT('',(0.886997572831641,4.50094877941603,27.8872306340273));
#7620=CARTESIAN_POINT('',(0.121215010932067,4.6052510115539,27.4148977716955));
#7621=CARTESIAN_POINT('',(1.10756135201944,3.57993034584859,27.5167470000731));
#7622=CARTESIAN_POINT('',(1.11464031750835,4.49618750038888,27.6379052665291));
#7623=CARTESIAN_POINT('',(0.34408491935755,4.64211969326685,27.1488363155523));
#7624=CARTESIAN_POINT('',(1.44328197044518,3.5115025558639,26.9984130796579));
#7625=CARTESIAN_POINT('',(1.57282857058173,4.45241721352232,27.1470814217951));
#7626=CARTESIAN_POINT('',(0.801709617426212,4.68245437407382,26.6215651490729));
#7627=CARTESIAN_POINT('',(1.6100997577009,3.46596931511226,26.7430848037951));
#7628=CARTESIAN_POINT('',(1.8033846329459,4.41276801916337,26.9057608281919));
#7629=CARTESIAN_POINT('',(1.03645917886338,4.68592694162349,26.3603526361114));
#7630=CARTESIAN_POINT('',(1.8173381299233,3.39333760991454,26.4280422373583));
#7631=CARTESIAN_POINT('',(2.09002922761636,4.33988294799964,26.6103246628926));
#7632=CARTESIAN_POINT('',(1.33664410447468,4.66578710569296,26.0361201434208));
#7633=CARTESIAN_POINT('',(1.85871983080834,3.37802179409738,26.3652387740406));
#7634=CARTESIAN_POINT('',(2.14777826825664,4.32398223847374,26.5510380543005));
#7635=CARTESIAN_POINT('',(1.39701644622502,4.66053039339769,25.9713863117736));
#7636=CARTESIAN_POINT('',(1.91036033810505,3.35785589867665,26.2869781444031));
#7637=CARTESIAN_POINT('',(2.21983625403419,4.3025825873389,26.4773078288001));
#7638=CARTESIAN_POINT('',(1.47288558657987,4.65235425723342,25.8905944991936));
#7639=CARTESIAN_POINT('',(1.92051905808146,3.35391875443173,26.271639017755));
#7640=CARTESIAN_POINT('',(2.2339556825901,4.29828173193801,26.4627415198716));
#7641=CARTESIAN_POINT('',(1.48807976353164,4.65063867189567,25.874442492858));
#7642=CARTESIAN_POINT('',(1.94148786422262,3.34535296021945,26.2397815344306));
#7643=CARTESIAN_POINT('',(2.26346500188952,4.28926099403132,26.4328592078546));
#7644=CARTESIAN_POINT('',(1.51850737493131,4.64704538835366,25.8421502566531));
#7645=CARTESIAN_POINT('',(1.95228285021338,3.34072900834508,26.2232471988049));
#7646=CARTESIAN_POINT('',(2.27884629512424,4.28454418723474,26.4175270424623));
#7647=CARTESIAN_POINT('',(1.53372049647202,4.64517628727138,25.8259995377079));
#7648=CARTESIAN_POINT('',(1.98410047647551,3.32717004832362,26.1745599929877));
#7649=CARTESIAN_POINT('',(2.32399915083308,4.27036183483009,26.3720937135635));
#7650=CARTESIAN_POINT('',(1.57935597496518,4.63935127098551,25.7775324006693));
#7651=CARTESIAN_POINT('',(2.00522223208773,3.31795410894555,26.1421083857804));
#7652=CARTESIAN_POINT('',(2.35400554501147,4.26061771392944,26.3418340062578));
#7653=CARTESIAN_POINT('',(1.60977515465333,4.63517736223648,25.7452013698185));
#7654=CARTESIAN_POINT('',(2.11038848866927,3.27098661615101,25.9798751302154));
#7655=CARTESIAN_POINT('',(2.50433048144841,4.21019469684003,26.1898941407532));
#7656=CARTESIAN_POINT('',(1.76184432655583,4.6128408411339,25.583442777031));
#7657=CARTESIAN_POINT('',(2.19310988070704,3.23057547343839,25.8501693015334));
#7658=CARTESIAN_POINT('',(2.62286751755434,4.16522980942971,26.0689686013834));
#7659=CARTESIAN_POINT('',(1.88341808749415,4.59028167694634,25.4537074517748));
#7660=CARTESIAN_POINT('',(2.2744782441336,3.18723687192864,25.7204318732691));
#7661=CARTESIAN_POINT('',(2.73944499912198,4.11573270336255,25.9487543715376));
#7662=CARTESIAN_POINT('',(2.00482204054444,4.5628160777809,25.3235541472097));
#7663=CARTESIAN_POINT('',(1.60906002482738,3.66209309500762,25.1444716655997));
#7664=CARTESIAN_POINT('',(2.2744782441336,3.18723687192864,25.7204318732691));
#7665=CARTESIAN_POINT('',(2.739444999122,4.11573270336256,25.9487543715376));
#7666=CARTESIAN_POINT('',(2.00482204054444,4.56281607778091,25.3235541472097));
#7667=CARTESIAN_POINT('',(2.68840072560115,3.03204542921775,25.1142698880486));
#7668=CARTESIAN_POINT('',(3.25442276309037,3.90615890954952,25.3369401260359));
#7669=CARTESIAN_POINT('',(2.57745353091656,4.4332678496448,24.7096541976187));
#7670=CARTESIAN_POINT('',(3.07003453026324,2.80963543964703,24.5273443540528));
#7671=CARTESIAN_POINT('',(3.72480528747553,3.61658607321862,24.7385163922953));
#7672=CARTESIAN_POINT('',(3.11635781096895,4.20627042710999,24.1049688407859));
#7673=CARTESIAN_POINT('',(3.49380314480029,2.44106461910046,23.8064053013882));
#7674=CARTESIAN_POINT('',(4.2466140099505,3.14864085974272,24.0003998435096));
#7675=CARTESIAN_POINT('',(3.73255914477754,3.79635496617314,23.3516061934145));
#7676=CARTESIAN_POINT('',(3.57582324326257,2.36277355823975,23.6628480378017));
#7677=CARTESIAN_POINT('',(4.3474758601884,3.04978182646523,23.8533998514594));
#7678=CARTESIAN_POINT('',(3.85286187900139,3.70795718358607,23.2010401886349));
#7679=CARTESIAN_POINT('',(3.67453952001356,2.25895217792789,23.484017508855));
#7680=CARTESIAN_POINT('',(4.46891027146369,2.91916260233516,23.6700657432205));
#7681=CARTESIAN_POINT('',(3.99913565509807,3.58908380597132,23.012788142064));
#7682=CARTESIAN_POINT('',(3.69409199277868,2.23788974589541,23.4482822235377));
#7683=CARTESIAN_POINT('',(4.49295890392372,2.89269261223904,23.6334284422271));
#7684=CARTESIAN_POINT('',(4.02818478461759,3.56488975609055,22.9751354451895));
#7685=CARTESIAN_POINT('',(3.73280415547468,2.19516146237691,23.376869055214));
#7686=CARTESIAN_POINT('',(4.54057705563756,2.8390401102965,23.5601942276122));
#7687=CARTESIAN_POINT('',(4.08585930592944,3.51565156022642,22.8998207731668));
#7688=CARTESIAN_POINT('',(3.75189946934037,2.17370114420661,23.3415168126987));
#7689=CARTESIAN_POINT('',(4.56392884503005,2.81207030712011,23.5238193410005));
#7690=CARTESIAN_POINT('',(4.11450703740548,3.49057538716679,22.8621813105272));
#7691=CARTESIAN_POINT('',(3.80981330656375,2.10475920629138,23.2303147444338));
#7692=CARTESIAN_POINT('',(4.63720549051925,2.7261622421828,23.4110739552516));
#7693=CARTESIAN_POINT('',(4.1996177489909,3.41430635251481,22.749063538384));
#7694=CARTESIAN_POINT('',(3.84742493073973,2.05784217297684,23.1559143200524));
#7695=CARTESIAN_POINT('',(4.6848037520233,2.66772112953756,23.3356019463464));
#7696=CARTESIAN_POINT('',(4.25528136876403,3.36206077793276,22.6732283701979));
#7697=CARTESIAN_POINT('',(4.02901405979404,1.82032275355475,22.7853888528837));
#7698=CARTESIAN_POINT('',(4.91511551470827,2.37148154141519,22.9589304301646));
#7699=CARTESIAN_POINT('',(4.526008114348,3.09593713794358,22.2948449307889));
#7700=CARTESIAN_POINT('',(4.15446186440947,1.62012484910533,22.4923206650196));
#7701=CARTESIAN_POINT('',(5.07445846972515,2.12228158219197,22.6606269137167));
#7702=CARTESIAN_POINT('',(4.71951897209656,2.86656822511904,21.9933145811958));
#7703=CARTESIAN_POINT('',(4.36596990933705,1.20090079150435,21.9101394455848));
#7704=CARTESIAN_POINT('',(5.34537873115295,1.60067015653901,22.0670110485757));
#7705=CARTESIAN_POINT('',(5.06052125496201,2.37754815785527,21.3908533661876));
#7706=CARTESIAN_POINT('',(4.45200972224906,0.981878636739404,21.6210335976915));
#7707=CARTESIAN_POINT('',(5.4567381591567,1.32814564301203,21.7716972401016));
#7708=CARTESIAN_POINT('',(5.20800458285664,2.11789276418442,21.089923183145));
#7709=CARTESIAN_POINT('',(4.54977944224874,0.64020490719451,21.1886078833447));
#7710=CARTESIAN_POINT('',(5.58586226230499,0.903236497953689,21.3299983921129));
#7711=CARTESIAN_POINT('',(5.39258279368718,1.70654444336397,20.637519485206));
#7712=CARTESIAN_POINT('',(4.57713665212476,0.524121432807413,21.0446741293199));
#7713=CARTESIAN_POINT('',(5.62258844312229,0.758673033444297,21.1827520537669));
#7714=CARTESIAN_POINT('',(5.44797928121108,1.56577286830934,20.4865486732172));
#7715=CARTESIAN_POINT('',(4.62086873409002,0.287696253108228,20.756958464998));
#7716=CARTESIAN_POINT('',(5.68273489676188,0.464092944374376,20.8883073470521));
#7717=CARTESIAN_POINT('',(5.54585894248433,1.27690851541882,20.1840000629525));
#7718=CARTESIAN_POINT('',(4.63720632296591,0.167213109943853,20.6130302348569));
#7719=CARTESIAN_POINT('',(5.70608589408534,0.313891083522995,20.7409621361236));
#7720=CARTESIAN_POINT('',(5.5883220866785,1.12863110148932,20.0322644315028));
#7721=CARTESIAN_POINT('',(4.6489494715019,0.0314004851453344,20.453448069476));
#7722=CARTESIAN_POINT('',(5.72421972357761,0.144605213254361,20.5776919968583));
#7723=CARTESIAN_POINT('',(5.6278568092815,0.960219932742708,19.8635930106953));
#7724=CARTESIAN_POINT('',(4.65016353007757,0.0162998011369877,20.4357410192805));
#7725=CARTESIAN_POINT('',(5.72612527074075,0.125764443173545,20.5595592413063));
#7726=CARTESIAN_POINT('',(5.63213815173583,0.94147725623362,19.8448713686262));
#7727=CARTESIAN_POINT('',(4.65241013910368,-0.0139216940247151,20.400375085249));
#7728=CARTESIAN_POINT('',(5.72971414386453,0.0880542969392734,20.5233420127946));
#7729=CARTESIAN_POINT('',(5.64047777519431,0.903931806335624,19.807466883701));
#7730=CARTESIAN_POINT('',(4.65325799247453,-0.0301259733541724,20.3814048331038));
#7731=CARTESIAN_POINT('',(5.73170004497622,0.0676905130295486,20.5041855892675));
#7732=CARTESIAN_POINT('',(5.64453292258638,0.885154796657141,19.7887653388813));
#7733=CARTESIAN_POINT('',(4.65577741386228,-0.0770973679075355,20.3263680192314));
#7734=CARTESIAN_POINT('',(5.7368569485399,0.00882123943079861,20.4482250528566));
#7735=CARTESIAN_POINT('',(5.65635462003772,0.82882481380374,19.7326526804758));
#7736=CARTESIAN_POINT('',(4.65707894984199,-0.108350088937753,20.2896963468281));
#7737=CARTESIAN_POINT('',(5.73982024618615,-0.0303587410488236,20.4109376593364));
#7738=CARTESIAN_POINT('',(5.6637781620749,0.791267095736258,19.6952377479094));
#7739=CARTESIAN_POINT('',(4.6598617877443,-0.201922140766047,20.1797321991251));
#7740=CARTESIAN_POINT('',(5.74731132928655,-0.147785662899142,20.2990452593484));
#7741=CARTESIAN_POINT('',(5.68468952932594,0.678586402601309,19.5829691127435));
#7742=CARTESIAN_POINT('',(4.66022174857106,-0.264055538448946,20.1064905318984));
#7743=CARTESIAN_POINT('',(5.75042801662273,-0.225801770212445,20.2245218895082));
#7744=CARTESIAN_POINT('',(5.69681860165845,0.603455862204915,19.5080916099143));
#7745=CARTESIAN_POINT('',(4.65689895537651,-0.449693034343297,19.8869092849886));
#7746=CARTESIAN_POINT('',(5.75428459797372,-0.459368836286161,20.0007900494791));
#7747=CARTESIAN_POINT('',(5.72785918351733,0.378080226969243,19.2833276109534));
#7748=CARTESIAN_POINT('',(4.6488191680186,-0.5724367571913,19.7407126801921));
#7749=CARTESIAN_POINT('',(5.74949003103447,-0.613970127767159,19.8518655195255));
#7750=CARTESIAN_POINT('',(5.74143110879042,0.227850782618206,19.133310143756));
#7751=CARTESIAN_POINT('',(4.60742291167672,-0.937379490764341,19.3022515192991));
#7752=CARTESIAN_POINT('',(5.71364749878094,-1.07552812484922,19.4041273846617));
#7753=CARTESIAN_POINT('',(5.76121778551849,-0.222391175946735,18.6824232760666));
#7754=CARTESIAN_POINT('',(4.55702333699656,-1.17632002031453,19.0101074923332));
#7755=CARTESIAN_POINT('',(5.66107677048486,-1.37840289557081,19.1061084429876));
#7756=CARTESIAN_POINT('',(5.74660765202607,-0.521962823259491,18.3807281049943));
#7757=CARTESIAN_POINT('',(4.44747556983799,-1.52660932945944,18.5705506435957));
#7758=CARTESIAN_POINT('',(5.54002407028203,-1.82400165479073,18.658288049366));
#7759=CARTESIAN_POINT('',(5.68277737842675,-0.968804918851896,17.9251371786241));
#7760=CARTESIAN_POINT('',(4.40514006910918,-1.64233738835647,18.4233871614048));
#7761=CARTESIAN_POINT('',(5.4922779883928,-1.97183343429217,18.5080929925647));
#7762=CARTESIAN_POINT('',(5.65438113566704,-1.11775688630043,17.7723228151697));
#7763=CARTESIAN_POINT('',(4.30961197274467,-1.86913126591632,18.1304257524511));
#7764=CARTESIAN_POINT('',(5.38303306438212,-2.26235902494833,18.2090995530644));
#7765=CARTESIAN_POINT('',(5.5837095595382,-1.4124689804626,17.467545226237));
#7766=CARTESIAN_POINT('',(4.25661809484042,-1.97982409146474,17.9851220429277));
#7767=CARTESIAN_POINT('',(5.32172849808009,-2.40453468915564,18.0608319864839));
#7768=CARTESIAN_POINT('',(5.5416002776297,-1.55773578505065,17.3160979833722));
#7769=CARTESIAN_POINT('',(4.16954048807472,-2.14167752475429,17.768766451074));
#7770=CARTESIAN_POINT('',(5.22015013257467,-2.61289446890303,17.8402659066712));
#7771=CARTESIAN_POINT('',(5.4684695049922,-1.77237321282428,17.0901586103003));
#7772=CARTESIAN_POINT('',(4.13924898299781,-2.19493053600778,17.6969152339116));
#7773=CARTESIAN_POINT('',(5.18463935840532,-2.68160420793891,17.7669689051518));
#7774=CARTESIAN_POINT('',(5.44242959906273,-1.84337494972646,17.0150511342454));
#7775=CARTESIAN_POINT('',(4.09193530108597,-2.27374220500025,17.5895244799743));
#7776=CARTESIAN_POINT('',(5.12898389730722,-2.78341162715968,17.6574737392142));
#7777=CARTESIAN_POINT('',(5.40088276920585,-1.94904266126679,16.9026793013349));
#7778=CARTESIAN_POINT('',(4.07585126706417,-2.29983475603899,17.5537919471421));
#7779=CARTESIAN_POINT('',(5.11002233520009,-2.81715655660108,17.6210299854508));
#7780=CARTESIAN_POINT('',(5.38661921418228,-1.98412606333887,16.8652702779875));
#7781=CARTESIAN_POINT('',(4.04306042856348,-2.35166003510477,17.4824536499722));
#7782=CARTESIAN_POINT('',(5.07129722463315,-2.88423456331565,17.5482776144319));
#7783=CARTESIAN_POINT('',(5.35726270952735,-2.0540111522872,16.7905458452201));
#7784=CARTESIAN_POINT('',(4.0252517970968,-2.37871478576002,17.4447927955059));
#7785=CARTESIAN_POINT('',(5.05059708507686,-2.9197853287155,17.5099555821251));
#7786=CARTESIAN_POINT('',(5.34218523095005,-2.08876623787861,16.7531960230063));
#7787=CARTESIAN_POINT('',(3.93669041954884,-2.51019750333603,17.2596335145775));
#7788=CARTESIAN_POINT('',(4.94666739317912,-3.0922773033561,17.3210820430847));
#7789=CARTESIAN_POINT('',(5.26499134903727,-2.2611301908711,16.5661465554337));
#7790=CARTESIAN_POINT('',(3.86139879859252,-2.61087831082093,17.111220083705));
#7791=CARTESIAN_POINT('',(4.85771350201607,-3.22476990887575,17.1698869068612));
#7792=CARTESIAN_POINT('',(5.19730629213928,-2.39496966156324,16.415887631625));
#7793=CARTESIAN_POINT('',(3.62293086192578,-2.89959782173866,16.6647234164272));
#7794=CARTESIAN_POINT('',(4.57337151794185,-3.60767415038735,16.7138851321268));
#7795=CARTESIAN_POINT('',(4.97721776165016,-2.78438924851835,15.9629721457702));
#7796=CARTESIAN_POINT('',(3.44721119006116,-3.07438568805637,16.365379332014));
#7797=CARTESIAN_POINT('',(4.36163686680145,-3.84154545457801,16.4087736704848));
#7798=CARTESIAN_POINT('',(4.8078685119944,-3.02793197623053,15.6581891447601));
#7799=CARTESIAN_POINT('',(3.16035839139016,-3.30929835941085,15.9123588656748));
#7800=CARTESIAN_POINT('',(4.01309828003333,-4.16014291529542,15.9479880342456));
#7801=CARTESIAN_POINT('',(4.52121214043519,-3.36816573044557,15.1954035793103));
#7802=CARTESIAN_POINT('',(3.06108216594886,-3.38279571855594,15.7610885463066));
#7803=CARTESIAN_POINT('',(3.89164680710315,-4.26084364356965,15.7938683636425));
#7804=CARTESIAN_POINT('',(4.42042116916573,-3.47704571108346,15.04061302082));
#7805=CARTESIAN_POINT('',(2.85769873294574,-3.51879874258061,15.4608771068424));
#7806=CARTESIAN_POINT('',(3.64167260253255,-4.44900601372557,15.4880867894221));
#7807=CARTESIAN_POINT('',(4.21081444288995,-3.68361128503346,14.7328964174264));
#7808=CARTESIAN_POINT('',(2.7533113868583,-3.58153990499105,15.3114895289224));
#7809=CARTESIAN_POINT('',(3.512802549323,-4.53672188091398,15.3360037312678));
#7810=CARTESIAN_POINT('',(4.10172043938526,-3.78163639226066,14.5795145195884));
#7811=CARTESIAN_POINT('',(2.53957716395792,-3.69661396063091,15.0139662006146));
#7812=CARTESIAN_POINT('',(3.24777550853679,-4.69962131479914,15.0332501033347));
#7813=CARTESIAN_POINT('',(3.87527270470374,-3.96724930762668,14.2734856737137));
#7814=CARTESIAN_POINT('',(2.43022991354918,-3.74894648580779,14.8658303453972));
#7815=CARTESIAN_POINT('',(3.1116148502301,-4.77474435622039,14.8826115017904));
#7816=CARTESIAN_POINT('',(3.75791905894585,-4.05483720500356,14.1208387381122));
#7817=CARTESIAN_POINT('',(2.2906630326907,-3.80784112107975,14.6813756795321));
#7818=CARTESIAN_POINT('',(2.93730248412597,-4.86062733161069,14.695407178887));
#7819=CARTESIAN_POINT('',(3.60615288870933,-4.15775152273721,13.9303796579539));
#7820=CARTESIAN_POINT('',(2.26260532377739,-3.8192936742514,14.6445206986634));
#7821=CARTESIAN_POINT('',(2.90217731128361,-4.87742816693693,14.6579614358244));
#7822=CARTESIAN_POINT('',(3.57554549967678,-4.17800547493133,13.8923054251355));
#7823=CARTESIAN_POINT('',(2.20620591692465,-3.84154435946947,14.5708817623881));
#7824=CARTESIAN_POINT('',(2.83149669175397,-4.91023165803902,14.5831567377596));
#7825=CARTESIAN_POINT('',(3.51382278248768,-4.21785280520673,13.8161898018966));
#7826=CARTESIAN_POINT('',(2.17640984203855,-3.85285830207499,14.5321768057726));
#7827=CARTESIAN_POINT('',(2.79407483600088,-4.92743399647006,14.5436037857185));
#7828=CARTESIAN_POINT('',(3.48273120908335,-4.23742151925905,13.7781263116967));
#7829=CARTESIAN_POINT('',(2.08802882694426,-3.88508838159468,14.4172861006877));
#7830=CARTESIAN_POINT('',(2.6829048558744,-4.97652626076521,14.4263076594743));
#7831=CARTESIAN_POINT('',(3.3890622930148,-4.29479081965579,13.6636546790016));
#7832=CARTESIAN_POINT('',(2.02886801370628,-3.90493937166612,14.3405009137484));
#7833=CARTESIAN_POINT('',(2.60834695423437,-5.00721822078604,14.3479584044951));
#7834=CARTESIAN_POINT('',(3.32598253336184,-4.33136318677777,13.5870646656819));
#7835=CARTESIAN_POINT('',(1.85075027059206,-3.95967422621823,14.1095216694776));
#7836=CARTESIAN_POINT('',(2.38305999937183,-5.09346835166705,14.1120159297978));
#7837=CARTESIAN_POINT('',(3.13493140535787,-4.43613109784037,13.356432812996));
#7838=CARTESIAN_POINT('',(1.73115825848554,-3.98974674893974,13.9547037785205));
#7839=CARTESIAN_POINT('',(2.23122579286596,-5.14295989820564,13.9540647490503));
#7840=CARTESIAN_POINT('',(3.0051509846509,-4.4993842025424,13.2015301909175));
#7841=CARTESIAN_POINT('',(1.49072320889101,-4.03735035016763,13.6431447739973));
#7842=CARTESIAN_POINT('',(1.92440592899162,-5.22650814429922,13.63627112542));
#7843=CARTESIAN_POINT('',(2.7411688669055,-4.61291691283927,12.8892161915248));
#7844=CARTESIAN_POINT('',(1.36953916873478,-4.05490408398871,13.4859596873762));
#7845=CARTESIAN_POINT('',(1.76898970202571,-5.26055431432715,13.4759926673168));
#7846=CARTESIAN_POINT('',(2.60658219136835,-4.66331052773568,12.7313577441182));
#7847=CARTESIAN_POINT('',(1.00751032192109,-4.08867452671237,13.0147078003911));
#7848=CARTESIAN_POINT('',(1.30122762576549,-5.33920111781012,12.9946635739637));
#7849=CARTESIAN_POINT('',(2.19975734536759,-4.79409047766943,12.257245637707));
#7850=CARTESIAN_POINT('',(0.768757729049856,-4.08621872049415,12.7016604568239));
#7851=CARTESIAN_POINT('',(0.990191406873899,-5.35981664296649,12.6759701596889));
#7852=CARTESIAN_POINT('',(1.92518035802548,-4.8541729689312,11.9412030680835));
#7853=CARTESIAN_POINT('',(0.416791592258289,-4.04775864982207,12.2325250353457));
#7854=CARTESIAN_POINT('',(0.526939557527873,-5.34660641652338,12.2000356436427));
#7855=CARTESIAN_POINT('',(1.50997513201627,-4.90587394866085,11.4658327805435));
#7856=CARTESIAN_POINT('',(0.300497459020117,-4.02911877488355,12.0762273411405));
#7857=CARTESIAN_POINT('',(0.37263038233594,-5.33470729156244,12.0412980059616));
#7858=CARTESIAN_POINT('',(1.3710071940281,-4.91667566974094,11.3071618812849));
#7859=CARTESIAN_POINT('',(0.127894331680981,-3.99257544338429,11.8418269484001));
#7860=CARTESIAN_POINT('',(0.142290588508554,-5.30579105098042,11.8037301728753));
#7861=CARTESIAN_POINT('',(1.16182826270983,-4.92326081437215,11.0686984405856));
#7862=CARTESIAN_POINT('',(0.0706664274028107,-3.97896256611691,11.763701775995));
#7863=CARTESIAN_POINT('',(0.065585609128363,-5.29428043879578,11.7245149248239));
#7864=CARTESIAN_POINT('',(1.0919801283218,-4.92385124469145,10.9891346843326));
#7865=CARTESIAN_POINT('',(-0.0146773927966576,-3.95640346330072,11.6465231433767));
#7866=CARTESIAN_POINT('',(-0.0491532815791083,-5.27423054824975,11.6058337518668));
#7867=CARTESIAN_POINT('',(0.987034046483509,-4.9223174778863,10.8696605093122));
#7868=CARTESIAN_POINT('',(-0.0446778677740994,-3.94816383631209,11.6051093162052));
#7869=CARTESIAN_POINT('',(-0.0898848323185414,-5.26698810970498,11.5632160077625));
#7870=CARTESIAN_POINT('',(0.952082222284192,-4.92138268997106,10.8297778676254));
#7871=CARTESIAN_POINT('',(-0.103058682329653,-3.93111412343848,11.5236506726916));
#7872=CARTESIAN_POINT('',(-0.16911899106655,-5.25148742110614,11.4798248712671));
#7873=CARTESIAN_POINT('',(0.882466771004851,-4.91860464600672,10.7497562325769));
#7874=CARTESIAN_POINT('',(-0.132043011217496,-3.92219700124912,11.4828370000224));
#7875=CARTESIAN_POINT('',(-0.208538076954736,-5.24321991101623,11.4380467187908));
#7876=CARTESIAN_POINT('',(0.84776954123928,-4.91677247338103,10.7096379215804));
#7877=CARTESIAN_POINT('',(-0.160819159468159,-3.91289381475772,11.4419364934774));
#7878=CARTESIAN_POINT('',(-0.24773449817639,-5.23444861700124,11.3962090436361));
#7879=CARTESIAN_POINT('',(0.813185253129642,-4.91450266811978,10.6694104180266));
#7880=CARTESIAN_POINT('',(0.652987004420212,-3.94634108663434,10.861763409285));
#7881=CARTESIAN_POINT('',(-0.162560327540831,-3.94634108663434,11.4404537836056));
#7882=CARTESIAN_POINT('',(0.652987004420212,-3.94634108663434,10.861763409285));
#7883=CARTESIAN_POINT('',(-2.75688973180258,1.2223158455286,3.09317469686659));
#7884=CARTESIAN_POINT('',(-2.84461141626632,1.09045921133865,3.17894013544868));
#7885=CARTESIAN_POINT('',(-2.8719833796235,0.942574636401512,3.27802548304747));
#7886=CARTESIAN_POINT('',(-2.76002203588901,1.18025204154761,3.04769182836624));
#7887=CARTESIAN_POINT('',(-2.84117248508472,1.06433356321347,3.14134330778273));
#7888=CARTESIAN_POINT('',(-2.86927684065092,0.933920623448657,3.24612676198888));
#7889=CARTESIAN_POINT('',(-2.7670477882757,1.13026138957506,3.00560482668364));
#7890=CARTESIAN_POINT('',(-2.84116056042992,1.03191398231608,3.10739169939517));
#7891=CARTESIAN_POINT('',(-2.868516718718,0.920650861746088,3.2187041877741));
#7892=CARTESIAN_POINT('',(-2.79124902400895,1.0082497475239,2.93785160899512));
#7893=CARTESIAN_POINT('',(-2.85172233139722,0.949348147025039,3.05676943039303));
#7894=CARTESIAN_POINT('',(-2.87323125355573,0.879560379934947,3.18293938783932));
#7895=CARTESIAN_POINT('',(-2.80837576390868,0.937131360326844,2.91371140753043));
#7896=CARTESIAN_POINT('',(-2.86248906970677,0.899634229910933,3.04133137607421));
#7897=CARTESIAN_POINT('',(-2.87884645700134,0.851778236322143,3.17573369209292));
#7898=CARTESIAN_POINT('',(-2.84791492498475,0.784074959556951,2.89227815623598));
#7899=CARTESIAN_POINT('',(-2.89272533673157,0.789681694388452,3.03645050704089));
#7900=CARTESIAN_POINT('',(-2.89548070543005,0.78405694747447,3.18742060918106));
#7901=CARTESIAN_POINT('',(-2.86941299271027,0.704808985209283,2.89503286847641));
#7902=CARTESIAN_POINT('',(-2.91150208373499,0.731228010360731,3.04680908608618));
#7903=CARTESIAN_POINT('',(-2.9060803454252,0.745357818103726,3.20581923687865));
#7904=CARTESIAN_POINT('',(-2.90909742995537,0.554662442882036,2.9166852634989));
#7905=CARTESIAN_POINT('',(-2.94915628253169,0.618601964297748,3.08178089743942));
#7906=CARTESIAN_POINT('',(-2.92751522042035,0.667392511933203,3.25533970732522));
#7907=CARTESIAN_POINT('',(-2.92799534590865,0.481238442093432,2.93558679358261));
#7908=CARTESIAN_POINT('',(-2.96866627053111,0.562456815958526,3.10671501264346));
#7909=CARTESIAN_POINT('',(-2.9386813772889,0.626904822064869,3.28697573459223));
#7910=CARTESIAN_POINT('',(-2.97887800264475,0.272009072185343,3.00398958591806));
#7911=CARTESIAN_POINT('',(-3.0247155560229,0.399839711320401,3.19166568897537));
#7912=CARTESIAN_POINT('',(-2.97058673759008,0.50695326261675,3.39012926826366));
#7913=CARTESIAN_POINT('',(-3.00583575402758,0.144380144001298,3.06469591957567));
#7914=CARTESIAN_POINT('',(-3.05900219632757,0.297917448494418,3.26126380107279));
#7915=CARTESIAN_POINT('',(-2.98996332820285,0.428055350409171,3.469509947677));
#7916=CARTESIAN_POINT('',(-3.0489823073282,-0.0983435786380271,3.19729746542243));
#7917=CARTESIAN_POINT('',(-3.12052179525607,0.100957650848753,3.40946807659961));
#7918=CARTESIAN_POINT('',(-3.02350374772293,0.273378261943665,3.6348985898453));
#7919=CARTESIAN_POINT('',(-3.06491718137013,-0.211543925925616,3.26882554877591));
#7920=CARTESIAN_POINT('',(-3.14747064476015,0.00722875197150979,3.4878684507629));
#7921=CARTESIAN_POINT('',(-3.03760081377589,0.198296681314232,3.72048220496093));
#7922=CARTESIAN_POINT('',(-3.10015701981872,-0.537753843474648,3.49155586555701));
#7923=CARTESIAN_POINT('',(-3.2194754908342,-0.268927901484266,3.73130795348043));
#7924=CARTESIAN_POINT('',(-3.07279516731757,-0.0236004505110522,3.98175186104535));
#7925=CARTESIAN_POINT('',(-3.10703015227748,-0.737461683821338,3.65084742592022));
#7926=CARTESIAN_POINT('',(-3.25447336384335,-0.44276943872,3.90194290757537));
#7927=CARTESIAN_POINT('',(-3.0868443605518,-0.167096558085,4.16193247281998));
#7928=CARTESIAN_POINT('',(-3.09650205265417,-1.11994187575688,3.97915758909575));
#7929=CARTESIAN_POINT('',(-3.30413322630806,-0.784993005495892,4.25231042951082));
#7930=CARTESIAN_POINT('',(-3.0980493399735,-0.45092357840995,4.52824873212358));
#7931=CARTESIAN_POINT('',(-3.07878458482875,-1.30196230818657,4.14850580485336));
#7932=CARTESIAN_POINT('',(-3.3180453459723,-0.952482753013919,4.43235390948288));
#7933=CARTESIAN_POINT('',(-3.09507593708577,-0.590977471024447,4.71451609390906));
#7934=CARTESIAN_POINT('',(-2.99532709345308,-1.82248398898222,4.65808155901584));
#7935=CARTESIAN_POINT('',(-3.33085685089462,-1.44997345617235,4.9811944899006));
#7936=CARTESIAN_POINT('',(-3.06214878064905,-1.00206628428807,5.27124599226396));
#7937=CARTESIAN_POINT('',(-2.89989365842323,-2.13969112107361,5.00292106185829));
#7938=CARTESIAN_POINT('',(-3.29895961418729,-1.76456133292097,5.34782467140465));
#7939=CARTESIAN_POINT('',(-3.0088258995272,-1.26693467703264,5.64313201333404));
#7940=CARTESIAN_POINT('',(-2.75953648011046,-2.45718457478518,5.37119019938846));
#7941=CARTESIAN_POINT('',(-3.2259345356101,-2.08879494765295,5.73551321821668));
#7942=CARTESIAN_POINT('',(-2.91733647957439,-1.54287511098504,6.0399957192777));
#7943=CARTESIAN_POINT('',(-2.75115435159041,-2.47576489332413,5.39287418570993));
#7944=CARTESIAN_POINT('',(-3.22163022095172,-2.10758551377736,5.75791300157555));
#7945=CARTESIAN_POINT('',(-2.91212756032754,-1.55819999615755,6.06212274850531));
#7946=CARTESIAN_POINT('',(-2.73417306885585,-2.51270921680559,5.43630240422686));
#7947=CARTESIAN_POINT('',(-3.21260972859998,-2.14557534475844,5.8035533573009));
#7948=CARTESIAN_POINT('',(-2.90127596407235,-1.58944851366765,6.1074607036364));
#7949=CARTESIAN_POINT('',(-2.72556882977521,-2.53107772654064,5.4580436706856));
#7950=CARTESIAN_POINT('',(-3.20797836552789,-2.16451122105981,5.82640584689766));
#7951=CARTESIAN_POINT('',(-2.89574882588976,-1.60501481385281,6.13014934631106));
#7952=CARTESIAN_POINT('',(-2.69941872140158,-2.58587740680917,5.52334805598704));
#7953=CARTESIAN_POINT('',(-3.19370432458473,-2.22122670177751,5.89515761464917));
#7954=CARTESIAN_POINT('',(-2.8788650659507,-1.65154210506297,6.19827475510267));
#7955=CARTESIAN_POINT('',(-2.6815355768172,-2.62200284110986,5.56699172686192));
#7956=CARTESIAN_POINT('',(-3.18371827028099,-2.25875134342741,5.9410571263771));
#7957=CARTESIAN_POINT('',(-2.86720617421435,-1.6823315481771,6.24377098719138));
#7958=CARTESIAN_POINT('',(-2.62655979555574,-2.72919267108196,5.69823917024634));
#7959=CARTESIAN_POINT('',(-3.15224526481605,-2.37098106803257,6.07953906834338));
#7960=CARTESIAN_POINT('',(-2.83103093145472,-1.77402939133692,6.38050197145283));
#7961=CARTESIAN_POINT('',(-2.58814243271337,-2.79907215498104,5.78615891048814));
#7962=CARTESIAN_POINT('',(-3.12939308447191,-2.44468610224133,6.17212086217907));
#7963=CARTESIAN_POINT('',(-2.80531712657268,-1.83426815384851,6.47197876149147));
#7964=CARTESIAN_POINT('',(-2.46770982900476,-3.0042008678059,6.05115415550806));
#7965=CARTESIAN_POINT('',(-3.0547599327473,-2.66458000487418,6.45306675201286));
#7966=CARTESIAN_POINT('',(-2.72342745155696,-2.01239764736812,6.74742152257196));
#7967=CARTESIAN_POINT('',(-2.38051131223348,-3.13485809044672,6.22940169992286));
#7968=CARTESIAN_POINT('',(-2.99751174097696,-2.80677067338447,6.64132035666611));
#7969=CARTESIAN_POINT('',(-2.66248874830732,-2.12763656585473,6.93233334448162));
#7970=CARTESIAN_POINT('',(-2.10238526775009,-3.50531903860719,6.76199523694562));
#7971=CARTESIAN_POINT('',(-2.80341816293851,-3.22391130806016,7.21212695791663));
#7972=CARTESIAN_POINT('',(-2.46341722610658,-2.45915654919284,7.48427076496607));
#7973=CARTESIAN_POINT('',(-1.89413188051788,-3.72578863415182,7.11654475586438));
#7974=CARTESIAN_POINT('',(-2.64681556558311,-3.4804340051946,7.58947667743653));
#7975=CARTESIAN_POINT('',(-2.3085605192559,-2.66303863440513,7.8509420154018));
#7976=CARTESIAN_POINT('',(-1.54697944099479,-4.0190869511264,7.64796953212741));
#7977=CARTESIAN_POINT('',(-2.37059638098846,-3.83846734059956,8.15574742400268));
#7978=CARTESIAN_POINT('',(-2.04182843789261,-2.94360752377117,8.40111815096513));
#7979=CARTESIAN_POINT('',(-1.42540625597047,-4.11054133406749,7.82504762544814));
#7980=CARTESIAN_POINT('',(-2.26978619679529,-3.95467860365318,8.34723328483956));
#7981=CARTESIAN_POINT('',(-1.94712408106548,-3.03287640522782,8.58453958677459));
#7982=CARTESIAN_POINT('',(-1.26558969338124,-4.21663234115346,8.0463797450886));
#7983=CARTESIAN_POINT('',(-2.13423578763008,-4.09339673238414,8.58631224926363));
#7984=CARTESIAN_POINT('',(-1.82090346979577,-3.13882879110119,8.81412465948331));
#7985=CARTESIAN_POINT('',(-1.23326254740467,-4.23742989405818,8.09065908720731));
#7986=CARTESIAN_POINT('',(-2.10775909384872,-4.12010774975722,8.63245697909362));
#7987=CARTESIAN_POINT('',(-1.79644186517179,-3.15870200851071,8.85797386257657));
#7988=CARTESIAN_POINT('',(-1.1683108597162,-4.27810437469128,8.17943054957594));
#7989=CARTESIAN_POINT('',(-2.05385567737856,-4.17314381682446,8.7258087218283));
#7990=CARTESIAN_POINT('',(-1.74674422580873,-3.19812079276934,8.94665775403126));
#7991=CARTESIAN_POINT('',(-1.13562713618305,-4.29799335094626,8.22389698718993));
#7992=CARTESIAN_POINT('',(-2.02659882868732,-4.19931061383552,8.77260873688537));
#7993=CARTESIAN_POINT('',(-1.7216668850728,-3.21749511950935,8.99108568427384));
#7994=CARTESIAN_POINT('',(-1.0369508959609,-4.35632402951089,8.35753959047145));
#7995=CARTESIAN_POINT('',(-1.94369262295909,-4.27697759728721,8.91375714692591));
#7996=CARTESIAN_POINT('',(-1.64575009182282,-3.2746160558711,9.12462861659094));
#7997=CARTESIAN_POINT('',(-0.97046228400569,-4.39334997294871,8.44678312661974));
#7998=CARTESIAN_POINT('',(-1.88743865269913,-4.32710405919878,9.00792279142922));
#7999=CARTESIAN_POINT('',(-1.59432467227618,-3.31128321444831,9.21382693618721));
#8000=CARTESIAN_POINT('',(-0.635555862194881,-4.5688424755649,8.89237062912405));
#8001=CARTESIAN_POINT('',(-1.5968810865544,-4.57356562473912,9.4864277058525));
#8002=CARTESIAN_POINT('',(-1.33399217833232,-3.48713069299475,9.65929818143));
#8003=CARTESIAN_POINT('',(-0.358826963820866,-4.67931846341398,9.24817732487241));
#8004=CARTESIAN_POINT('',(-1.35181190596088,-4.74151875594244,9.86471030212179));
#8005=CARTESIAN_POINT('',(-1.11480555030812,-3.60465599947471,10.0153385783966));
#8006=CARTESIAN_POINT('',(0.212859327216074,-4.84211471241655,9.95910027327645));
#8007=CARTESIAN_POINT('',(-0.826061494896611,-5.02972167813939,10.6289797755251));
#8008=CARTESIAN_POINT('',(-0.654740558895387,-3.79417790390996,10.7278343417353));
#8009=CARTESIAN_POINT('',(0.507825829239363,-4.8944615912402,10.3142246464222));
#8010=CARTESIAN_POINT('',(-0.545245009421722,-5.1473515957581,11.0133819016794));
#8011=CARTESIAN_POINT('',(-0.413864177190687,-3.86621869385548,11.084300546075));
#8012=CARTESIAN_POINT('',(0.813185253129641,-4.91450266811978,10.6694104180266));
#8013=CARTESIAN_POINT('',(-0.247734498176401,-5.23444861700125,11.3962090436361));
#8014=CARTESIAN_POINT('',(-0.160819159468156,-3.91289381475773,11.4419364934774));
#8015=CARTESIAN_POINT('',(-4.9473162625198,-0.581092530903067,10.6694104180268));
#8016=CARTESIAN_POINT('',(-4.7281846850123,-1.41231962565684,10.0537924932461));
#8017=CARTESIAN_POINT('',(-3.71148733594051,-1.2451801935536,10.2911392253735));
#8018=CARTESIAN_POINT('',(-4.91937383084326,-0.283262768064194,10.3505814382502));
#8019=CARTESIAN_POINT('',(-4.75242075186213,-1.1142703082177,9.76803427944925));
#8020=CARTESIAN_POINT('',(-3.74968393982648,-1.03128691721622,9.98181733408019));
#8021=CARTESIAN_POINT('',(-4.86133603212085,0.00356608221477854,10.032192547165));
#8022=CARTESIAN_POINT('',(-4.74600935025716,-0.815996545197609,9.47739424103995));
#8023=CARTESIAN_POINT('',(-3.76800542461569,-0.818058473915732,9.67197203363279));
#8024=CARTESIAN_POINT('',(-4.73424670757319,0.414430569206106,9.55204585826228));
#8025=CARTESIAN_POINT('',(-4.68989987963989,-0.375335909719977,9.03325559658427));
#8026=CARTESIAN_POINT('',(-3.76760283314799,-0.499256895199091,9.20349914527715));
#8027=CARTESIAN_POINT('',(-4.68518390021614,0.54815365613697,9.39157287487578));
#8028=CARTESIAN_POINT('',(-4.66403092068761,-0.231435154229046,8.88583113466556));
#8029=CARTESIAN_POINT('',(-3.76279538202139,-0.393156438181609,9.04672560899471));
#8030=CARTESIAN_POINT('',(-4.61583570455124,0.710944414023535,9.19013664976812));
#8031=CARTESIAN_POINT('',(-4.62214225112366,-0.053045301713844,8.69921102244035));
#8032=CARTESIAN_POINT('',(-3.75094480855554,-0.260679354540503,8.84968508473958));
#8033=CARTESIAN_POINT('',(-4.60156467721027,0.743284339095482,9.14980719501455));
#8034=CARTESIAN_POINT('',(-4.61336184798125,-0.0177205433445267,8.66206546120362));
#8035=CARTESIAN_POINT('',(-3.74828207173982,-0.234191154914651,8.81022327633995));
#8036=CARTESIAN_POINT('',(-4.57956151125252,0.791460608031581,9.08924390635675));
#8037=CARTESIAN_POINT('',(-4.59949017275455,0.0351184457555629,8.60619919874895));
#8038=CARTESIAN_POINT('',(-3.74384729477849,-0.194467891455544,8.75094422843629));
#8039=CARTESIAN_POINT('',(-4.57212712564372,0.807473038808568,9.06904955449364));
#8040=CARTESIAN_POINT('',(-4.59468406911835,0.0529112340109583,8.58744441921967));
#8041=CARTESIAN_POINT('',(-3.74233927528723,-0.181047528558258,8.73093222641169));
#8042=CARTESIAN_POINT('',(-4.55706307262312,0.839339324067271,9.02861226028653));
#8043=CARTESIAN_POINT('',(-4.58541676271826,0.0866287839093092,8.55098907723011));
#8044=CARTESIAN_POINT('',(-3.7388274516089,-0.155619221254036,8.69277892604616));
#8045=CARTESIAN_POINT('',(-4.5494339929844,0.855184937520413,9.00836492159379));
#8046=CARTESIAN_POINT('',(-4.58067307727627,0.103428801016425,8.53272996972603));
#8047=CARTESIAN_POINT('',(-3.73700025204016,-0.142933915176183,8.67367174261087));
#8048=CARTESIAN_POINT('',(-4.51081008432485,0.93397310694299,8.906981649141));
#8049=CARTESIAN_POINT('',(-4.55647097565047,0.186910225950278,8.4415142398726));
#8050=CARTESIAN_POINT('',(-3.72751052904798,-0.0796521088309481,8.5779809628739));
#8051=CARTESIAN_POINT('',(-4.47837999769906,0.995596414979401,8.82540615269396));
#8052=CARTESIAN_POINT('',(-4.535323894319,0.252918987051008,8.36784671349602));
#8053=CARTESIAN_POINT('',(-3.71878721406254,-0.0294896442016532,8.50093295256336));
#8054=CARTESIAN_POINT('',(-4.37674894746186,1.17614757114381,8.5791491985802));
#8055=CARTESIAN_POINT('',(-4.4670124395313,0.447224824060969,8.14596297548404));
#8056=CARTESIAN_POINT('',(-3.68931729763916,0.119586822751255,8.26821433028721));
#8057=CARTESIAN_POINT('',(-4.30320752756622,1.29076243889698,8.41294024524079));
#8058=CARTESIAN_POINT('',(-4.41466809899116,0.573205173356449,7.99542742423252));
#8059=CARTESIAN_POINT('',(-3.66527463211067,0.217091744725102,8.11097155284716));
#8060=CARTESIAN_POINT('',(-4.14584770141462,1.50783227589359,8.07572476449368));
#8061=CARTESIAN_POINT('',(-4.297092142786,0.816139463774914,7.68915793221455));
#8062=CARTESIAN_POINT('',(-3.60879589601785,0.408182512317557,7.79176476347248));
#8063=CARTESIAN_POINT('',(-4.06245226656394,1.60962642795437,7.90566404806364));
#8064=CARTESIAN_POINT('',(-4.23239329400914,0.932409737194805,7.53447141679974));
#8065=CARTESIAN_POINT('',(-3.57649695410024,0.501209652100194,7.63069576593105));
#8066=CARTESIAN_POINT('',(-3.803227817405,1.89190745984436,7.39505787572477));
#8067=CARTESIAN_POINT('',(-4.02571242025656,1.2588622859344,7.07260562374932));
#8068=CARTESIAN_POINT('',(-3.46947561902459,0.770224441730415,7.14708710831462));
#8069=CARTESIAN_POINT('',(-3.61738356762448,2.05069994161698,7.05211113233451));
#8070=CARTESIAN_POINT('',(-3.86840432254706,1.4540081831139,6.7595558503199));
#8071=CARTESIAN_POINT('',(-3.3843478703259,0.937341952493364,6.82224430209734));
#8072=CARTESIAN_POINT('',(-3.33003694067445,2.24447956926045,6.52951697579739));
#8073=CARTESIAN_POINT('',(-3.60974178183349,1.70841901666024,6.27670350995747));
#8074=CARTESIAN_POINT('',(-3.23965341538747,1.17010154479198,6.32855861790371));
#8075=CARTESIAN_POINT('',(-3.23282725133991,2.30164932117329,6.3539521921511));
#8076=CARTESIAN_POINT('',(-3.52108455634482,1.78597739852098,6.11579647940383));
#8077=CARTESIAN_POINT('',(-3.18857294527375,1.24469091792145,6.16292699007823));
#8078=CARTESIAN_POINT('',(-3.08647021763968,2.37596828841013,6.08789383602797));
#8079=CARTESIAN_POINT('',(-3.38381993884863,1.89220333453331,5.87065789941732));
#8080=CARTESIAN_POINT('',(-3.10806762899137,1.351988250375,5.91252713708708));
#8081=CARTESIAN_POINT('',(-3.03759677229986,2.39883321104204,5.9987546549152));
#8082=CARTESIAN_POINT('',(-3.33767866232437,1.92572908453368,5.78887667025983));
#8083=CARTESIAN_POINT('',(-3.08058494169113,1.3869883501395,5.82873507033396));
#8084=CARTESIAN_POINT('',(-2.96439087594345,2.4302052063255,5.86426790472106));
#8085=CARTESIAN_POINT('',(-3.26759763314031,1.97340465705462,5.6651969366403));
#8086=CARTESIAN_POINT('',(-3.03844096115771,1.43831355254333,5.70251474492571));
#8087=CARTESIAN_POINT('',(-2.9399852117069,2.44020540573491,5.81932289987112));
#8088=CARTESIAN_POINT('',(-3.24439117191836,1.98865194220164,5.62417564723136));
#8089=CARTESIAN_POINT('',(-3.02431321681864,1.45492531624662,5.660830126823));
#8090=CARTESIAN_POINT('',(-2.891432829698,2.4589556244585,5.72903890612413));
#8091=CARTESIAN_POINT('',(-3.19868037651621,2.01739509179737,5.5425013288457));
#8092=CARTESIAN_POINT('',(-2.99619910952051,1.48648645040482,5.57861390439776));
#8093=CARTESIAN_POINT('',(-2.86727171408824,2.46772879782913,5.68370975439279));
#8094=CARTESIAN_POINT('',(-3.17577614586935,2.03122413006316,5.50148516476883));
#8095=CARTESIAN_POINT('',(-2.98205446032877,1.50198084398008,5.53735122464369));
#8096=CARTESIAN_POINT('',(-2.65111901994422,2.54123140538237,5.27396804430785));
#8097=CARTESIAN_POINT('',(-2.97223857826568,2.14905636361188,5.13573862203927));
#8098=CARTESIAN_POINT('',(-2.85405758812525,1.6388399832916,5.16455560986761));
#8099=CARTESIAN_POINT('',(-2.46896625783766,2.56779532217753,4.90072582229676));
#8100=CARTESIAN_POINT('',(-2.78806490882623,2.22043528740512,4.79813352885894));
#8101=CARTESIAN_POINT('',(-2.73592465830185,1.74119555111853,4.82596435585093));
#8102=CARTESIAN_POINT('',(-2.24938545414091,2.54182398083122,4.33391643781388));
#8103=CARTESIAN_POINT('',(-2.54094111152462,2.2627980242268,4.28060228820495));
#8104=CARTESIAN_POINT('',(-2.56943505905443,1.85885497873173,4.3198866199871));
#8105=CARTESIAN_POINT('',(-2.18525773181807,2.52237704006312,4.14427787273332));
#8106=CARTESIAN_POINT('',(-2.46464090225054,2.26656698734069,4.10938114134314));
#8107=CARTESIAN_POINT('',(-2.51584591314769,1.89207780106049,4.1518967379727));
#8108=CARTESIAN_POINT('',(-2.11261711858472,2.47069303029747,3.85751221220249));
#8109=CARTESIAN_POINT('',(-2.36563808548127,2.25156003329804,3.85049948124239));
#8110=CARTESIAN_POINT('',(-2.44257223297974,1.9299406860645,3.90234125430083));
#8111=CARTESIAN_POINT('',(-2.09233260819197,2.44957516375292,3.7612016569677));
#8112=CARTESIAN_POINT('',(-2.33533655437927,2.24316394348094,3.76421197983923));
#8113=CARTESIAN_POINT('',(-2.41928093628434,1.94057093237082,3.8192875717189));
#8114=CARTESIAN_POINT('',(-2.06393982233725,2.39673144942384,3.56922500632145));
#8115=CARTESIAN_POINT('',(-2.28356314773846,2.21721316414721,3.59312314859972));
#8116=CARTESIAN_POINT('',(-2.37723253121809,1.95602312145145,3.6562686267178));
#8117=CARTESIAN_POINT('',(-2.0556643644023,2.36504637563431,3.47313847514568));
#8118=CARTESIAN_POINT('',(-2.26180750290918,2.19979603728475,3.50791173558606));
#8119=CARTESIAN_POINT('',(-2.35832783276188,1.96094933598644,3.57590884615926));
#8120=CARTESIAN_POINT('',(-2.05919646320765,2.28457210841758,3.2854368979378));
#8121=CARTESIAN_POINT('',(-2.23386146161971,2.15106408433539,3.34342851673844));
#8122=CARTESIAN_POINT('',(-2.32938605254058,1.96114451028544,3.42365716447022));
#8123=CARTESIAN_POINT('',(-2.07038002815601,2.2363378593778,3.19284046910621));
#8124=CARTESIAN_POINT('',(-2.22685612082329,2.12028433130416,3.26304893468352));
#8125=CARTESIAN_POINT('',(-2.31887207953037,1.95686752485706,3.35074202899871));
#8126=CARTESIAN_POINT('',(-2.11767602613115,2.13537793382889,3.0658392577348));
#8127=CARTESIAN_POINT('',(-2.24152410676458,2.05227223219118,3.15671892410933));
#8128=CARTESIAN_POINT('',(-2.31870109186997,1.93416107556692,3.2595791553171));
#8129=CARTESIAN_POINT('',(-2.13890350098404,2.0965886244004,3.02570750907278));
#8130=CARTESIAN_POINT('',(-2.25088599572748,2.02576543578218,3.12393274065782));
#8131=CARTESIAN_POINT('',(-2.32145889243817,1.92366078278256,3.23251998483317));
#8132=CARTESIAN_POINT('',(-2.18084937642504,2.02927478642809,2.97516145147221));
#8133=CARTESIAN_POINT('',(-2.27437430956352,1.97906266784586,3.08480475085354));
#8134=CARTESIAN_POINT('',(-2.33199930973577,1.90163683159856,3.20300457872305));
#8135=CARTESIAN_POINT('',(-2.19642382894171,2.00543366096831,2.95999665451899));
#8136=CARTESIAN_POINT('',(-2.28371412840311,1.96243055005606,3.07349157052997));
#8137=CARTESIAN_POINT('',(-2.33655263363187,1.89329190194485,3.19504978097903));
#8138=CARTESIAN_POINT('',(-2.23120126623789,1.95421709284066,2.93378523008654));
#8139=CARTESIAN_POINT('',(-2.30592968638818,1.92650696361017,3.05511445417044));
#8140=CARTESIAN_POINT('',(-2.34812359631497,1.87410867726946,3.18374164222164));
#8141=CARTESIAN_POINT('',(-2.25059587416038,1.92659655480112,2.92276077873977));
#8142=CARTESIAN_POINT('',(-2.31896320607714,1.90702967862947,3.04809198244576));
#8143=CARTESIAN_POINT('',(-2.35523633701477,1.86314971172056,3.18046768888424));
#8144=CARTESIAN_POINT('',(-2.31095448109411,1.84253105273148,2.89849400182083));
#8145=CARTESIAN_POINT('',(-2.36137070562736,1.84748564303949,3.03536420586625));
#8146=CARTESIAN_POINT('',(-2.37927650608388,1.82796258985383,3.17888081645771));
#8147=CARTESIAN_POINT('',(-2.35621663485937,1.78183909158426,2.89346433731581));
#8148=CARTESIAN_POINT('',(-2.3956619277336,1.80407321184876,3.03780666211268));
#8149=CARTESIAN_POINT('',(-2.39981394283721,1.80009664352409,3.18899210404021));
#8150=CARTESIAN_POINT('',(-2.44365744692347,1.6644841347255,2.90168699442093));
#8151=CARTESIAN_POINT('',(-2.46542604312122,1.71957499745849,3.05922046717096));
#8152=CARTESIAN_POINT('',(-2.44306709593287,1.74255946338515,3.22448562573633));
#8153=CARTESIAN_POINT('',(-2.48580473242331,1.60780943120617,2.91403236364004));
#8154=CARTESIAN_POINT('',(-2.500766403008,1.67842214342854,3.07739586336558));
#8155=CARTESIAN_POINT('',(-2.46558446632122,1.71305955758332,3.24906101340149));
#8156=CARTESIAN_POINT('',(-2.60754499322102,1.44072259491381,2.96587577444282));
#8157=CARTESIAN_POINT('',(-2.60646479410433,1.55602843280728,3.14545125495797));
#8158=CARTESIAN_POINT('',(-2.53387014794129,1.62268394716709,3.33501923238969));
#8159=CARTESIAN_POINT('',(-2.67835725131761,1.3388104110118,3.01750724308862));
#8160=CARTESIAN_POINT('',(-2.67254877880272,1.48019114889948,3.20579377985176));
#8161=CARTESIAN_POINT('',(-2.57799715451697,1.56295644448023,3.40512788023747));
#8162=CARTESIAN_POINT('',(-2.74237897134531,1.24081419368519,3.07496471256874));
#8163=CARTESIAN_POINT('',(-2.73427227625621,1.40680607299319,3.27054536875899));
#8164=CARTESIAN_POINT('',(-2.61967163766524,1.50364386124522,3.47877592330673));
#8165=CARTESIAN_POINT('',(-3.97269037251855,-0.466616763627972,10.8617634092852));
#8166=CARTESIAN_POINT('',(-3.97269037251855,-1.25939195699394,10.2522492644259));
#8167=CARTESIAN_POINT('',(-3.97269037251855,-0.466616763627972,10.8617634092852));
#8168=CARTESIAN_POINT('',(-3.71148733594052,-1.24518019355354,10.2911392253734));
#8169=CARTESIAN_POINT('',(-4.72818468501229,-1.41231962565674,10.053792493246));
#8170=CARTESIAN_POINT('',(-4.94731626251978,-0.581092530902975,10.6694104180266));
#8171=CARTESIAN_POINT('',(-3.70425451181466,-1.46264590657007,10.5911617127985));
#8172=CARTESIAN_POINT('',(-4.71131986850453,-1.68604345111792,10.3610764107004));
#8173=CARTESIAN_POINT('',(-4.97469623846881,-0.872927252340375,10.9818216609631));
#8174=CARTESIAN_POINT('',(-3.67574226287615,-1.67940385823799,10.8853400628975));
#8175=CARTESIAN_POINT('',(-4.66868291130261,-1.95730728136851,10.6629447420592));
#8176=CARTESIAN_POINT('',(-4.97327387897921,-1.16618529043534,11.289630426733));
#8177=CARTESIAN_POINT('',(-3.60059908649675,-2.00128680224092,11.3197204278058));
#8178=CARTESIAN_POINT('',(-4.56587407030275,-2.35851686333067,11.1093186013721));
#8179=CARTESIAN_POINT('',(-4.92762695939163,-1.6058299680553,11.7464566086936));
#8180=CARTESIAN_POINT('',(-3.57013781134719,-2.10803774682733,11.463361529359));
#8181=CARTESIAN_POINT('',(-4.52514898194617,-2.49119951369238,11.2569215315793));
#8182=CARTESIAN_POINT('',(-4.9051291293166,-1.7523404491033,11.8979148541972));
#8183=CARTESIAN_POINT('',(-3.52960710707955,-2.22729080140388,11.6237992348127));
#8184=CARTESIAN_POINT('',(-4.47182455345448,-2.63921481981607,11.4219514707713));
#8185=CARTESIAN_POINT('',(-4.87137916356093,-1.91689722694515,12.0675568954818));
#8186=CARTESIAN_POINT('',(-3.52501661865879,-2.2405294222439,11.6416095279512));
#8187=CARTESIAN_POINT('',(-4.46579836025907,-2.6556350475597,11.4402644424475));
#8188=CARTESIAN_POINT('',(-4.86751176344189,-1.93517758456052,12.0863956053152));
#8189=CARTESIAN_POINT('',(-3.51566070230805,-2.2669823770165,11.6771983091891));
#8190=CARTESIAN_POINT('',(-4.45353707024705,-2.68843791405836,11.4768602939707));
#8191=CARTESIAN_POINT('',(-4.85954097438701,-1.97173003459514,12.1240527905056));
#8192=CARTESIAN_POINT('',(-3.51030763177696,-2.2808121816626,11.6960889301972));
#8193=CARTESIAN_POINT('',(-4.44694648737955,-2.70602707230554,11.4958953662709));
#8194=CARTESIAN_POINT('',(-4.85544447800368,-1.98998889082942,12.1428805154235));
#8195=CARTESIAN_POINT('',(-3.49469002094749,-2.32148635305186,11.7515425139258));
#8196=CARTESIAN_POINT('',(-4.42729873353477,-2.75727835426596,11.552193015492));
#8197=CARTESIAN_POINT('',(-4.84285093871295,-2.0446581936,12.1993999527999));
#8198=CARTESIAN_POINT('',(-3.48397451581188,-2.34846635116885,11.7885145160484));
#8199=CARTESIAN_POINT('',(-4.41382256327208,-2.79125934726205,11.5897338766671));
#8200=CARTESIAN_POINT('',(-4.83403810765868,-2.08098379086495,12.2371122560238));
#8201=CARTESIAN_POINT('',(-3.45091700739119,-2.42899667248336,11.8994467876806));
#8202=CARTESIAN_POINT('',(-4.37225425316902,-2.89267419253184,11.7024223614027));
#8203=CARTESIAN_POINT('',(-4.80635125531653,-2.18959465479046,12.3503522938202));
#8204=CARTESIAN_POINT('',(-3.42766428193406,-2.48213763620628,11.9734233184939));
#8205=CARTESIAN_POINT('',(-4.34303734129616,-2.95954000141015,11.7775919927085));
#8206=CARTESIAN_POINT('',(-4.78622932098569,-2.2615142200548,12.4259830526379));
#8207=CARTESIAN_POINT('',(-3.35425539434269,-2.63990035178058,12.1954772738979));
#8208=CARTESIAN_POINT('',(-4.2508449937115,-3.15801963986801,12.0034105540011));
#8209=CARTESIAN_POINT('',(-4.72087949067167,-2.47576869755823,12.6533320312598));
#8210=CARTESIAN_POINT('',(-3.30045275975725,-2.74286647371684,12.3436786690781));
#8211=CARTESIAN_POINT('',(-4.18339267924478,-3.28736450647265,12.1541970625525));
#8212=CARTESIAN_POINT('',(-4.67067459889074,-2.61660301188919,12.8055052453991));
#8213=CARTESIAN_POINT('',(-3.18297760684943,-2.94414568167434,12.6407335244355));
#8214=CARTESIAN_POINT('',(-4.03640329156426,-3.54008164902351,12.4566719753984));
#8215=CARTESIAN_POINT('',(-4.55686105835369,-2.89396121966146,13.1113436782591));
#8216=CARTESIAN_POINT('',(-3.11939547843911,-3.04222278124114,12.7892696251302));
#8217=CARTESIAN_POINT('',(-3.95697279954727,-3.66313608660762,12.6080224813924));
#8218=CARTESIAN_POINT('',(-4.49332597185832,-3.03016844494827,13.2646852508666));
#8219=CARTESIAN_POINT('',(-2.91645963602364,-3.32532745153862,13.2304847602533));
#8220=CARTESIAN_POINT('',(-3.70374355701143,-4.01854478616312,13.0581645771862));
#8221=CARTESIAN_POINT('',(-4.28530909319447,-3.42659703080227,13.7213386384889));
#8222=CARTESIAN_POINT('',(-2.76425557593071,-3.50055423312899,13.5206424977673));
#8223=CARTESIAN_POINT('',(-3.51444830230428,-4.23829568674931,13.3543511779603));
#8224=CARTESIAN_POINT('',(-4.1228283246864,-3.67642958950812,14.0231905314169));
#8225=CARTESIAN_POINT('',(-2.51134526677125,-3.74174095019852,13.9515912556196));
#8226=CARTESIAN_POINT('',(-3.20084371828185,-4.54127710107413,13.7944793657282));
#8227=CARTESIAN_POINT('',(-3.84419625879426,-4.02784446707974,14.4737670371525));
#8228=CARTESIAN_POINT('',(-2.42292859146663,-3.8185127472009,14.0945209194288));
#8229=CARTESIAN_POINT('',(-3.09124797844918,-4.63787223580087,13.9406036097965));
#8230=CARTESIAN_POINT('',(-3.74547729182014,-4.1410784439839,14.6235905733612));
#8231=CARTESIAN_POINT('',(-2.28411387632096,-3.92792249529928,14.3080066614189));
#8232=CARTESIAN_POINT('',(-2.91935952377662,-4.77573620969339,14.1589036696714));
#8233=CARTESIAN_POINT('',(-3.58851914320693,-4.30471214772577,14.847972762522));
#8234=CARTESIAN_POINT('',(-2.23680986667002,-3.96343342620236,14.3790168747246));
#8235=CARTESIAN_POINT('',(-2.86078814818091,-4.82053448246148,14.2315512352241));
#8236=CARTESIAN_POINT('',(-3.53471825624098,-4.3582193448803,14.9227079405343));
#8237=CARTESIAN_POINT('',(-2.16429481982951,-4.01521269659785,14.485323980833));
#8238=CARTESIAN_POINT('',(-2.77103816557191,-4.88591791591139,14.3403193759366));
#8239=CARTESIAN_POINT('',(-3.45176498920247,-4.43686742256697,15.0347472777865));
#8240=CARTESIAN_POINT('',(-2.13986324137976,-4.03222452891813,14.5207249669041));
#8241=CARTESIAN_POINT('',(-2.74079970306159,-4.90741408272107,14.3765487642719));
#8242=CARTESIAN_POINT('',(-3.42373846735614,-4.46281457571046,15.072083152361));
#8243=CARTESIAN_POINT('',(-2.09047783913375,-4.06574335058646,14.5914605697777));
#8244=CARTESIAN_POINT('',(-2.67968366144916,-4.94979408033065,14.4489476252541));
#8245=CARTESIAN_POINT('',(-3.36692822750787,-4.51416059166711,15.1467379253444));
#8246=CARTESIAN_POINT('',(-2.06418841242294,-4.08267239380994,14.6284718255299));
#8247=CARTESIAN_POINT('',(-2.64730311331865,-4.97193946549135,14.4864164111233));
#8248=CARTESIAN_POINT('',(-3.33816067279201,-4.53954769700348,15.1840702633351));
#8249=CARTESIAN_POINT('',(-1.93324076972841,-4.16524946956086,14.8122982824729));
#8250=CARTESIAN_POINT('',(-2.48563216988118,-5.07953108717556,14.6731332831287));
#8251=CARTESIAN_POINT('',(-3.19307703451988,-4.66467132145296,15.3712142674126));
#8252=CARTESIAN_POINT('',(-1.82525011722556,-4.22647878780289,14.9605349348825));
#8253=CARTESIAN_POINT('',(-2.35225156260582,-5.15956324411048,14.8236794098063));
#8254=CARTESIAN_POINT('',(-3.07209712261926,-4.75960290257138,15.5225941311935));
#8255=CARTESIAN_POINT('',(-1.60595479017357,-4.33759747325282,15.2555276993676));
#8256=CARTESIAN_POINT('',(-2.08100693202548,-5.30573678113479,15.1235498480963));
#8257=CARTESIAN_POINT('',(-2.82391371004818,-4.93644572263518,15.8246858706929));
#8258=CARTESIAN_POINT('',(-1.49463807438595,-4.38755295522323,15.4023296917687));
#8259=CARTESIAN_POINT('',(-1.94312924540081,-5.37191169435014,15.2729010149922));
#8260=CARTESIAN_POINT('',(-2.69670806103619,-5.01843962302458,15.9754407875146));
#8261=CARTESIAN_POINT('',(-0.93037369743555,-4.60993235522039,16.1336618155423));
#8262=CARTESIAN_POINT('',(-1.24013220185523,-5.67069872482286,16.020811778048));
#8263=CARTESIAN_POINT('',(-2.04608040824857,-5.39684813959042,16.7283787798365));
#8264=CARTESIAN_POINT('',(-0.454499842828744,-4.70181407228612,16.7104071146927));
#8265=CARTESIAN_POINT('',(-0.646752898472522,-5.80235551238277,16.6094460196927));
#8266=CARTESIAN_POINT('',(-1.47967810489092,-5.60066090981977,17.3280323153629));
#8267=CARTESIAN_POINT('',(0.0692545878425314,-4.70127049843265,17.3225844384019));
#8268=CARTESIAN_POINT('',(0.00768367204642886,-5.82338646198629,17.2314514833826));
#8269=CARTESIAN_POINT('',(-0.83493393950346,-5.70192716577852,17.9706740681801));
#8270=CARTESIAN_POINT('',(0.100138099553673,-4.70086964332829,17.3585999476867));
#8271=CARTESIAN_POINT('',(0.046497919300987,-5.82417762092585,17.2682422742717));
#8272=CARTESIAN_POINT('',(-0.796837254837288,-5.70745118257148,18.0085057358961));
#8273=CARTESIAN_POINT('',(0.146397470925305,-4.69971608235116,17.4124300322863));
#8274=CARTESIAN_POINT('',(0.104654406507664,-5.82467962654782,17.3232229062333));
#8275=CARTESIAN_POINT('',(-0.739653384212982,-5.71505383802724,18.0650864304777));
#8276=CARTESIAN_POINT('',(0.161812971625016,-4.69923957473355,17.4303490328162));
#8277=CARTESIAN_POINT('',(0.124042639867902,-5.8247331134694,17.341528368859));
#8278=CARTESIAN_POINT('',(-0.720577394279333,-5.71747553439785,18.0839270825753));
#8279=CARTESIAN_POINT('',(0.192634774996343,-4.6981028840038,17.4661387184344));
#8280=CARTESIAN_POINT('',(0.162817036921926,-5.82461272017005,17.3780903585404));
#8281=CARTESIAN_POINT('',(-0.682396540217056,-5.72209396653011,18.1215696796702));
#8282=CARTESIAN_POINT('',(0.207522672515742,-4.69755210896882,17.4834007568448));
#8283=CARTESIAN_POINT('',(0.181476998014775,-5.82435877030741,17.3957943737986));
#8284=CARTESIAN_POINT('',(-0.663289701870932,-5.72429092894178,18.1403702461494));
#8285=CARTESIAN_POINT('',(0.287423068346148,-4.69318221266669,17.5760304266833));
#8286=CARTESIAN_POINT('',(0.282551640238229,-5.82336664236485,17.4901290522936));
#8287=CARTESIAN_POINT('',(-0.5677048797332,-5.73471107647798,18.2342915603008));
#8288=CARTESIAN_POINT('',(0.350836448146246,-4.68814748911822,17.6500587404292));
#8289=CARTESIAN_POINT('',(0.362833266217562,-5.82062643992152,17.5654916258311));
#8290=CARTESIAN_POINT('',(-0.491490479292567,-5.74119356458435,18.3094579474956));
#8291=CARTESIAN_POINT('',(0.539559760589328,-4.66855882146903,17.8719797879387));
#8292=CARTESIAN_POINT('',(0.602430497768944,-5.80673629198647,17.7917629231537));
#8293=CARTESIAN_POINT('',(-0.263635671069026,-5.75522048953539,18.5350829285008));
#8294=CARTESIAN_POINT('',(0.66335630216852,-4.64952692108201,18.0197095596432));
#8295=CARTESIAN_POINT('',(0.759938442126253,-5.78990891544273,17.9423356713468));
#8296=CARTESIAN_POINT('',(-0.112782333512414,-5.75735224736068,18.685667163819));
#8297=CARTESIAN_POINT('',(1.02858016199199,-4.57529275719085,18.4627063470517));
#8298=CARTESIAN_POINT('',(1.22729361670017,-5.71764567133339,18.3951194476343));
#8299=CARTESIAN_POINT('',(0.336350038286884,-5.74289244186423,19.1382328258117));
#8300=CARTESIAN_POINT('',(1.26388314496506,-4.50302264342137,18.7577918417964));
#8301=CARTESIAN_POINT('',(1.52978892142207,-5.64049701458668,18.6963509445759));
#8302=CARTESIAN_POINT('',(0.631217795604258,-5.70554433176118,19.4410252821678));
#8303=CARTESIAN_POINT('',(1.60325083925032,-4.36195155403326,19.2016555790648));
#8304=CARTESIAN_POINT('',(1.96882102341325,-5.48356888673584,19.1486877187727));
#8305=CARTESIAN_POINT('',(1.06523367005278,-5.60912799207636,19.8981217698874));
#8306=CARTESIAN_POINT('',(1.71409796788512,-4.30946430005294,19.3498132065954));
#8307=CARTESIAN_POINT('',(2.11309355571039,-5.42412491345919,19.2999823295913));
#8308=CARTESIAN_POINT('',(1.2085203718509,-5.57023127849081,20.0509724280269));
#8309=CARTESIAN_POINT('',(1.93089738909121,-4.19360472548,19.6467670317338));
#8310=CARTESIAN_POINT('',(2.39653858886146,-5.29121999010979,19.6031736201973));
#8311=CARTESIAN_POINT('',(1.49203121252295,-5.47881168641686,20.357863953496));
#8312=CARTESIAN_POINT('',(2.03714610533803,-4.13000562117834,19.79600876458));
#8313=CARTESIAN_POINT('',(2.53606351063397,-5.2174447703372,19.7555040728434));
#8314=CARTESIAN_POINT('',(1.63266043813304,-5.42608470185243,20.5123677604007));
#8315=CARTESIAN_POINT('',(2.24187771230311,-3.99358230277805,20.0917340025584));
#8316=CARTESIAN_POINT('',(2.80623945134506,-5.05767741506483,20.0572244241889));
#8317=CARTESIAN_POINT('',(1.90722003635002,-5.30822245482348,20.8190482901094));
#8318=CARTESIAN_POINT('',(2.3405899487906,-3.920677245684,20.2385090770898));
#8319=CARTESIAN_POINT('',(2.93713251395164,-4.97156307034062,20.2068782050678));
#8320=CARTESIAN_POINT('',(2.04144018669938,-5.24303968582497,20.9715245620994));
#8321=CARTESIAN_POINT('',(2.45933736782347,-3.82393512924581,20.4207161298527));
#8322=CARTESIAN_POINT('',(3.09521127311547,-4.8565714447097,20.3922807257576));
#8323=CARTESIAN_POINT('',(2.2053361745266,-5.15390474411783,21.1611498852676));
#8324=CARTESIAN_POINT('',(2.48381688080944,-3.80342426593685,20.458650319066));
#8325=CARTESIAN_POINT('',(3.12823218185866,-4.8322808428445,20.4310408732927));
#8326=CARTESIAN_POINT('',(2.23791132595875,-5.13569685764755,21.1990326995437));
#8327=CARTESIAN_POINT('',(2.53182693034407,-3.76211476802483,20.5342958367088));
#8328=CARTESIAN_POINT('',(3.19304783795388,-4.78322485146425,20.5083085617342));
#8329=CARTESIAN_POINT('',(2.30235402970331,-5.09863725786778,21.2749232008301));
#8330=CARTESIAN_POINT('',(2.5554910558788,-3.74121737172949,20.5721358343631));
#8331=CARTESIAN_POINT('',(3.22505435393062,-4.75835728429687,20.5469606977359));
#8332=CARTESIAN_POINT('',(2.33426173642634,-5.07977180164341,21.312903669377));
#8333=CARTESIAN_POINT('',(2.62547017174184,-3.67781442058835,20.6857145872317));
#8334=CARTESIAN_POINT('',(3.31994021351449,-4.68271275454003,20.6630473524));
#8335=CARTESIAN_POINT('',(2.42905116591066,-5.02218699208226,21.4269544785368));
#8336=CARTESIAN_POINT('',(2.67077230097942,-3.6345983475481,20.7615121712853));
#8337=CARTESIAN_POINT('',(3.38156434066591,-4.63098253696816,20.7404699971471));
#8338=CARTESIAN_POINT('',(2.49099950330461,-4.98247958427592,21.5031342129057));
#8339=CARTESIAN_POINT('',(2.89062961664058,-3.41399362171065,21.1409818531292));
#8340=CARTESIAN_POINT('',(3.6829001721736,-4.3650246749389,21.1293967759097));
#8341=CARTESIAN_POINT('',(2.79459496926502,-4.77757729416291,21.8848129332457));
#8342=CARTESIAN_POINT('',(3.04531800415701,-3.2230855727696,21.4461223800515));
#8343=CARTESIAN_POINT('',(3.89776730776789,-4.1325900252967,21.4407716203214));
#8344=CARTESIAN_POINT('',(3.01787738734752,-4.59338972314243,22.1926527236564));
#8345=CARTESIAN_POINT('',(3.31315283969295,-2.81686342458273,22.0614670153905));
#8346=CARTESIAN_POINT('',(4.27828359148178,-3.63208474652217,22.0677830445742));
#8347=CARTESIAN_POINT('',(3.42589884181533,-4.18841022727364,22.8146374632788));
#8348=CARTESIAN_POINT('',(3.42646025398895,-2.6005166540963,22.3729938463345));
#8349=CARTESIAN_POINT('',(4.44359027334203,-3.36273190485571,22.3843590601239));
#8350=CARTESIAN_POINT('',(3.61112796179858,-3.96648879069407,23.1301251236859));
#8351=CARTESIAN_POINT('',(3.56205329044066,-2.26783981277135,22.8347126689567));
#8352=CARTESIAN_POINT('',(4.64853335884391,-2.94477800245266,22.8514351035214));
#8353=CARTESIAN_POINT('',(3.85446983870787,-3.61539845393587,23.5985399526607));
#8354=CARTESIAN_POINT('',(3.60171257188127,-2.15535637446977,22.9880443962652));
#8355=CARTESIAN_POINT('',(4.71000208163955,-2.80253916130641,23.0065027744979));
#8356=CARTESIAN_POINT('',(3.9301043068062,-3.49510390591231,23.7542375224217));
#8357=CARTESIAN_POINT('',(3.64455380280246,-2.01306503800845,23.1790270554441));
#8358=CARTESIAN_POINT('',(4.77826262291701,-2.62189978159347,23.1990642614053));
#8359=CARTESIAN_POINT('',(4.01796769962194,-3.34080388001018,23.948379578136));
#8360=CARTESIAN_POINT('',(3.65278514863842,-1.98452220946648,23.2171891922936));
#8361=CARTESIAN_POINT('',(4.79150236570007,-2.58557975792909,23.2375648297374));
#8362=CARTESIAN_POINT('',(4.03520604662406,-3.30974677758686,23.9871838272014));
#8363=CARTESIAN_POINT('',(3.66462962952601,-1.94158615715545,23.2743805718632));
#8364=CARTESIAN_POINT('',(4.81071910042496,-2.5308881027944,23.2952220034519));
#8365=CARTESIAN_POINT('',(4.06056419056819,-3.26286671708854,24.0453547766923));
#8366=CARTESIAN_POINT('',(3.66849403039052,-1.92725383541838,23.2934357234988));
#8367=CARTESIAN_POINT('',(4.81701910876529,-2.51261739442188,23.3144305332891));
#8368=CARTESIAN_POINT('',(4.06893367121502,-3.24719095576447,24.0647391869495));
#8369=CARTESIAN_POINT('',(3.67605574593054,-1.89854939039549,23.3315286560245));
#8370=CARTESIAN_POINT('',(4.82940598775281,-2.47600311730738,23.3528194892515));
#8371=CARTESIAN_POINT('',(4.08550646215921,-3.21574140900931,24.1034963045181));
#8372=CARTESIAN_POINT('',(3.67990129812968,-1.88367645507157,23.3512378177773));
#8373=CARTESIAN_POINT('',(4.83584893375424,-2.45697783786203,23.3728348582274));
#8374=CARTESIAN_POINT('',(4.09371111421979,-3.19996601082844,24.1228677966786));
#8375=CARTESIAN_POINT('',(3.69864438167306,-1.80910011538128,23.450224504088));
#8376=CARTESIAN_POINT('',(4.8675521655063,-2.36143397679083,23.473487121523));
#8377=CARTESIAN_POINT('',(4.13416006711018,-3.1210148654664,24.219829797686));
#8378=CARTESIAN_POINT('',(3.71196011521029,-1.74948301812508,23.5295922076337));
#8379=CARTESIAN_POINT('',(4.89074684909526,-2.28491504630868,23.5540675177971));
#8380=CARTESIAN_POINT('',(4.16481184438378,-3.05748321179016,24.2976279330507));
#8381=CARTESIAN_POINT('',(3.7704613173094,-1.45178033504986,23.927384726926));
#8382=CARTESIAN_POINT('',(4.9966639416514,-1.90079044786746,23.958684114859));
#8383=CARTESIAN_POINT('',(4.30982326075371,-2.73813954157007,24.6877870084035));
#8384=CARTESIAN_POINT('',(3.79151749457571,-1.2148715798478,24.2487092285143));
#8385=CARTESIAN_POINT('',(5.04791503321094,-1.59303348623572,24.283280204056));
#8386=CARTESIAN_POINT('',(4.39955925880715,-2.47734659159258,25.0036719026408));
#8387=CARTESIAN_POINT('',(3.78989770035179,-0.981108184170679,24.5735970312234));
#8388=CARTESIAN_POINT('',(5.06960349448872,-1.28681245559291,24.6092110293334));
#8389=CARTESIAN_POINT('',(4.46568344207564,-2.21275244189306,25.3235541471967));
#8390=CARTESIAN_POINT('',(3.58413493310709,-1.77594391276852,25.1444716655873));
#8391=CARTESIAN_POINT('',(3.78989770035067,-0.981108184169959,24.573597031224));
#8392=CARTESIAN_POINT('',(5.06960349448951,-1.28681245559118,24.6092110293333));
#8393=CARTESIAN_POINT('',(4.46568344207574,-2.21275244189266,25.3235541471972));
#8394=CARTESIAN_POINT('',(3.81489219039005,-0.772899242715589,24.872497754512));
#8395=CARTESIAN_POINT('',(5.07172850668641,-1.03556814987528,24.923535663628));
#8396=CARTESIAN_POINT('',(4.52708057728471,-1.96707344789789,25.6205688329832));
#8397=CARTESIAN_POINT('',(3.82278888636818,-0.565633527190363,25.1692357505906));
#8398=CARTESIAN_POINT('',(5.05417243460587,-0.785382141736142,25.2375885989219));
#8399=CARTESIAN_POINT('',(4.56859067804699,-1.71955101950385,25.9153853031222));
#8400=CARTESIAN_POINT('',(3.81086427932757,-0.256230676241539,25.6112243425422));
#8401=CARTESIAN_POINT('',(5.00040168426879,-0.412683961569161,25.7056793956751));
#8402=CARTESIAN_POINT('',(4.60350664053217,-1.34513163847795,26.3546669926191));
#8403=CARTESIAN_POINT('',(3.80290662964361,-0.153344530665368,25.7580295656557));
#8404=CARTESIAN_POINT('',(4.97829747183635,-0.290351913214182,25.8593585761335));
#8405=CARTESIAN_POINT('',(4.61055820870142,-1.21979652785368,26.5006019165731));
#8406=CARTESIAN_POINT('',(3.78505417667693,0.000595408101013158,25.9773992267745));
#8407=CARTESIAN_POINT('',(4.9385246829943,-0.107321509329219,26.0891478657319));
#8408=CARTESIAN_POINT('',(4.61431251305828,-1.03091126401634,26.7187820449036));
#8409=CARTESIAN_POINT('',(3.77811621254023,0.0518437543459831,26.0503822184073));
#8410=CARTESIAN_POINT('',(4.92426494123897,-0.046742364822657,26.1651797107762));
#8411=CARTESIAN_POINT('',(4.61442505813134,-0.967802138113678,26.7913881521028));
#8412=CARTESIAN_POINT('',(3.76820727721421,0.115820539781177,26.1414260750501));
#8413=CARTESIAN_POINT('',(4.90505610501426,0.0289749109581856,26.26015947387));
#8414=CARTESIAN_POINT('',(4.61313494119548,-0.888720058405078,26.881994910506));
#8415=CARTESIAN_POINT('',(3.76616364366356,0.128611712765979,26.1596255907047));
#8416=CARTESIAN_POINT('',(4.90115956272188,0.0440636060986924,26.2790841678702));
#8417=CARTESIAN_POINT('',(4.61280534254932,-0.872893853098387,26.900108713363));
#8418=CARTESIAN_POINT('',(3.7619525294654,0.154185622433485,26.1960058236446));
#8419=CARTESIAN_POINT('',(4.89323434680928,0.0742191673287543,26.316900464924));
#8420=CARTESIAN_POINT('',(4.61200267225478,-0.841221553705251,26.9363211978283));
#8421=CARTESIAN_POINT('',(3.75988335127579,0.166592956999524,26.2136512577732));
#8422=CARTESIAN_POINT('',(4.88922714173173,0.0888021717305791,26.3352118865805));
#8423=CARTESIAN_POINT('',(4.61153083065197,-0.825370871963231,26.9544175589347));
#8424=CARTESIAN_POINT('',(3.75279877688755,0.20644515349893,26.2703227374671));
#8425=CARTESIAN_POINT('',(4.87686936168698,0.135884273854872,26.394124495092));
#8426=CARTESIAN_POINT('',(4.60989160111284,-0.777818063432594,27.0086988583465));
#8427=CARTESIAN_POINT('',(3.74780656695633,0.232887469388924,26.3081247009255));
#8428=CARTESIAN_POINT('',(4.86832653242113,0.167102892373872,26.4334132762659));
#8429=CARTESIAN_POINT('',(4.60847824464852,-0.746198941038862,27.0449183876016));
#8430=CARTESIAN_POINT('',(3.70050097571588,0.469753676941635,26.6485352925918));
#8431=CARTESIAN_POINT('',(4.78981855367582,0.442850563077862,26.7824270977215));
#8432=CARTESIAN_POINT('',(4.59292654067719,-0.462358684119521,27.3711812098288));
#8433=CARTESIAN_POINT('',(3.64168571117726,0.672435269556252,26.9525179305064));
#8434=CARTESIAN_POINT('',(4.70132245755646,0.679179564219962,27.0953901153387));
#8435=CARTESIAN_POINT('',(4.55912715523745,-0.215226652968943,27.6632269309658));
#8436=CARTESIAN_POINT('',(3.530882891442,0.965499953239515,27.4106849252086));
#8437=CARTESIAN_POINT('',(4.54350414547211,1.0206784872038,27.5674516788083));
#8438=CARTESIAN_POINT('',(4.4812770855357,0.148450042152446,28.1043518007576));
#8439=CARTESIAN_POINT('',(3.49016518704744,1.06135052491339,27.5637673489082));
#8440=CARTESIAN_POINT('',(4.48745644025194,1.13130899822112,27.7236946642606));
#8441=CARTESIAN_POINT('',(4.45075846691231,0.268499453200889,28.252019659965));
#8442=CARTESIAN_POINT('',(3.40125648077496,1.24940963623122,27.8706335976754));
#8443=CARTESIAN_POINT('',(4.36770062644765,1.34794750380946,28.0363890735991));
#8444=CARTESIAN_POINT('',(4.38055179805696,0.506285148891115,28.5487699558627));
#8445=CARTESIAN_POINT('',(3.35294100886979,1.34181672495436,28.0247632686029));
#8446=CARTESIAN_POINT('',(4.30390361381468,1.45426332325336,28.1932131188319));
#8447=CARTESIAN_POINT('',(4.34075952135017,0.624280052225971,28.6981593296184));
#8448=CARTESIAN_POINT('',(3.24959389189201,1.52159837073209,28.3313516987868));
#8449=CARTESIAN_POINT('',(4.16956215222573,1.66082900273708,28.5047228371464));
#8450=CARTESIAN_POINT('',(4.25252412312105,0.856193784575525,28.996006893633));
#8451=CARTESIAN_POINT('',(3.19454967361436,1.60904972448912,28.4839187301077));
#8452=CARTESIAN_POINT('',(4.09906097003142,1.76127278217432,28.6595897597905));
#8453=CARTESIAN_POINT('',(4.20407988673878,0.970203807604855,29.1445679595421));
#8454=CARTESIAN_POINT('',(3.1069913259677,1.73661645547127,28.7116451755334));
#8455=CARTESIAN_POINT('',(3.98787859583594,1.9081426185726,28.891203755601));
#8456=CARTESIAN_POINT('',(4.1249017983461,1.13834999823695,29.3668507110865));
#8457=CARTESIAN_POINT('',(3.07697213980267,1.77853622515369,28.7873661438894));
#8458=CARTESIAN_POINT('',(3.95009237513173,1.95626058783223,28.9679537028826));
#8459=CARTESIAN_POINT('',(4.09742232639315,1.19391994480237,29.4408515812487));
#8460=CARTESIAN_POINT('',(3.03069231036006,1.84051155385793,28.9006569669179));
#8461=CARTESIAN_POINT('',(3.89204435452929,2.02750544270177,29.0829122121463));
#8462=CARTESIAN_POINT('',(4.0545565535049,1.27655737086024,29.5517087231675));
#8463=CARTESIAN_POINT('',(3.01505712742433,1.86101922952207,28.9383721025546));
#8464=CARTESIAN_POINT('',(3.87251152344984,2.05104737289153,29.1211197295502));
#8465=CARTESIAN_POINT('',(4.03999343855451,1.30398355747177,29.588637060473));
#8466=CARTESIAN_POINT('',(2.99129072730648,1.89155409594983,28.9948706740127));
#8467=CARTESIAN_POINT('',(3.84286807724494,2.08612874105514,29.1783896717466));
#8468=CARTESIAN_POINT('',(4.01773403983738,1.34494312820997,29.6439928395821));
#8469=CARTESIAN_POINT('',(2.98331631892912,1.90169460734682,29.01369117361));
#8470=CARTESIAN_POINT('',(3.83294067359032,2.09777125568221,29.1974518067204));
#8471=CARTESIAN_POINT('',(4.01024511292047,1.35856636437869,29.6624386437457));
#8472=CARTESIAN_POINT('',(2.96726277523764,1.92189995722713,29.0513071925487));
#8473=CARTESIAN_POINT('',(3.812978075524,2.12097078595967,29.2355483161494));
#8474=CARTESIAN_POINT('',(3.99512843753123,1.38575285196465,29.6993178842239));
#8475=CARTESIAN_POINT('',(2.95943591330215,1.93171001013994,29.0696066703046));
#8476=CARTESIAN_POINT('',(3.80311472213932,2.1322279456483,29.2541632383421));
#8477=CARTESIAN_POINT('',(3.98749920183192,1.39932125768777,29.7177491162572));
#8478=CARTESIAN_POINT('',(2.81518331204692,2.108253972104,29.4007214041819));
#8479=CARTESIAN_POINT('',(3.62926792521137,2.33309837695141,29.5841416545059));
#8480=CARTESIAN_POINT('',(3.85667172922679,1.62928357368958,30.0310550114949));
#8481=CARTESIAN_POINT('',(2.66899464412213,2.25766061308885,29.7122049098745));
#8482=CARTESIAN_POINT('',(3.45355581638544,2.504538243632,29.8971082863583));
#8483=CARTESIAN_POINT('',(3.71816967294692,1.8300998896153,30.3277802147968));
#8484=CARTESIAN_POINT('',(2.20301777048725,2.66168483149117,30.6473927726977));
#8485=CARTESIAN_POINT('',(2.90399640926147,2.96221043971057,30.8256787805606));
#8486=CARTESIAN_POINT('',(3.26145190169716,2.39012283005854,31.223343173508));
#8487=CARTESIAN_POINT('',(1.85654386458851,2.87318643129382,31.2720644441874));
#8488=CARTESIAN_POINT('',(2.49861601483211,3.20713558969004,31.4517766847891));
#8489=CARTESIAN_POINT('',(2.90309339424069,2.70804528884761,31.8276752734305));
#8490=CARTESIAN_POINT('',(1.47375971889766,3.02596426977974,31.8975240661718));
#8491=CARTESIAN_POINT('',(2.04625716582645,3.3887584082452,32.0888093557911));
#8492=CARTESIAN_POINT('',(2.48851197469521,2.96696493335563,32.4387578152001));
#8493=CARTESIAN_POINT('',(1.84983306367621,2.20549062584331,32.3280955921146));
#8494=CARTESIAN_POINT('',(1.47375971889369,3.02596426978087,31.8975240661774));
#8495=CARTESIAN_POINT('',(2.04625716582363,3.38875840824697,32.0888093557952));
#8496=CARTESIAN_POINT('',(2.48851197469521,2.96696493335563,32.4387578152001));
#8497=CARTESIAN_POINT('',(1.43458089816445,3.04156238772636,31.96146687978));
#8498=CARTESIAN_POINT('',(2.00104532366977,3.40696677254043,32.1524835909642));
#8499=CARTESIAN_POINT('',(2.44663804037812,2.99311657370325,32.5004789369638));
#8500=CARTESIAN_POINT('',(1.39356394474973,3.05681055327194,32.0276798272965));
#8501=CARTESIAN_POINT('',(1.95448800081299,3.42513299538277,32.2178427838088));
#8502=CARTESIAN_POINT('',(2.40447816403204,3.01840763081469,32.5621432802798));
#8503=CARTESIAN_POINT('',(1.31284854164711,3.0852407245509,32.1586990513502));
#8504=CARTESIAN_POINT('',(1.86239936675419,3.45887792572865,32.3475504328863));
#8505=CARTESIAN_POINT('',(2.31998115709484,3.06699727282939,32.6856698080679));
#8506=CARTESIAN_POINT('',(1.27256944412883,3.09859226405697,32.2241569154126));
#8507=CARTESIAN_POINT('',(1.81645308967007,3.47477270513483,32.4123560155878));
#8508=CARTESIAN_POINT('',(2.27758997684025,3.09034865111224,32.7474837459074));
#8509=CARTESIAN_POINT('',(1.15196298105374,3.13617803566253,32.4203941776244));
#8510=CARTESIAN_POINT('',(1.67911845936637,3.51958993694068,32.6063469598475));
#8511=CARTESIAN_POINT('',(2.15001943605754,3.15768583049531,32.9330790208715));
#8512=CARTESIAN_POINT('',(1.07186677416149,3.15794817649519,32.5510383709295));
#8513=CARTESIAN_POINT('',(1.58780257976754,3.54582383360374,32.7357149522252));
#8514=CARTESIAN_POINT('',(2.06444462208871,3.19895895275059,33.057014134473));
#8515=CARTESIAN_POINT('',(0.832449891633279,3.21417600275578,32.9425344510423));
#8516=CARTESIAN_POINT('',(1.31577914322361,3.61410492465747,33.1222779568247));
#8517=CARTESIAN_POINT('',(1.80632319696151,3.3126565604293,33.4294335574797));
#8518=CARTESIAN_POINT('',(0.674005362148939,3.23960483955906,33.2029632257134));
#8519=CARTESIAN_POINT('',(1.13528500214522,3.64644641092083,33.3803619612348));
#8520=CARTESIAN_POINT('',(1.63239872546009,3.37500995621116,33.6785361774272));
#8521=CARTESIAN_POINT('',(0.359051660119417,3.26891126306981,33.7228622260356));
#8522=CARTESIAN_POINT('',(0.776777441588714,3.68723380766315,33.8957010422572));
#8523=CARTESIAN_POINT('',(1.28132282108762,3.4752829169741,34.1782714073521));
#8524=CARTESIAN_POINT('',(0.202541588149524,3.27277720938349,33.9823306986688));
#8525=CARTESIAN_POINT('',(0.598601952784008,3.69594293860162,34.1531575646975));
#8526=CARTESIAN_POINT('',(1.10416935086205,3.5131952490762,34.4289037584428));
#8527=CARTESIAN_POINT('',(-0.0311704212944448,3.26309822244673,34.3706329226601));
#8528=CARTESIAN_POINT('',(0.331881541907959,3.69215153144338,34.539619786537));
#8529=CARTESIAN_POINT('',(0.835911802833417,3.55239194253543,34.8058119805734));
#8530=CARTESIAN_POINT('',(-0.108899851019037,3.25728074342287,34.4999138580856));
#8531=CARTESIAN_POINT('',(0.243363190405314,3.68811324011531,34.6680461809731));
#8532=CARTESIAN_POINT('',(0.746066959169004,3.56250076609679,34.9316069895705));
#8533=CARTESIAN_POINT('',(-0.264085974876314,3.24044236262042,34.7581008294662));
#8534=CARTESIAN_POINT('',(0.0665678002099293,3.67443771900528,34.9246554731959));
#8535=CARTESIAN_POINT('',(0.565452393394242,3.57677101951362,35.1834709761873));
#8536=CARTESIAN_POINT('',(-0.341571894355763,3.22943121109094,34.8865016468526));
#8537=CARTESIAN_POINT('',(-0.0218531381063147,3.66490444661948,35.052536503672));
#8538=CARTESIAN_POINT('',(0.474442398643303,3.58095325864555,35.3094374635024));
#8539=CARTESIAN_POINT('',(-0.420468259771593,3.21521063471085,35.0188010352668));
#8540=CARTESIAN_POINT('',(-0.111146989097766,3.65236345394432,35.1832533721451));
#8541=CARTESIAN_POINT('',(0.383871729921161,3.58198620299345,35.4358999975515));
#8542=CARTESIAN_POINT('',(7.63546775798419,-7.64865514065031,65.));
#8543=CARTESIAN_POINT('',(7.63546775798419,7.61631102254264,65.));
#8544=CARTESIAN_POINT('',(-7.59027117947108,-7.64865514065031,65.));
#8545=CARTESIAN_POINT('',(-7.59027117947108,7.61631102254264,65.));
#8546=CARTESIAN_POINT('',(0.,-1.53080849893419E-16,65.));
#8547=CARTESIAN_POINT('',(-6.5,-1.53080849893419E-16,65.));
#8548=CARTESIAN_POINT('',(-6.5,-13.,65.));
#8549=CARTESIAN_POINT('',(6.5,-13.,65.));
#8550=CARTESIAN_POINT('',(6.5,-1.53080849893419E-16,65.));
#8551=CARTESIAN_POINT('',(-2.60208521396521E-15,-1.53080849893419E-16,40.625));
#8552=CARTESIAN_POINT('',(-2.60208521396521E-15,-5.35725127782384E-15,40.625));
#8553=CARTESIAN_POINT('',(2.60208521396521E-15,-5.35725127782384E-15,40.625));
#8554=CARTESIAN_POINT('',(2.60208521396521E-15,-1.53080849893419E-16,40.625));
#8555=CARTESIAN_POINT('',(-2.00000000000001,0.,2.16840434497101E-14));
#8556=CARTESIAN_POINT('',(-2.00000000000001,-4.00000000000002,2.17111485040222E-14));
#8557=CARTESIAN_POINT('',(2.00000000000001,-4.00000000000002,2.17111485040222E-14));
#8558=CARTESIAN_POINT('',(2.00000000000001,0.,2.16840434497101E-14));
#8559=CARTESIAN_POINT('',(-0.497133551989061,0.,-4.65365757060619));
#8560=CARTESIAN_POINT('',(-0.497133551989061,-0.994267103978123,-4.65365757060619));
#8561=CARTESIAN_POINT('',(0.497133551989061,-0.994267103978123,-4.65365757060619));
#8562=CARTESIAN_POINT('',(0.497133551989061,0.,-4.65365757060619));
#8563=CARTESIAN_POINT('',(0.0217149162848169,-0.0215032551146524,-5.));
#8564=CARTESIAN_POINT('',(0.0217149162848169,0.0215759677756227,-5.));
#8565=CARTESIAN_POINT('',(-0.0215863793110675,-0.0215032551146524,-5.));
#8566=CARTESIAN_POINT('',(-0.0215863793110675,0.0215759677756227,-5.));
#8567=CARTESIAN_POINT('',(0.,0.,-5.));
#8568=CARTESIAN_POINT('',(-0.0213296522620801,0.,-5.));
#8569=CARTESIAN_POINT('',(-0.0213296522620801,0.0426593045241601,-5.));
#8570=CARTESIAN_POINT('',(0.0213296522620801,0.0426593045241601,-5.));
#8571=CARTESIAN_POINT('',(0.0213296522620801,0.,-5.));
#8572=CARTESIAN_POINT('',(-0.245452588325707,0.,-5.));
#8573=CARTESIAN_POINT('',(-0.245452588325707,0.490905176651414,-5.));
#8574=CARTESIAN_POINT('',(0.245452588325707,0.490905176651414,-5.));
#8575=CARTESIAN_POINT('',(0.245452588325707,0.,-5.));
#8576=CARTESIAN_POINT('',(-0.427791932860346,0.,-4.86837535291048));
#8577=CARTESIAN_POINT('',(-0.427791932860346,0.855583865720692,-4.86837535291048));
#8578=CARTESIAN_POINT('',(0.427791932860346,0.855583865720692,-4.86837535291048));
#8579=CARTESIAN_POINT('',(0.427791932860346,0.,-4.86837535291048));
#8580=CARTESIAN_POINT('',(-0.497133551989062,0.,-4.65365757060619));
#8581=CARTESIAN_POINT('',(-0.497133551989062,0.994267103978124,-4.65365757060619));
#8582=CARTESIAN_POINT('',(0.497133551989062,0.994267103978124,-4.65365757060619));
#8583=CARTESIAN_POINT('',(0.497133551989062,0.,-4.65365757060619));
#8584=MECHANICAL_DESIGN_GEOMETRIC_PRESENTATION_REPRESENTATION('',(#1137),#8585);
#8585=(
GEOMETRIC_REPRESENTATION_CONTEXT(3)
GLOBAL_UNCERTAINTY_ASSIGNED_CONTEXT((#8586))
GLOBAL_UNIT_ASSIGNED_CONTEXT((#8589,#8588,#8587))
REPRESENTATION_CONTEXT('Spiral Dart','TOP_LEVEL_ASSEMBLY_PART')
);
#8586=UNCERTAINTY_MEASURE_WITH_UNIT(LENGTH_MEASURE(1.E-05),#8589,'DISTANCE_ACCURACY_VALUE','Maximum Tolerance applied to model');
#8587=(
NAMED_UNIT(*)
SI_UNIT($,.STERADIAN.)
SOLID_ANGLE_UNIT()
);
#8588=(
NAMED_UNIT(*)
PLANE_ANGLE_UNIT()
SI_UNIT($,.RADIAN.)
);
#8589=(
LENGTH_UNIT()
NAMED_UNIT(*)
SI_UNIT(.MILLI.,.METRE.)
);
#8590=PRODUCT_DEFINITION_SHAPE('','',#8591);
#8591=PRODUCT_DEFINITION('','',#8593,#8592);
#8592=PRODUCT_DEFINITION_CONTEXT('',#8599,'design');
#8593=PRODUCT_DEFINITION_FORMATION_WITH_SPECIFIED_SOURCE('','',#8595,.NOT_KNOWN.);
#8594=PRODUCT_RELATED_PRODUCT_CATEGORY('','',(#8595));
#8595=PRODUCT('Spiral Dart','Spiral Dart','Spiral Dart',(#8597));
#8596=PRODUCT_CATEGORY('','');
#8597=PRODUCT_CONTEXT('',#8599,'mechanical');
#8598=APPLICATION_PROTOCOL_DEFINITION('international standard','ap242_managed_model_based_3d_engineering',2020,#8599);
#8599=APPLICATION_CONTEXT('managed model based 3d engineering');
ENDSEC;
END-ISO-10303-21;
