ISO-10303-21;
HEADER;
/* Generated by software containing ST-Developer
 * from STEP Tools, Inc. (www.steptools.com) 
 */
/* OPTION: using custom renumber hook */

FILE_DESCRIPTION(
/* description */ ('STEP AP242 Edition 2',
'CAx-IF Rec.Pracs.---Representation and Presentation of Product Manufa
cturing Information (PMI)---4.0---2014-10-13',
'CAx-IF Rec.Pracs.---3D Tessellated Geometry---0.4---2014-09-14','2;1',
'CAx-IF Rec.Pracs.---User Defined Attributes---1.5---2016-08-15'),
/* implementation_level */ '2;1');

FILE_NAME(
/* name */ '6997dc418837cd6b8597b0fe',
/* time_stamp */ '2026-02-20T04:00:02Z',
/* author */ (''),
/* organization */ (''),
/* preprocessor_version */ 'ST-DEVELOPER v20',
/* originating_system */ 'ONSHAPE BY PTC INC, 1.210',
/* authorisation */ '  ');

FILE_SCHEMA (('AP242_MANAGED_MODEL_BASED_3D_ENGINEERING_MIM_LF { 1 0 10303 442 3 1 4 }'));
ENDSEC;

DATA;
#10=SHAPE_REPRESENTATION_RELATIONSHIP('','',#1715,#11);
#11=ADVANCED_BREP_SHAPE_REPRESENTATION('',(#1713),#3873);
#12=B_SPLINE_CURVE_WITH_KNOTS('',3,(#2325,#2326,#2327,#2328),
 .UNSPECIFIED.,.F.,.F.,(4,4),(0.,0.000716106515287858),.UNSPECIFIED.);
#13=B_SPLINE_CURVE_WITH_KNOTS('',3,(#2358,#2359,#2360,#2361),
 .UNSPECIFIED.,.F.,.F.,(4,4),(0.,0.000716106581066134),.UNSPECIFIED.);
#14=B_SPLINE_CURVE_WITH_KNOTS('',3,(#2391,#2392,#2393,#2394),
 .UNSPECIFIED.,.F.,.F.,(4,4),(0.,0.000716106581066584),.UNSPECIFIED.);
#15=B_SPLINE_CURVE_WITH_KNOTS('',3,(#2424,#2425,#2426,#2427),
 .UNSPECIFIED.,.F.,.F.,(4,4),(0.,0.000716106581065975),.UNSPECIFIED.);
#16=B_SPLINE_CURVE_WITH_KNOTS('',3,(#2457,#2458,#2459,#2460),
 .UNSPECIFIED.,.F.,.F.,(4,4),(0.,0.000716106581065956),.UNSPECIFIED.);
#17=B_SPLINE_CURVE_WITH_KNOTS('',3,(#2530,#2531,#2532,#2533),
 .UNSPECIFIED.,.F.,.F.,(4,4),(0.,0.000717047663971642),.UNSPECIFIED.);
#18=B_SPLINE_CURVE_WITH_KNOTS('',3,(#2536,#2537,#2538,#2539),
 .UNSPECIFIED.,.F.,.F.,(4,4),(0.,0.00500358885907353),.UNSPECIFIED.);
#19=B_SPLINE_CURVE_WITH_KNOTS('',3,(#2540,#2541,#2542,#2543),
 .UNSPECIFIED.,.F.,.F.,(4,4),(0.,0.00177544951809597),.UNSPECIFIED.);
#20=B_SPLINE_CURVE_WITH_KNOTS('',3,(#2545,#2546,#2547,#2548,#2549,#2550,
#2551,#2552,#2553,#2554,#2555,#2556,#2557),.UNSPECIFIED.,.F.,.F.,(4,1,1,
1,1,1,1,1,1,1,4),(0.,4.65179306083483E-5,9.30358612166966E-5,0.000186071722433393,
0.00027910758365009,0.000372143444866787,0.000465179306083483,0.00055821516730018,
0.000651251028516876,0.000697768959125225,0.000744286889733573),
 .UNSPECIFIED.);
#21=B_SPLINE_CURVE_WITH_KNOTS('',3,(#2559,#2560,#2561,#2562),
 .UNSPECIFIED.,.F.,.F.,(4,4),(0.,0.00250137503482287),.UNSPECIFIED.);
#22=B_SPLINE_CURVE_WITH_KNOTS('',3,(#2586,#2587,#2588,#2589,#2590,#2591,
#2592,#2593,#2594,#2595,#2596,#2597,#2598),.UNSPECIFIED.,.F.,.F.,(4,1,1,
1,1,1,1,1,1,1,4),(0.000638907900368274,0.00126798658023807,0.00189706526010787,
0.00221160460004277,0.00252614393997767,0.00268341360994512,0.00284068327991257,
0.00299795294988002,0.00307658778486375,0.00311590520235561,0.00315522261984747),
 .UNSPECIFIED.);
#23=B_SPLINE_CURVE_WITH_KNOTS('',3,(#2603,#2604,#2605,#2606,#2607,#2608,
#2609,#2610,#2611,#2612,#2613,#2614),.UNSPECIFIED.,.F.,.F.,(4,1,1,1,1,1,
1,1,1,4),(0.00100003068671566,0.00144672018593567,0.00189340968515568,0.00211675443476568,
0.00234009918437569,0.00245177155918069,0.00256344393398569,0.0026751163087907,
0.0027309524961932,0.0027867886835957),.UNSPECIFIED.);
#24=B_SPLINE_CURVE_WITH_KNOTS('',3,(#2801,#2802,#2803,#2804),
 .UNSPECIFIED.,.F.,.F.,(4,4),(0.,0.000717047663971565),.UNSPECIFIED.);
#25=B_SPLINE_CURVE_WITH_KNOTS('',3,(#2807,#2808,#2809,#2810),
 .UNSPECIFIED.,.F.,.F.,(4,4),(0.,0.00500358885907352),.UNSPECIFIED.);
#26=B_SPLINE_CURVE_WITH_KNOTS('',3,(#2811,#2812,#2813,#2814),
 .UNSPECIFIED.,.F.,.F.,(4,4),(0.,0.00177544951809597),.UNSPECIFIED.);
#27=B_SPLINE_CURVE_WITH_KNOTS('',3,(#2816,#2817,#2818,#2819,#2820,#2821,
#2822,#2823,#2824,#2825,#2826,#2827,#2828),.UNSPECIFIED.,.F.,.F.,(4,1,1,
1,1,1,1,1,1,1,4),(0.,4.65179306082006E-5,9.30358612164011E-5,0.000186071722432802,
0.000279107583649203,0.000372143444865604,0.000465179306082006,0.000558215167298407,
0.000651251028514808,0.000697768959123008,0.000744286889731209),
 .UNSPECIFIED.);
#28=B_SPLINE_CURVE_WITH_KNOTS('',3,(#2830,#2831,#2832,#2833),
 .UNSPECIFIED.,.F.,.F.,(4,4),(0.,0.00250137503482287),.UNSPECIFIED.);
#29=B_SPLINE_CURVE_WITH_KNOTS('',3,(#2857,#2858,#2859,#2860,#2861,#2862,
#2863,#2864,#2865,#2866,#2867,#2868,#2869),.UNSPECIFIED.,.F.,.F.,(4,1,1,
1,1,1,1,1,1,1,4),(0.000638907902256571,0.00126798658212695,0.00189706526199733,
0.00221160460193252,0.00252614394186771,0.0026834136118353,0.00284068328180289,
0.00299795295177049,0.00307658778675429,0.00311590520424618,0.00315522262173808),
 .UNSPECIFIED.);
#30=B_SPLINE_CURVE_WITH_KNOTS('',3,(#2874,#2875,#2876,#2877,#2878,#2879,
#2880,#2881,#2882,#2883,#2884,#2885),.UNSPECIFIED.,.F.,.F.,(4,1,1,1,1,1,
1,1,1,4),(0.00100003068671567,0.00144672018593725,0.00189340968515883,0.00211675443476962,
0.00234009918438041,0.00245177155918581,0.00256344393399121,0.0026751163087966,
0.0027309524961993,0.002786788683602),.UNSPECIFIED.);
#31=B_SPLINE_CURVE_WITH_KNOTS('',3,(#3070,#3071,#3072,#3073),
 .UNSPECIFIED.,.F.,.F.,(4,4),(0.,0.000717047663972344),.UNSPECIFIED.);
#32=B_SPLINE_CURVE_WITH_KNOTS('',3,(#3076,#3077,#3078,#3079),
 .UNSPECIFIED.,.F.,.F.,(4,4),(0.,0.00500358885907352),.UNSPECIFIED.);
#33=B_SPLINE_CURVE_WITH_KNOTS('',3,(#3080,#3081,#3082,#3083),
 .UNSPECIFIED.,.F.,.F.,(4,4),(0.,0.00177544951809597),.UNSPECIFIED.);
#34=B_SPLINE_CURVE_WITH_KNOTS('',3,(#3085,#3086,#3087,#3088,#3089,#3090,
#3091,#3092,#3093,#3094,#3095,#3096,#3097),.UNSPECIFIED.,.F.,.F.,(4,1,1,
1,1,1,1,1,1,1,4),(0.,4.65179306083747E-5,9.30358612167494E-5,0.000186071722433499,
0.000279107583650248,0.000372143444866998,0.000465179306083747,0.000558215167300497,
0.000651251028517246,0.000697768959125621,0.000744286889733995),
 .UNSPECIFIED.);
#35=B_SPLINE_CURVE_WITH_KNOTS('',3,(#3099,#3100,#3101,#3102),
 .UNSPECIFIED.,.F.,.F.,(4,4),(0.,0.00250137503482287),.UNSPECIFIED.);
#36=B_SPLINE_CURVE_WITH_KNOTS('',3,(#3126,#3127,#3128,#3129,#3130,#3131,
#3132,#3133,#3134,#3135,#3136,#3137,#3138),.UNSPECIFIED.,.F.,.F.,(4,1,1,
1,1,1,1,1,1,1,4),(0.00063890790344589,0.00126798658331758,0.00189706526318927,
0.00221160460312512,0.00252614394306097,0.00268341361302889,0.00284068328299681,
0.00299795295296473,0.0030765877879487,0.00311590520544068,0.00315522262293266),
 .UNSPECIFIED.);
#37=B_SPLINE_CURVE_WITH_KNOTS('',3,(#3143,#3144,#3145,#3146,#3147,#3148,
#3149,#3150,#3151,#3152,#3153,#3154),.UNSPECIFIED.,.F.,.F.,(4,1,1,1,1,1,
1,1,1,4),(0.0010000306867156,0.00144672018593872,0.00189340968516183,0.00211675443477339,
0.00234009918438494,0.00245177155919072,0.0025634439339965,0.00267511630880228,
0.00273095249620517,0.00278678868360806),.UNSPECIFIED.);
#38=B_SPLINE_CURVE_WITH_KNOTS('',3,(#3326,#3327,#3328,#3329),
 .UNSPECIFIED.,.F.,.F.,(4,4),(0.,0.000717047622390842),.UNSPECIFIED.);
#39=B_SPLINE_CURVE_WITH_KNOTS('',3,(#3332,#3333,#3334,#3335),
 .UNSPECIFIED.,.F.,.F.,(4,4),(0.,0.00500358885907352),.UNSPECIFIED.);
#40=B_SPLINE_CURVE_WITH_KNOTS('',3,(#3336,#3337,#3338,#3339),
 .UNSPECIFIED.,.F.,.F.,(4,4),(0.,0.00177544951809597),.UNSPECIFIED.);
#41=B_SPLINE_CURVE_WITH_KNOTS('',3,(#3341,#3342,#3343,#3344,#3345,#3346,
#3347,#3348,#3349,#3350,#3351,#3352,#3353),.UNSPECIFIED.,.F.,.F.,(4,1,1,
1,1,1,1,1,1,1,4),(0.,4.65179306082932E-5,9.30358612165863E-5,0.000186071722433173,
0.000279107583649759,0.000372143444866345,0.000465179306082932,0.000558215167299518,
0.000651251028516104,0.000697768959124398,0.000744286889732691),
 .UNSPECIFIED.);
#42=B_SPLINE_CURVE_WITH_KNOTS('',3,(#3355,#3356,#3357,#3358),
 .UNSPECIFIED.,.F.,.F.,(4,4),(0.,0.00250137503482287),.UNSPECIFIED.);
#43=B_SPLINE_CURVE_WITH_KNOTS('',3,(#3382,#3383,#3384,#3385,#3386,#3387,
#3388,#3389,#3390,#3391,#3392,#3393,#3394),.UNSPECIFIED.,.F.,.F.,(4,1,1,
1,1,1,1,1,1,1,4),(0.000638907903294089,0.00126798658316419,0.0018970652630343,
0.00221160460296935,0.0025261439429044,0.00268341361287193,0.00284068328283946,
0.00299795295280698,0.00307658778779075,0.00311590520528263,0.00315522262277451),
 .UNSPECIFIED.);
#44=B_SPLINE_CURVE_WITH_KNOTS('',3,(#3399,#3400,#3401,#3402,#3403,#3404,
#3405,#3406,#3407,#3408,#3409,#3410),.UNSPECIFIED.,.F.,.F.,(4,1,1,1,1,1,
1,1,1,4),(0.00100003068671562,0.00144672018593622,0.00189340968515681,0.00211675443476711,
0.00234009918437741,0.00245177155918255,0.0025634439339877,0.00267511630879285,
0.00273095249619543,0.002786788683598),.UNSPECIFIED.);
#45=B_SPLINE_CURVE_WITH_KNOTS('',3,(#3570,#3571,#3572,#3573,#3574,#3575,
#3576,#3577,#3578,#3579,#3580,#3581,#3582),.UNSPECIFIED.,.F.,.F.,(4,1,1,
1,1,1,1,1,1,1,4),(0.,4.6517930608459E-5,9.30358612169179E-5,0.000186071722433836,
0.000279107583650754,0.000372143444867672,0.00046517930608459,0.000558215167301507,
0.000651251028518425,0.000697768959126884,0.000744286889735343),
 .UNSPECIFIED.);
#46=B_SPLINE_CURVE_WITH_KNOTS('',3,(#3653,#3654,#3655,#3656),
 .UNSPECIFIED.,.F.,.F.,(4,4),(0.,0.00500358885907352),.UNSPECIFIED.);
#47=B_SPLINE_CURVE_WITH_KNOTS('',3,(#3678,#3679,#3680,#3681),
 .UNSPECIFIED.,.F.,.F.,(4,4),(0.,0.000717047663972257),.UNSPECIFIED.);
#48=B_SPLINE_CURVE_WITH_KNOTS('',3,(#3719,#3720,#3721,#3722,#3723,#3724,
#3725,#3726,#3727,#3728,#3729,#3730),.UNSPECIFIED.,.F.,.F.,(4,1,1,1,1,1,
1,1,1,4),(0.00100003068671568,0.00144672018593792,0.00189340968516016,0.00211675443477128,
0.0023400991843824,0.00245177155918796,0.00256344393399352,0.00267511630879908,
0.00273095249620186,0.00278678868360464),.UNSPECIFIED.);
#49=B_SPLINE_CURVE_WITH_KNOTS('',3,(#3731,#3732,#3733,#3734),
 .UNSPECIFIED.,.F.,.F.,(4,4),(0.,0.00177544951809597),.UNSPECIFIED.);
#50=B_SPLINE_CURVE_WITH_KNOTS('',3,(#3763,#3764,#3765,#3766,#3767,#3768,
#3769,#3770,#3771,#3772,#3773,#3774,#3775),.UNSPECIFIED.,.F.,.F.,(4,1,1,
1,1,1,1,1,1,1,4),(0.000638907902195495,0.00126798658206663,0.00189706526193777,
0.00221160460187334,0.0025261439418089,0.00268341361177669,0.00284068328174447,
0.00299795295171225,0.00307658778669615,0.00311590520418809,0.00315522262168004),
 .UNSPECIFIED.);
#51=B_SPLINE_CURVE_WITH_KNOTS('',3,(#3776,#3777,#3778,#3779),
 .UNSPECIFIED.,.F.,.F.,(4,4),(0.,0.00250137503482287),.UNSPECIFIED.);
#52=B_SPLINE_SURFACE_WITH_KNOTS('',1,1,((#2300,#2301),(#2302,#2303)),
 .PLANE_SURF.,.F.,.F.,.F.,(2,2),(2,2),(0.,1.),(0.,1.),.UNSPECIFIED.);
#53=B_SPLINE_SURFACE_WITH_KNOTS('',3,3,((#2506,#2507,#2508,#2509,#2510,
#2511),(#2512,#2513,#2514,#2515,#2516,#2517),(#2518,#2519,#2520,#2521,#2522,
#2523),(#2524,#2525,#2526,#2527,#2528,#2529)),.UNSPECIFIED.,.F.,.F.,.F.,
(4,4),(4,2,4),(0.00502021778831855,0.010081564250846),(0.,0.503000051969049,
1.0060001039381),.UNSPECIFIED.);
#54=B_SPLINE_SURFACE_WITH_KNOTS('',1,1,((#2697,#2698),(#2699,#2700)),
 .PLANE_SURF.,.F.,.F.,.F.,(2,2),(2,2),(0.,1.),(0.,1.),.UNSPECIFIED.);
#55=B_SPLINE_SURFACE_WITH_KNOTS('',1,1,((#2744,#2745),(#2746,#2747)),
 .PLANE_SURF.,.F.,.F.,.F.,(2,2),(2,2),(0.0454545454545451,0.930573042780156),
(0.0454545454545442,0.954545454545454),.PIECEWISE_BEZIER_KNOTS.);
#56=B_SPLINE_SURFACE_WITH_KNOTS('',3,3,((#2777,#2778,#2779,#2780,#2781,
#2782),(#2783,#2784,#2785,#2786,#2787,#2788),(#2789,#2790,#2791,#2792,#2793,
#2794),(#2795,#2796,#2797,#2798,#2799,#2800)),.UNSPECIFIED.,.F.,.F.,.F.,
(4,4),(4,2,4),(0.00502021778831855,0.0100815642508459),(0.,0.503000051969039,
1.00600010393808),.UNSPECIFIED.);
#57=B_SPLINE_SURFACE_WITH_KNOTS('',1,1,((#2968,#2969),(#2970,#2971)),
 .PLANE_SURF.,.F.,.F.,.F.,(2,2),(2,2),(0.,1.),(0.,1.),.UNSPECIFIED.);
#58=B_SPLINE_SURFACE_WITH_KNOTS('',1,1,((#3013,#3014),(#3015,#3016)),
 .PLANE_SURF.,.F.,.F.,.F.,(2,2),(2,2),(0.045454545454543,0.930573042780133),
(0.0454545454545455,0.954545454545455),.PIECEWISE_BEZIER_KNOTS.);
#59=B_SPLINE_SURFACE_WITH_KNOTS('',3,3,((#3046,#3047,#3048,#3049,#3050,
#3051),(#3052,#3053,#3054,#3055,#3056,#3057),(#3058,#3059,#3060,#3061,#3062,
#3063),(#3064,#3065,#3066,#3067,#3068,#3069)),.UNSPECIFIED.,.F.,.F.,.F.,
(4,4),(4,2,4),(0.00502021778831854,0.010081564250846),(0.,0.503000051968916,
1.00600010393783),.UNSPECIFIED.);
#60=B_SPLINE_SURFACE_WITH_KNOTS('',1,1,((#3237,#3238),(#3239,#3240)),
 .PLANE_SURF.,.F.,.F.,.F.,(2,2),(2,2),(0.,1.),(0.,1.),.UNSPECIFIED.);
#61=B_SPLINE_SURFACE_WITH_KNOTS('',1,1,((#3282,#3283),(#3284,#3285)),
 .PLANE_SURF.,.F.,.F.,.F.,(2,2),(2,2),(0.045454545454537,0.930573042780139),
(0.0454545454545455,0.954545454545455),.PIECEWISE_BEZIER_KNOTS.);
#62=B_SPLINE_SURFACE_WITH_KNOTS('',3,3,((#3302,#3303,#3304,#3305,#3306,
#3307),(#3308,#3309,#3310,#3311,#3312,#3313),(#3314,#3315,#3316,#3317,#3318,
#3319),(#3320,#3321,#3322,#3323,#3324,#3325)),.UNSPECIFIED.,.F.,.F.,.F.,
(4,4),(4,2,4),(0.00502021778831855,0.010081564250846),(0.,0.503000051969034,
1.00600010393807),.UNSPECIFIED.);
#63=B_SPLINE_SURFACE_WITH_KNOTS('',1,1,((#3493,#3494),(#3495,#3496)),
 .PLANE_SURF.,.F.,.F.,.F.,(2,2),(2,2),(0.,1.),(0.,1.),.UNSPECIFIED.);
#64=B_SPLINE_SURFACE_WITH_KNOTS('',1,1,((#3540,#3541),(#3542,#3543)),
 .PLANE_SURF.,.F.,.F.,.F.,(2,2),(2,2),(0.0454545454545382,0.930573042780076),
(0.0454545454545442,0.954545454545454),.PIECEWISE_BEZIER_KNOTS.);
#65=B_SPLINE_SURFACE_WITH_KNOTS('',1,1,((#3583,#3584),(#3585,#3586)),
 .PLANE_SURF.,.F.,.F.,.F.,(2,2),(2,2),(0.,1.),(0.,1.),.UNSPECIFIED.);
#66=B_SPLINE_SURFACE_WITH_KNOTS('',1,1,((#3649,#3650),(#3651,#3652)),
 .PLANE_SURF.,.F.,.F.,.F.,(2,2),(2,2),(0.0454545454545448,0.930573042780133),
(0.0454545454545455,0.954545454545455),.PIECEWISE_BEZIER_KNOTS.);
#67=B_SPLINE_SURFACE_WITH_KNOTS('',1,1,((#3661,#3662),(#3663,#3664)),
 .PLANE_SURF.,.F.,.F.,.F.,(2,2),(2,2),(0.,1.),(0.,1.),.UNSPECIFIED.);
#68=B_SPLINE_SURFACE_WITH_KNOTS('',3,3,((#3796,#3797,#3798,#3799,#3800,
#3801),(#3802,#3803,#3804,#3805,#3806,#3807),(#3808,#3809,#3810,#3811,#3812,
#3813),(#3814,#3815,#3816,#3817,#3818,#3819)),.UNSPECIFIED.,.F.,.F.,.F.,
(4,4),(4,2,4),(0.00502021778831854,0.010081564250846),(0.,0.503000051968931,
1.00600010393786),.UNSPECIFIED.);
#69=B_SPLINE_SURFACE_WITH_KNOTS('',1,1,((#3828,#3829),(#3830,#3831)),
 .PLANE_SURF.,.F.,.F.,.F.,(2,2),(2,2),(0.,1.),(0.,1.),.UNSPECIFIED.);
#70=B_SPLINE_SURFACE_WITH_KNOTS('',1,1,((#3834,#3835),(#3836,#3837)),
 .PLANE_SURF.,.F.,.F.,.F.,(2,2),(2,2),(0.,1.),(0.,1.),.UNSPECIFIED.);
#71=LINE('',#2272,#151);
#72=LINE('',#2297,#152);
#73=LINE('',#2304,#153);
#74=LINE('',#2317,#154);
#75=LINE('',#2330,#155);
#76=LINE('',#2350,#156);
#77=LINE('',#2363,#157);
#78=LINE('',#2383,#158);
#79=LINE('',#2396,#159);
#80=LINE('',#2416,#160);
#81=LINE('',#2429,#161);
#82=LINE('',#2449,#162);
#83=LINE('',#2462,#163);
#84=LINE('',#2474,#164);
#85=LINE('',#2489,#165);
#86=LINE('',#2490,#166);
#87=LINE('',#2502,#167);
#88=LINE('',#2503,#168);
#89=LINE('',#2574,#169);
#90=LINE('',#2575,#170);
#91=LINE('',#2601,#171);
#92=LINE('',#2615,#172);
#93=LINE('',#2701,#173);
#94=LINE('',#2712,#174);
#95=LINE('',#2730,#175);
#96=LINE('',#2734,#176);
#97=LINE('',#2748,#177);
#98=LINE('',#2760,#178);
#99=LINE('',#2761,#179);
#100=LINE('',#2773,#180);
#101=LINE('',#2774,#181);
#102=LINE('',#2845,#182);
#103=LINE('',#2846,#183);
#104=LINE('',#2872,#184);
#105=LINE('',#2886,#185);
#106=LINE('',#2972,#186);
#107=LINE('',#2983,#187);
#108=LINE('',#3001,#188);
#109=LINE('',#3017,#189);
#110=LINE('',#3029,#190);
#111=LINE('',#3030,#191);
#112=LINE('',#3042,#192);
#113=LINE('',#3043,#193);
#114=LINE('',#3114,#194);
#115=LINE('',#3115,#195);
#116=LINE('',#3141,#196);
#117=LINE('',#3155,#197);
#118=LINE('',#3241,#198);
#119=LINE('',#3252,#199);
#120=LINE('',#3270,#200);
#121=LINE('',#3286,#201);
#122=LINE('',#3298,#202);
#123=LINE('',#3299,#203);
#124=LINE('',#3370,#204);
#125=LINE('',#3371,#205);
#126=LINE('',#3397,#206);
#127=LINE('',#3411,#207);
#128=LINE('',#3497,#208);
#129=LINE('',#3508,#209);
#130=LINE('',#3517,#210);
#131=LINE('',#3528,#211);
#132=LINE('',#3544,#212);
#133=LINE('',#3564,#213);
#134=LINE('',#3587,#214);
#135=LINE('',#3590,#215);
#136=LINE('',#3591,#216);
#137=LINE('',#3603,#217);
#138=LINE('',#3604,#218);
#139=LINE('',#3613,#219);
#140=LINE('',#3636,#220);
#141=LINE('',#3637,#221);
#142=LINE('',#3646,#222);
#143=LINE('',#3658,#223);
#144=LINE('',#3660,#224);
#145=LINE('',#3667,#225);
#146=LINE('',#3672,#226);
#147=LINE('',#3832,#227);
#148=LINE('',#3833,#228);
#149=LINE('',#3838,#229);
#150=LINE('',#3839,#230);
#151=VECTOR('',#1875,1000.);
#152=VECTOR('',#1882,1000.);
#153=VECTOR('',#1885,1000.);
#154=VECTOR('',#1896,1000.);
#155=VECTOR('',#1903,1000.);
#156=VECTOR('',#1922,1000.);
#157=VECTOR('',#1929,1000.);
#158=VECTOR('',#1948,1000.);
#159=VECTOR('',#1955,1000.);
#160=VECTOR('',#1974,1000.);
#161=VECTOR('',#1981,1000.);
#162=VECTOR('',#2000,1000.);
#163=VECTOR('',#2007,1000.);
#164=VECTOR('',#2018,1000.);
#165=VECTOR('',#2025,1000.);
#166=VECTOR('',#2026,1000.);
#167=VECTOR('',#2029,1000.);
#168=VECTOR('',#2030,1000.);
#169=VECTOR('',#2035,1000.);
#170=VECTOR('',#2036,1000.);
#171=VECTOR('',#2039,1000.);
#172=VECTOR('',#2040,1000.);
#173=VECTOR('',#2055,1000.);
#174=VECTOR('',#2058,1000.);
#175=VECTOR('',#2061,1000.);
#176=VECTOR('',#2064,1000.);
#177=VECTOR('',#2067,1000.);
#178=VECTOR('',#2070,1000.);
#179=VECTOR('',#2071,1000.);
#180=VECTOR('',#2074,1000.);
#181=VECTOR('',#2075,1000.);
#182=VECTOR('',#2080,1000.);
#183=VECTOR('',#2081,1000.);
#184=VECTOR('',#2084,1000.);
#185=VECTOR('',#2085,1000.);
#186=VECTOR('',#2100,1000.);
#187=VECTOR('',#2103,1000.);
#188=VECTOR('',#2106,1000.);
#189=VECTOR('',#2111,1000.);
#190=VECTOR('',#2114,1000.);
#191=VECTOR('',#2115,1000.);
#192=VECTOR('',#2118,1000.);
#193=VECTOR('',#2119,1000.);
#194=VECTOR('',#2124,1000.);
#195=VECTOR('',#2125,1000.);
#196=VECTOR('',#2128,1000.);
#197=VECTOR('',#2129,1000.);
#198=VECTOR('',#2144,1000.);
#199=VECTOR('',#2147,1000.);
#200=VECTOR('',#2150,1000.);
#201=VECTOR('',#2155,1000.);
#202=VECTOR('',#2158,1000.);
#203=VECTOR('',#2159,1000.);
#204=VECTOR('',#2164,1000.);
#205=VECTOR('',#2165,1000.);
#206=VECTOR('',#2168,1000.);
#207=VECTOR('',#2169,1000.);
#208=VECTOR('',#2184,1000.);
#209=VECTOR('',#2187,1000.);
#210=VECTOR('',#2188,1000.);
#211=VECTOR('',#2191,1000.);
#212=VECTOR('',#2196,1000.);
#213=VECTOR('',#2201,1000.);
#214=VECTOR('',#2206,1000.);
#215=VECTOR('',#2207,1000.);
#216=VECTOR('',#2208,1000.);
#217=VECTOR('',#2211,1000.);
#218=VECTOR('',#2212,1000.);
#219=VECTOR('',#2213,1000.);
#220=VECTOR('',#2220,1000.);
#221=VECTOR('',#2221,1000.);
#222=VECTOR('',#2222,1000.);
#223=VECTOR('',#2225,1000.);
#224=VECTOR('',#2226,1000.);
#225=VECTOR('',#2229,1000.);
#226=VECTOR('',#2234,1000.);
#227=VECTOR('',#2251,1000.);
#228=VECTOR('',#2252,1000.);
#229=VECTOR('',#2253,1000.);
#230=VECTOR('',#2254,1000.);
#231=(
BOUNDED_CURVE()
B_SPLINE_CURVE(1,(#2267,#2268),.UNSPECIFIED.,.F.,.F.)
B_SPLINE_CURVE_WITH_KNOTS((2,2),(0.,1.),.PIECEWISE_BEZIER_KNOTS.)
CURVE()
GEOMETRIC_REPRESENTATION_ITEM()
RATIONAL_B_SPLINE_CURVE((1.,1.))
REPRESENTATION_ITEM('')
);
#232=(
BOUNDED_CURVE()
B_SPLINE_CURVE(1,(#2283,#2284),.UNSPECIFIED.,.F.,.F.)
B_SPLINE_CURVE_WITH_KNOTS((2,2),(0.,1.),.PIECEWISE_BEZIER_KNOTS.)
CURVE()
GEOMETRIC_REPRESENTATION_ITEM()
RATIONAL_B_SPLINE_CURVE((1.,1.))
REPRESENTATION_ITEM('')
);
#233=ORIENTED_EDGE('',*,*,#781,.T.);
#234=ORIENTED_EDGE('',*,*,#782,.T.);
#235=ORIENTED_EDGE('',*,*,#783,.F.);
#236=ORIENTED_EDGE('',*,*,#784,.T.);
#237=ORIENTED_EDGE('',*,*,#782,.F.);
#238=ORIENTED_EDGE('',*,*,#785,.T.);
#239=ORIENTED_EDGE('',*,*,#786,.T.);
#240=ORIENTED_EDGE('',*,*,#787,.F.);
#241=ORIENTED_EDGE('',*,*,#786,.F.);
#242=ORIENTED_EDGE('',*,*,#788,.T.);
#243=ORIENTED_EDGE('',*,*,#789,.T.);
#244=ORIENTED_EDGE('',*,*,#790,.F.);
#245=ORIENTED_EDGE('',*,*,#791,.T.);
#246=ORIENTED_EDGE('',*,*,#792,.T.);
#247=ORIENTED_EDGE('',*,*,#793,.T.);
#248=ORIENTED_EDGE('',*,*,#794,.F.);
#249=ORIENTED_EDGE('',*,*,#795,.T.);
#250=ORIENTED_EDGE('',*,*,#796,.T.);
#251=ORIENTED_EDGE('',*,*,#797,.F.);
#252=ORIENTED_EDGE('',*,*,#798,.T.);
#253=ORIENTED_EDGE('',*,*,#799,.T.);
#254=ORIENTED_EDGE('',*,*,#800,.T.);
#255=ORIENTED_EDGE('',*,*,#801,.T.);
#256=ORIENTED_EDGE('',*,*,#802,.T.);
#257=ORIENTED_EDGE('',*,*,#803,.T.);
#258=ORIENTED_EDGE('',*,*,#804,.T.);
#259=ORIENTED_EDGE('',*,*,#805,.F.);
#260=ORIENTED_EDGE('',*,*,#806,.T.);
#261=ORIENTED_EDGE('',*,*,#807,.F.);
#262=ORIENTED_EDGE('',*,*,#808,.T.);
#263=ORIENTED_EDGE('',*,*,#809,.F.);
#264=ORIENTED_EDGE('',*,*,#810,.T.);
#265=ORIENTED_EDGE('',*,*,#811,.T.);
#266=ORIENTED_EDGE('',*,*,#812,.F.);
#267=ORIENTED_EDGE('',*,*,#813,.T.);
#268=ORIENTED_EDGE('',*,*,#814,.T.);
#269=ORIENTED_EDGE('',*,*,#815,.T.);
#270=ORIENTED_EDGE('',*,*,#816,.T.);
#271=ORIENTED_EDGE('',*,*,#817,.T.);
#272=ORIENTED_EDGE('',*,*,#818,.T.);
#273=ORIENTED_EDGE('',*,*,#819,.T.);
#274=ORIENTED_EDGE('',*,*,#820,.F.);
#275=ORIENTED_EDGE('',*,*,#821,.T.);
#276=ORIENTED_EDGE('',*,*,#822,.F.);
#277=ORIENTED_EDGE('',*,*,#823,.T.);
#278=ORIENTED_EDGE('',*,*,#824,.F.);
#279=ORIENTED_EDGE('',*,*,#825,.T.);
#280=ORIENTED_EDGE('',*,*,#826,.T.);
#281=ORIENTED_EDGE('',*,*,#827,.F.);
#282=ORIENTED_EDGE('',*,*,#828,.T.);
#283=ORIENTED_EDGE('',*,*,#829,.T.);
#284=ORIENTED_EDGE('',*,*,#830,.T.);
#285=ORIENTED_EDGE('',*,*,#831,.T.);
#286=ORIENTED_EDGE('',*,*,#832,.T.);
#287=ORIENTED_EDGE('',*,*,#833,.T.);
#288=ORIENTED_EDGE('',*,*,#834,.T.);
#289=ORIENTED_EDGE('',*,*,#835,.F.);
#290=ORIENTED_EDGE('',*,*,#836,.T.);
#291=ORIENTED_EDGE('',*,*,#837,.F.);
#292=ORIENTED_EDGE('',*,*,#838,.T.);
#293=ORIENTED_EDGE('',*,*,#839,.F.);
#294=ORIENTED_EDGE('',*,*,#840,.T.);
#295=ORIENTED_EDGE('',*,*,#841,.T.);
#296=ORIENTED_EDGE('',*,*,#842,.F.);
#297=ORIENTED_EDGE('',*,*,#843,.T.);
#298=ORIENTED_EDGE('',*,*,#844,.T.);
#299=ORIENTED_EDGE('',*,*,#845,.T.);
#300=ORIENTED_EDGE('',*,*,#846,.T.);
#301=ORIENTED_EDGE('',*,*,#847,.T.);
#302=ORIENTED_EDGE('',*,*,#848,.T.);
#303=ORIENTED_EDGE('',*,*,#849,.T.);
#304=ORIENTED_EDGE('',*,*,#850,.F.);
#305=ORIENTED_EDGE('',*,*,#851,.T.);
#306=ORIENTED_EDGE('',*,*,#852,.F.);
#307=ORIENTED_EDGE('',*,*,#853,.T.);
#308=ORIENTED_EDGE('',*,*,#854,.F.);
#309=ORIENTED_EDGE('',*,*,#855,.T.);
#310=ORIENTED_EDGE('',*,*,#856,.T.);
#311=ORIENTED_EDGE('',*,*,#857,.F.);
#312=ORIENTED_EDGE('',*,*,#858,.T.);
#313=ORIENTED_EDGE('',*,*,#859,.T.);
#314=ORIENTED_EDGE('',*,*,#860,.T.);
#315=ORIENTED_EDGE('',*,*,#861,.T.);
#316=ORIENTED_EDGE('',*,*,#862,.T.);
#317=ORIENTED_EDGE('',*,*,#863,.T.);
#318=ORIENTED_EDGE('',*,*,#864,.T.);
#319=ORIENTED_EDGE('',*,*,#865,.F.);
#320=ORIENTED_EDGE('',*,*,#866,.T.);
#321=ORIENTED_EDGE('',*,*,#867,.T.);
#322=ORIENTED_EDGE('',*,*,#868,.T.);
#323=ORIENTED_EDGE('',*,*,#869,.T.);
#324=ORIENTED_EDGE('',*,*,#783,.T.);
#325=ORIENTED_EDGE('',*,*,#787,.T.);
#326=ORIENTED_EDGE('',*,*,#790,.T.);
#327=ORIENTED_EDGE('',*,*,#870,.T.);
#328=ORIENTED_EDGE('',*,*,#871,.F.);
#329=ORIENTED_EDGE('',*,*,#872,.T.);
#330=ORIENTED_EDGE('',*,*,#837,.T.);
#331=ORIENTED_EDGE('',*,*,#873,.F.);
#332=ORIENTED_EDGE('',*,*,#874,.F.);
#333=ORIENTED_EDGE('',*,*,#875,.F.);
#334=ORIENTED_EDGE('',*,*,#849,.F.);
#335=ORIENTED_EDGE('',*,*,#848,.F.);
#336=ORIENTED_EDGE('',*,*,#876,.F.);
#337=ORIENTED_EDGE('',*,*,#877,.F.);
#338=ORIENTED_EDGE('',*,*,#878,.F.);
#339=ORIENTED_EDGE('',*,*,#879,.F.);
#340=ORIENTED_EDGE('',*,*,#846,.F.);
#341=ORIENTED_EDGE('',*,*,#880,.F.);
#342=ORIENTED_EDGE('',*,*,#881,.F.);
#343=ORIENTED_EDGE('',*,*,#882,.F.);
#344=ORIENTED_EDGE('',*,*,#883,.F.);
#345=ORIENTED_EDGE('',*,*,#884,.F.);
#346=ORIENTED_EDGE('',*,*,#841,.F.);
#347=ORIENTED_EDGE('',*,*,#840,.F.);
#348=ORIENTED_EDGE('',*,*,#885,.F.);
#349=ORIENTED_EDGE('',*,*,#886,.F.);
#350=ORIENTED_EDGE('',*,*,#887,.F.);
#351=ORIENTED_EDGE('',*,*,#888,.F.);
#352=ORIENTED_EDGE('',*,*,#889,.F.);
#353=ORIENTED_EDGE('',*,*,#843,.F.);
#354=ORIENTED_EDGE('',*,*,#890,.F.);
#355=ORIENTED_EDGE('',*,*,#891,.F.);
#356=ORIENTED_EDGE('',*,*,#892,.F.);
#357=ORIENTED_EDGE('',*,*,#887,.T.);
#358=ORIENTED_EDGE('',*,*,#893,.T.);
#359=ORIENTED_EDGE('',*,*,#894,.T.);
#360=ORIENTED_EDGE('',*,*,#882,.T.);
#361=ORIENTED_EDGE('',*,*,#895,.F.);
#362=ORIENTED_EDGE('',*,*,#844,.F.);
#363=ORIENTED_EDGE('',*,*,#889,.T.);
#364=ORIENTED_EDGE('',*,*,#896,.F.);
#365=ORIENTED_EDGE('',*,*,#897,.F.);
#366=ORIENTED_EDGE('',*,*,#880,.T.);
#367=ORIENTED_EDGE('',*,*,#845,.F.);
#368=ORIENTED_EDGE('',*,*,#897,.T.);
#369=ORIENTED_EDGE('',*,*,#896,.T.);
#370=ORIENTED_EDGE('',*,*,#888,.T.);
#371=ORIENTED_EDGE('',*,*,#892,.T.);
#372=ORIENTED_EDGE('',*,*,#895,.T.);
#373=ORIENTED_EDGE('',*,*,#881,.T.);
#374=ORIENTED_EDGE('',*,*,#898,.F.);
#375=ORIENTED_EDGE('',*,*,#890,.T.);
#376=ORIENTED_EDGE('',*,*,#842,.T.);
#377=ORIENTED_EDGE('',*,*,#884,.T.);
#378=ORIENTED_EDGE('',*,*,#899,.F.);
#379=ORIENTED_EDGE('',*,*,#885,.T.);
#380=ORIENTED_EDGE('',*,*,#839,.T.);
#381=ORIENTED_EDGE('',*,*,#900,.F.);
#382=ORIENTED_EDGE('',*,*,#838,.F.);
#383=ORIENTED_EDGE('',*,*,#872,.F.);
#384=ORIENTED_EDGE('',*,*,#901,.T.);
#385=ORIENTED_EDGE('',*,*,#900,.T.);
#386=ORIENTED_EDGE('',*,*,#851,.F.);
#387=ORIENTED_EDGE('',*,*,#902,.F.);
#388=ORIENTED_EDGE('',*,*,#903,.T.);
#389=ORIENTED_EDGE('',*,*,#904,.T.);
#390=ORIENTED_EDGE('',*,*,#850,.T.);
#391=ORIENTED_EDGE('',*,*,#875,.T.);
#392=ORIENTED_EDGE('',*,*,#905,.F.);
#393=ORIENTED_EDGE('',*,*,#902,.T.);
#394=ORIENTED_EDGE('',*,*,#847,.F.);
#395=ORIENTED_EDGE('',*,*,#879,.T.);
#396=ORIENTED_EDGE('',*,*,#906,.T.);
#397=ORIENTED_EDGE('',*,*,#876,.T.);
#398=ORIENTED_EDGE('',*,*,#907,.F.);
#399=ORIENTED_EDGE('',*,*,#908,.T.);
#400=ORIENTED_EDGE('',*,*,#822,.T.);
#401=ORIENTED_EDGE('',*,*,#909,.F.);
#402=ORIENTED_EDGE('',*,*,#910,.F.);
#403=ORIENTED_EDGE('',*,*,#911,.F.);
#404=ORIENTED_EDGE('',*,*,#834,.F.);
#405=ORIENTED_EDGE('',*,*,#833,.F.);
#406=ORIENTED_EDGE('',*,*,#912,.F.);
#407=ORIENTED_EDGE('',*,*,#913,.F.);
#408=ORIENTED_EDGE('',*,*,#914,.F.);
#409=ORIENTED_EDGE('',*,*,#915,.F.);
#410=ORIENTED_EDGE('',*,*,#831,.F.);
#411=ORIENTED_EDGE('',*,*,#916,.F.);
#412=ORIENTED_EDGE('',*,*,#917,.F.);
#413=ORIENTED_EDGE('',*,*,#918,.F.);
#414=ORIENTED_EDGE('',*,*,#919,.F.);
#415=ORIENTED_EDGE('',*,*,#920,.F.);
#416=ORIENTED_EDGE('',*,*,#826,.F.);
#417=ORIENTED_EDGE('',*,*,#825,.F.);
#418=ORIENTED_EDGE('',*,*,#921,.F.);
#419=ORIENTED_EDGE('',*,*,#922,.F.);
#420=ORIENTED_EDGE('',*,*,#923,.F.);
#421=ORIENTED_EDGE('',*,*,#924,.F.);
#422=ORIENTED_EDGE('',*,*,#925,.F.);
#423=ORIENTED_EDGE('',*,*,#828,.F.);
#424=ORIENTED_EDGE('',*,*,#926,.F.);
#425=ORIENTED_EDGE('',*,*,#927,.F.);
#426=ORIENTED_EDGE('',*,*,#928,.F.);
#427=ORIENTED_EDGE('',*,*,#923,.T.);
#428=ORIENTED_EDGE('',*,*,#929,.T.);
#429=ORIENTED_EDGE('',*,*,#930,.T.);
#430=ORIENTED_EDGE('',*,*,#918,.T.);
#431=ORIENTED_EDGE('',*,*,#931,.F.);
#432=ORIENTED_EDGE('',*,*,#829,.F.);
#433=ORIENTED_EDGE('',*,*,#925,.T.);
#434=ORIENTED_EDGE('',*,*,#932,.F.);
#435=ORIENTED_EDGE('',*,*,#933,.F.);
#436=ORIENTED_EDGE('',*,*,#916,.T.);
#437=ORIENTED_EDGE('',*,*,#830,.F.);
#438=ORIENTED_EDGE('',*,*,#933,.T.);
#439=ORIENTED_EDGE('',*,*,#932,.T.);
#440=ORIENTED_EDGE('',*,*,#924,.T.);
#441=ORIENTED_EDGE('',*,*,#928,.T.);
#442=ORIENTED_EDGE('',*,*,#931,.T.);
#443=ORIENTED_EDGE('',*,*,#917,.T.);
#444=ORIENTED_EDGE('',*,*,#934,.F.);
#445=ORIENTED_EDGE('',*,*,#926,.T.);
#446=ORIENTED_EDGE('',*,*,#827,.T.);
#447=ORIENTED_EDGE('',*,*,#920,.T.);
#448=ORIENTED_EDGE('',*,*,#935,.F.);
#449=ORIENTED_EDGE('',*,*,#921,.T.);
#450=ORIENTED_EDGE('',*,*,#824,.T.);
#451=ORIENTED_EDGE('',*,*,#936,.F.);
#452=ORIENTED_EDGE('',*,*,#823,.F.);
#453=ORIENTED_EDGE('',*,*,#908,.F.);
#454=ORIENTED_EDGE('',*,*,#937,.T.);
#455=ORIENTED_EDGE('',*,*,#936,.T.);
#456=ORIENTED_EDGE('',*,*,#836,.F.);
#457=ORIENTED_EDGE('',*,*,#938,.F.);
#458=ORIENTED_EDGE('',*,*,#939,.T.);
#459=ORIENTED_EDGE('',*,*,#873,.T.);
#460=ORIENTED_EDGE('',*,*,#835,.T.);
#461=ORIENTED_EDGE('',*,*,#911,.T.);
#462=ORIENTED_EDGE('',*,*,#940,.F.);
#463=ORIENTED_EDGE('',*,*,#938,.T.);
#464=ORIENTED_EDGE('',*,*,#832,.F.);
#465=ORIENTED_EDGE('',*,*,#915,.T.);
#466=ORIENTED_EDGE('',*,*,#941,.T.);
#467=ORIENTED_EDGE('',*,*,#912,.T.);
#468=ORIENTED_EDGE('',*,*,#942,.F.);
#469=ORIENTED_EDGE('',*,*,#943,.T.);
#470=ORIENTED_EDGE('',*,*,#807,.T.);
#471=ORIENTED_EDGE('',*,*,#944,.F.);
#472=ORIENTED_EDGE('',*,*,#945,.F.);
#473=ORIENTED_EDGE('',*,*,#946,.F.);
#474=ORIENTED_EDGE('',*,*,#819,.F.);
#475=ORIENTED_EDGE('',*,*,#818,.F.);
#476=ORIENTED_EDGE('',*,*,#947,.F.);
#477=ORIENTED_EDGE('',*,*,#948,.F.);
#478=ORIENTED_EDGE('',*,*,#949,.F.);
#479=ORIENTED_EDGE('',*,*,#950,.F.);
#480=ORIENTED_EDGE('',*,*,#816,.F.);
#481=ORIENTED_EDGE('',*,*,#951,.F.);
#482=ORIENTED_EDGE('',*,*,#952,.F.);
#483=ORIENTED_EDGE('',*,*,#953,.F.);
#484=ORIENTED_EDGE('',*,*,#954,.F.);
#485=ORIENTED_EDGE('',*,*,#955,.F.);
#486=ORIENTED_EDGE('',*,*,#811,.F.);
#487=ORIENTED_EDGE('',*,*,#810,.F.);
#488=ORIENTED_EDGE('',*,*,#956,.F.);
#489=ORIENTED_EDGE('',*,*,#957,.F.);
#490=ORIENTED_EDGE('',*,*,#958,.F.);
#491=ORIENTED_EDGE('',*,*,#959,.F.);
#492=ORIENTED_EDGE('',*,*,#960,.F.);
#493=ORIENTED_EDGE('',*,*,#813,.F.);
#494=ORIENTED_EDGE('',*,*,#961,.F.);
#495=ORIENTED_EDGE('',*,*,#962,.F.);
#496=ORIENTED_EDGE('',*,*,#963,.F.);
#497=ORIENTED_EDGE('',*,*,#958,.T.);
#498=ORIENTED_EDGE('',*,*,#964,.T.);
#499=ORIENTED_EDGE('',*,*,#965,.T.);
#500=ORIENTED_EDGE('',*,*,#953,.T.);
#501=ORIENTED_EDGE('',*,*,#966,.F.);
#502=ORIENTED_EDGE('',*,*,#814,.F.);
#503=ORIENTED_EDGE('',*,*,#960,.T.);
#504=ORIENTED_EDGE('',*,*,#967,.F.);
#505=ORIENTED_EDGE('',*,*,#968,.F.);
#506=ORIENTED_EDGE('',*,*,#951,.T.);
#507=ORIENTED_EDGE('',*,*,#815,.F.);
#508=ORIENTED_EDGE('',*,*,#968,.T.);
#509=ORIENTED_EDGE('',*,*,#967,.T.);
#510=ORIENTED_EDGE('',*,*,#959,.T.);
#511=ORIENTED_EDGE('',*,*,#963,.T.);
#512=ORIENTED_EDGE('',*,*,#966,.T.);
#513=ORIENTED_EDGE('',*,*,#952,.T.);
#514=ORIENTED_EDGE('',*,*,#969,.F.);
#515=ORIENTED_EDGE('',*,*,#961,.T.);
#516=ORIENTED_EDGE('',*,*,#812,.T.);
#517=ORIENTED_EDGE('',*,*,#955,.T.);
#518=ORIENTED_EDGE('',*,*,#970,.F.);
#519=ORIENTED_EDGE('',*,*,#956,.T.);
#520=ORIENTED_EDGE('',*,*,#809,.T.);
#521=ORIENTED_EDGE('',*,*,#971,.F.);
#522=ORIENTED_EDGE('',*,*,#808,.F.);
#523=ORIENTED_EDGE('',*,*,#943,.F.);
#524=ORIENTED_EDGE('',*,*,#972,.T.);
#525=ORIENTED_EDGE('',*,*,#971,.T.);
#526=ORIENTED_EDGE('',*,*,#821,.F.);
#527=ORIENTED_EDGE('',*,*,#973,.F.);
#528=ORIENTED_EDGE('',*,*,#974,.T.);
#529=ORIENTED_EDGE('',*,*,#909,.T.);
#530=ORIENTED_EDGE('',*,*,#820,.T.);
#531=ORIENTED_EDGE('',*,*,#946,.T.);
#532=ORIENTED_EDGE('',*,*,#975,.F.);
#533=ORIENTED_EDGE('',*,*,#973,.T.);
#534=ORIENTED_EDGE('',*,*,#817,.F.);
#535=ORIENTED_EDGE('',*,*,#950,.T.);
#536=ORIENTED_EDGE('',*,*,#976,.T.);
#537=ORIENTED_EDGE('',*,*,#947,.T.);
#538=ORIENTED_EDGE('',*,*,#977,.F.);
#539=ORIENTED_EDGE('',*,*,#978,.F.);
#540=ORIENTED_EDGE('',*,*,#804,.F.);
#541=ORIENTED_EDGE('',*,*,#803,.F.);
#542=ORIENTED_EDGE('',*,*,#979,.F.);
#543=ORIENTED_EDGE('',*,*,#980,.F.);
#544=ORIENTED_EDGE('',*,*,#981,.F.);
#545=ORIENTED_EDGE('',*,*,#982,.F.);
#546=ORIENTED_EDGE('',*,*,#801,.F.);
#547=ORIENTED_EDGE('',*,*,#983,.F.);
#548=ORIENTED_EDGE('',*,*,#984,.F.);
#549=ORIENTED_EDGE('',*,*,#985,.F.);
#550=ORIENTED_EDGE('',*,*,#986,.F.);
#551=ORIENTED_EDGE('',*,*,#987,.F.);
#552=ORIENTED_EDGE('',*,*,#796,.F.);
#553=ORIENTED_EDGE('',*,*,#795,.F.);
#554=ORIENTED_EDGE('',*,*,#988,.F.);
#555=ORIENTED_EDGE('',*,*,#989,.F.);
#556=ORIENTED_EDGE('',*,*,#990,.F.);
#557=ORIENTED_EDGE('',*,*,#991,.F.);
#558=ORIENTED_EDGE('',*,*,#992,.F.);
#559=ORIENTED_EDGE('',*,*,#798,.F.);
#560=ORIENTED_EDGE('',*,*,#993,.F.);
#561=ORIENTED_EDGE('',*,*,#994,.F.);
#562=ORIENTED_EDGE('',*,*,#995,.F.);
#563=ORIENTED_EDGE('',*,*,#990,.T.);
#564=ORIENTED_EDGE('',*,*,#996,.T.);
#565=ORIENTED_EDGE('',*,*,#997,.T.);
#566=ORIENTED_EDGE('',*,*,#985,.T.);
#567=ORIENTED_EDGE('',*,*,#998,.F.);
#568=ORIENTED_EDGE('',*,*,#799,.F.);
#569=ORIENTED_EDGE('',*,*,#992,.T.);
#570=ORIENTED_EDGE('',*,*,#999,.F.);
#571=ORIENTED_EDGE('',*,*,#1000,.F.);
#572=ORIENTED_EDGE('',*,*,#983,.T.);
#573=ORIENTED_EDGE('',*,*,#800,.F.);
#574=ORIENTED_EDGE('',*,*,#1000,.T.);
#575=ORIENTED_EDGE('',*,*,#999,.T.);
#576=ORIENTED_EDGE('',*,*,#991,.T.);
#577=ORIENTED_EDGE('',*,*,#995,.T.);
#578=ORIENTED_EDGE('',*,*,#998,.T.);
#579=ORIENTED_EDGE('',*,*,#984,.T.);
#580=ORIENTED_EDGE('',*,*,#1001,.F.);
#581=ORIENTED_EDGE('',*,*,#993,.T.);
#582=ORIENTED_EDGE('',*,*,#797,.T.);
#583=ORIENTED_EDGE('',*,*,#987,.T.);
#584=ORIENTED_EDGE('',*,*,#1002,.F.);
#585=ORIENTED_EDGE('',*,*,#988,.T.);
#586=ORIENTED_EDGE('',*,*,#794,.T.);
#587=ORIENTED_EDGE('',*,*,#1003,.F.);
#588=ORIENTED_EDGE('',*,*,#793,.F.);
#589=ORIENTED_EDGE('',*,*,#1004,.T.);
#590=ORIENTED_EDGE('',*,*,#1005,.T.);
#591=ORIENTED_EDGE('',*,*,#1003,.T.);
#592=ORIENTED_EDGE('',*,*,#806,.F.);
#593=ORIENTED_EDGE('',*,*,#1006,.F.);
#594=ORIENTED_EDGE('',*,*,#1007,.T.);
#595=ORIENTED_EDGE('',*,*,#944,.T.);
#596=ORIENTED_EDGE('',*,*,#805,.T.);
#597=ORIENTED_EDGE('',*,*,#978,.T.);
#598=ORIENTED_EDGE('',*,*,#1008,.F.);
#599=ORIENTED_EDGE('',*,*,#1006,.T.);
#600=ORIENTED_EDGE('',*,*,#802,.F.);
#601=ORIENTED_EDGE('',*,*,#982,.T.);
#602=ORIENTED_EDGE('',*,*,#1009,.T.);
#603=ORIENTED_EDGE('',*,*,#979,.T.);
#604=ORIENTED_EDGE('',*,*,#1010,.T.);
#605=ORIENTED_EDGE('',*,*,#1011,.T.);
#606=ORIENTED_EDGE('',*,*,#1012,.T.);
#607=ORIENTED_EDGE('',*,*,#1013,.T.);
#608=ORIENTED_EDGE('',*,*,#1014,.T.);
#609=ORIENTED_EDGE('',*,*,#1015,.T.);
#610=ORIENTED_EDGE('',*,*,#1016,.F.);
#611=ORIENTED_EDGE('',*,*,#1017,.T.);
#612=ORIENTED_EDGE('',*,*,#857,.T.);
#613=ORIENTED_EDGE('',*,*,#1018,.T.);
#614=ORIENTED_EDGE('',*,*,#1019,.F.);
#615=ORIENTED_EDGE('',*,*,#1020,.T.);
#616=ORIENTED_EDGE('',*,*,#854,.T.);
#617=ORIENTED_EDGE('',*,*,#1021,.F.);
#618=ORIENTED_EDGE('',*,*,#853,.F.);
#619=ORIENTED_EDGE('',*,*,#1022,.F.);
#620=ORIENTED_EDGE('',*,*,#1023,.T.);
#621=ORIENTED_EDGE('',*,*,#1021,.T.);
#622=ORIENTED_EDGE('',*,*,#1024,.F.);
#623=ORIENTED_EDGE('',*,*,#1022,.T.);
#624=ORIENTED_EDGE('',*,*,#852,.T.);
#625=ORIENTED_EDGE('',*,*,#904,.F.);
#626=ORIENTED_EDGE('',*,*,#1025,.T.);
#627=ORIENTED_EDGE('',*,*,#1026,.T.);
#628=ORIENTED_EDGE('',*,*,#866,.F.);
#629=ORIENTED_EDGE('',*,*,#1027,.F.);
#630=ORIENTED_EDGE('',*,*,#865,.T.);
#631=ORIENTED_EDGE('',*,*,#1028,.T.);
#632=ORIENTED_EDGE('',*,*,#1029,.F.);
#633=ORIENTED_EDGE('',*,*,#1027,.T.);
#634=ORIENTED_EDGE('',*,*,#862,.F.);
#635=ORIENTED_EDGE('',*,*,#1030,.T.);
#636=ORIENTED_EDGE('',*,*,#1031,.T.);
#637=ORIENTED_EDGE('',*,*,#1032,.T.);
#638=ORIENTED_EDGE('',*,*,#1005,.F.);
#639=ORIENTED_EDGE('',*,*,#1033,.T.);
#640=ORIENTED_EDGE('',*,*,#1034,.T.);
#641=ORIENTED_EDGE('',*,*,#1035,.T.);
#642=ORIENTED_EDGE('',*,*,#788,.F.);
#643=ORIENTED_EDGE('',*,*,#785,.F.);
#644=ORIENTED_EDGE('',*,*,#781,.F.);
#645=ORIENTED_EDGE('',*,*,#1036,.T.);
#646=ORIENTED_EDGE('',*,*,#1037,.T.);
#647=ORIENTED_EDGE('',*,*,#1038,.T.);
#648=ORIENTED_EDGE('',*,*,#1025,.F.);
#649=ORIENTED_EDGE('',*,*,#1029,.T.);
#650=ORIENTED_EDGE('',*,*,#1039,.T.);
#651=ORIENTED_EDGE('',*,*,#1040,.T.);
#652=ORIENTED_EDGE('',*,*,#1031,.F.);
#653=ORIENTED_EDGE('',*,*,#1041,.T.);
#654=ORIENTED_EDGE('',*,*,#1042,.F.);
#655=ORIENTED_EDGE('',*,*,#1043,.F.);
#656=ORIENTED_EDGE('',*,*,#1044,.T.);
#657=ORIENTED_EDGE('',*,*,#1016,.T.);
#658=ORIENTED_EDGE('',*,*,#1045,.T.);
#659=ORIENTED_EDGE('',*,*,#1046,.T.);
#660=ORIENTED_EDGE('',*,*,#1019,.T.);
#661=ORIENTED_EDGE('',*,*,#1023,.F.);
#662=ORIENTED_EDGE('',*,*,#1024,.T.);
#663=ORIENTED_EDGE('',*,*,#903,.F.);
#664=ORIENTED_EDGE('',*,*,#905,.T.);
#665=ORIENTED_EDGE('',*,*,#874,.T.);
#666=ORIENTED_EDGE('',*,*,#877,.T.);
#667=ORIENTED_EDGE('',*,*,#906,.F.);
#668=ORIENTED_EDGE('',*,*,#878,.T.);
#669=ORIENTED_EDGE('',*,*,#894,.F.);
#670=ORIENTED_EDGE('',*,*,#893,.F.);
#671=ORIENTED_EDGE('',*,*,#891,.T.);
#672=ORIENTED_EDGE('',*,*,#898,.T.);
#673=ORIENTED_EDGE('',*,*,#883,.T.);
#674=ORIENTED_EDGE('',*,*,#886,.T.);
#675=ORIENTED_EDGE('',*,*,#899,.T.);
#676=ORIENTED_EDGE('',*,*,#901,.F.);
#677=ORIENTED_EDGE('',*,*,#871,.T.);
#678=ORIENTED_EDGE('',*,*,#939,.F.);
#679=ORIENTED_EDGE('',*,*,#940,.T.);
#680=ORIENTED_EDGE('',*,*,#910,.T.);
#681=ORIENTED_EDGE('',*,*,#913,.T.);
#682=ORIENTED_EDGE('',*,*,#941,.F.);
#683=ORIENTED_EDGE('',*,*,#914,.T.);
#684=ORIENTED_EDGE('',*,*,#930,.F.);
#685=ORIENTED_EDGE('',*,*,#929,.F.);
#686=ORIENTED_EDGE('',*,*,#927,.T.);
#687=ORIENTED_EDGE('',*,*,#934,.T.);
#688=ORIENTED_EDGE('',*,*,#919,.T.);
#689=ORIENTED_EDGE('',*,*,#922,.T.);
#690=ORIENTED_EDGE('',*,*,#935,.T.);
#691=ORIENTED_EDGE('',*,*,#937,.F.);
#692=ORIENTED_EDGE('',*,*,#907,.T.);
#693=ORIENTED_EDGE('',*,*,#974,.F.);
#694=ORIENTED_EDGE('',*,*,#975,.T.);
#695=ORIENTED_EDGE('',*,*,#945,.T.);
#696=ORIENTED_EDGE('',*,*,#948,.T.);
#697=ORIENTED_EDGE('',*,*,#976,.F.);
#698=ORIENTED_EDGE('',*,*,#949,.T.);
#699=ORIENTED_EDGE('',*,*,#965,.F.);
#700=ORIENTED_EDGE('',*,*,#964,.F.);
#701=ORIENTED_EDGE('',*,*,#962,.T.);
#702=ORIENTED_EDGE('',*,*,#969,.T.);
#703=ORIENTED_EDGE('',*,*,#954,.T.);
#704=ORIENTED_EDGE('',*,*,#957,.T.);
#705=ORIENTED_EDGE('',*,*,#970,.T.);
#706=ORIENTED_EDGE('',*,*,#972,.F.);
#707=ORIENTED_EDGE('',*,*,#942,.T.);
#708=ORIENTED_EDGE('',*,*,#1007,.F.);
#709=ORIENTED_EDGE('',*,*,#1008,.T.);
#710=ORIENTED_EDGE('',*,*,#977,.T.);
#711=ORIENTED_EDGE('',*,*,#980,.T.);
#712=ORIENTED_EDGE('',*,*,#1009,.F.);
#713=ORIENTED_EDGE('',*,*,#981,.T.);
#714=ORIENTED_EDGE('',*,*,#997,.F.);
#715=ORIENTED_EDGE('',*,*,#996,.F.);
#716=ORIENTED_EDGE('',*,*,#994,.T.);
#717=ORIENTED_EDGE('',*,*,#1001,.T.);
#718=ORIENTED_EDGE('',*,*,#986,.T.);
#719=ORIENTED_EDGE('',*,*,#989,.T.);
#720=ORIENTED_EDGE('',*,*,#1002,.T.);
#721=ORIENTED_EDGE('',*,*,#859,.F.);
#722=ORIENTED_EDGE('',*,*,#1047,.T.);
#723=ORIENTED_EDGE('',*,*,#1011,.F.);
#724=ORIENTED_EDGE('',*,*,#1010,.F.);
#725=ORIENTED_EDGE('',*,*,#1048,.T.);
#726=ORIENTED_EDGE('',*,*,#860,.F.);
#727=ORIENTED_EDGE('',*,*,#1013,.F.);
#728=ORIENTED_EDGE('',*,*,#1049,.T.);
#729=ORIENTED_EDGE('',*,*,#1043,.T.);
#730=ORIENTED_EDGE('',*,*,#1042,.T.);
#731=ORIENTED_EDGE('',*,*,#1050,.T.);
#732=ORIENTED_EDGE('',*,*,#1014,.F.);
#733=ORIENTED_EDGE('',*,*,#1049,.F.);
#734=ORIENTED_EDGE('',*,*,#1012,.F.);
#735=ORIENTED_EDGE('',*,*,#1047,.F.);
#736=ORIENTED_EDGE('',*,*,#858,.F.);
#737=ORIENTED_EDGE('',*,*,#1017,.F.);
#738=ORIENTED_EDGE('',*,*,#1044,.F.);
#739=ORIENTED_EDGE('',*,*,#1045,.F.);
#740=ORIENTED_EDGE('',*,*,#1018,.F.);
#741=ORIENTED_EDGE('',*,*,#856,.F.);
#742=ORIENTED_EDGE('',*,*,#855,.F.);
#743=ORIENTED_EDGE('',*,*,#1020,.F.);
#744=ORIENTED_EDGE('',*,*,#1046,.F.);
#745=ORIENTED_EDGE('',*,*,#1041,.F.);
#746=ORIENTED_EDGE('',*,*,#1030,.F.);
#747=ORIENTED_EDGE('',*,*,#861,.F.);
#748=ORIENTED_EDGE('',*,*,#1048,.F.);
#749=ORIENTED_EDGE('',*,*,#1015,.F.);
#750=ORIENTED_EDGE('',*,*,#1050,.F.);
#751=ORIENTED_EDGE('',*,*,#1039,.F.);
#752=ORIENTED_EDGE('',*,*,#1028,.F.);
#753=ORIENTED_EDGE('',*,*,#864,.F.);
#754=ORIENTED_EDGE('',*,*,#863,.F.);
#755=ORIENTED_EDGE('',*,*,#1032,.F.);
#756=ORIENTED_EDGE('',*,*,#1040,.F.);
#757=ORIENTED_EDGE('',*,*,#1034,.F.);
#758=ORIENTED_EDGE('',*,*,#1051,.T.);
#759=ORIENTED_EDGE('',*,*,#791,.F.);
#760=ORIENTED_EDGE('',*,*,#1052,.T.);
#761=ORIENTED_EDGE('',*,*,#1037,.F.);
#762=ORIENTED_EDGE('',*,*,#1053,.T.);
#763=ORIENTED_EDGE('',*,*,#868,.F.);
#764=ORIENTED_EDGE('',*,*,#1054,.T.);
#765=ORIENTED_EDGE('',*,*,#1033,.F.);
#766=ORIENTED_EDGE('',*,*,#1004,.F.);
#767=ORIENTED_EDGE('',*,*,#792,.F.);
#768=ORIENTED_EDGE('',*,*,#1051,.F.);
#769=ORIENTED_EDGE('',*,*,#1035,.F.);
#770=ORIENTED_EDGE('',*,*,#1052,.F.);
#771=ORIENTED_EDGE('',*,*,#870,.F.);
#772=ORIENTED_EDGE('',*,*,#789,.F.);
#773=ORIENTED_EDGE('',*,*,#1036,.F.);
#774=ORIENTED_EDGE('',*,*,#784,.F.);
#775=ORIENTED_EDGE('',*,*,#869,.F.);
#776=ORIENTED_EDGE('',*,*,#1053,.F.);
#777=ORIENTED_EDGE('',*,*,#1038,.F.);
#778=ORIENTED_EDGE('',*,*,#1054,.F.);
#779=ORIENTED_EDGE('',*,*,#867,.F.);
#780=ORIENTED_EDGE('',*,*,#1026,.F.);
#781=EDGE_CURVE('',#1055,#1056,#1251,.T.);
#782=EDGE_CURVE('',#1056,#1057,#231,.T.);
#783=EDGE_CURVE('',#1058,#1057,#1252,.T.);
#784=EDGE_CURVE('',#1058,#1055,#71,.F.);
#785=EDGE_CURVE('',#1056,#1059,#1253,.T.);
#786=EDGE_CURVE('',#1059,#1060,#232,.T.);
#787=EDGE_CURVE('',#1057,#1060,#1254,.T.);
#788=EDGE_CURVE('',#1059,#1061,#1255,.T.);
#789=EDGE_CURVE('',#1061,#1062,#72,.T.);
#790=EDGE_CURVE('',#1060,#1062,#1256,.T.);
#791=EDGE_CURVE('',#1063,#1064,#73,.T.);
#792=EDGE_CURVE('',#1064,#1065,#1257,.F.);
#793=EDGE_CURVE('',#1065,#1066,#1258,.T.);
#794=EDGE_CURVE('',#1067,#1066,#1259,.T.);
#795=EDGE_CURVE('',#1067,#1068,#1260,.F.);
#796=EDGE_CURVE('',#1068,#1069,#1261,.F.);
#797=EDGE_CURVE('',#1070,#1069,#74,.T.);
#798=EDGE_CURVE('',#1070,#1071,#1262,.F.);
#799=EDGE_CURVE('',#1071,#1072,#1263,.F.);
#800=EDGE_CURVE('',#1072,#1073,#1264,.F.);
#801=EDGE_CURVE('',#1073,#1074,#12,.T.);
#802=EDGE_CURVE('',#1074,#1075,#75,.T.);
#803=EDGE_CURVE('',#1075,#1076,#1265,.F.);
#804=EDGE_CURVE('',#1076,#1077,#1266,.F.);
#805=EDGE_CURVE('',#1078,#1077,#1267,.T.);
#806=EDGE_CURVE('',#1078,#1079,#1268,.T.);
#807=EDGE_CURVE('',#1080,#1079,#1269,.T.);
#808=EDGE_CURVE('',#1080,#1081,#1270,.T.);
#809=EDGE_CURVE('',#1082,#1081,#1271,.T.);
#810=EDGE_CURVE('',#1082,#1083,#1272,.F.);
#811=EDGE_CURVE('',#1083,#1084,#1273,.F.);
#812=EDGE_CURVE('',#1085,#1084,#76,.T.);
#813=EDGE_CURVE('',#1085,#1086,#1274,.F.);
#814=EDGE_CURVE('',#1086,#1087,#1275,.F.);
#815=EDGE_CURVE('',#1087,#1088,#1276,.F.);
#816=EDGE_CURVE('',#1088,#1089,#13,.T.);
#817=EDGE_CURVE('',#1089,#1090,#77,.T.);
#818=EDGE_CURVE('',#1090,#1091,#1277,.F.);
#819=EDGE_CURVE('',#1091,#1092,#1278,.F.);
#820=EDGE_CURVE('',#1093,#1092,#1279,.T.);
#821=EDGE_CURVE('',#1093,#1094,#1280,.T.);
#822=EDGE_CURVE('',#1095,#1094,#1281,.T.);
#823=EDGE_CURVE('',#1095,#1096,#1282,.T.);
#824=EDGE_CURVE('',#1097,#1096,#1283,.T.);
#825=EDGE_CURVE('',#1097,#1098,#1284,.F.);
#826=EDGE_CURVE('',#1098,#1099,#1285,.F.);
#827=EDGE_CURVE('',#1100,#1099,#78,.T.);
#828=EDGE_CURVE('',#1100,#1101,#1286,.F.);
#829=EDGE_CURVE('',#1101,#1102,#1287,.F.);
#830=EDGE_CURVE('',#1102,#1103,#1288,.F.);
#831=EDGE_CURVE('',#1103,#1104,#14,.T.);
#832=EDGE_CURVE('',#1104,#1105,#79,.T.);
#833=EDGE_CURVE('',#1105,#1106,#1289,.F.);
#834=EDGE_CURVE('',#1106,#1107,#1290,.F.);
#835=EDGE_CURVE('',#1108,#1107,#1291,.T.);
#836=EDGE_CURVE('',#1108,#1109,#1292,.T.);
#837=EDGE_CURVE('',#1110,#1109,#1293,.T.);
#838=EDGE_CURVE('',#1110,#1111,#1294,.T.);
#839=EDGE_CURVE('',#1112,#1111,#1295,.T.);
#840=EDGE_CURVE('',#1112,#1113,#1296,.F.);
#841=EDGE_CURVE('',#1113,#1114,#1297,.F.);
#842=EDGE_CURVE('',#1115,#1114,#80,.T.);
#843=EDGE_CURVE('',#1115,#1116,#1298,.F.);
#844=EDGE_CURVE('',#1116,#1117,#1299,.F.);
#845=EDGE_CURVE('',#1117,#1118,#1300,.F.);
#846=EDGE_CURVE('',#1118,#1119,#15,.T.);
#847=EDGE_CURVE('',#1119,#1120,#81,.T.);
#848=EDGE_CURVE('',#1120,#1121,#1301,.F.);
#849=EDGE_CURVE('',#1121,#1122,#1302,.F.);
#850=EDGE_CURVE('',#1123,#1122,#1303,.T.);
#851=EDGE_CURVE('',#1123,#1124,#1304,.T.);
#852=EDGE_CURVE('',#1125,#1124,#1305,.T.);
#853=EDGE_CURVE('',#1125,#1126,#1306,.T.);
#854=EDGE_CURVE('',#1127,#1126,#1307,.T.);
#855=EDGE_CURVE('',#1127,#1128,#1308,.F.);
#856=EDGE_CURVE('',#1128,#1129,#1309,.F.);
#857=EDGE_CURVE('',#1130,#1129,#82,.T.);
#858=EDGE_CURVE('',#1130,#1131,#1310,.F.);
#859=EDGE_CURVE('',#1131,#1132,#1311,.F.);
#860=EDGE_CURVE('',#1132,#1133,#1312,.F.);
#861=EDGE_CURVE('',#1133,#1134,#16,.T.);
#862=EDGE_CURVE('',#1134,#1135,#83,.T.);
#863=EDGE_CURVE('',#1135,#1136,#1313,.F.);
#864=EDGE_CURVE('',#1136,#1137,#1314,.F.);
#865=EDGE_CURVE('',#1138,#1137,#1315,.T.);
#866=EDGE_CURVE('',#1138,#1139,#1316,.T.);
#867=EDGE_CURVE('',#1139,#1140,#1317,.F.);
#868=EDGE_CURVE('',#1140,#1141,#84,.T.);
#869=EDGE_CURVE('',#1141,#1058,#1318,.F.);
#870=EDGE_CURVE('',#1062,#1063,#1319,.F.);
#871=EDGE_CURVE('',#1142,#1143,#1320,.T.);
#872=EDGE_CURVE('',#1142,#1110,#85,.T.);
#873=EDGE_CURVE('',#1143,#1109,#86,.T.);
#874=EDGE_CURVE('',#1144,#1145,#1321,.T.);
#875=EDGE_CURVE('',#1122,#1144,#87,.F.);
#876=EDGE_CURVE('',#1146,#1120,#88,.F.);
#877=EDGE_CURVE('',#1145,#1146,#1322,.T.);
#878=EDGE_CURVE('',#1147,#1148,#17,.T.);
#879=EDGE_CURVE('',#1119,#1147,#18,.T.);
#880=EDGE_CURVE('',#1149,#1118,#19,.T.);
#881=EDGE_CURVE('',#1150,#1149,#20,.T.);
#882=EDGE_CURVE('',#1148,#1150,#21,.T.);
#883=EDGE_CURVE('',#1151,#1152,#1323,.T.);
#884=EDGE_CURVE('',#1114,#1151,#89,.F.);
#885=EDGE_CURVE('',#1153,#1112,#90,.T.);
#886=EDGE_CURVE('',#1152,#1153,#1324,.T.);
#887=EDGE_CURVE('',#1154,#1155,#22,.F.);
#888=EDGE_CURVE('',#1156,#1154,#91,.F.);
#889=EDGE_CURVE('',#1116,#1156,#23,.T.);
#890=EDGE_CURVE('',#1157,#1115,#92,.T.);
#891=EDGE_CURVE('',#1155,#1157,#1325,.T.);
#892=EDGE_CURVE('',#1154,#1158,#1326,.F.);
#893=EDGE_CURVE('',#1155,#1159,#1327,.F.);
#894=EDGE_CURVE('',#1159,#1148,#1328,.F.);
#895=EDGE_CURVE('',#1158,#1150,#1329,.F.);
#896=EDGE_CURVE('',#1160,#1156,#1330,.T.);
#897=EDGE_CURVE('',#1149,#1160,#1331,.T.);
#898=EDGE_CURVE('',#1157,#1151,#93,.T.);
#899=EDGE_CURVE('',#1153,#1161,#1332,.T.);
#900=EDGE_CURVE('',#1161,#1111,#94,.T.);
#901=EDGE_CURVE('',#1142,#1161,#1333,.T.);
#902=EDGE_CURVE('',#1162,#1123,#95,.T.);
#903=EDGE_CURVE('',#1162,#1163,#1334,.T.);
#904=EDGE_CURVE('',#1163,#1124,#96,.T.);
#905=EDGE_CURVE('',#1162,#1144,#1335,.T.);
#906=EDGE_CURVE('',#1147,#1146,#97,.T.);
#907=EDGE_CURVE('',#1164,#1165,#1336,.T.);
#908=EDGE_CURVE('',#1164,#1095,#98,.T.);
#909=EDGE_CURVE('',#1165,#1094,#99,.T.);
#910=EDGE_CURVE('',#1166,#1167,#1337,.T.);
#911=EDGE_CURVE('',#1107,#1166,#100,.F.);
#912=EDGE_CURVE('',#1168,#1105,#101,.F.);
#913=EDGE_CURVE('',#1167,#1168,#1338,.T.);
#914=EDGE_CURVE('',#1169,#1170,#24,.T.);
#915=EDGE_CURVE('',#1104,#1169,#25,.T.);
#916=EDGE_CURVE('',#1171,#1103,#26,.T.);
#917=EDGE_CURVE('',#1172,#1171,#27,.T.);
#918=EDGE_CURVE('',#1170,#1172,#28,.T.);
#919=EDGE_CURVE('',#1173,#1174,#1339,.T.);
#920=EDGE_CURVE('',#1099,#1173,#102,.F.);
#921=EDGE_CURVE('',#1175,#1097,#103,.T.);
#922=EDGE_CURVE('',#1174,#1175,#1340,.T.);
#923=EDGE_CURVE('',#1176,#1177,#29,.F.);
#924=EDGE_CURVE('',#1178,#1176,#104,.F.);
#925=EDGE_CURVE('',#1101,#1178,#30,.T.);
#926=EDGE_CURVE('',#1179,#1100,#105,.T.);
#927=EDGE_CURVE('',#1177,#1179,#1341,.T.);
#928=EDGE_CURVE('',#1176,#1180,#1342,.F.);
#929=EDGE_CURVE('',#1177,#1181,#1343,.F.);
#930=EDGE_CURVE('',#1181,#1170,#1344,.F.);
#931=EDGE_CURVE('',#1180,#1172,#1345,.F.);
#932=EDGE_CURVE('',#1182,#1178,#1346,.T.);
#933=EDGE_CURVE('',#1171,#1182,#1347,.T.);
#934=EDGE_CURVE('',#1179,#1173,#106,.T.);
#935=EDGE_CURVE('',#1175,#1183,#1348,.T.);
#936=EDGE_CURVE('',#1183,#1096,#107,.T.);
#937=EDGE_CURVE('',#1164,#1183,#1349,.T.);
#938=EDGE_CURVE('',#1184,#1108,#108,.T.);
#939=EDGE_CURVE('',#1184,#1143,#1350,.T.);
#940=EDGE_CURVE('',#1184,#1166,#1351,.T.);
#941=EDGE_CURVE('',#1169,#1168,#109,.T.);
#942=EDGE_CURVE('',#1185,#1186,#1352,.T.);
#943=EDGE_CURVE('',#1185,#1080,#110,.T.);
#944=EDGE_CURVE('',#1186,#1079,#111,.T.);
#945=EDGE_CURVE('',#1187,#1188,#1353,.T.);
#946=EDGE_CURVE('',#1092,#1187,#112,.F.);
#947=EDGE_CURVE('',#1189,#1090,#113,.F.);
#948=EDGE_CURVE('',#1188,#1189,#1354,.T.);
#949=EDGE_CURVE('',#1190,#1191,#31,.T.);
#950=EDGE_CURVE('',#1089,#1190,#32,.T.);
#951=EDGE_CURVE('',#1192,#1088,#33,.T.);
#952=EDGE_CURVE('',#1193,#1192,#34,.T.);
#953=EDGE_CURVE('',#1191,#1193,#35,.T.);
#954=EDGE_CURVE('',#1194,#1195,#1355,.T.);
#955=EDGE_CURVE('',#1084,#1194,#114,.F.);
#956=EDGE_CURVE('',#1196,#1082,#115,.T.);
#957=EDGE_CURVE('',#1195,#1196,#1356,.T.);
#958=EDGE_CURVE('',#1197,#1198,#36,.F.);
#959=EDGE_CURVE('',#1199,#1197,#116,.F.);
#960=EDGE_CURVE('',#1086,#1199,#37,.T.);
#961=EDGE_CURVE('',#1200,#1085,#117,.T.);
#962=EDGE_CURVE('',#1198,#1200,#1357,.T.);
#963=EDGE_CURVE('',#1197,#1201,#1358,.F.);
#964=EDGE_CURVE('',#1198,#1202,#1359,.F.);
#965=EDGE_CURVE('',#1202,#1191,#1360,.F.);
#966=EDGE_CURVE('',#1201,#1193,#1361,.F.);
#967=EDGE_CURVE('',#1203,#1199,#1362,.T.);
#968=EDGE_CURVE('',#1192,#1203,#1363,.T.);
#969=EDGE_CURVE('',#1200,#1194,#118,.T.);
#970=EDGE_CURVE('',#1196,#1204,#1364,.T.);
#971=EDGE_CURVE('',#1204,#1081,#119,.T.);
#972=EDGE_CURVE('',#1185,#1204,#1365,.T.);
#973=EDGE_CURVE('',#1205,#1093,#120,.T.);
#974=EDGE_CURVE('',#1205,#1165,#1366,.T.);
#975=EDGE_CURVE('',#1205,#1187,#1367,.T.);
#976=EDGE_CURVE('',#1190,#1189,#121,.T.);
#977=EDGE_CURVE('',#1206,#1207,#1368,.T.);
#978=EDGE_CURVE('',#1077,#1206,#122,.F.);
#979=EDGE_CURVE('',#1208,#1075,#123,.F.);
#980=EDGE_CURVE('',#1207,#1208,#1369,.T.);
#981=EDGE_CURVE('',#1209,#1210,#38,.T.);
#982=EDGE_CURVE('',#1074,#1209,#39,.T.);
#983=EDGE_CURVE('',#1211,#1073,#40,.T.);
#984=EDGE_CURVE('',#1212,#1211,#41,.T.);
#985=EDGE_CURVE('',#1210,#1212,#42,.T.);
#986=EDGE_CURVE('',#1213,#1214,#1370,.T.);
#987=EDGE_CURVE('',#1069,#1213,#124,.F.);
#988=EDGE_CURVE('',#1215,#1067,#125,.T.);
#989=EDGE_CURVE('',#1214,#1215,#1371,.T.);
#990=EDGE_CURVE('',#1216,#1217,#43,.F.);
#991=EDGE_CURVE('',#1218,#1216,#126,.F.);
#992=EDGE_CURVE('',#1071,#1218,#44,.T.);
#993=EDGE_CURVE('',#1219,#1070,#127,.T.);
#994=EDGE_CURVE('',#1217,#1219,#1372,.T.);
#995=EDGE_CURVE('',#1216,#1220,#1373,.F.);
#996=EDGE_CURVE('',#1217,#1221,#1374,.F.);
#997=EDGE_CURVE('',#1221,#1210,#1375,.F.);
#998=EDGE_CURVE('',#1220,#1212,#1376,.F.);
#999=EDGE_CURVE('',#1222,#1218,#1377,.T.);
#1000=EDGE_CURVE('',#1211,#1222,#1378,.T.);
#1001=EDGE_CURVE('',#1219,#1213,#128,.T.);
#1002=EDGE_CURVE('',#1215,#1223,#1379,.T.);
#1003=EDGE_CURVE('',#1223,#1066,#129,.T.);
#1004=EDGE_CURVE('',#1065,#1224,#130,.F.);
#1005=EDGE_CURVE('',#1224,#1223,#1380,.T.);
#1006=EDGE_CURVE('',#1225,#1078,#131,.T.);
#1007=EDGE_CURVE('',#1225,#1186,#1381,.T.);
#1008=EDGE_CURVE('',#1225,#1206,#1382,.T.);
#1009=EDGE_CURVE('',#1209,#1208,#132,.T.);
#1010=EDGE_CURVE('',#1226,#1227,#1383,.T.);
#1011=EDGE_CURVE('',#1227,#1228,#1384,.T.);
#1012=EDGE_CURVE('',#1228,#1229,#133,.F.);
#1013=EDGE_CURVE('',#1229,#1230,#1385,.F.);
#1014=EDGE_CURVE('',#1230,#1231,#1386,.F.);
#1015=EDGE_CURVE('',#1231,#1226,#45,.T.);
#1016=EDGE_CURVE('',#1232,#1233,#134,.T.);
#1017=EDGE_CURVE('',#1232,#1130,#135,.T.);
#1018=EDGE_CURVE('',#1129,#1233,#136,.F.);
#1019=EDGE_CURVE('',#1234,#1235,#1387,.T.);
#1020=EDGE_CURVE('',#1234,#1127,#137,.T.);
#1021=EDGE_CURVE('',#1235,#1126,#138,.T.);
#1022=EDGE_CURVE('',#1236,#1125,#139,.T.);
#1023=EDGE_CURVE('',#1236,#1235,#1388,.T.);
#1024=EDGE_CURVE('',#1236,#1163,#1389,.T.);
#1025=EDGE_CURVE('',#1237,#1238,#1390,.T.);
#1026=EDGE_CURVE('',#1238,#1139,#140,.T.);
#1027=EDGE_CURVE('',#1237,#1138,#141,.T.);
#1028=EDGE_CURVE('',#1137,#1239,#142,.F.);
#1029=EDGE_CURVE('',#1237,#1239,#1391,.T.);
#1030=EDGE_CURVE('',#1134,#1240,#46,.T.);
#1031=EDGE_CURVE('',#1240,#1241,#143,.T.);
#1032=EDGE_CURVE('',#1241,#1135,#144,.F.);
#1033=EDGE_CURVE('',#1224,#1242,#1392,.T.);
#1034=EDGE_CURVE('',#1242,#1243,#145,.T.);
#1035=EDGE_CURVE('',#1243,#1061,#1393,.T.);
#1036=EDGE_CURVE('',#1055,#1244,#1394,.T.);
#1037=EDGE_CURVE('',#1244,#1245,#146,.T.);
#1038=EDGE_CURVE('',#1245,#1238,#1395,.T.);
#1039=EDGE_CURVE('',#1239,#1246,#1396,.T.);
#1040=EDGE_CURVE('',#1246,#1241,#1397,.T.);
#1041=EDGE_CURVE('',#1240,#1247,#47,.T.);
#1042=EDGE_CURVE('',#1248,#1247,#1398,.F.);
#1043=EDGE_CURVE('',#1249,#1248,#1399,.F.);
#1044=EDGE_CURVE('',#1249,#1232,#1400,.T.);
#1045=EDGE_CURVE('',#1233,#1250,#1401,.T.);
#1046=EDGE_CURVE('',#1250,#1234,#1402,.T.);
#1047=EDGE_CURVE('',#1131,#1228,#48,.T.);
#1048=EDGE_CURVE('',#1226,#1133,#49,.T.);
#1049=EDGE_CURVE('',#1229,#1249,#50,.F.);
#1050=EDGE_CURVE('',#1247,#1231,#51,.T.);
#1051=EDGE_CURVE('',#1242,#1064,#147,.T.);
#1052=EDGE_CURVE('',#1063,#1243,#148,.F.);
#1053=EDGE_CURVE('',#1244,#1141,#149,.T.);
#1054=EDGE_CURVE('',#1140,#1245,#150,.F.);
#1055=VERTEX_POINT('',#2265);
#1056=VERTEX_POINT('',#2266);
#1057=VERTEX_POINT('',#2269);
#1058=VERTEX_POINT('',#2271);
#1059=VERTEX_POINT('',#2282);
#1060=VERTEX_POINT('',#2285);
#1061=VERTEX_POINT('',#2296);
#1062=VERTEX_POINT('',#2298);
#1063=VERTEX_POINT('',#2305);
#1064=VERTEX_POINT('',#2306);
#1065=VERTEX_POINT('',#2308);
#1066=VERTEX_POINT('',#2310);
#1067=VERTEX_POINT('',#2312);
#1068=VERTEX_POINT('',#2314);
#1069=VERTEX_POINT('',#2316);
#1070=VERTEX_POINT('',#2318);
#1071=VERTEX_POINT('',#2320);
#1072=VERTEX_POINT('',#2322);
#1073=VERTEX_POINT('',#2324);
#1074=VERTEX_POINT('',#2329);
#1075=VERTEX_POINT('',#2331);
#1076=VERTEX_POINT('',#2333);
#1077=VERTEX_POINT('',#2335);
#1078=VERTEX_POINT('',#2337);
#1079=VERTEX_POINT('',#2339);
#1080=VERTEX_POINT('',#2341);
#1081=VERTEX_POINT('',#2343);
#1082=VERTEX_POINT('',#2345);
#1083=VERTEX_POINT('',#2347);
#1084=VERTEX_POINT('',#2349);
#1085=VERTEX_POINT('',#2351);
#1086=VERTEX_POINT('',#2353);
#1087=VERTEX_POINT('',#2355);
#1088=VERTEX_POINT('',#2357);
#1089=VERTEX_POINT('',#2362);
#1090=VERTEX_POINT('',#2364);
#1091=VERTEX_POINT('',#2366);
#1092=VERTEX_POINT('',#2368);
#1093=VERTEX_POINT('',#2370);
#1094=VERTEX_POINT('',#2372);
#1095=VERTEX_POINT('',#2374);
#1096=VERTEX_POINT('',#2376);
#1097=VERTEX_POINT('',#2378);
#1098=VERTEX_POINT('',#2380);
#1099=VERTEX_POINT('',#2382);
#1100=VERTEX_POINT('',#2384);
#1101=VERTEX_POINT('',#2386);
#1102=VERTEX_POINT('',#2388);
#1103=VERTEX_POINT('',#2390);
#1104=VERTEX_POINT('',#2395);
#1105=VERTEX_POINT('',#2397);
#1106=VERTEX_POINT('',#2399);
#1107=VERTEX_POINT('',#2401);
#1108=VERTEX_POINT('',#2403);
#1109=VERTEX_POINT('',#2405);
#1110=VERTEX_POINT('',#2407);
#1111=VERTEX_POINT('',#2409);
#1112=VERTEX_POINT('',#2411);
#1113=VERTEX_POINT('',#2413);
#1114=VERTEX_POINT('',#2415);
#1115=VERTEX_POINT('',#2417);
#1116=VERTEX_POINT('',#2419);
#1117=VERTEX_POINT('',#2421);
#1118=VERTEX_POINT('',#2423);
#1119=VERTEX_POINT('',#2428);
#1120=VERTEX_POINT('',#2430);
#1121=VERTEX_POINT('',#2432);
#1122=VERTEX_POINT('',#2434);
#1123=VERTEX_POINT('',#2436);
#1124=VERTEX_POINT('',#2438);
#1125=VERTEX_POINT('',#2440);
#1126=VERTEX_POINT('',#2442);
#1127=VERTEX_POINT('',#2444);
#1128=VERTEX_POINT('',#2446);
#1129=VERTEX_POINT('',#2448);
#1130=VERTEX_POINT('',#2450);
#1131=VERTEX_POINT('',#2452);
#1132=VERTEX_POINT('',#2454);
#1133=VERTEX_POINT('',#2456);
#1134=VERTEX_POINT('',#2461);
#1135=VERTEX_POINT('',#2463);
#1136=VERTEX_POINT('',#2465);
#1137=VERTEX_POINT('',#2467);
#1138=VERTEX_POINT('',#2469);
#1139=VERTEX_POINT('',#2471);
#1140=VERTEX_POINT('',#2473);
#1141=VERTEX_POINT('',#2475);
#1142=VERTEX_POINT('',#2487);
#1143=VERTEX_POINT('',#2488);
#1144=VERTEX_POINT('',#2500);
#1145=VERTEX_POINT('',#2501);
#1146=VERTEX_POINT('',#2504);
#1147=VERTEX_POINT('',#2534);
#1148=VERTEX_POINT('',#2535);
#1149=VERTEX_POINT('',#2544);
#1150=VERTEX_POINT('',#2558);
#1151=VERTEX_POINT('',#2572);
#1152=VERTEX_POINT('',#2573);
#1153=VERTEX_POINT('',#2576);
#1154=VERTEX_POINT('',#2599);
#1155=VERTEX_POINT('',#2600);
#1156=VERTEX_POINT('',#2602);
#1157=VERTEX_POINT('',#2616);
#1158=VERTEX_POINT('',#2647);
#1159=VERTEX_POINT('',#2649);
#1160=VERTEX_POINT('',#2681);
#1161=VERTEX_POINT('',#2711);
#1162=VERTEX_POINT('',#2731);
#1163=VERTEX_POINT('',#2733);
#1164=VERTEX_POINT('',#2758);
#1165=VERTEX_POINT('',#2759);
#1166=VERTEX_POINT('',#2771);
#1167=VERTEX_POINT('',#2772);
#1168=VERTEX_POINT('',#2775);
#1169=VERTEX_POINT('',#2805);
#1170=VERTEX_POINT('',#2806);
#1171=VERTEX_POINT('',#2815);
#1172=VERTEX_POINT('',#2829);
#1173=VERTEX_POINT('',#2843);
#1174=VERTEX_POINT('',#2844);
#1175=VERTEX_POINT('',#2847);
#1176=VERTEX_POINT('',#2870);
#1177=VERTEX_POINT('',#2871);
#1178=VERTEX_POINT('',#2873);
#1179=VERTEX_POINT('',#2887);
#1180=VERTEX_POINT('',#2918);
#1181=VERTEX_POINT('',#2920);
#1182=VERTEX_POINT('',#2952);
#1183=VERTEX_POINT('',#2982);
#1184=VERTEX_POINT('',#3002);
#1185=VERTEX_POINT('',#3027);
#1186=VERTEX_POINT('',#3028);
#1187=VERTEX_POINT('',#3040);
#1188=VERTEX_POINT('',#3041);
#1189=VERTEX_POINT('',#3044);
#1190=VERTEX_POINT('',#3074);
#1191=VERTEX_POINT('',#3075);
#1192=VERTEX_POINT('',#3084);
#1193=VERTEX_POINT('',#3098);
#1194=VERTEX_POINT('',#3112);
#1195=VERTEX_POINT('',#3113);
#1196=VERTEX_POINT('',#3116);
#1197=VERTEX_POINT('',#3139);
#1198=VERTEX_POINT('',#3140);
#1199=VERTEX_POINT('',#3142);
#1200=VERTEX_POINT('',#3156);
#1201=VERTEX_POINT('',#3187);
#1202=VERTEX_POINT('',#3189);
#1203=VERTEX_POINT('',#3221);
#1204=VERTEX_POINT('',#3251);
#1205=VERTEX_POINT('',#3271);
#1206=VERTEX_POINT('',#3296);
#1207=VERTEX_POINT('',#3297);
#1208=VERTEX_POINT('',#3300);
#1209=VERTEX_POINT('',#3330);
#1210=VERTEX_POINT('',#3331);
#1211=VERTEX_POINT('',#3340);
#1212=VERTEX_POINT('',#3354);
#1213=VERTEX_POINT('',#3368);
#1214=VERTEX_POINT('',#3369);
#1215=VERTEX_POINT('',#3372);
#1216=VERTEX_POINT('',#3395);
#1217=VERTEX_POINT('',#3396);
#1218=VERTEX_POINT('',#3398);
#1219=VERTEX_POINT('',#3412);
#1220=VERTEX_POINT('',#3443);
#1221=VERTEX_POINT('',#3445);
#1222=VERTEX_POINT('',#3477);
#1223=VERTEX_POINT('',#3507);
#1224=VERTEX_POINT('',#3518);
#1225=VERTEX_POINT('',#3529);
#1226=VERTEX_POINT('',#3560);
#1227=VERTEX_POINT('',#3561);
#1228=VERTEX_POINT('',#3563);
#1229=VERTEX_POINT('',#3565);
#1230=VERTEX_POINT('',#3567);
#1231=VERTEX_POINT('',#3569);
#1232=VERTEX_POINT('',#3588);
#1233=VERTEX_POINT('',#3589);
#1234=VERTEX_POINT('',#3601);
#1235=VERTEX_POINT('',#3602);
#1236=VERTEX_POINT('',#3614);
#1237=VERTEX_POINT('',#3634);
#1238=VERTEX_POINT('',#3635);
#1239=VERTEX_POINT('',#3647);
#1240=VERTEX_POINT('',#3657);
#1241=VERTEX_POINT('',#3659);
#1242=VERTEX_POINT('',#3666);
#1243=VERTEX_POINT('',#3668);
#1244=VERTEX_POINT('',#3671);
#1245=VERTEX_POINT('',#3673);
#1246=VERTEX_POINT('',#3676);
#1247=VERTEX_POINT('',#3682);
#1248=VERTEX_POINT('',#3684);
#1249=VERTEX_POINT('',#3686);
#1250=VERTEX_POINT('',#3689);
#1251=CIRCLE('',#1717,9.);
#1252=CIRCLE('',#1718,9.);
#1253=CIRCLE('',#1719,9.);
#1254=CIRCLE('',#1720,9.);
#1255=CIRCLE('',#1721,9.);
#1256=CIRCLE('',#1722,9.);
#1257=CIRCLE('',#1723,1.);
#1258=CIRCLE('',#1724,8.34533375132758);
#1259=CIRCLE('',#1725,4.75);
#1260=CIRCLE('',#1726,0.5);
#1261=CIRCLE('',#1727,0.5);
#1262=CIRCLE('',#1728,0.5);
#1263=CIRCLE('',#1729,3.4944856023972);
#1264=CIRCLE('',#1730,3.4944856023972);
#1265=CIRCLE('',#1731,0.5);
#1266=CIRCLE('',#1732,0.5);
#1267=CIRCLE('',#1733,4.75);
#1268=CIRCLE('',#1734,7.22999034123369);
#1269=CIRCLE('',#1735,11.);
#1270=CIRCLE('',#1736,8.34533375132758);
#1271=CIRCLE('',#1737,4.75);
#1272=CIRCLE('',#1738,0.5);
#1273=CIRCLE('',#1739,0.5);
#1274=CIRCLE('',#1740,0.5);
#1275=CIRCLE('',#1741,3.4944856023972);
#1276=CIRCLE('',#1742,3.4944856023972);
#1277=CIRCLE('',#1743,0.5);
#1278=CIRCLE('',#1744,0.5);
#1279=CIRCLE('',#1745,4.75);
#1280=CIRCLE('',#1746,7.22999034123369);
#1281=CIRCLE('',#1747,11.);
#1282=CIRCLE('',#1748,8.34533375132758);
#1283=CIRCLE('',#1749,4.75);
#1284=CIRCLE('',#1750,0.5);
#1285=CIRCLE('',#1751,0.5);
#1286=CIRCLE('',#1752,0.5);
#1287=CIRCLE('',#1753,3.4944856023972);
#1288=CIRCLE('',#1754,3.4944856023972);
#1289=CIRCLE('',#1755,0.5);
#1290=CIRCLE('',#1756,0.5);
#1291=CIRCLE('',#1757,4.75);
#1292=CIRCLE('',#1758,7.22999034123369);
#1293=CIRCLE('',#1759,11.);
#1294=CIRCLE('',#1760,8.34533375132758);
#1295=CIRCLE('',#1761,4.75);
#1296=CIRCLE('',#1762,0.5);
#1297=CIRCLE('',#1763,0.5);
#1298=CIRCLE('',#1764,0.5);
#1299=CIRCLE('',#1765,3.4944856023972);
#1300=CIRCLE('',#1766,3.4944856023972);
#1301=CIRCLE('',#1767,0.5);
#1302=CIRCLE('',#1768,0.5);
#1303=CIRCLE('',#1769,4.75);
#1304=CIRCLE('',#1770,7.22999034123369);
#1305=CIRCLE('',#1771,11.);
#1306=CIRCLE('',#1772,8.34533375132758);
#1307=CIRCLE('',#1773,4.75);
#1308=CIRCLE('',#1774,0.5);
#1309=CIRCLE('',#1775,0.5);
#1310=CIRCLE('',#1776,0.5);
#1311=CIRCLE('',#1777,3.4944856023972);
#1312=CIRCLE('',#1778,3.4944856023972);
#1313=CIRCLE('',#1779,0.5);
#1314=CIRCLE('',#1780,0.5);
#1315=CIRCLE('',#1781,4.75);
#1316=CIRCLE('',#1782,7.22999034123369);
#1317=CIRCLE('',#1783,1.);
#1318=CIRCLE('',#1784,1.);
#1319=CIRCLE('',#1785,1.);
#1320=CIRCLE('',#1786,11.);
#1321=CIRCLE('',#1787,0.5);
#1322=CIRCLE('',#1788,0.5);
#1323=CIRCLE('',#1789,0.5);
#1324=CIRCLE('',#1790,0.5);
#1325=CIRCLE('',#1791,0.5);
#1326=CIRCLE('',#1792,3.45649896327423);
#1327=CIRCLE('',#1793,3.53098840493942);
#1328=CIRCLE('',#1794,3.53098840493942);
#1329=CIRCLE('',#1795,3.45649896327423);
#1330=CIRCLE('',#1796,3.45649896327423);
#1331=CIRCLE('',#1797,3.45649896327423);
#1332=CIRCLE('',#1798,4.75);
#1333=CIRCLE('',#1799,8.34533375132758);
#1334=CIRCLE('',#1800,7.22999034123369);
#1335=CIRCLE('',#1801,4.75);
#1336=CIRCLE('',#1802,11.);
#1337=CIRCLE('',#1803,0.5);
#1338=CIRCLE('',#1804,0.5);
#1339=CIRCLE('',#1805,0.5);
#1340=CIRCLE('',#1806,0.5);
#1341=CIRCLE('',#1807,0.5);
#1342=CIRCLE('',#1808,3.45649896327423);
#1343=CIRCLE('',#1809,3.53098840493942);
#1344=CIRCLE('',#1810,3.53098840493942);
#1345=CIRCLE('',#1811,3.45649896327423);
#1346=CIRCLE('',#1812,3.45649896327423);
#1347=CIRCLE('',#1813,3.45649896327423);
#1348=CIRCLE('',#1814,4.75);
#1349=CIRCLE('',#1815,8.34533375132758);
#1350=CIRCLE('',#1816,7.22999034123369);
#1351=CIRCLE('',#1817,4.75);
#1352=CIRCLE('',#1818,11.);
#1353=CIRCLE('',#1819,0.5);
#1354=CIRCLE('',#1820,0.5);
#1355=CIRCLE('',#1821,0.5);
#1356=CIRCLE('',#1822,0.5);
#1357=CIRCLE('',#1823,0.5);
#1358=CIRCLE('',#1824,3.45649896327423);
#1359=CIRCLE('',#1825,3.53098840493942);
#1360=CIRCLE('',#1826,3.53098840493942);
#1361=CIRCLE('',#1827,3.45649896327423);
#1362=CIRCLE('',#1828,3.45649896327423);
#1363=CIRCLE('',#1829,3.45649896327423);
#1364=CIRCLE('',#1830,4.75);
#1365=CIRCLE('',#1831,8.34533375132758);
#1366=CIRCLE('',#1832,7.22999034123369);
#1367=CIRCLE('',#1833,4.75);
#1368=CIRCLE('',#1834,0.5);
#1369=CIRCLE('',#1835,0.5);
#1370=CIRCLE('',#1836,0.5);
#1371=CIRCLE('',#1837,0.5);
#1372=CIRCLE('',#1838,0.5);
#1373=CIRCLE('',#1839,3.45649896327423);
#1374=CIRCLE('',#1840,3.53098840493942);
#1375=CIRCLE('',#1841,3.53098840493942);
#1376=CIRCLE('',#1842,3.45649896327423);
#1377=CIRCLE('',#1843,3.45649896327423);
#1378=CIRCLE('',#1844,3.45649896327423);
#1379=CIRCLE('',#1845,4.75);
#1380=CIRCLE('',#1846,8.34533375132758);
#1381=CIRCLE('',#1847,7.22999034123369);
#1382=CIRCLE('',#1848,4.75);
#1383=CIRCLE('',#1849,3.45649896327423);
#1384=CIRCLE('',#1850,3.45649896327423);
#1385=CIRCLE('',#1851,3.45649896327423);
#1386=CIRCLE('',#1852,3.45649896327423);
#1387=CIRCLE('',#1853,4.75);
#1388=CIRCLE('',#1854,8.34533375132758);
#1389=CIRCLE('',#1855,11.);
#1390=CIRCLE('',#1856,7.22999034123369);
#1391=CIRCLE('',#1857,4.75);
#1392=CIRCLE('',#1858,1.);
#1393=CIRCLE('',#1859,1.);
#1394=CIRCLE('',#1860,1.);
#1395=CIRCLE('',#1861,1.);
#1396=CIRCLE('',#1862,0.5);
#1397=CIRCLE('',#1863,0.5);
#1398=CIRCLE('',#1864,3.53098840493942);
#1399=CIRCLE('',#1865,3.53098840493942);
#1400=CIRCLE('',#1866,0.5);
#1401=CIRCLE('',#1867,0.5);
#1402=CIRCLE('',#1868,0.5);
#1403=EDGE_LOOP('',(#233,#234,#235,#236));
#1404=EDGE_LOOP('',(#237,#238,#239,#240));
#1405=EDGE_LOOP('',(#241,#242,#243,#244));
#1406=EDGE_LOOP('',(#245,#246,#247,#248,#249,#250,#251,#252,#253,#254,#255,
#256,#257,#258,#259,#260,#261,#262,#263,#264,#265,#266,#267,#268,#269,#270,
#271,#272,#273,#274,#275,#276,#277,#278,#279,#280,#281,#282,#283,#284,#285,
#286,#287,#288,#289,#290,#291,#292,#293,#294,#295,#296,#297,#298,#299,#300,
#301,#302,#303,#304,#305,#306,#307,#308,#309,#310,#311,#312,#313,#314,#315,
#316,#317,#318,#319,#320,#321,#322,#323,#324,#325,#326,#327));
#1407=EDGE_LOOP('',(#328,#329,#330,#331));
#1408=EDGE_LOOP('',(#332,#333,#334,#335,#336,#337));
#1409=EDGE_LOOP('',(#338,#339,#340,#341,#342,#343));
#1410=EDGE_LOOP('',(#344,#345,#346,#347,#348,#349));
#1411=EDGE_LOOP('',(#350,#351,#352,#353,#354,#355));
#1412=EDGE_LOOP('',(#356,#357,#358,#359,#360,#361));
#1413=EDGE_LOOP('',(#362,#363,#364,#365,#366,#367));
#1414=EDGE_LOOP('',(#368,#369,#370,#371,#372,#373));
#1415=EDGE_LOOP('',(#374,#375,#376,#377));
#1416=EDGE_LOOP('',(#378,#379,#380,#381));
#1417=EDGE_LOOP('',(#382,#383,#384,#385));
#1418=EDGE_LOOP('',(#386,#387,#388,#389));
#1419=EDGE_LOOP('',(#390,#391,#392,#393));
#1420=EDGE_LOOP('',(#394,#395,#396,#397));
#1421=EDGE_LOOP('',(#398,#399,#400,#401));
#1422=EDGE_LOOP('',(#402,#403,#404,#405,#406,#407));
#1423=EDGE_LOOP('',(#408,#409,#410,#411,#412,#413));
#1424=EDGE_LOOP('',(#414,#415,#416,#417,#418,#419));
#1425=EDGE_LOOP('',(#420,#421,#422,#423,#424,#425));
#1426=EDGE_LOOP('',(#426,#427,#428,#429,#430,#431));
#1427=EDGE_LOOP('',(#432,#433,#434,#435,#436,#437));
#1428=EDGE_LOOP('',(#438,#439,#440,#441,#442,#443));
#1429=EDGE_LOOP('',(#444,#445,#446,#447));
#1430=EDGE_LOOP('',(#448,#449,#450,#451));
#1431=EDGE_LOOP('',(#452,#453,#454,#455));
#1432=EDGE_LOOP('',(#456,#457,#458,#459));
#1433=EDGE_LOOP('',(#460,#461,#462,#463));
#1434=EDGE_LOOP('',(#464,#465,#466,#467));
#1435=EDGE_LOOP('',(#468,#469,#470,#471));
#1436=EDGE_LOOP('',(#472,#473,#474,#475,#476,#477));
#1437=EDGE_LOOP('',(#478,#479,#480,#481,#482,#483));
#1438=EDGE_LOOP('',(#484,#485,#486,#487,#488,#489));
#1439=EDGE_LOOP('',(#490,#491,#492,#493,#494,#495));
#1440=EDGE_LOOP('',(#496,#497,#498,#499,#500,#501));
#1441=EDGE_LOOP('',(#502,#503,#504,#505,#506,#507));
#1442=EDGE_LOOP('',(#508,#509,#510,#511,#512,#513));
#1443=EDGE_LOOP('',(#514,#515,#516,#517));
#1444=EDGE_LOOP('',(#518,#519,#520,#521));
#1445=EDGE_LOOP('',(#522,#523,#524,#525));
#1446=EDGE_LOOP('',(#526,#527,#528,#529));
#1447=EDGE_LOOP('',(#530,#531,#532,#533));
#1448=EDGE_LOOP('',(#534,#535,#536,#537));
#1449=EDGE_LOOP('',(#538,#539,#540,#541,#542,#543));
#1450=EDGE_LOOP('',(#544,#545,#546,#547,#548,#549));
#1451=EDGE_LOOP('',(#550,#551,#552,#553,#554,#555));
#1452=EDGE_LOOP('',(#556,#557,#558,#559,#560,#561));
#1453=EDGE_LOOP('',(#562,#563,#564,#565,#566,#567));
#1454=EDGE_LOOP('',(#568,#569,#570,#571,#572,#573));
#1455=EDGE_LOOP('',(#574,#575,#576,#577,#578,#579));
#1456=EDGE_LOOP('',(#580,#581,#582,#583));
#1457=EDGE_LOOP('',(#584,#585,#586,#587));
#1458=EDGE_LOOP('',(#588,#589,#590,#591));
#1459=EDGE_LOOP('',(#592,#593,#594,#595));
#1460=EDGE_LOOP('',(#596,#597,#598,#599));
#1461=EDGE_LOOP('',(#600,#601,#602,#603));
#1462=EDGE_LOOP('',(#604,#605,#606,#607,#608,#609));
#1463=EDGE_LOOP('',(#610,#611,#612,#613));
#1464=EDGE_LOOP('',(#614,#615,#616,#617));
#1465=EDGE_LOOP('',(#618,#619,#620,#621));
#1466=EDGE_LOOP('',(#622,#623,#624,#625));
#1467=EDGE_LOOP('',(#626,#627,#628,#629));
#1468=EDGE_LOOP('',(#630,#631,#632,#633));
#1469=EDGE_LOOP('',(#634,#635,#636,#637));
#1470=EDGE_LOOP('',(#638,#639,#640,#641,#642,#643,#644,#645,#646,#647,#648,
#649,#650,#651,#652,#653,#654,#655,#656,#657,#658,#659,#660,#661,#662,#663,
#664,#665,#666,#667,#668,#669,#670,#671,#672,#673,#674,#675,#676,#677,#678,
#679,#680,#681,#682,#683,#684,#685,#686,#687,#688,#689,#690,#691,#692,#693,
#694,#695,#696,#697,#698,#699,#700,#701,#702,#703,#704,#705,#706,#707,#708,
#709,#710,#711,#712,#713,#714,#715,#716,#717,#718,#719,#720));
#1471=EDGE_LOOP('',(#721,#722,#723,#724,#725,#726));
#1472=EDGE_LOOP('',(#727,#728,#729,#730,#731,#732));
#1473=EDGE_LOOP('',(#733,#734,#735,#736,#737,#738));
#1474=EDGE_LOOP('',(#739,#740,#741,#742,#743,#744));
#1475=EDGE_LOOP('',(#745,#746,#747,#748,#749,#750));
#1476=EDGE_LOOP('',(#751,#752,#753,#754,#755,#756));
#1477=EDGE_LOOP('',(#757,#758,#759,#760));
#1478=EDGE_LOOP('',(#761,#762,#763,#764));
#1479=EDGE_LOOP('',(#765,#766,#767,#768));
#1480=EDGE_LOOP('',(#769,#770,#771,#772));
#1481=EDGE_LOOP('',(#773,#774,#775,#776));
#1482=EDGE_LOOP('',(#777,#778,#779,#780));
#1483=FACE_BOUND('',#1403,.T.);
#1484=FACE_BOUND('',#1404,.T.);
#1485=FACE_BOUND('',#1405,.T.);
#1486=FACE_BOUND('',#1406,.T.);
#1487=FACE_BOUND('',#1407,.T.);
#1488=FACE_BOUND('',#1408,.T.);
#1489=FACE_BOUND('',#1409,.T.);
#1490=FACE_BOUND('',#1410,.T.);
#1491=FACE_BOUND('',#1411,.T.);
#1492=FACE_BOUND('',#1412,.T.);
#1493=FACE_BOUND('',#1413,.T.);
#1494=FACE_BOUND('',#1414,.T.);
#1495=FACE_BOUND('',#1415,.T.);
#1496=FACE_BOUND('',#1416,.T.);
#1497=FACE_BOUND('',#1417,.T.);
#1498=FACE_BOUND('',#1418,.T.);
#1499=FACE_BOUND('',#1419,.T.);
#1500=FACE_BOUND('',#1420,.T.);
#1501=FACE_BOUND('',#1421,.T.);
#1502=FACE_BOUND('',#1422,.T.);
#1503=FACE_BOUND('',#1423,.T.);
#1504=FACE_BOUND('',#1424,.T.);
#1505=FACE_BOUND('',#1425,.T.);
#1506=FACE_BOUND('',#1426,.T.);
#1507=FACE_BOUND('',#1427,.T.);
#1508=FACE_BOUND('',#1428,.T.);
#1509=FACE_BOUND('',#1429,.T.);
#1510=FACE_BOUND('',#1430,.T.);
#1511=FACE_BOUND('',#1431,.T.);
#1512=FACE_BOUND('',#1432,.T.);
#1513=FACE_BOUND('',#1433,.T.);
#1514=FACE_BOUND('',#1434,.T.);
#1515=FACE_BOUND('',#1435,.T.);
#1516=FACE_BOUND('',#1436,.T.);
#1517=FACE_BOUND('',#1437,.T.);
#1518=FACE_BOUND('',#1438,.T.);
#1519=FACE_BOUND('',#1439,.T.);
#1520=FACE_BOUND('',#1440,.T.);
#1521=FACE_BOUND('',#1441,.T.);
#1522=FACE_BOUND('',#1442,.T.);
#1523=FACE_BOUND('',#1443,.T.);
#1524=FACE_BOUND('',#1444,.T.);
#1525=FACE_BOUND('',#1445,.T.);
#1526=FACE_BOUND('',#1446,.T.);
#1527=FACE_BOUND('',#1447,.T.);
#1528=FACE_BOUND('',#1448,.T.);
#1529=FACE_BOUND('',#1449,.T.);
#1530=FACE_BOUND('',#1450,.T.);
#1531=FACE_BOUND('',#1451,.T.);
#1532=FACE_BOUND('',#1452,.T.);
#1533=FACE_BOUND('',#1453,.T.);
#1534=FACE_BOUND('',#1454,.T.);
#1535=FACE_BOUND('',#1455,.T.);
#1536=FACE_BOUND('',#1456,.T.);
#1537=FACE_BOUND('',#1457,.T.);
#1538=FACE_BOUND('',#1458,.T.);
#1539=FACE_BOUND('',#1459,.T.);
#1540=FACE_BOUND('',#1460,.T.);
#1541=FACE_BOUND('',#1461,.T.);
#1542=FACE_BOUND('',#1462,.T.);
#1543=FACE_BOUND('',#1463,.T.);
#1544=FACE_BOUND('',#1464,.T.);
#1545=FACE_BOUND('',#1465,.T.);
#1546=FACE_BOUND('',#1466,.T.);
#1547=FACE_BOUND('',#1467,.T.);
#1548=FACE_BOUND('',#1468,.T.);
#1549=FACE_BOUND('',#1469,.T.);
#1550=FACE_BOUND('',#1470,.T.);
#1551=FACE_BOUND('',#1471,.T.);
#1552=FACE_BOUND('',#1472,.T.);
#1553=FACE_BOUND('',#1473,.T.);
#1554=FACE_BOUND('',#1474,.T.);
#1555=FACE_BOUND('',#1475,.T.);
#1556=FACE_BOUND('',#1476,.T.);
#1557=FACE_BOUND('',#1477,.T.);
#1558=FACE_BOUND('',#1478,.T.);
#1559=FACE_BOUND('',#1479,.T.);
#1560=FACE_BOUND('',#1480,.T.);
#1561=FACE_BOUND('',#1481,.T.);
#1562=FACE_BOUND('',#1482,.T.);
#1563=(
BOUNDED_SURFACE()
B_SPLINE_SURFACE(3,1,((#2256,#2257),(#2258,#2259),(#2260,#2261),(#2262,
#2263)),.CYLINDRICAL_SURF.,.F.,.F.,.F.)
B_SPLINE_SURFACE_WITH_KNOTS((4,4),(2,2),(0.5,0.588455932838126),(0.0454545454545449,
0.954545454545455),.PIECEWISE_BEZIER_KNOTS.)
GEOMETRIC_REPRESENTATION_ITEM()
RATIONAL_B_SPLINE_SURFACE(((1.,1.),(0.882058756215832,0.882058756215832),
(0.784982717909699,0.784982717909699),(0.7087718850816,0.7087718850816)))
REPRESENTATION_ITEM('')
SURFACE()
);
#1564=(
BOUNDED_SURFACE()
B_SPLINE_SURFACE(3,1,((#2273,#2274),(#2275,#2276),(#2277,#2278),(#2279,
#2280)),.CYLINDRICAL_SURF.,.F.,.F.,.F.)
B_SPLINE_SURFACE_WITH_KNOTS((4,4),(2,2),(0.,0.5),(0.045454545454545,0.954545454545455),
 .PIECEWISE_BEZIER_KNOTS.)
GEOMETRIC_REPRESENTATION_ITEM()
RATIONAL_B_SPLINE_SURFACE(((1.,1.),(0.333333333333333,0.333333333333333),
(0.333333333333333,0.333333333333333),(1.,1.)))
REPRESENTATION_ITEM('')
SURFACE()
);
#1565=(
BOUNDED_SURFACE()
B_SPLINE_SURFACE(3,1,((#2287,#2288),(#2289,#2290),(#2291,#2292),(#2293,
#2294)),.CYLINDRICAL_SURF.,.F.,.F.,.F.)
B_SPLINE_SURFACE_WITH_KNOTS((4,4),(2,2),(0.76253140723345,1.),(0.0454545454545451,
0.954545454545455),.PIECEWISE_BEZIER_KNOTS.)
GEOMETRIC_REPRESENTATION_ITEM()
RATIONAL_B_SPLINE_SURFACE(((0.501256289338004,0.501256289338004),(0.517127306090601,
0.517127306090601),(0.6833752096446,0.6833752096446),(1.,1.)))
REPRESENTATION_ITEM('')
SURFACE()
);
#1566=(
BOUNDED_SURFACE()
B_SPLINE_SURFACE(3,1,((#2478,#2479),(#2480,#2481),(#2482,#2483),(#2484,
#2485)),.CYLINDRICAL_SURF.,.F.,.F.,.F.)
B_SPLINE_SURFACE_WITH_KNOTS((4,4),(2,2),(0.245286302056114,0.254713697943886),
(0.0454545454545455,0.954545454545456),.PIECEWISE_BEZIER_KNOTS.)
GEOMETRIC_REPRESENTATION_ITEM()
RATIONAL_B_SPLINE_SURFACE(((0.50017775158645,0.50017775158645),(0.499940749471183,
0.499940749471183),(0.499940749471184,0.499940749471184),(0.50017775158645,
0.50017775158645)))
REPRESENTATION_ITEM('')
SURFACE()
);
#1567=(
BOUNDED_SURFACE()
B_SPLINE_SURFACE(3,1,((#2491,#2492),(#2493,#2494),(#2495,#2496),(#2497,
#2498)),.CYLINDRICAL_SURF.,.F.,.F.,.F.)
B_SPLINE_SURFACE_WITH_KNOTS((4,4),(2,2),(0.,1.),(0.,1.),
 .PIECEWISE_BEZIER_KNOTS.)
GEOMETRIC_REPRESENTATION_ITEM()
RATIONAL_B_SPLINE_SURFACE(((1.,1.),(0.674913462153373,0.674913462153373),
(0.674913462153373,0.674913462153373),(1.,1.)))
REPRESENTATION_ITEM('')
SURFACE()
);
#1568=(
BOUNDED_SURFACE()
B_SPLINE_SURFACE(3,1,((#2563,#2564),(#2565,#2566),(#2567,#2568),(#2569,
#2570)),.CYLINDRICAL_SURF.,.F.,.F.,.F.)
B_SPLINE_SURFACE_WITH_KNOTS((4,4),(2,2),(0.,1.),(0.,1.),
 .PIECEWISE_BEZIER_KNOTS.)
GEOMETRIC_REPRESENTATION_ITEM()
RATIONAL_B_SPLINE_SURFACE(((1.,1.),(0.674913462153384,0.674913462153384),
(0.674913462153384,0.674913462153384),(1.,1.)))
REPRESENTATION_ITEM('')
SURFACE()
);
#1569=(
BOUNDED_SURFACE()
B_SPLINE_SURFACE(3,1,((#2578,#2579),(#2580,#2581),(#2582,#2583),(#2584,
#2585)),.CYLINDRICAL_SURF.,.F.,.F.,.F.)
B_SPLINE_SURFACE_WITH_KNOTS((4,4),(2,2),(0.,1.),(0.,1.),
 .PIECEWISE_BEZIER_KNOTS.)
GEOMETRIC_REPRESENTATION_ITEM()
RATIONAL_B_SPLINE_SURFACE(((1.,1.),(0.742214392804308,0.742214392804308),
(0.742214392804308,0.742214392804308),(1.,1.)))
REPRESENTATION_ITEM('')
SURFACE()
);
#1570=(
BOUNDED_SURFACE()
B_SPLINE_SURFACE(3,3,((#2618,#2619,#2620,#2621,#2622,#2623,#2624),(#2625,
#2626,#2627,#2628,#2629,#2630,#2631),(#2632,#2633,#2634,#2635,#2636,#2637,
#2638),(#2639,#2640,#2641,#2642,#2643,#2644,#2645)),
 .SURF_OF_REVOLUTION.,.F.,.F.,.F.)
B_SPLINE_SURFACE_WITH_KNOTS((4,4),(4,3,4),(0.580672029015853,0.620471029142387),
(0.00143931035241423,0.5,0.998560689647586),.PIECEWISE_BEZIER_KNOTS.)
GEOMETRIC_REPRESENTATION_ITEM()
RATIONAL_B_SPLINE_SURFACE(((0.996699090883851,0.616666971103754,0.61776727414247,
1.,0.61776727414247,0.616666971103754,0.996699090883852),(0.996699090883851,
0.616666971103754,0.61776727414247,1.,0.61776727414247,0.616666971103754,
0.996699090883852),(0.996699090883851,0.616666971103754,0.61776727414247,
1.,0.61776727414247,0.616666971103754,0.996699090883852),(0.996699090883851,
0.616666971103754,0.61776727414247,1.,0.61776727414247,0.616666971103754,
0.996699090883852)))
REPRESENTATION_ITEM('')
SURFACE()
);
#1571=(
BOUNDED_SURFACE()
B_SPLINE_SURFACE(3,3,((#2652,#2653,#2654,#2655,#2656,#2657,#2658),(#2659,
#2660,#2661,#2662,#2663,#2664,#2665),(#2666,#2667,#2668,#2669,#2670,#2671,
#2672),(#2673,#2674,#2675,#2676,#2677,#2678,#2679)),
 .SURF_OF_REVOLUTION.,.F.,.F.,.F.)
B_SPLINE_SURFACE_WITH_KNOTS((4,4),(4,3,4),(0.540729165573379,0.569119106374608),
(0.00177846087447318,0.5,0.993439614198281),.PIECEWISE_BEZIER_KNOTS.)
GEOMETRIC_REPRESENTATION_ITEM()
RATIONAL_B_SPLINE_SURFACE(((0.995924058896799,0.616668644456438,0.618027291490838,
1.,0.621693461403029,0.616729787714011,0.985108978932947),(0.995924058896799,
0.616668644456438,0.618027291490838,1.,0.621693461403029,0.616729787714011,
0.985108978932947),(0.995924058896799,0.616668644456438,0.618027291490838,
1.,0.621693461403029,0.616729787714011,0.985108978932947),(0.995924058896799,
0.616668644456438,0.618027291490838,1.,0.621693461403029,0.616729787714011,
0.985108978932947)))
REPRESENTATION_ITEM('')
SURFACE()
);
#1572=(
BOUNDED_SURFACE()
B_SPLINE_SURFACE(3,1,((#2683,#2684),(#2685,#2686),(#2687,#2688),(#2689,
#2690),(#2691,#2692),(#2693,#2694),(#2695,#2696)),.CYLINDRICAL_SURF.,.F.,
 .F.,.F.)
B_SPLINE_SURFACE_WITH_KNOTS((4,3,4),(2,2),(0.00142071542443384,0.5,1.),
(0.0454545454546358,0.954545454545451),.PIECEWISE_BEZIER_KNOTS.)
GEOMETRIC_REPRESENTATION_ITEM()
RATIONAL_B_SPLINE_SURFACE(((0.996857007160635,0.996857007160635),(0.630242226091528,
0.630242226091528),(0.631289890371316,0.631289890371316),(1.,1.),(0.630239240743264,
0.630239240743264),(0.630239240743264,0.630239240743264),(1.,1.)))
REPRESENTATION_ITEM('')
SURFACE()
);
#1573=(
BOUNDED_SURFACE()
B_SPLINE_SURFACE(3,1,((#2702,#2703),(#2704,#2705),(#2706,#2707),(#2708,
#2709)),.CYLINDRICAL_SURF.,.F.,.F.,.F.)
B_SPLINE_SURFACE_WITH_KNOTS((4,4),(2,2),(0.,1.),(0.,1.),
 .PIECEWISE_BEZIER_KNOTS.)
GEOMETRIC_REPRESENTATION_ITEM()
RATIONAL_B_SPLINE_SURFACE(((1.,1.),(0.771012837939767,0.771012837939767),
(0.771012837939767,0.771012837939767),(1.,1.)))
REPRESENTATION_ITEM('')
SURFACE()
);
#1574=(
BOUNDED_SURFACE()
B_SPLINE_SURFACE(3,1,((#2713,#2714),(#2715,#2716),(#2717,#2718),(#2719,
#2720)),.CYLINDRICAL_SURF.,.F.,.F.,.F.)
B_SPLINE_SURFACE_WITH_KNOTS((4,4),(2,2),(0.,1.),(0.,1.),
 .PIECEWISE_BEZIER_KNOTS.)
GEOMETRIC_REPRESENTATION_ITEM()
RATIONAL_B_SPLINE_SURFACE(((1.,1.),(0.648854074685198,0.648854074685198),
(0.648854074685198,0.648854074685198),(1.,1.)))
REPRESENTATION_ITEM('')
SURFACE()
);
#1575=(
BOUNDED_SURFACE()
B_SPLINE_SURFACE(3,1,((#2722,#2723),(#2724,#2725),(#2726,#2727),(#2728,
#2729)),.CYLINDRICAL_SURF.,.F.,.F.,.F.)
B_SPLINE_SURFACE_WITH_KNOTS((4,4),(2,2),(0.,1.),(0.,1.),
 .PIECEWISE_BEZIER_KNOTS.)
GEOMETRIC_REPRESENTATION_ITEM()
RATIONAL_B_SPLINE_SURFACE(((1.,1.),(0.587742961722236,0.587742961722236),
(0.587742961722236,0.587742961722236),(1.,1.)))
REPRESENTATION_ITEM('')
SURFACE()
);
#1576=(
BOUNDED_SURFACE()
B_SPLINE_SURFACE(3,1,((#2735,#2736),(#2737,#2738),(#2739,#2740),(#2741,
#2742)),.CYLINDRICAL_SURF.,.F.,.F.,.F.)
B_SPLINE_SURFACE_WITH_KNOTS((4,4),(2,2),(0.,1.),(0.,1.),
 .PIECEWISE_BEZIER_KNOTS.)
GEOMETRIC_REPRESENTATION_ITEM()
RATIONAL_B_SPLINE_SURFACE(((1.,1.),(0.717822869386796,0.717822869386796),
(0.717822869386796,0.717822869386796),(1.,1.)))
REPRESENTATION_ITEM('')
SURFACE()
);
#1577=(
BOUNDED_SURFACE()
B_SPLINE_SURFACE(3,1,((#2749,#2750),(#2751,#2752),(#2753,#2754),(#2755,
#2756)),.CYLINDRICAL_SURF.,.F.,.F.,.F.)
B_SPLINE_SURFACE_WITH_KNOTS((4,4),(2,2),(0.0993083325256303,0.111879683427705),
(0.0454545454545467,0.954545454545454),.PIECEWISE_BEZIER_KNOTS.)
GEOMETRIC_REPRESENTATION_ITEM()
RATIONAL_B_SPLINE_SURFACE(((0.681663829169648,0.681663829169648),(0.671560374077174,
0.671560374077174),(0.66187835595404,0.66187835595404),(0.652617774800249,
0.652617774800249)))
REPRESENTATION_ITEM('')
SURFACE()
);
#1578=(
BOUNDED_SURFACE()
B_SPLINE_SURFACE(3,1,((#2762,#2763),(#2764,#2765),(#2766,#2767),(#2768,
#2769)),.CYLINDRICAL_SURF.,.F.,.F.,.F.)
B_SPLINE_SURFACE_WITH_KNOTS((4,4),(2,2),(0.,1.),(0.,1.),
 .PIECEWISE_BEZIER_KNOTS.)
GEOMETRIC_REPRESENTATION_ITEM()
RATIONAL_B_SPLINE_SURFACE(((1.,1.),(0.674913462153395,0.674913462153395),
(0.674913462153395,0.674913462153395),(1.,1.)))
REPRESENTATION_ITEM('')
SURFACE()
);
#1579=(
BOUNDED_SURFACE()
B_SPLINE_SURFACE(3,1,((#2834,#2835),(#2836,#2837),(#2838,#2839),(#2840,
#2841)),.CYLINDRICAL_SURF.,.F.,.F.,.F.)
B_SPLINE_SURFACE_WITH_KNOTS((4,4),(2,2),(0.,1.),(0.,1.),
 .PIECEWISE_BEZIER_KNOTS.)
GEOMETRIC_REPRESENTATION_ITEM()
RATIONAL_B_SPLINE_SURFACE(((1.,1.),(0.674913462153387,0.674913462153387),
(0.674913462153387,0.674913462153387),(1.,1.)))
REPRESENTATION_ITEM('')
SURFACE()
);
#1580=(
BOUNDED_SURFACE()
B_SPLINE_SURFACE(3,1,((#2849,#2850),(#2851,#2852),(#2853,#2854),(#2855,
#2856)),.CYLINDRICAL_SURF.,.F.,.F.,.F.)
B_SPLINE_SURFACE_WITH_KNOTS((4,4),(2,2),(0.,1.),(0.,1.),
 .PIECEWISE_BEZIER_KNOTS.)
GEOMETRIC_REPRESENTATION_ITEM()
RATIONAL_B_SPLINE_SURFACE(((1.,1.),(0.742214392804289,0.742214392804289),
(0.742214392804289,0.742214392804289),(1.,1.)))
REPRESENTATION_ITEM('')
SURFACE()
);
#1581=(
BOUNDED_SURFACE()
B_SPLINE_SURFACE(3,3,((#2889,#2890,#2891,#2892,#2893,#2894,#2895),(#2896,
#2897,#2898,#2899,#2900,#2901,#2902),(#2903,#2904,#2905,#2906,#2907,#2908,
#2909),(#2910,#2911,#2912,#2913,#2914,#2915,#2916)),
 .SURF_OF_REVOLUTION.,.F.,.F.,.F.)
B_SPLINE_SURFACE_WITH_KNOTS((4,4),(4,3,4),(0.580672029015832,0.620471029142387),
(0.00143931035241403,0.5,0.998560689647586),.PIECEWISE_BEZIER_KNOTS.)
GEOMETRIC_REPRESENTATION_ITEM()
RATIONAL_B_SPLINE_SURFACE(((0.996699090883851,0.616666971103753,0.617767274142469,
1.,0.617767274142469,0.616666971103753,0.996699090883852),(0.996699090883851,
0.616666971103753,0.617767274142469,1.,0.617767274142469,0.616666971103753,
0.996699090883852),(0.996699090883851,0.616666971103753,0.617767274142469,
1.,0.617767274142469,0.616666971103753,0.996699090883852),(0.996699090883851,
0.616666971103753,0.617767274142469,1.,0.617767274142469,0.616666971103753,
0.996699090883852)))
REPRESENTATION_ITEM('')
SURFACE()
);
#1582=(
BOUNDED_SURFACE()
B_SPLINE_SURFACE(3,3,((#2923,#2924,#2925,#2926,#2927,#2928,#2929),(#2930,
#2931,#2932,#2933,#2934,#2935,#2936),(#2937,#2938,#2939,#2940,#2941,#2942,
#2943),(#2944,#2945,#2946,#2947,#2948,#2949,#2950)),
 .SURF_OF_REVOLUTION.,.F.,.F.,.F.)
B_SPLINE_SURFACE_WITH_KNOTS((4,4),(4,3,4),(0.540729165573379,0.569119106374608),
(0.00177846087446938,0.5,0.993439614198276),.PIECEWISE_BEZIER_KNOTS.)
GEOMETRIC_REPRESENTATION_ITEM()
RATIONAL_B_SPLINE_SURFACE(((0.995924058896808,0.616668644456437,0.618027291490834,
1.,0.621693461403032,0.61672978771401,0.985108978932934),(0.995924058896808,
0.616668644456437,0.618027291490834,1.,0.621693461403032,0.61672978771401,
0.985108978932934),(0.995924058896808,0.616668644456437,0.618027291490834,
1.,0.621693461403032,0.61672978771401,0.985108978932934),(0.995924058896808,
0.616668644456437,0.618027291490834,1.,0.621693461403032,0.61672978771401,
0.985108978932934)))
REPRESENTATION_ITEM('')
SURFACE()
);
#1583=(
BOUNDED_SURFACE()
B_SPLINE_SURFACE(3,1,((#2954,#2955),(#2956,#2957),(#2958,#2959),(#2960,
#2961),(#2962,#2963),(#2964,#2965),(#2966,#2967)),.CYLINDRICAL_SURF.,.F.,
 .F.,.F.)
B_SPLINE_SURFACE_WITH_KNOTS((4,3,4),(2,2),(0.00142071542805652,0.5,1.),
(0.0454545454546443,0.954545454545451),.PIECEWISE_BEZIER_KNOTS.)
GEOMETRIC_REPRESENTATION_ITEM()
RATIONAL_B_SPLINE_SURFACE(((0.996857007152643,0.996857007152643),(0.630242226091544,
0.630242226091544),(0.631289890373996,0.631289890373996),(1.,1.),(0.630239240743264,
0.630239240743264),(0.630239240743264,0.630239240743264),(1.,1.)))
REPRESENTATION_ITEM('')
SURFACE()
);
#1584=(
BOUNDED_SURFACE()
B_SPLINE_SURFACE(3,1,((#2973,#2974),(#2975,#2976),(#2977,#2978),(#2979,
#2980)),.CYLINDRICAL_SURF.,.F.,.F.,.F.)
B_SPLINE_SURFACE_WITH_KNOTS((4,4),(2,2),(0.,1.),(0.,1.),
 .PIECEWISE_BEZIER_KNOTS.)
GEOMETRIC_REPRESENTATION_ITEM()
RATIONAL_B_SPLINE_SURFACE(((1.,1.),(0.771012837939769,0.771012837939769),
(0.771012837939769,0.771012837939769),(1.,1.)))
REPRESENTATION_ITEM('')
SURFACE()
);
#1585=(
BOUNDED_SURFACE()
B_SPLINE_SURFACE(3,1,((#2984,#2985),(#2986,#2987),(#2988,#2989),(#2990,
#2991)),.CYLINDRICAL_SURF.,.F.,.F.,.F.)
B_SPLINE_SURFACE_WITH_KNOTS((4,4),(2,2),(0.,1.),(0.,1.),
 .PIECEWISE_BEZIER_KNOTS.)
GEOMETRIC_REPRESENTATION_ITEM()
RATIONAL_B_SPLINE_SURFACE(((1.,1.),(0.648854074685195,0.648854074685195),
(0.648854074685195,0.648854074685195),(1.,1.)))
REPRESENTATION_ITEM('')
SURFACE()
);
#1586=(
BOUNDED_SURFACE()
B_SPLINE_SURFACE(3,1,((#2993,#2994),(#2995,#2996),(#2997,#2998),(#2999,
#3000)),.CYLINDRICAL_SURF.,.F.,.F.,.F.)
B_SPLINE_SURFACE_WITH_KNOTS((4,4),(2,2),(0.,1.),(0.,1.),
 .PIECEWISE_BEZIER_KNOTS.)
GEOMETRIC_REPRESENTATION_ITEM()
RATIONAL_B_SPLINE_SURFACE(((1.,1.),(0.587742961722237,0.587742961722237),
(0.587742961722237,0.587742961722237),(1.,1.)))
REPRESENTATION_ITEM('')
SURFACE()
);
#1587=(
BOUNDED_SURFACE()
B_SPLINE_SURFACE(3,1,((#3004,#3005),(#3006,#3007),(#3008,#3009),(#3010,
#3011)),.CYLINDRICAL_SURF.,.F.,.F.,.F.)
B_SPLINE_SURFACE_WITH_KNOTS((4,4),(2,2),(0.,1.),(0.,1.),
 .PIECEWISE_BEZIER_KNOTS.)
GEOMETRIC_REPRESENTATION_ITEM()
RATIONAL_B_SPLINE_SURFACE(((1.,1.),(0.717822869386796,0.717822869386796),
(0.717822869386796,0.717822869386796),(1.,1.)))
REPRESENTATION_ITEM('')
SURFACE()
);
#1588=(
BOUNDED_SURFACE()
B_SPLINE_SURFACE(3,1,((#3018,#3019),(#3020,#3021),(#3022,#3023),(#3024,
#3025)),.CYLINDRICAL_SURF.,.F.,.F.,.F.)
B_SPLINE_SURFACE_WITH_KNOTS((4,4),(2,2),(0.888120316572295,0.90069166747437),
(0.0454545454545442,0.954545454545455),.PIECEWISE_BEZIER_KNOTS.)
GEOMETRIC_REPRESENTATION_ITEM()
RATIONAL_B_SPLINE_SURFACE(((0.652617774800248,0.652617774800248),(0.66187835595404,
0.66187835595404),(0.671560374077174,0.671560374077174),(0.681663829169649,
0.681663829169649)))
REPRESENTATION_ITEM('')
SURFACE()
);
#1589=(
BOUNDED_SURFACE()
B_SPLINE_SURFACE(3,1,((#3031,#3032),(#3033,#3034),(#3035,#3036),(#3037,
#3038)),.CYLINDRICAL_SURF.,.F.,.F.,.F.)
B_SPLINE_SURFACE_WITH_KNOTS((4,4),(2,2),(0.,1.),(0.,1.),
 .PIECEWISE_BEZIER_KNOTS.)
GEOMETRIC_REPRESENTATION_ITEM()
RATIONAL_B_SPLINE_SURFACE(((1.,1.),(0.674913462153353,0.674913462153353),
(0.674913462153353,0.674913462153353),(1.,1.)))
REPRESENTATION_ITEM('')
SURFACE()
);
#1590=(
BOUNDED_SURFACE()
B_SPLINE_SURFACE(3,1,((#3103,#3104),(#3105,#3106),(#3107,#3108),(#3109,
#3110)),.CYLINDRICAL_SURF.,.F.,.F.,.F.)
B_SPLINE_SURFACE_WITH_KNOTS((4,4),(2,2),(0.,1.),(0.,1.),
 .PIECEWISE_BEZIER_KNOTS.)
GEOMETRIC_REPRESENTATION_ITEM()
RATIONAL_B_SPLINE_SURFACE(((1.,1.),(0.674913462153357,0.674913462153357),
(0.674913462153357,0.674913462153357),(1.,1.)))
REPRESENTATION_ITEM('')
SURFACE()
);
#1591=(
BOUNDED_SURFACE()
B_SPLINE_SURFACE(3,1,((#3118,#3119),(#3120,#3121),(#3122,#3123),(#3124,
#3125)),.CYLINDRICAL_SURF.,.F.,.F.,.F.)
B_SPLINE_SURFACE_WITH_KNOTS((4,4),(2,2),(0.,1.),(0.,1.),
 .PIECEWISE_BEZIER_KNOTS.)
GEOMETRIC_REPRESENTATION_ITEM()
RATIONAL_B_SPLINE_SURFACE(((1.,1.),(0.742214392804257,0.742214392804257),
(0.742214392804257,0.742214392804257),(1.,1.)))
REPRESENTATION_ITEM('')
SURFACE()
);
#1592=(
BOUNDED_SURFACE()
B_SPLINE_SURFACE(3,3,((#3158,#3159,#3160,#3161,#3162,#3163,#3164),(#3165,
#3166,#3167,#3168,#3169,#3170,#3171),(#3172,#3173,#3174,#3175,#3176,#3177,
#3178),(#3179,#3180,#3181,#3182,#3183,#3184,#3185)),
 .SURF_OF_REVOLUTION.,.F.,.F.,.F.)
B_SPLINE_SURFACE_WITH_KNOTS((4,4),(4,3,4),(0.580672029015751,0.620471029142387),
(0.00143931035241521,0.5,0.998560689647593),.PIECEWISE_BEZIER_KNOTS.)
GEOMETRIC_REPRESENTATION_ITEM()
RATIONAL_B_SPLINE_SURFACE(((0.996699090883848,0.616666971103756,0.617767274142473,
1.,0.617767274142467,0.616666971103756,0.996699090883866),(0.996699090883848,
0.616666971103756,0.617767274142473,1.,0.617767274142467,0.616666971103756,
0.996699090883866),(0.996699090883848,0.616666971103756,0.617767274142473,
1.,0.617767274142467,0.616666971103756,0.996699090883866),(0.996699090883848,
0.616666971103756,0.617767274142473,1.,0.617767274142467,0.616666971103756,
0.996699090883866)))
REPRESENTATION_ITEM('')
SURFACE()
);
#1593=(
BOUNDED_SURFACE()
B_SPLINE_SURFACE(3,3,((#3192,#3193,#3194,#3195,#3196,#3197,#3198),(#3199,
#3200,#3201,#3202,#3203,#3204,#3205),(#3206,#3207,#3208,#3209,#3210,#3211,
#3212),(#3213,#3214,#3215,#3216,#3217,#3218,#3219)),
 .SURF_OF_REVOLUTION.,.F.,.F.,.F.)
B_SPLINE_SURFACE_WITH_KNOTS((4,4),(4,3,4),(0.540729165573379,0.569119106374608),
(0.00177846087447125,0.5,0.993439614198283),.PIECEWISE_BEZIER_KNOTS.)
GEOMETRIC_REPRESENTATION_ITEM()
RATIONAL_B_SPLINE_SURFACE(((0.995924058896804,0.61666864445644,0.618027291490839,
1.,0.62169346140303,0.616729787714014,0.985108978932951),(0.995924058896804,
0.61666864445644,0.618027291490839,1.,0.62169346140303,0.616729787714014,
0.985108978932951),(0.995924058896804,0.61666864445644,0.618027291490839,
1.,0.62169346140303,0.616729787714014,0.985108978932951),(0.995924058896804,
0.61666864445644,0.618027291490839,1.,0.62169346140303,0.616729787714014,
0.985108978932951)))
REPRESENTATION_ITEM('')
SURFACE()
);
#1594=(
BOUNDED_SURFACE()
B_SPLINE_SURFACE(3,1,((#3223,#3224),(#3225,#3226),(#3227,#3228),(#3229,
#3230),(#3231,#3232),(#3233,#3234),(#3235,#3236)),.CYLINDRICAL_SURF.,.F.,
 .F.,.F.)
B_SPLINE_SURFACE_WITH_KNOTS((4,3,4),(2,2),(0.00142071542448717,0.5,1.),
(0.0454545454546413,0.95454545454546),.PIECEWISE_BEZIER_KNOTS.)
GEOMETRIC_REPRESENTATION_ITEM()
RATIONAL_B_SPLINE_SURFACE(((0.996857007160517,0.996857007160517),(0.630242226091532,
0.630242226091532),(0.631289890371359,0.631289890371359),(1.,1.),(0.630239240743267,
0.630239240743267),(0.630239240743267,0.630239240743267),(1.,1.)))
REPRESENTATION_ITEM('')
SURFACE()
);
#1595=(
BOUNDED_SURFACE()
B_SPLINE_SURFACE(3,1,((#3242,#3243),(#3244,#3245),(#3246,#3247),(#3248,
#3249)),.CYLINDRICAL_SURF.,.F.,.F.,.F.)
B_SPLINE_SURFACE_WITH_KNOTS((4,4),(2,2),(0.,1.),(0.,1.),
 .PIECEWISE_BEZIER_KNOTS.)
GEOMETRIC_REPRESENTATION_ITEM()
RATIONAL_B_SPLINE_SURFACE(((1.,1.),(0.771012837939766,0.771012837939766),
(0.771012837939766,0.771012837939766),(1.,1.)))
REPRESENTATION_ITEM('')
SURFACE()
);
#1596=(
BOUNDED_SURFACE()
B_SPLINE_SURFACE(3,1,((#3253,#3254),(#3255,#3256),(#3257,#3258),(#3259,
#3260)),.CYLINDRICAL_SURF.,.F.,.F.,.F.)
B_SPLINE_SURFACE_WITH_KNOTS((4,4),(2,2),(0.,1.),(0.,1.),
 .PIECEWISE_BEZIER_KNOTS.)
GEOMETRIC_REPRESENTATION_ITEM()
RATIONAL_B_SPLINE_SURFACE(((1.,1.),(0.648854074685197,0.648854074685197),
(0.648854074685197,0.648854074685197),(1.,1.)))
REPRESENTATION_ITEM('')
SURFACE()
);
#1597=(
BOUNDED_SURFACE()
B_SPLINE_SURFACE(3,1,((#3262,#3263),(#3264,#3265),(#3266,#3267),(#3268,
#3269)),.CYLINDRICAL_SURF.,.F.,.F.,.F.)
B_SPLINE_SURFACE_WITH_KNOTS((4,4),(2,2),(0.,1.),(0.,1.),
 .PIECEWISE_BEZIER_KNOTS.)
GEOMETRIC_REPRESENTATION_ITEM()
RATIONAL_B_SPLINE_SURFACE(((1.,1.),(0.587742961722234,0.587742961722234),
(0.587742961722234,0.587742961722234),(1.,1.)))
REPRESENTATION_ITEM('')
SURFACE()
);
#1598=(
BOUNDED_SURFACE()
B_SPLINE_SURFACE(3,1,((#3273,#3274),(#3275,#3276),(#3277,#3278),(#3279,
#3280)),.CYLINDRICAL_SURF.,.F.,.F.,.F.)
B_SPLINE_SURFACE_WITH_KNOTS((4,4),(2,2),(0.,1.),(0.,1.),
 .PIECEWISE_BEZIER_KNOTS.)
GEOMETRIC_REPRESENTATION_ITEM()
RATIONAL_B_SPLINE_SURFACE(((1.,1.),(0.717822869386797,0.717822869386797),
(0.717822869386797,0.717822869386797),(1.,1.)))
REPRESENTATION_ITEM('')
SURFACE()
);
#1599=(
BOUNDED_SURFACE()
B_SPLINE_SURFACE(3,1,((#3287,#3288),(#3289,#3290),(#3291,#3292),(#3293,
#3294)),.CYLINDRICAL_SURF.,.F.,.F.,.F.)
B_SPLINE_SURFACE_WITH_KNOTS((4,4),(2,2),(0.,1.),(0.,1.),
 .PIECEWISE_BEZIER_KNOTS.)
GEOMETRIC_REPRESENTATION_ITEM()
RATIONAL_B_SPLINE_SURFACE(((1.,1.),(0.674913462153381,0.674913462153381),
(0.674913462153381,0.674913462153381),(1.,1.)))
REPRESENTATION_ITEM('')
SURFACE()
);
#1600=(
BOUNDED_SURFACE()
B_SPLINE_SURFACE(3,1,((#3359,#3360),(#3361,#3362),(#3363,#3364),(#3365,
#3366)),.CYLINDRICAL_SURF.,.F.,.F.,.F.)
B_SPLINE_SURFACE_WITH_KNOTS((4,4),(2,2),(0.,1.),(0.,1.),
 .PIECEWISE_BEZIER_KNOTS.)
GEOMETRIC_REPRESENTATION_ITEM()
RATIONAL_B_SPLINE_SURFACE(((1.,1.),(0.674913462153396,0.674913462153396),
(0.674913462153396,0.674913462153396),(1.,1.)))
REPRESENTATION_ITEM('')
SURFACE()
);
#1601=(
BOUNDED_SURFACE()
B_SPLINE_SURFACE(3,1,((#3374,#3375),(#3376,#3377),(#3378,#3379),(#3380,
#3381)),.CYLINDRICAL_SURF.,.F.,.F.,.F.)
B_SPLINE_SURFACE_WITH_KNOTS((4,4),(2,2),(0.,1.),(0.,1.),
 .PIECEWISE_BEZIER_KNOTS.)
GEOMETRIC_REPRESENTATION_ITEM()
RATIONAL_B_SPLINE_SURFACE(((1.,1.),(0.742214392804308,0.742214392804308),
(0.742214392804308,0.742214392804308),(1.,1.)))
REPRESENTATION_ITEM('')
SURFACE()
);
#1602=(
BOUNDED_SURFACE()
B_SPLINE_SURFACE(3,3,((#3414,#3415,#3416,#3417,#3418,#3419,#3420),(#3421,
#3422,#3423,#3424,#3425,#3426,#3427),(#3428,#3429,#3430,#3431,#3432,#3433,
#3434),(#3435,#3436,#3437,#3438,#3439,#3440,#3441)),
 .SURF_OF_REVOLUTION.,.F.,.F.,.F.)
B_SPLINE_SURFACE_WITH_KNOTS((4,4),(4,3,4),(0.580672029015853,0.620471029142387),
(0.00143931035241445,0.5,0.998560689647588),.PIECEWISE_BEZIER_KNOTS.)
GEOMETRIC_REPRESENTATION_ITEM()
RATIONAL_B_SPLINE_SURFACE(((0.99669909088385,0.616666971103753,0.61776727414247,
1.,0.617767274142468,0.616666971103753,0.996699090883855),(0.99669909088385,
0.616666971103753,0.61776727414247,1.,0.617767274142468,0.616666971103753,
0.996699090883855),(0.99669909088385,0.616666971103753,0.61776727414247,
1.,0.617767274142468,0.616666971103753,0.996699090883855),(0.99669909088385,
0.616666971103753,0.61776727414247,1.,0.617767274142468,0.616666971103753,
0.996699090883855)))
REPRESENTATION_ITEM('')
SURFACE()
);
#1603=(
BOUNDED_SURFACE()
B_SPLINE_SURFACE(3,3,((#3448,#3449,#3450,#3451,#3452,#3453,#3454),(#3455,
#3456,#3457,#3458,#3459,#3460,#3461),(#3462,#3463,#3464,#3465,#3466,#3467,
#3468),(#3469,#3470,#3471,#3472,#3473,#3474,#3475)),
 .SURF_OF_REVOLUTION.,.F.,.F.,.F.)
B_SPLINE_SURFACE_WITH_KNOTS((4,4),(4,3,4),(0.540729165573379,0.569119106374608),
(0.00177846087447333,0.5,0.99343961419828),.PIECEWISE_BEZIER_KNOTS.)
GEOMETRIC_REPRESENTATION_ITEM()
RATIONAL_B_SPLINE_SURFACE(((0.995924058896799,0.616668644456438,0.618027291490838,
1.,0.621693461403029,0.616729787714011,0.985108978932945),(0.995924058896799,
0.616668644456438,0.618027291490838,1.,0.621693461403029,0.616729787714011,
0.985108978932945),(0.995924058896799,0.616668644456438,0.618027291490838,
1.,0.621693461403029,0.616729787714011,0.985108978932945),(0.995924058896799,
0.616668644456438,0.618027291490838,1.,0.621693461403029,0.616729787714011,
0.985108978932945)))
REPRESENTATION_ITEM('')
SURFACE()
);
#1604=(
BOUNDED_SURFACE()
B_SPLINE_SURFACE(3,1,((#3479,#3480),(#3481,#3482),(#3483,#3484),(#3485,
#3486),(#3487,#3488),(#3489,#3490),(#3491,#3492)),.CYLINDRICAL_SURF.,.F.,
 .F.,.F.)
B_SPLINE_SURFACE_WITH_KNOTS((4,3,4),(2,2),(0.00142071542196677,0.5,1.),
(0.0454545454546442,0.95454545454546),.PIECEWISE_BEZIER_KNOTS.)
GEOMETRIC_REPRESENTATION_ITEM()
RATIONAL_B_SPLINE_SURFACE(((0.996857007166077,0.996857007166077),(0.630242226091516,
0.630242226091516),(0.63128989036949,0.63128989036949),(1.,1.),(0.630239240743262,
0.630239240743262),(0.630239240743262,0.630239240743262),(1.,1.)))
REPRESENTATION_ITEM('')
SURFACE()
);
#1605=(
BOUNDED_SURFACE()
B_SPLINE_SURFACE(3,1,((#3498,#3499),(#3500,#3501),(#3502,#3503),(#3504,
#3505)),.CYLINDRICAL_SURF.,.F.,.F.,.F.)
B_SPLINE_SURFACE_WITH_KNOTS((4,4),(2,2),(0.,1.),(0.,1.),
 .PIECEWISE_BEZIER_KNOTS.)
GEOMETRIC_REPRESENTATION_ITEM()
RATIONAL_B_SPLINE_SURFACE(((1.,1.),(0.771012837939765,0.771012837939765),
(0.771012837939765,0.771012837939765),(1.,1.)))
REPRESENTATION_ITEM('')
SURFACE()
);
#1606=(
BOUNDED_SURFACE()
B_SPLINE_SURFACE(3,1,((#3509,#3510),(#3511,#3512),(#3513,#3514),(#3515,
#3516)),.CYLINDRICAL_SURF.,.F.,.F.,.F.)
B_SPLINE_SURFACE_WITH_KNOTS((4,4),(2,2),(0.,1.),(0.,1.),
 .PIECEWISE_BEZIER_KNOTS.)
GEOMETRIC_REPRESENTATION_ITEM()
RATIONAL_B_SPLINE_SURFACE(((1.,1.),(0.668255221278073,0.668255221278073),
(0.668255221278073,0.668255221278073),(1.,1.)))
REPRESENTATION_ITEM('')
SURFACE()
);
#1607=(
BOUNDED_SURFACE()
B_SPLINE_SURFACE(3,1,((#3520,#3521),(#3522,#3523),(#3524,#3525),(#3526,
#3527)),.CYLINDRICAL_SURF.,.F.,.F.,.F.)
B_SPLINE_SURFACE_WITH_KNOTS((4,4),(2,2),(0.,1.),(0.,1.),
 .PIECEWISE_BEZIER_KNOTS.)
GEOMETRIC_REPRESENTATION_ITEM()
RATIONAL_B_SPLINE_SURFACE(((1.,1.),(0.587742961722236,0.587742961722236),
(0.587742961722236,0.587742961722236),(1.,1.)))
REPRESENTATION_ITEM('')
SURFACE()
);
#1608=(
BOUNDED_SURFACE()
B_SPLINE_SURFACE(3,1,((#3531,#3532),(#3533,#3534),(#3535,#3536),(#3537,
#3538)),.CYLINDRICAL_SURF.,.F.,.F.,.F.)
B_SPLINE_SURFACE_WITH_KNOTS((4,4),(2,2),(0.,1.),(0.,1.),
 .PIECEWISE_BEZIER_KNOTS.)
GEOMETRIC_REPRESENTATION_ITEM()
RATIONAL_B_SPLINE_SURFACE(((1.,1.),(0.717822869386798,0.717822869386798),
(0.717822869386798,0.717822869386798),(1.,1.)))
REPRESENTATION_ITEM('')
SURFACE()
);
#1609=(
BOUNDED_SURFACE()
B_SPLINE_SURFACE(3,1,((#3545,#3546),(#3547,#3548),(#3549,#3550),(#3551,
#3552),(#3553,#3554),(#3555,#3556),(#3557,#3558)),.CYLINDRICAL_SURF.,.F.,
 .F.,.F.)
B_SPLINE_SURFACE_WITH_KNOTS((4,3,4),(2,2),(0.00141800531245756,0.5,1.),
(0.0399988846240528,0.960000926606001),.PIECEWISE_BEZIER_KNOTS.)
GEOMETRIC_REPRESENTATION_ITEM()
RATIONAL_B_SPLINE_SURFACE(((0.996862985583059,0.996862985583059),(0.630242214712879,
0.630242214712879),(0.631287886185193,0.631287886185193),(1.,1.),(0.630239240743265,
0.630239240743265),(0.630239240743265,0.630239240743265),(1.,1.)))
REPRESENTATION_ITEM('')
SURFACE()
);
#1610=(
BOUNDED_SURFACE()
B_SPLINE_SURFACE(3,1,((#3592,#3593),(#3594,#3595),(#3596,#3597),(#3598,
#3599)),.CYLINDRICAL_SURF.,.F.,.F.,.F.)
B_SPLINE_SURFACE_WITH_KNOTS((4,4),(2,2),(0.,1.),(0.,1.),
 .PIECEWISE_BEZIER_KNOTS.)
GEOMETRIC_REPRESENTATION_ITEM()
RATIONAL_B_SPLINE_SURFACE(((1.,1.),(0.771012837939769,0.771012837939769),
(0.771012837939769,0.771012837939769),(1.,1.)))
REPRESENTATION_ITEM('')
SURFACE()
);
#1611=(
BOUNDED_SURFACE()
B_SPLINE_SURFACE(3,1,((#3605,#3606),(#3607,#3608),(#3609,#3610),(#3611,
#3612)),.CYLINDRICAL_SURF.,.F.,.F.,.F.)
B_SPLINE_SURFACE_WITH_KNOTS((4,4),(2,2),(0.,1.),(0.,1.),
 .PIECEWISE_BEZIER_KNOTS.)
GEOMETRIC_REPRESENTATION_ITEM()
RATIONAL_B_SPLINE_SURFACE(((1.,1.),(0.648854074685196,0.648854074685196),
(0.648854074685196,0.648854074685196),(1.,1.)))
REPRESENTATION_ITEM('')
SURFACE()
);
#1612=(
BOUNDED_SURFACE()
B_SPLINE_SURFACE(3,1,((#3616,#3617),(#3618,#3619),(#3620,#3621),(#3622,
#3623)),.CYLINDRICAL_SURF.,.F.,.F.,.F.)
B_SPLINE_SURFACE_WITH_KNOTS((4,4),(2,2),(0.388120316572295,0.40069166747437),
(0.0454545454545443,0.954545454545456),.PIECEWISE_BEZIER_KNOTS.)
GEOMETRIC_REPRESENTATION_ITEM()
RATIONAL_B_SPLINE_SURFACE(((0.652617774800248,0.652617774800248),(0.66187835595404,
0.66187835595404),(0.671560374077173,0.671560374077173),(0.681663829169648,
0.681663829169648)))
REPRESENTATION_ITEM('')
SURFACE()
);
#1613=(
BOUNDED_SURFACE()
B_SPLINE_SURFACE(3,1,((#3625,#3626),(#3627,#3628),(#3629,#3630),(#3631,
#3632)),.CYLINDRICAL_SURF.,.F.,.F.,.F.)
B_SPLINE_SURFACE_WITH_KNOTS((4,4),(2,2),(0.,1.),(0.,1.),
 .PIECEWISE_BEZIER_KNOTS.)
GEOMETRIC_REPRESENTATION_ITEM()
RATIONAL_B_SPLINE_SURFACE(((1.,1.),(0.610885403616079,0.610885403616079),
(0.610885403616079,0.610885403616079),(1.,1.)))
REPRESENTATION_ITEM('')
SURFACE()
);
#1614=(
BOUNDED_SURFACE()
B_SPLINE_SURFACE(3,1,((#3638,#3639),(#3640,#3641),(#3642,#3643),(#3644,
#3645)),.CYLINDRICAL_SURF.,.F.,.F.,.F.)
B_SPLINE_SURFACE_WITH_KNOTS((4,4),(2,2),(0.,1.),(0.,1.),
 .PIECEWISE_BEZIER_KNOTS.)
GEOMETRIC_REPRESENTATION_ITEM()
RATIONAL_B_SPLINE_SURFACE(((1.,1.),(0.717822869386798,0.717822869386798),
(0.717822869386798,0.717822869386798),(1.,1.)))
REPRESENTATION_ITEM('')
SURFACE()
);
#1615=(
BOUNDED_SURFACE()
B_SPLINE_SURFACE(3,3,((#3691,#3692,#3693,#3694,#3695,#3696,#3697),(#3698,
#3699,#3700,#3701,#3702,#3703,#3704),(#3705,#3706,#3707,#3708,#3709,#3710,
#3711),(#3712,#3713,#3714,#3715,#3716,#3717,#3718)),
 .SURF_OF_REVOLUTION.,.F.,.F.,.F.)
B_SPLINE_SURFACE_WITH_KNOTS((4,4),(4,3,4),(0.540729165573357,0.569119106374608),
(0.00177846087446672,0.5,0.993439614198281),.PIECEWISE_BEZIER_KNOTS.)
GEOMETRIC_REPRESENTATION_ITEM()
RATIONAL_B_SPLINE_SURFACE(((0.995924058896814,0.61666864445644,0.618027291490835,
1.,0.621693461403031,0.616729787714013,0.985108978932945),(0.995924058896814,
0.61666864445644,0.618027291490835,1.,0.621693461403031,0.616729787714013,
0.985108978932945),(0.995924058896814,0.61666864445644,0.618027291490835,
1.,0.621693461403031,0.616729787714013,0.985108978932945),(0.995924058896814,
0.61666864445644,0.618027291490835,1.,0.621693461403031,0.616729787714013,
0.985108978932945)))
REPRESENTATION_ITEM('')
SURFACE()
);
#1616=(
BOUNDED_SURFACE()
B_SPLINE_SURFACE(3,3,((#3735,#3736,#3737,#3738,#3739,#3740,#3741),(#3742,
#3743,#3744,#3745,#3746,#3747,#3748),(#3749,#3750,#3751,#3752,#3753,#3754,
#3755),(#3756,#3757,#3758,#3759,#3760,#3761,#3762)),
 .SURF_OF_REVOLUTION.,.F.,.F.,.F.)
B_SPLINE_SURFACE_WITH_KNOTS((4,4),(4,3,4),(0.580672029008071,0.620471029142432),
(0.00143931035240229,0.5,0.998560689647591),.PIECEWISE_BEZIER_KNOTS.)
GEOMETRIC_REPRESENTATION_ITEM()
RATIONAL_B_SPLINE_SURFACE(((0.996699090883878,0.616666971103756,0.617767274142463,
1.,0.617767274142468,0.616666971103756,0.996699090883861),(0.996699090883878,
0.616666971103756,0.617767274142463,1.,0.617767274142468,0.616666971103756,
0.996699090883861),(0.996699090883878,0.616666971103756,0.617767274142463,
1.,0.617767274142468,0.616666971103756,0.996699090883861),(0.996699090883878,
0.616666971103756,0.617767274142463,1.,0.617767274142468,0.616666971103756,
0.996699090883861)))
REPRESENTATION_ITEM('')
SURFACE()
);
#1617=(
BOUNDED_SURFACE()
B_SPLINE_SURFACE(3,1,((#3780,#3781),(#3782,#3783),(#3784,#3785),(#3786,
#3787)),.CYLINDRICAL_SURF.,.F.,.F.,.F.)
B_SPLINE_SURFACE_WITH_KNOTS((4,4),(2,2),(0.,1.),(0.,1.),
 .PIECEWISE_BEZIER_KNOTS.)
GEOMETRIC_REPRESENTATION_ITEM()
RATIONAL_B_SPLINE_SURFACE(((1.,1.),(0.742214392804287,0.742214392804287),
(0.742214392804287,0.742214392804287),(1.,1.)))
REPRESENTATION_ITEM('')
SURFACE()
);
#1618=(
BOUNDED_SURFACE()
B_SPLINE_SURFACE(3,1,((#3788,#3789),(#3790,#3791),(#3792,#3793),(#3794,
#3795)),.CYLINDRICAL_SURF.,.F.,.F.,.F.)
B_SPLINE_SURFACE_WITH_KNOTS((4,4),(2,2),(0.,1.),(0.,1.),
 .PIECEWISE_BEZIER_KNOTS.)
GEOMETRIC_REPRESENTATION_ITEM()
RATIONAL_B_SPLINE_SURFACE(((1.,1.),(0.674913462153378,0.674913462153378),
(0.674913462153378,0.674913462153378),(1.,1.)))
REPRESENTATION_ITEM('')
SURFACE()
);
#1619=(
BOUNDED_SURFACE()
B_SPLINE_SURFACE(3,1,((#3820,#3821),(#3822,#3823),(#3824,#3825),(#3826,
#3827)),.CYLINDRICAL_SURF.,.F.,.F.,.F.)
B_SPLINE_SURFACE_WITH_KNOTS((4,4),(2,2),(0.,1.),(0.,1.),
 .PIECEWISE_BEZIER_KNOTS.)
GEOMETRIC_REPRESENTATION_ITEM()
RATIONAL_B_SPLINE_SURFACE(((1.,1.),(0.674913462153378,0.674913462153378),
(0.674913462153378,0.674913462153378),(1.,1.)))
REPRESENTATION_ITEM('')
SURFACE()
);
#1620=(
BOUNDED_SURFACE()
B_SPLINE_SURFACE(3,1,((#3840,#3841),(#3842,#3843),(#3844,#3845),(#3846,
#3847)),.CYLINDRICAL_SURF.,.F.,.F.,.F.)
B_SPLINE_SURFACE_WITH_KNOTS((4,4),(2,2),(0.,1.),(0.,1.),
 .PIECEWISE_BEZIER_KNOTS.)
GEOMETRIC_REPRESENTATION_ITEM()
RATIONAL_B_SPLINE_SURFACE(((1.,1.),(0.716004540863534,0.716004540863534),
(0.716004540863534,0.716004540863534),(1.,1.)))
REPRESENTATION_ITEM('')
SURFACE()
);
#1621=(
BOUNDED_SURFACE()
B_SPLINE_SURFACE(3,1,((#3848,#3849),(#3850,#3851),(#3852,#3853),(#3854,
#3855)),.CYLINDRICAL_SURF.,.F.,.F.,.F.)
B_SPLINE_SURFACE_WITH_KNOTS((4,4),(2,2),(0.,1.),(0.,1.),
 .PIECEWISE_BEZIER_KNOTS.)
GEOMETRIC_REPRESENTATION_ITEM()
RATIONAL_B_SPLINE_SURFACE(((1.,1.),(0.73518967675777,0.73518967675777),
(0.73518967675777,0.73518967675777),(1.,1.)))
REPRESENTATION_ITEM('')
SURFACE()
);
#1622=(
BOUNDED_SURFACE()
B_SPLINE_SURFACE(3,1,((#3856,#3857),(#3858,#3859),(#3860,#3861),(#3862,
#3863)),.CYLINDRICAL_SURF.,.F.,.F.,.F.)
B_SPLINE_SURFACE_WITH_KNOTS((4,4),(2,2),(0.,1.),(0.,1.),
 .PIECEWISE_BEZIER_KNOTS.)
GEOMETRIC_REPRESENTATION_ITEM()
RATIONAL_B_SPLINE_SURFACE(((1.,1.),(0.735189676757772,0.735189676757772),
(0.735189676757772,0.735189676757772),(1.,1.)))
REPRESENTATION_ITEM('')
SURFACE()
);
#1623=(
BOUNDED_SURFACE()
B_SPLINE_SURFACE(3,1,((#3864,#3865),(#3866,#3867),(#3868,#3869),(#3870,
#3871)),.CYLINDRICAL_SURF.,.F.,.F.,.F.)
B_SPLINE_SURFACE_WITH_KNOTS((4,4),(2,2),(0.,1.),(0.,1.),
 .PIECEWISE_BEZIER_KNOTS.)
GEOMETRIC_REPRESENTATION_ITEM()
RATIONAL_B_SPLINE_SURFACE(((1.,1.),(0.7184681261493,0.7184681261493),(0.7184681261493,
0.7184681261493),(1.,1.)))
REPRESENTATION_ITEM('')
SURFACE()
);
#1624=ADVANCED_FACE('',(#1483),#1563,.F.);
#1625=ADVANCED_FACE('',(#1484),#1564,.F.);
#1626=ADVANCED_FACE('',(#1485),#1565,.F.);
#1627=ADVANCED_FACE('',(#1486),#52,.F.);
#1628=ADVANCED_FACE('',(#1487),#1566,.T.);
#1629=ADVANCED_FACE('',(#1488),#1567,.T.);
#1630=ADVANCED_FACE('',(#1489),#53,.T.);
#1631=ADVANCED_FACE('',(#1490),#1568,.T.);
#1632=ADVANCED_FACE('',(#1491),#1569,.T.);
#1633=ADVANCED_FACE('',(#1492),#1570,.F.);
#1634=ADVANCED_FACE('',(#1493),#1571,.F.);
#1635=ADVANCED_FACE('',(#1494),#1572,.F.);
#1636=ADVANCED_FACE('',(#1495),#54,.F.);
#1637=ADVANCED_FACE('',(#1496),#1573,.T.);
#1638=ADVANCED_FACE('',(#1497),#1574,.F.);
#1639=ADVANCED_FACE('',(#1498),#1575,.F.);
#1640=ADVANCED_FACE('',(#1499),#1576,.T.);
#1641=ADVANCED_FACE('',(#1500),#55,.T.);
#1642=ADVANCED_FACE('',(#1501),#1577,.T.);
#1643=ADVANCED_FACE('',(#1502),#1578,.T.);
#1644=ADVANCED_FACE('',(#1503),#56,.T.);
#1645=ADVANCED_FACE('',(#1504),#1579,.T.);
#1646=ADVANCED_FACE('',(#1505),#1580,.T.);
#1647=ADVANCED_FACE('',(#1506),#1581,.F.);
#1648=ADVANCED_FACE('',(#1507),#1582,.F.);
#1649=ADVANCED_FACE('',(#1508),#1583,.F.);
#1650=ADVANCED_FACE('',(#1509),#57,.F.);
#1651=ADVANCED_FACE('',(#1510),#1584,.T.);
#1652=ADVANCED_FACE('',(#1511),#1585,.F.);
#1653=ADVANCED_FACE('',(#1512),#1586,.F.);
#1654=ADVANCED_FACE('',(#1513),#1587,.T.);
#1655=ADVANCED_FACE('',(#1514),#58,.T.);
#1656=ADVANCED_FACE('',(#1515),#1588,.T.);
#1657=ADVANCED_FACE('',(#1516),#1589,.T.);
#1658=ADVANCED_FACE('',(#1517),#59,.T.);
#1659=ADVANCED_FACE('',(#1518),#1590,.T.);
#1660=ADVANCED_FACE('',(#1519),#1591,.T.);
#1661=ADVANCED_FACE('',(#1520),#1592,.F.);
#1662=ADVANCED_FACE('',(#1521),#1593,.F.);
#1663=ADVANCED_FACE('',(#1522),#1594,.F.);
#1664=ADVANCED_FACE('',(#1523),#60,.F.);
#1665=ADVANCED_FACE('',(#1524),#1595,.T.);
#1666=ADVANCED_FACE('',(#1525),#1596,.F.);
#1667=ADVANCED_FACE('',(#1526),#1597,.F.);
#1668=ADVANCED_FACE('',(#1527),#1598,.T.);
#1669=ADVANCED_FACE('',(#1528),#61,.T.);
#1670=ADVANCED_FACE('',(#1529),#1599,.T.);
#1671=ADVANCED_FACE('',(#1530),#62,.T.);
#1672=ADVANCED_FACE('',(#1531),#1600,.T.);
#1673=ADVANCED_FACE('',(#1532),#1601,.T.);
#1674=ADVANCED_FACE('',(#1533),#1602,.F.);
#1675=ADVANCED_FACE('',(#1534),#1603,.F.);
#1676=ADVANCED_FACE('',(#1535),#1604,.F.);
#1677=ADVANCED_FACE('',(#1536),#63,.F.);
#1678=ADVANCED_FACE('',(#1537),#1605,.T.);
#1679=ADVANCED_FACE('',(#1538),#1606,.F.);
#1680=ADVANCED_FACE('',(#1539),#1607,.F.);
#1681=ADVANCED_FACE('',(#1540),#1608,.T.);
#1682=ADVANCED_FACE('',(#1541),#64,.T.);
#1683=ADVANCED_FACE('',(#1542),#1609,.F.);
#1684=ADVANCED_FACE('',(#1543),#65,.F.);
#1685=ADVANCED_FACE('',(#1544),#1610,.T.);
#1686=ADVANCED_FACE('',(#1545),#1611,.F.);
#1687=ADVANCED_FACE('',(#1546),#1612,.T.);
#1688=ADVANCED_FACE('',(#1547),#1613,.F.);
#1689=ADVANCED_FACE('',(#1548),#1614,.T.);
#1690=ADVANCED_FACE('',(#1549),#66,.T.);
#1691=ADVANCED_FACE('',(#1550),#67,.T.);
#1692=ADVANCED_FACE('',(#1551),#1615,.F.);
#1693=ADVANCED_FACE('',(#1552),#1616,.F.);
#1694=ADVANCED_FACE('',(#1553),#1617,.T.);
#1695=ADVANCED_FACE('',(#1554),#1618,.T.);
#1696=ADVANCED_FACE('',(#1555),#68,.T.);
#1697=ADVANCED_FACE('',(#1556),#1619,.T.);
#1698=ADVANCED_FACE('',(#1557),#69,.T.);
#1699=ADVANCED_FACE('',(#1558),#70,.T.);
#1700=ADVANCED_FACE('',(#1559),#1620,.T.);
#1701=ADVANCED_FACE('',(#1560),#1621,.T.);
#1702=ADVANCED_FACE('',(#1561),#1622,.T.);
#1703=ADVANCED_FACE('',(#1562),#1623,.T.);
#1704=CLOSED_SHELL('',(#1624,#1625,#1626,#1627,#1628,#1629,#1630,#1631,
#1632,#1633,#1634,#1635,#1636,#1637,#1638,#1639,#1640,#1641,#1642,#1643,
#1644,#1645,#1646,#1647,#1648,#1649,#1650,#1651,#1652,#1653,#1654,#1655,
#1656,#1657,#1658,#1659,#1660,#1661,#1662,#1663,#1664,#1665,#1666,#1667,
#1668,#1669,#1670,#1671,#1672,#1673,#1674,#1675,#1676,#1677,#1678,#1679,
#1680,#1681,#1682,#1683,#1684,#1685,#1686,#1687,#1688,#1689,#1690,#1691,
#1692,#1693,#1694,#1695,#1696,#1697,#1698,#1699,#1700,#1701,#1702,#1703));
#1705=STYLED_ITEM('',(#1706),#1713);
#1706=PRESENTATION_STYLE_ASSIGNMENT((#1707));
#1707=SURFACE_STYLE_USAGE(.BOTH.,#1708);
#1708=SURFACE_SIDE_STYLE('',(#1709));
#1709=SURFACE_STYLE_FILL_AREA(#1710);
#1710=FILL_AREA_STYLE('',(#1711));
#1711=FILL_AREA_STYLE_COLOUR('',#1712);
#1712=COLOUR_RGB('',0.647058823529412,0.647058823529412,0.647058823529412);
#1713=MANIFOLD_SOLID_BREP('Spiral Dart Holder',#1704);
#1714=SHAPE_DEFINITION_REPRESENTATION(#3878,#1715);
#1715=SHAPE_REPRESENTATION('Spiral Dart Holder',(#1716),#3873);
#1716=AXIS2_PLACEMENT_3D('',#2255,#1869,#1870);
#1717=AXIS2_PLACEMENT_3D('',#2264,#1871,#1872);
#1718=AXIS2_PLACEMENT_3D('',#2270,#1873,#1874);
#1719=AXIS2_PLACEMENT_3D('',#2281,#1876,#1877);
#1720=AXIS2_PLACEMENT_3D('',#2286,#1878,#1879);
#1721=AXIS2_PLACEMENT_3D('',#2295,#1880,#1881);
#1722=AXIS2_PLACEMENT_3D('',#2299,#1883,#1884);
#1723=AXIS2_PLACEMENT_3D('',#2307,#1886,#1887);
#1724=AXIS2_PLACEMENT_3D('',#2309,#1888,#1889);
#1725=AXIS2_PLACEMENT_3D('',#2311,#1890,#1891);
#1726=AXIS2_PLACEMENT_3D('',#2313,#1892,#1893);
#1727=AXIS2_PLACEMENT_3D('',#2315,#1894,#1895);
#1728=AXIS2_PLACEMENT_3D('',#2319,#1897,#1898);
#1729=AXIS2_PLACEMENT_3D('',#2321,#1899,#1900);
#1730=AXIS2_PLACEMENT_3D('',#2323,#1901,#1902);
#1731=AXIS2_PLACEMENT_3D('',#2332,#1904,#1905);
#1732=AXIS2_PLACEMENT_3D('',#2334,#1906,#1907);
#1733=AXIS2_PLACEMENT_3D('',#2336,#1908,#1909);
#1734=AXIS2_PLACEMENT_3D('',#2338,#1910,#1911);
#1735=AXIS2_PLACEMENT_3D('',#2340,#1912,#1913);
#1736=AXIS2_PLACEMENT_3D('',#2342,#1914,#1915);
#1737=AXIS2_PLACEMENT_3D('',#2344,#1916,#1917);
#1738=AXIS2_PLACEMENT_3D('',#2346,#1918,#1919);
#1739=AXIS2_PLACEMENT_3D('',#2348,#1920,#1921);
#1740=AXIS2_PLACEMENT_3D('',#2352,#1923,#1924);
#1741=AXIS2_PLACEMENT_3D('',#2354,#1925,#1926);
#1742=AXIS2_PLACEMENT_3D('',#2356,#1927,#1928);
#1743=AXIS2_PLACEMENT_3D('',#2365,#1930,#1931);
#1744=AXIS2_PLACEMENT_3D('',#2367,#1932,#1933);
#1745=AXIS2_PLACEMENT_3D('',#2369,#1934,#1935);
#1746=AXIS2_PLACEMENT_3D('',#2371,#1936,#1937);
#1747=AXIS2_PLACEMENT_3D('',#2373,#1938,#1939);
#1748=AXIS2_PLACEMENT_3D('',#2375,#1940,#1941);
#1749=AXIS2_PLACEMENT_3D('',#2377,#1942,#1943);
#1750=AXIS2_PLACEMENT_3D('',#2379,#1944,#1945);
#1751=AXIS2_PLACEMENT_3D('',#2381,#1946,#1947);
#1752=AXIS2_PLACEMENT_3D('',#2385,#1949,#1950);
#1753=AXIS2_PLACEMENT_3D('',#2387,#1951,#1952);
#1754=AXIS2_PLACEMENT_3D('',#2389,#1953,#1954);
#1755=AXIS2_PLACEMENT_3D('',#2398,#1956,#1957);
#1756=AXIS2_PLACEMENT_3D('',#2400,#1958,#1959);
#1757=AXIS2_PLACEMENT_3D('',#2402,#1960,#1961);
#1758=AXIS2_PLACEMENT_3D('',#2404,#1962,#1963);
#1759=AXIS2_PLACEMENT_3D('',#2406,#1964,#1965);
#1760=AXIS2_PLACEMENT_3D('',#2408,#1966,#1967);
#1761=AXIS2_PLACEMENT_3D('',#2410,#1968,#1969);
#1762=AXIS2_PLACEMENT_3D('',#2412,#1970,#1971);
#1763=AXIS2_PLACEMENT_3D('',#2414,#1972,#1973);
#1764=AXIS2_PLACEMENT_3D('',#2418,#1975,#1976);
#1765=AXIS2_PLACEMENT_3D('',#2420,#1977,#1978);
#1766=AXIS2_PLACEMENT_3D('',#2422,#1979,#1980);
#1767=AXIS2_PLACEMENT_3D('',#2431,#1982,#1983);
#1768=AXIS2_PLACEMENT_3D('',#2433,#1984,#1985);
#1769=AXIS2_PLACEMENT_3D('',#2435,#1986,#1987);
#1770=AXIS2_PLACEMENT_3D('',#2437,#1988,#1989);
#1771=AXIS2_PLACEMENT_3D('',#2439,#1990,#1991);
#1772=AXIS2_PLACEMENT_3D('',#2441,#1992,#1993);
#1773=AXIS2_PLACEMENT_3D('',#2443,#1994,#1995);
#1774=AXIS2_PLACEMENT_3D('',#2445,#1996,#1997);
#1775=AXIS2_PLACEMENT_3D('',#2447,#1998,#1999);
#1776=AXIS2_PLACEMENT_3D('',#2451,#2001,#2002);
#1777=AXIS2_PLACEMENT_3D('',#2453,#2003,#2004);
#1778=AXIS2_PLACEMENT_3D('',#2455,#2005,#2006);
#1779=AXIS2_PLACEMENT_3D('',#2464,#2008,#2009);
#1780=AXIS2_PLACEMENT_3D('',#2466,#2010,#2011);
#1781=AXIS2_PLACEMENT_3D('',#2468,#2012,#2013);
#1782=AXIS2_PLACEMENT_3D('',#2470,#2014,#2015);
#1783=AXIS2_PLACEMENT_3D('',#2472,#2016,#2017);
#1784=AXIS2_PLACEMENT_3D('',#2476,#2019,#2020);
#1785=AXIS2_PLACEMENT_3D('',#2477,#2021,#2022);
#1786=AXIS2_PLACEMENT_3D('',#2486,#2023,#2024);
#1787=AXIS2_PLACEMENT_3D('',#2499,#2027,#2028);
#1788=AXIS2_PLACEMENT_3D('',#2505,#2031,#2032);
#1789=AXIS2_PLACEMENT_3D('',#2571,#2033,#2034);
#1790=AXIS2_PLACEMENT_3D('',#2577,#2037,#2038);
#1791=AXIS2_PLACEMENT_3D('',#2617,#2041,#2042);
#1792=AXIS2_PLACEMENT_3D('',#2646,#2043,#2044);
#1793=AXIS2_PLACEMENT_3D('',#2648,#2045,#2046);
#1794=AXIS2_PLACEMENT_3D('',#2650,#2047,#2048);
#1795=AXIS2_PLACEMENT_3D('',#2651,#2049,#2050);
#1796=AXIS2_PLACEMENT_3D('',#2680,#2051,#2052);
#1797=AXIS2_PLACEMENT_3D('',#2682,#2053,#2054);
#1798=AXIS2_PLACEMENT_3D('',#2710,#2056,#2057);
#1799=AXIS2_PLACEMENT_3D('',#2721,#2059,#2060);
#1800=AXIS2_PLACEMENT_3D('',#2732,#2062,#2063);
#1801=AXIS2_PLACEMENT_3D('',#2743,#2065,#2066);
#1802=AXIS2_PLACEMENT_3D('',#2757,#2068,#2069);
#1803=AXIS2_PLACEMENT_3D('',#2770,#2072,#2073);
#1804=AXIS2_PLACEMENT_3D('',#2776,#2076,#2077);
#1805=AXIS2_PLACEMENT_3D('',#2842,#2078,#2079);
#1806=AXIS2_PLACEMENT_3D('',#2848,#2082,#2083);
#1807=AXIS2_PLACEMENT_3D('',#2888,#2086,#2087);
#1808=AXIS2_PLACEMENT_3D('',#2917,#2088,#2089);
#1809=AXIS2_PLACEMENT_3D('',#2919,#2090,#2091);
#1810=AXIS2_PLACEMENT_3D('',#2921,#2092,#2093);
#1811=AXIS2_PLACEMENT_3D('',#2922,#2094,#2095);
#1812=AXIS2_PLACEMENT_3D('',#2951,#2096,#2097);
#1813=AXIS2_PLACEMENT_3D('',#2953,#2098,#2099);
#1814=AXIS2_PLACEMENT_3D('',#2981,#2101,#2102);
#1815=AXIS2_PLACEMENT_3D('',#2992,#2104,#2105);
#1816=AXIS2_PLACEMENT_3D('',#3003,#2107,#2108);
#1817=AXIS2_PLACEMENT_3D('',#3012,#2109,#2110);
#1818=AXIS2_PLACEMENT_3D('',#3026,#2112,#2113);
#1819=AXIS2_PLACEMENT_3D('',#3039,#2116,#2117);
#1820=AXIS2_PLACEMENT_3D('',#3045,#2120,#2121);
#1821=AXIS2_PLACEMENT_3D('',#3111,#2122,#2123);
#1822=AXIS2_PLACEMENT_3D('',#3117,#2126,#2127);
#1823=AXIS2_PLACEMENT_3D('',#3157,#2130,#2131);
#1824=AXIS2_PLACEMENT_3D('',#3186,#2132,#2133);
#1825=AXIS2_PLACEMENT_3D('',#3188,#2134,#2135);
#1826=AXIS2_PLACEMENT_3D('',#3190,#2136,#2137);
#1827=AXIS2_PLACEMENT_3D('',#3191,#2138,#2139);
#1828=AXIS2_PLACEMENT_3D('',#3220,#2140,#2141);
#1829=AXIS2_PLACEMENT_3D('',#3222,#2142,#2143);
#1830=AXIS2_PLACEMENT_3D('',#3250,#2145,#2146);
#1831=AXIS2_PLACEMENT_3D('',#3261,#2148,#2149);
#1832=AXIS2_PLACEMENT_3D('',#3272,#2151,#2152);
#1833=AXIS2_PLACEMENT_3D('',#3281,#2153,#2154);
#1834=AXIS2_PLACEMENT_3D('',#3295,#2156,#2157);
#1835=AXIS2_PLACEMENT_3D('',#3301,#2160,#2161);
#1836=AXIS2_PLACEMENT_3D('',#3367,#2162,#2163);
#1837=AXIS2_PLACEMENT_3D('',#3373,#2166,#2167);
#1838=AXIS2_PLACEMENT_3D('',#3413,#2170,#2171);
#1839=AXIS2_PLACEMENT_3D('',#3442,#2172,#2173);
#1840=AXIS2_PLACEMENT_3D('',#3444,#2174,#2175);
#1841=AXIS2_PLACEMENT_3D('',#3446,#2176,#2177);
#1842=AXIS2_PLACEMENT_3D('',#3447,#2178,#2179);
#1843=AXIS2_PLACEMENT_3D('',#3476,#2180,#2181);
#1844=AXIS2_PLACEMENT_3D('',#3478,#2182,#2183);
#1845=AXIS2_PLACEMENT_3D('',#3506,#2185,#2186);
#1846=AXIS2_PLACEMENT_3D('',#3519,#2189,#2190);
#1847=AXIS2_PLACEMENT_3D('',#3530,#2192,#2193);
#1848=AXIS2_PLACEMENT_3D('',#3539,#2194,#2195);
#1849=AXIS2_PLACEMENT_3D('',#3559,#2197,#2198);
#1850=AXIS2_PLACEMENT_3D('',#3562,#2199,#2200);
#1851=AXIS2_PLACEMENT_3D('',#3566,#2202,#2203);
#1852=AXIS2_PLACEMENT_3D('',#3568,#2204,#2205);
#1853=AXIS2_PLACEMENT_3D('',#3600,#2209,#2210);
#1854=AXIS2_PLACEMENT_3D('',#3615,#2214,#2215);
#1855=AXIS2_PLACEMENT_3D('',#3624,#2216,#2217);
#1856=AXIS2_PLACEMENT_3D('',#3633,#2218,#2219);
#1857=AXIS2_PLACEMENT_3D('',#3648,#2223,#2224);
#1858=AXIS2_PLACEMENT_3D('',#3665,#2227,#2228);
#1859=AXIS2_PLACEMENT_3D('',#3669,#2230,#2231);
#1860=AXIS2_PLACEMENT_3D('',#3670,#2232,#2233);
#1861=AXIS2_PLACEMENT_3D('',#3674,#2235,#2236);
#1862=AXIS2_PLACEMENT_3D('',#3675,#2237,#2238);
#1863=AXIS2_PLACEMENT_3D('',#3677,#2239,#2240);
#1864=AXIS2_PLACEMENT_3D('',#3683,#2241,#2242);
#1865=AXIS2_PLACEMENT_3D('',#3685,#2243,#2244);
#1866=AXIS2_PLACEMENT_3D('',#3687,#2245,#2246);
#1867=AXIS2_PLACEMENT_3D('',#3688,#2247,#2248);
#1868=AXIS2_PLACEMENT_3D('',#3690,#2249,#2250);
#1869=DIRECTION('',(0.,0.,1.));
#1870=DIRECTION('',(1.,0.,0.));
#1871=DIRECTION('',(0.,0.,1.));
#1872=DIRECTION('',(1.,0.,0.));
#1873=DIRECTION('',(0.,0.,1.));
#1874=DIRECTION('',(1.,0.,0.));
#1875=DIRECTION('',(0.,0.,-1.));
#1876=DIRECTION('',(0.,0.,1.));
#1877=DIRECTION('',(1.,0.,0.));
#1878=DIRECTION('',(0.,0.,1.));
#1879=DIRECTION('',(1.,0.,0.));
#1880=DIRECTION('',(0.,0.,1.));
#1881=DIRECTION('',(1.,0.,0.));
#1882=DIRECTION('',(0.,0.,-1.));
#1883=DIRECTION('',(0.,0.,1.));
#1884=DIRECTION('',(1.,0.,0.));
#1885=DIRECTION('',(-2.20782987851594E-15,-1.,0.));
#1886=DIRECTION('',(0.,0.,1.));
#1887=DIRECTION('',(1.,0.,0.));
#1888=DIRECTION('',(0.,0.,1.));
#1889=DIRECTION('',(-0.5,-0.866025403784439,0.));
#1890=DIRECTION('',(0.,0.,1.));
#1891=DIRECTION('',(-0.5,-0.866025403784439,0.));
#1892=DIRECTION('',(0.,0.,1.));
#1893=DIRECTION('',(-0.5,-0.866025403784439,0.));
#1894=DIRECTION('',(0.,0.,1.));
#1895=DIRECTION('',(-0.5,-0.866025403784439,0.));
#1896=DIRECTION('',(0.286662364785468,-0.958031674119183,0.));
#1897=DIRECTION('',(0.,0.,1.));
#1898=DIRECTION('',(-0.5,-0.866025403784439,0.));
#1899=DIRECTION('',(0.,0.,-1.));
#1900=DIRECTION('',(0.5,0.866025403784439,0.));
#1901=DIRECTION('',(0.,0.,-1.));
#1902=DIRECTION('',(0.5,0.866025403784439,0.));
#1903=DIRECTION('',(-0.97301094981008,-0.230758946846455,0.));
#1904=DIRECTION('',(0.,0.,1.));
#1905=DIRECTION('',(-0.5,-0.866025403784439,0.));
#1906=DIRECTION('',(0.,0.,1.));
#1907=DIRECTION('',(-0.5,-0.866025403784439,0.));
#1908=DIRECTION('',(0.,0.,1.));
#1909=DIRECTION('',(-0.5,-0.866025403784439,0.));
#1910=DIRECTION('',(0.,0.,1.));
#1911=DIRECTION('',(-0.5,-0.866025403784439,0.));
#1912=DIRECTION('',(0.,0.,1.));
#1913=DIRECTION('',(1.,0.,0.));
#1914=DIRECTION('',(0.,0.,1.));
#1915=DIRECTION('',(-1.,-1.22464679914735E-16,0.));
#1916=DIRECTION('',(0.,0.,1.));
#1917=DIRECTION('',(-1.,-1.22464679914735E-16,0.));
#1918=DIRECTION('',(0.,0.,1.));
#1919=DIRECTION('',(-1.,-1.22464679914735E-16,0.));
#1920=DIRECTION('',(0.,0.,1.));
#1921=DIRECTION('',(-1.,-1.22464679914735E-16,0.));
#1922=DIRECTION('',(-0.686348585024613,-0.727272727272728,0.));
#1923=DIRECTION('',(0.,0.,1.));
#1924=DIRECTION('',(-1.,-1.22464679914735E-16,0.));
#1925=DIRECTION('',(0.,0.,-1.));
#1926=DIRECTION('',(1.,1.22464679914735E-16,0.));
#1927=DIRECTION('',(0.,0.,-1.));
#1928=DIRECTION('',(1.,1.22464679914735E-16,0.));
#1929=DIRECTION('',(-0.686348585024614,0.727272727272727,0.));
#1930=DIRECTION('',(0.,0.,1.));
#1931=DIRECTION('',(-1.,-1.22464679914735E-16,0.));
#1932=DIRECTION('',(0.,0.,1.));
#1933=DIRECTION('',(-1.,-1.22464679914735E-16,0.));
#1934=DIRECTION('',(0.,0.,1.));
#1935=DIRECTION('',(-1.,-1.22464679914735E-16,0.));
#1936=DIRECTION('',(0.,0.,1.));
#1937=DIRECTION('',(-1.,-1.22464679914735E-16,0.));
#1938=DIRECTION('',(0.,0.,1.));
#1939=DIRECTION('',(1.,0.,0.));
#1940=DIRECTION('',(0.,0.,1.));
#1941=DIRECTION('',(-0.5,0.866025403784438,0.));
#1942=DIRECTION('',(0.,0.,1.));
#1943=DIRECTION('',(-0.5,0.866025403784438,0.));
#1944=DIRECTION('',(0.,0.,1.));
#1945=DIRECTION('',(-0.5,0.866025403784438,0.));
#1946=DIRECTION('',(0.,0.,1.));
#1947=DIRECTION('',(-0.5,0.866025403784438,0.));
#1948=DIRECTION('',(-0.973010949810081,0.230758946846454,0.));
#1949=DIRECTION('',(0.,0.,1.));
#1950=DIRECTION('',(-0.5,0.866025403784438,0.));
#1951=DIRECTION('',(0.,0.,-1.));
#1952=DIRECTION('',(0.5,-0.866025403784438,0.));
#1953=DIRECTION('',(0.,0.,-1.));
#1954=DIRECTION('',(0.5,-0.866025403784438,0.));
#1955=DIRECTION('',(0.286662364785467,0.958031674119183,0.));
#1956=DIRECTION('',(0.,0.,1.));
#1957=DIRECTION('',(-0.5,0.866025403784438,0.));
#1958=DIRECTION('',(0.,0.,1.));
#1959=DIRECTION('',(-0.5,0.866025403784438,0.));
#1960=DIRECTION('',(0.,0.,1.));
#1961=DIRECTION('',(-0.5,0.866025403784438,0.));
#1962=DIRECTION('',(0.,0.,1.));
#1963=DIRECTION('',(-0.5,0.866025403784438,0.));
#1964=DIRECTION('',(0.,0.,1.));
#1965=DIRECTION('',(1.,0.,0.));
#1966=DIRECTION('',(0.,0.,1.));
#1967=DIRECTION('',(0.5,0.866025403784439,0.));
#1968=DIRECTION('',(0.,0.,1.));
#1969=DIRECTION('',(0.5,0.866025403784439,0.));
#1970=DIRECTION('',(0.,0.,1.));
#1971=DIRECTION('',(0.5,0.866025403784439,0.));
#1972=DIRECTION('',(0.,0.,1.));
#1973=DIRECTION('',(0.5,0.866025403784439,0.));
#1974=DIRECTION('',(-0.286662364785468,0.958031674119183,0.));
#1975=DIRECTION('',(0.,0.,1.));
#1976=DIRECTION('',(0.5,0.866025403784439,0.));
#1977=DIRECTION('',(0.,0.,-1.));
#1978=DIRECTION('',(-0.5,-0.866025403784439,0.));
#1979=DIRECTION('',(0.,0.,-1.));
#1980=DIRECTION('',(-0.5,-0.866025403784439,0.));
#1981=DIRECTION('',(0.97301094981008,0.230758946846456,0.));
#1982=DIRECTION('',(0.,0.,1.));
#1983=DIRECTION('',(0.5,0.866025403784439,0.));
#1984=DIRECTION('',(0.,0.,1.));
#1985=DIRECTION('',(0.5,0.866025403784439,0.));
#1986=DIRECTION('',(0.,0.,1.));
#1987=DIRECTION('',(0.5,0.866025403784439,0.));
#1988=DIRECTION('',(0.,0.,1.));
#1989=DIRECTION('',(0.5,0.866025403784439,0.));
#1990=DIRECTION('',(0.,0.,1.));
#1991=DIRECTION('',(1.,0.,0.));
#1992=DIRECTION('',(0.,0.,1.));
#1993=DIRECTION('',(1.,0.,0.));
#1994=DIRECTION('',(0.,0.,1.));
#1995=DIRECTION('',(1.,0.,0.));
#1996=DIRECTION('',(0.,0.,1.));
#1997=DIRECTION('',(1.,0.,0.));
#1998=DIRECTION('',(0.,0.,1.));
#1999=DIRECTION('',(1.,0.,0.));
#2000=DIRECTION('',(0.686348585024613,0.727272727272728,0.));
#2001=DIRECTION('',(0.,0.,1.));
#2002=DIRECTION('',(1.,0.,0.));
#2003=DIRECTION('',(0.,0.,-1.));
#2004=DIRECTION('',(-1.,0.,0.));
#2005=DIRECTION('',(0.,0.,-1.));
#2006=DIRECTION('',(-1.,0.,0.));
#2007=DIRECTION('',(0.686348585024614,-0.727272727272727,0.));
#2008=DIRECTION('',(0.,0.,1.));
#2009=DIRECTION('',(1.,0.,0.));
#2010=DIRECTION('',(0.,0.,1.));
#2011=DIRECTION('',(1.,0.,0.));
#2012=DIRECTION('',(0.,0.,1.));
#2013=DIRECTION('',(1.,0.,0.));
#2014=DIRECTION('',(0.,0.,1.));
#2015=DIRECTION('',(1.,0.,0.));
#2016=DIRECTION('',(0.,0.,1.));
#2017=DIRECTION('',(1.,0.,0.));
#2018=DIRECTION('',(-0.866025403784439,0.5,0.));
#2019=DIRECTION('',(0.,0.,1.));
#2020=DIRECTION('',(1.,0.,0.));
#2021=DIRECTION('',(0.,0.,1.));
#2022=DIRECTION('',(1.,0.,0.));
#2023=DIRECTION('',(0.,0.,1.));
#2024=DIRECTION('',(1.,0.,0.));
#2025=DIRECTION('',(0.,0.,-1.));
#2026=DIRECTION('',(0.,0.,-1.));
#2027=DIRECTION('',(0.,0.,1.));
#2028=DIRECTION('',(0.5,0.866025403784439,0.));
#2029=DIRECTION('',(0.,0.,-1.));
#2030=DIRECTION('',(0.,0.,1.));
#2031=DIRECTION('',(0.,0.,1.));
#2032=DIRECTION('',(0.5,0.866025403784439,0.));
#2033=DIRECTION('',(0.,0.,1.));
#2034=DIRECTION('',(0.5,0.866025403784439,0.));
#2035=DIRECTION('',(0.,0.,-1.));
#2036=DIRECTION('',(0.,0.,-1.));
#2037=DIRECTION('',(0.,0.,1.));
#2038=DIRECTION('',(0.5,0.866025403784439,0.));
#2039=DIRECTION('',(0.,0.,-1.));
#2040=DIRECTION('',(0.,0.,-1.));
#2041=DIRECTION('',(0.,0.,1.));
#2042=DIRECTION('',(0.5,0.866025403784439,0.));
#2043=DIRECTION('',(0.,0.,-1.));
#2044=DIRECTION('',(-0.5,-0.866025403784439,0.));
#2045=DIRECTION('',(0.,0.,-1.));
#2046=DIRECTION('',(-0.5,-0.866025403784439,0.));
#2047=DIRECTION('',(0.,0.,-1.));
#2048=DIRECTION('',(-0.5,-0.866025403784439,0.));
#2049=DIRECTION('',(0.,0.,-1.));
#2050=DIRECTION('',(-0.5,-0.866025403784439,0.));
#2051=DIRECTION('',(0.,0.,-1.));
#2052=DIRECTION('',(-0.5,-0.866025403784439,0.));
#2053=DIRECTION('',(0.,0.,-1.));
#2054=DIRECTION('',(-0.5,-0.866025403784439,0.));
#2055=DIRECTION('',(-0.286662364785468,0.958031674119183,0.));
#2056=DIRECTION('',(0.,0.,1.));
#2057=DIRECTION('',(0.5,0.866025403784439,0.));
#2058=DIRECTION('',(0.,0.,-1.));
#2059=DIRECTION('',(0.,0.,1.));
#2060=DIRECTION('',(0.5,0.866025403784439,0.));
#2061=DIRECTION('',(0.,0.,-1.));
#2062=DIRECTION('',(0.,0.,1.));
#2063=DIRECTION('',(0.5,0.866025403784439,0.));
#2064=DIRECTION('',(0.,0.,-1.));
#2065=DIRECTION('',(0.,0.,1.));
#2066=DIRECTION('',(0.5,0.866025403784439,0.));
#2067=DIRECTION('',(0.97301094981008,0.230758946846456,0.));
#2068=DIRECTION('',(0.,0.,1.));
#2069=DIRECTION('',(1.,0.,0.));
#2070=DIRECTION('',(0.,0.,-1.));
#2071=DIRECTION('',(0.,0.,-1.));
#2072=DIRECTION('',(0.,0.,1.));
#2073=DIRECTION('',(-0.5,0.866025403784438,0.));
#2074=DIRECTION('',(0.,0.,-1.));
#2075=DIRECTION('',(0.,0.,1.));
#2076=DIRECTION('',(0.,0.,1.));
#2077=DIRECTION('',(-0.5,0.866025403784438,0.));
#2078=DIRECTION('',(0.,0.,1.));
#2079=DIRECTION('',(-0.5,0.866025403784438,0.));
#2080=DIRECTION('',(0.,0.,-1.));
#2081=DIRECTION('',(0.,0.,-1.));
#2082=DIRECTION('',(0.,0.,1.));
#2083=DIRECTION('',(-0.5,0.866025403784438,0.));
#2084=DIRECTION('',(0.,0.,-1.));
#2085=DIRECTION('',(0.,0.,-1.));
#2086=DIRECTION('',(0.,0.,1.));
#2087=DIRECTION('',(-0.5,0.866025403784438,0.));
#2088=DIRECTION('',(0.,0.,-1.));
#2089=DIRECTION('',(0.5,-0.866025403784438,0.));
#2090=DIRECTION('',(0.,0.,-1.));
#2091=DIRECTION('',(0.5,-0.866025403784438,0.));
#2092=DIRECTION('',(0.,0.,-1.));
#2093=DIRECTION('',(0.5,-0.866025403784438,0.));
#2094=DIRECTION('',(0.,0.,-1.));
#2095=DIRECTION('',(0.5,-0.866025403784438,0.));
#2096=DIRECTION('',(0.,0.,-1.));
#2097=DIRECTION('',(0.5,-0.866025403784438,0.));
#2098=DIRECTION('',(0.,0.,-1.));
#2099=DIRECTION('',(0.5,-0.866025403784438,0.));
#2100=DIRECTION('',(-0.973010949810081,0.230758946846454,0.));
#2101=DIRECTION('',(0.,0.,1.));
#2102=DIRECTION('',(-0.5,0.866025403784438,0.));
#2103=DIRECTION('',(0.,0.,-1.));
#2104=DIRECTION('',(0.,0.,1.));
#2105=DIRECTION('',(-0.5,0.866025403784438,0.));
#2106=DIRECTION('',(0.,0.,-1.));
#2107=DIRECTION('',(0.,0.,1.));
#2108=DIRECTION('',(-0.5,0.866025403784438,0.));
#2109=DIRECTION('',(0.,0.,1.));
#2110=DIRECTION('',(-0.5,0.866025403784438,0.));
#2111=DIRECTION('',(0.286662364785467,0.958031674119183,0.));
#2112=DIRECTION('',(0.,0.,1.));
#2113=DIRECTION('',(1.,0.,0.));
#2114=DIRECTION('',(0.,0.,-1.));
#2115=DIRECTION('',(0.,0.,-1.));
#2116=DIRECTION('',(0.,0.,1.));
#2117=DIRECTION('',(-1.,-1.22464679914735E-16,0.));
#2118=DIRECTION('',(0.,0.,-1.));
#2119=DIRECTION('',(0.,0.,1.));
#2120=DIRECTION('',(0.,0.,1.));
#2121=DIRECTION('',(-1.,-1.22464679914735E-16,0.));
#2122=DIRECTION('',(0.,0.,1.));
#2123=DIRECTION('',(-1.,-1.22464679914735E-16,0.));
#2124=DIRECTION('',(0.,0.,-1.));
#2125=DIRECTION('',(0.,0.,-1.));
#2126=DIRECTION('',(0.,0.,1.));
#2127=DIRECTION('',(-1.,-1.22464679914735E-16,0.));
#2128=DIRECTION('',(0.,0.,-1.));
#2129=DIRECTION('',(0.,0.,-1.));
#2130=DIRECTION('',(0.,0.,1.));
#2131=DIRECTION('',(-1.,-1.22464679914735E-16,0.));
#2132=DIRECTION('',(0.,0.,-1.));
#2133=DIRECTION('',(1.,1.22464679914735E-16,0.));
#2134=DIRECTION('',(0.,0.,-1.));
#2135=DIRECTION('',(1.,1.22464679914735E-16,0.));
#2136=DIRECTION('',(0.,0.,-1.));
#2137=DIRECTION('',(1.,1.22464679914735E-16,0.));
#2138=DIRECTION('',(0.,0.,-1.));
#2139=DIRECTION('',(1.,1.22464679914735E-16,0.));
#2140=DIRECTION('',(0.,0.,-1.));
#2141=DIRECTION('',(1.,1.22464679914735E-16,0.));
#2142=DIRECTION('',(0.,0.,-1.));
#2143=DIRECTION('',(1.,1.22464679914735E-16,0.));
#2144=DIRECTION('',(-0.686348585024613,-0.727272727272728,0.));
#2145=DIRECTION('',(0.,0.,1.));
#2146=DIRECTION('',(-1.,-1.22464679914735E-16,0.));
#2147=DIRECTION('',(0.,0.,-1.));
#2148=DIRECTION('',(0.,0.,1.));
#2149=DIRECTION('',(-1.,-1.22464679914735E-16,0.));
#2150=DIRECTION('',(0.,0.,-1.));
#2151=DIRECTION('',(0.,0.,1.));
#2152=DIRECTION('',(-1.,-1.22464679914735E-16,0.));
#2153=DIRECTION('',(0.,0.,1.));
#2154=DIRECTION('',(-1.,-1.22464679914735E-16,0.));
#2155=DIRECTION('',(-0.686348585024614,0.727272727272727,0.));
#2156=DIRECTION('',(0.,0.,1.));
#2157=DIRECTION('',(-0.5,-0.866025403784439,0.));
#2158=DIRECTION('',(0.,0.,-1.));
#2159=DIRECTION('',(0.,0.,1.));
#2160=DIRECTION('',(0.,0.,1.));
#2161=DIRECTION('',(-0.5,-0.866025403784439,0.));
#2162=DIRECTION('',(0.,0.,1.));
#2163=DIRECTION('',(-0.5,-0.866025403784439,0.));
#2164=DIRECTION('',(0.,0.,-1.));
#2165=DIRECTION('',(0.,0.,-1.));
#2166=DIRECTION('',(0.,0.,1.));
#2167=DIRECTION('',(-0.5,-0.866025403784439,0.));
#2168=DIRECTION('',(0.,0.,-1.));
#2169=DIRECTION('',(0.,0.,-1.));
#2170=DIRECTION('',(0.,0.,1.));
#2171=DIRECTION('',(-0.5,-0.866025403784439,0.));
#2172=DIRECTION('',(0.,0.,-1.));
#2173=DIRECTION('',(0.5,0.866025403784439,0.));
#2174=DIRECTION('',(0.,0.,-1.));
#2175=DIRECTION('',(0.5,0.866025403784439,0.));
#2176=DIRECTION('',(0.,0.,-1.));
#2177=DIRECTION('',(0.5,0.866025403784439,0.));
#2178=DIRECTION('',(0.,0.,-1.));
#2179=DIRECTION('',(0.5,0.866025403784439,0.));
#2180=DIRECTION('',(0.,0.,-1.));
#2181=DIRECTION('',(0.5,0.866025403784439,0.));
#2182=DIRECTION('',(0.,0.,-1.));
#2183=DIRECTION('',(0.5,0.866025403784439,0.));
#2184=DIRECTION('',(0.286662364785468,-0.958031674119183,0.));
#2185=DIRECTION('',(0.,0.,1.));
#2186=DIRECTION('',(-0.5,-0.866025403784439,0.));
#2187=DIRECTION('',(0.,0.,-1.));
#2188=DIRECTION('',(0.,0.,-1.));
#2189=DIRECTION('',(0.,0.,1.));
#2190=DIRECTION('',(-0.5,-0.866025403784439,0.));
#2191=DIRECTION('',(0.,0.,-1.));
#2192=DIRECTION('',(0.,0.,1.));
#2193=DIRECTION('',(-0.5,-0.866025403784439,0.));
#2194=DIRECTION('',(0.,0.,1.));
#2195=DIRECTION('',(-0.5,-0.866025403784439,0.));
#2196=DIRECTION('',(-0.97301094981008,-0.230758946846455,0.));
#2197=DIRECTION('',(0.,0.,-1.));
#2198=DIRECTION('',(-1.,0.,0.));
#2199=DIRECTION('',(0.,0.,-1.));
#2200=DIRECTION('',(-1.,0.,0.));
#2201=DIRECTION('',(0.,0.,-1.));
#2202=DIRECTION('',(0.,0.,-1.));
#2203=DIRECTION('',(-1.,0.,0.));
#2204=DIRECTION('',(0.,0.,-1.));
#2205=DIRECTION('',(-1.,0.,0.));
#2206=DIRECTION('',(0.686348585024613,0.727272727272728,0.));
#2207=DIRECTION('',(0.,0.,-1.));
#2208=DIRECTION('',(0.,0.,-1.));
#2209=DIRECTION('',(0.,0.,1.));
#2210=DIRECTION('',(1.,0.,0.));
#2211=DIRECTION('',(0.,0.,-1.));
#2212=DIRECTION('',(0.,0.,-1.));
#2213=DIRECTION('',(0.,0.,-1.));
#2214=DIRECTION('',(0.,0.,1.));
#2215=DIRECTION('',(1.,0.,0.));
#2216=DIRECTION('',(0.,0.,1.));
#2217=DIRECTION('',(1.,0.,0.));
#2218=DIRECTION('',(0.,0.,1.));
#2219=DIRECTION('',(1.,0.,0.));
#2220=DIRECTION('',(0.,0.,-1.));
#2221=DIRECTION('',(0.,0.,-1.));
#2222=DIRECTION('',(0.,0.,-1.));
#2223=DIRECTION('',(0.,0.,1.));
#2224=DIRECTION('',(1.,0.,0.));
#2225=DIRECTION('',(0.686348585024614,-0.727272727272727,0.));
#2226=DIRECTION('',(0.,0.,1.));
#2227=DIRECTION('',(0.,0.,1.));
#2228=DIRECTION('',(1.,0.,0.));
#2229=DIRECTION('',(2.20782987851594E-15,1.,0.));
#2230=DIRECTION('',(0.,0.,1.));
#2231=DIRECTION('',(1.,0.,0.));
#2232=DIRECTION('',(0.,0.,1.));
#2233=DIRECTION('',(1.,0.,0.));
#2234=DIRECTION('',(0.866025403784439,-0.5,0.));
#2235=DIRECTION('',(0.,0.,1.));
#2236=DIRECTION('',(1.,0.,0.));
#2237=DIRECTION('',(0.,0.,1.));
#2238=DIRECTION('',(1.,0.,0.));
#2239=DIRECTION('',(0.,0.,1.));
#2240=DIRECTION('',(1.,0.,0.));
#2241=DIRECTION('',(0.,0.,-1.));
#2242=DIRECTION('',(-1.,0.,0.));
#2243=DIRECTION('',(0.,0.,-1.));
#2244=DIRECTION('',(-1.,0.,0.));
#2245=DIRECTION('',(0.,0.,1.));
#2246=DIRECTION('',(1.,0.,0.));
#2247=DIRECTION('',(0.,0.,1.));
#2248=DIRECTION('',(1.,0.,0.));
#2249=DIRECTION('',(0.,0.,1.));
#2250=DIRECTION('',(1.,0.,0.));
#2251=DIRECTION('',(0.,0.,-1.));
#2252=DIRECTION('',(0.,0.,-1.));
#2253=DIRECTION('',(0.,0.,-1.));
#2254=DIRECTION('',(0.,0.,-1.));
#2255=CARTESIAN_POINT('',(0.,0.,0.));
#2256=CARTESIAN_POINT('',(-16.4789961905769,1.03477201381207,42.5));
#2257=CARTESIAN_POINT('',(-16.4789961905769,1.03477201381207,37.5));
#2258=CARTESIAN_POINT('',(-16.4789961905769,-0.16862989856323,42.5));
#2259=CARTESIAN_POINT('',(-16.4789961905769,-0.16862989856323,37.5));
#2260=CARTESIAN_POINT('',(-16.7182203735021,-1.43044855048999,42.5));
#2261=CARTESIAN_POINT('',(-16.7182203735021,-1.43044855048999,37.5));
#2262=CARTESIAN_POINT('',(-17.2738366177506,-2.66324858976172,42.5));
#2263=CARTESIAN_POINT('',(-17.2738366177506,-2.66324858976172,37.5));
#2264=CARTESIAN_POINT('',(-25.4789961905769,1.03477201381207,42.5));
#2265=CARTESIAN_POINT('',(-17.2738366177506,-2.66324858976172,42.5));
#2266=CARTESIAN_POINT('',(-16.4789961905769,1.03477201381207,42.5));
#2267=CARTESIAN_POINT('',(-16.4789961905769,1.03477201381207,42.75));
#2268=CARTESIAN_POINT('',(-16.4789961905769,1.03477201381207,37.25));
#2269=CARTESIAN_POINT('',(-16.4789961905769,1.03477201381207,37.5));
#2270=CARTESIAN_POINT('',(-25.4789961905769,1.03477201381207,37.5));
#2271=CARTESIAN_POINT('',(-17.2738366177506,-2.66324858976172,37.5));
#2272=CARTESIAN_POINT('',(-17.2738366177506,-2.66324858976172,42.5));
#2273=CARTESIAN_POINT('',(-34.4789961905769,1.03477201381207,42.5));
#2274=CARTESIAN_POINT('',(-34.4789961905769,1.03477201381207,37.5));
#2275=CARTESIAN_POINT('',(-34.4789961905769,19.0347720138121,42.5));
#2276=CARTESIAN_POINT('',(-34.4789961905769,19.0347720138121,37.5));
#2277=CARTESIAN_POINT('',(-16.4789961905769,19.0347720138121,42.5));
#2278=CARTESIAN_POINT('',(-16.4789961905769,19.0347720138121,37.5));
#2279=CARTESIAN_POINT('',(-16.4789961905769,1.03477201381207,42.5));
#2280=CARTESIAN_POINT('',(-16.4789961905769,1.03477201381207,37.5));
#2281=CARTESIAN_POINT('',(-25.4789961905769,1.03477201381207,42.5));
#2282=CARTESIAN_POINT('',(-34.4789961905769,1.03477201381207,42.5));
#2283=CARTESIAN_POINT('',(-34.4789961905769,1.03477201381207,42.75));
#2284=CARTESIAN_POINT('',(-34.4789961905769,1.03477201381207,37.25));
#2285=CARTESIAN_POINT('',(-34.4789961905769,1.03477201381207,37.5));
#2286=CARTESIAN_POINT('',(-25.4789961905769,1.03477201381207,37.5));
#2287=CARTESIAN_POINT('',(-26.3789961905769,-7.92011492014751,42.5));
#2288=CARTESIAN_POINT('',(-26.3789961905769,-7.92011492014751,37.5));
#2289=CARTESIAN_POINT('',(-31.8618611731978,-7.36906625579806,42.5));
#2290=CARTESIAN_POINT('',(-31.8618611731978,-7.36906625579806,37.5));
#2291=CARTESIAN_POINT('',(-34.4789961905769,-3.13515260882766,42.5));
#2292=CARTESIAN_POINT('',(-34.4789961905769,-3.13515260882766,37.5));
#2293=CARTESIAN_POINT('',(-34.4789961905769,1.03477201381207,42.5));
#2294=CARTESIAN_POINT('',(-34.4789961905769,1.03477201381207,37.5));
#2295=CARTESIAN_POINT('',(-25.4789961905769,1.03477201381207,42.5));
#2296=CARTESIAN_POINT('',(-26.3789961905769,-7.92011492014751,42.5));
#2297=CARTESIAN_POINT('',(-26.3789961905769,-7.92011492014751,42.5));
#2298=CARTESIAN_POINT('',(-26.3789961905769,-7.92011492014751,37.5));
#2299=CARTESIAN_POINT('',(-25.4789961905769,1.03477201381207,37.5));
#2300=CARTESIAN_POINT('',(-57.2186483802796,-27.9092207875455,37.5));
#2301=CARTESIAN_POINT('',(-57.2186483802796,31.0135368289817,37.5));
#2302=CARTESIAN_POINT('',(6.26065599912575,-27.9092207875455,37.5));
#2303=CARTESIAN_POINT('',(6.26065599912575,31.0135368289817,37.5));
#2304=CARTESIAN_POINT('',(-25.4789961905769,-4.46522798618793,37.5));
#2305=CARTESIAN_POINT('',(-25.4789961905769,-8.91510235725414,37.5));
#2306=CARTESIAN_POINT('',(-25.4789961905769,-8.95540122170723,37.5));
#2307=CARTESIAN_POINT('',(-26.4789961905769,-8.95540122170723,37.5));
#2308=CARTESIAN_POINT('',(-26.4500240022337,-9.95498143975009,37.5));
#2309=CARTESIAN_POINT('',(-26.208241421003,-18.2968119705425,37.5));
#2310=CARTESIAN_POINT('',(-34.4331670655322,-19.7093251786277,37.5));
#2311=CARTESIAN_POINT('',(-39.1146331369517,-20.5132999432484,37.5));
#2312=CARTESIAN_POINT('',(-37.2270722538206,-24.8721545992875,37.5));
#2313=CARTESIAN_POINT('',(-37.4257628730975,-24.4133277933886,37.5));
#2314=CARTESIAN_POINT('',(-37.6757628730975,-24.8463404952808,37.5));
#2315=CARTESIAN_POINT('',(-37.4257628730975,-24.4133277933886,37.5));
#2316=CARTESIAN_POINT('',(-37.9047787101572,-24.5566589757813,37.5));
#2317=CARTESIAN_POINT('',(-38.0396492690062,-24.1059187211954,37.5));
#2318=CARTESIAN_POINT('',(-37.9895469322362,-24.2733617882649,37.5));
#2319=CARTESIAN_POINT('',(-37.5105310951766,-24.1300306058722,37.5));
#2320=CARTESIAN_POINT('',(-37.8638934523785,-23.7762862850518,37.5));
#2321=CARTESIAN_POINT('',(-39.1146331369517,-20.5132999432484,37.5));
#2322=CARTESIAN_POINT('',(-37.3673903357532,-17.4869866384135,37.5));
#2323=CARTESIAN_POINT('',(-39.1146331369517,-20.5132999432484,37.5));
#2324=CARTESIAN_POINT('',(-42.5890044574278,-20.887697529799,37.5));
#2325=CARTESIAN_POINT('',(-42.5890043663754,-20.8876975199872,37.4999999966955));
#2326=CARTESIAN_POINT('',(-42.5630616268211,-21.1284440500595,37.4999999966955));
#2327=CARTESIAN_POINT('',(-42.7354608387085,-21.3720142129415,37.5));
#2328=CARTESIAN_POINT('',(-42.9710641685834,-21.4278898187468,37.5));
#2329=CARTESIAN_POINT('',(-42.9710641685834,-21.4278898187467,37.5));
#2330=CARTESIAN_POINT('',(-42.7634241987396,-21.3786459939226,37.5));
#2331=CARTESIAN_POINT('',(-43.2212119891439,-21.4872147910297,37.5));
#2332=CARTESIAN_POINT('',(-43.336591462567,-21.0007093161246,37.5));
#2333=CARTESIAN_POINT('',(-43.586591462567,-21.4337220180169,37.5));
#2334=CARTESIAN_POINT('',(-43.336591462567,-21.0007093161246,37.5));
#2335=CARTESIAN_POINT('',(-43.8332924420513,-21.0580515952865,37.5));
#2336=CARTESIAN_POINT('',(-39.1146331369517,-20.5132999432484,37.5));
#2337=CARTESIAN_POINT('',(-39.8272035577285,-15.8170521436286,37.5));
#2338=CARTESIAN_POINT('',(-40.9118092966053,-8.66887820019883,37.5));
#2339=CARTESIAN_POINT('',(-34.7911757907128,-4.82042320879255,37.5));
#2340=CARTESIAN_POINT('',(-25.4789961905769,1.03477201381207,37.5));
#2341=CARTESIAN_POINT('',(-35.2058337975377,-4.10221447320658,37.5));
#2342=CARTESIAN_POINT('',(-42.5852616316335,-7.99947508322752,37.5));
#2343=CARTESIAN_POINT('',(-47.9209967752808,-1.58273713486985,37.5));
#2344=CARTESIAN_POINT('',(-50.9579923811538,2.06954402762414,37.5));
#2345=CARTESIAN_POINT('',(-53.7890908031221,-1.74455897637677,37.5));
#2346=CARTESIAN_POINT('',(-53.4910804429149,-1.34307444963983,37.5));
#2347=CARTESIAN_POINT('',(-53.9910804429149,-1.34307444963983,37.5));
#2348=CARTESIAN_POINT('',(-53.4910804429149,-1.34307444963983,37.5));
#2349=CARTESIAN_POINT('',(-53.8547168065512,-0.999900157127525,37.5));
#2350=CARTESIAN_POINT('',(-53.5317995749961,-0.657728699648591,37.5));
#2351=CARTESIAN_POINT('',(-53.6517583563809,-0.784840129615192,37.5));
#2352=CARTESIAN_POINT('',(-53.2881219927445,-1.1280144221275,37.5));
#2353=CARTESIAN_POINT('',(-53.1584516030705,-0.645121483639282,37.5));
#2354=CARTESIAN_POINT('',(-50.9579923811538,2.06954402762413,37.5));
#2355=CARTESIAN_POINT('',(-47.4635067787566,2.06954402762414,37.5));
#2356=CARTESIAN_POINT('',(-50.9579923811538,2.06954402762413,37.5));
#2357=CARTESIAN_POINT('',(-53.0194158624602,4.89123906006118,37.5));
#2358=CARTESIAN_POINT('',(-53.0194157542727,4.89123891197302,37.5));
#2359=CARTESIAN_POINT('',(-53.21493703134,4.7483985492087,37.5));
#2360=CARTESIAN_POINT('',(-53.5120746041787,4.77591566522448,37.5));
#2361=CARTESIAN_POINT('',(-53.6782659631952,4.95201633121061,37.5));
#2362=CARTESIAN_POINT('',(-53.6782659631952,4.95201633121059,37.5));
#2363=CARTESIAN_POINT('',(-53.5317995749961,4.79681675489686,37.5));
#2364=CARTESIAN_POINT('',(-53.8547168065512,5.1389882123758,37.5));
#2365=CARTESIAN_POINT('',(-53.4910804429149,5.4821625048881,37.5));
#2366=CARTESIAN_POINT('',(-53.9910804429149,5.4821625048881,37.5));
#2367=CARTESIAN_POINT('',(-53.4910804429149,5.4821625048881,37.5));
#2368=CARTESIAN_POINT('',(-53.7890908031221,5.88364703162504,37.5));
#2369=CARTESIAN_POINT('',(-50.9579923811538,2.06954402762413,37.5));
#2370=CARTESIAN_POINT('',(-47.2472076946046,5.03477201381207,37.5));
#2371=CARTESIAN_POINT('',(-41.5990103383628,9.54815510848459,37.5));
#2372=CARTESIAN_POINT('',(-35.2058337975377,6.17175850083072,37.5));
#2373=CARTESIAN_POINT('',(-25.4789961905769,1.03477201381207,37.5));
#2374=CARTESIAN_POINT('',(-34.7911757907128,6.88996723641668,37.5));
#2375=CARTESIAN_POINT('',(-41.8560164012072,11.332108901127,37.5));
#2376=CARTESIAN_POINT('',(-38.9668259003256,19.16136005757,37.5));
#2377=CARTESIAN_POINT('',(-37.3223554347789,23.6176159846846,37.5));
#2378=CARTESIAN_POINT('',(-42.0410147398783,24.1623676367228,37.5));
#2379=CARTESIAN_POINT('',(-41.5443137603942,24.1050253575608,37.5));
#2380=CARTESIAN_POINT('',(-41.7943137603942,24.5380380594531,37.5));
#2381=CARTESIAN_POINT('',(-41.5443137603942,24.1050253575608,37.5));
#2382=CARTESIAN_POINT('',(-41.428934286971,24.5915308324658,37.5));
#2383=CARTESIAN_POINT('',(-40.9711464965667,24.4829620353589,37.5));
#2384=CARTESIAN_POINT('',(-41.1412076147216,24.5232936724618,37.5));
#2385=CARTESIAN_POINT('',(-41.2565870881448,24.0367881975568,37.5));
#2386=CARTESIAN_POINT('',(-40.7735543412688,24.1659368152245,37.5));
#2387=CARTESIAN_POINT('',(-37.3223554347789,23.6176159846846,37.5));
#2388=CARTESIAN_POINT('',(-35.5751126335803,20.5913026798497,37.5));
#2389=CARTESIAN_POINT('',(-37.3223554347789,23.6176159846846,37.5));
#2390=CARTESIAN_POINT('',(-35.9094075956093,26.8137086036723,37.5));
#2391=CARTESIAN_POINT('',(-35.9094076697636,26.813708435935,37.5));
#2392=CARTESIAN_POINT('',(-36.1308716911374,26.9116146474728,37.5));
#2393=CARTESIAN_POINT('',(-36.2556099560478,27.1827018919784,37.5));
#2394=CARTESIAN_POINT('',(-36.1861979851887,27.4146781637694,37.5));
#2395=CARTESIAN_POINT('',(-36.1861979851887,27.4146781637694,37.5));
#2396=CARTESIAN_POINT('',(-36.2473715668334,27.2102347626315,37.5));
#2397=CARTESIAN_POINT('',(-36.1125010079843,27.6609750172176,37.5));
#2398=CARTESIAN_POINT('',(-35.6334851709247,27.5176438348248,37.5));
#2399=CARTESIAN_POINT('',(-35.8834851709247,27.950656536717,37.5));
#2400=CARTESIAN_POINT('',(-35.6334851709247,27.5176438348248,37.5));
#2401=CARTESIAN_POINT('',(-35.4347945516477,27.9764706407237,37.5));
#2402=CARTESIAN_POINT('',(-37.3223554347789,23.6176159846846,37.5));
#2403=CARTESIAN_POINT('',(-32.899000327453,21.8865961712527,37.5));
#2404=CARTESIAN_POINT('',(-26.1661972323345,19.2518053224955,37.5));
#2405=CARTESIAN_POINT('',(-25.8936541974018,12.0269537234353,37.5));
#2406=CARTESIAN_POINT('',(-25.4789961905769,1.03477201381207,37.5));
#2407=CARTESIAN_POINT('',(-25.064338183752,12.0269537234353,37.5));
#2408=CARTESIAN_POINT('',(-24.7497509601507,20.3663559981667,37.5));
#2409=CARTESIAN_POINT('',(-16.5248253156217,21.7788692062518,37.5));
#2410=CARTESIAN_POINT('',(-11.843359244202,22.5828439708725,37.5));
#2411=CARTESIAN_POINT('',(-13.7309201273332,26.9416986269116,37.5));
#2412=CARTESIAN_POINT('',(-13.5322295080562,26.4828718210128,37.5));
#2413=CARTESIAN_POINT('',(-13.2822295080562,26.915884522905,37.5));
#2414=CARTESIAN_POINT('',(-13.5322295080562,26.4828718210128,37.5));
#2415=CARTESIAN_POINT('',(-13.0532136709967,26.6262030034055,37.5));
#2416=CARTESIAN_POINT('',(-12.9183431121475,26.1754627488195,37.5));
#2417=CARTESIAN_POINT('',(-12.9684454489176,26.3429058158891,37.5));
#2418=CARTESIAN_POINT('',(-13.4474612859772,26.1995746334964,37.5));
#2419=CARTESIAN_POINT('',(-13.0940989287753,25.8458303126759,37.5));
#2420=CARTESIAN_POINT('',(-11.843359244202,22.5828439708725,37.5));
#2421=CARTESIAN_POINT('',(-13.5906020454006,19.5565306660376,37.5));
#2422=CARTESIAN_POINT('',(-11.843359244202,22.5828439708725,37.5));
#2423=CARTESIAN_POINT('',(-8.36898792372599,22.9572415574231,37.5));
#2424=CARTESIAN_POINT('',(-8.36898810606787,22.9572415377741,37.5));
#2425=CARTESIAN_POINT('',(-8.39493085037403,23.1979881120768,37.5));
#2426=CARTESIAN_POINT('',(-8.22253154244584,23.4415582405657,37.5));
#2427=CARTESIAN_POINT('',(-7.98692821257041,23.4974338463709,37.5));
#2428=CARTESIAN_POINT('',(-7.98692821257041,23.4974338463709,37.5));
#2429=CARTESIAN_POINT('',(-8.19456818241422,23.4481900215468,37.5));
#2430=CARTESIAN_POINT('',(-7.73678039200994,23.5567588186538,37.5));
#2431=CARTESIAN_POINT('',(-7.62140091858672,23.0702533437488,37.5));
#2432=CARTESIAN_POINT('',(-7.37140091858672,23.503266045641,37.5));
#2433=CARTESIAN_POINT('',(-7.62140091858672,23.0702533437488,37.5));
#2434=CARTESIAN_POINT('',(-7.12469993910256,23.1275956229107,37.5));
#2435=CARTESIAN_POINT('',(-11.843359244202,22.5828439708725,37.5));
#2436=CARTESIAN_POINT('',(-11.1307888234253,17.8865961712528,37.5));
#2437=CARTESIAN_POINT('',(-10.0461830845485,10.738422227823,37.5));
#2438=CARTESIAN_POINT('',(-16.1668165904409,6.88996723641669,37.5));
#2439=CARTESIAN_POINT('',(-25.4789961905769,1.03477201381207,37.5));
#2440=CARTESIAN_POINT('',(-15.752158583616,6.17175850083072,37.5));
#2441=CARTESIAN_POINT('',(-8.37273074952034,10.0690191108517,37.5));
#2442=CARTESIAN_POINT('',(-3.03699560587295,3.65228116249399,37.5));
#2443=CARTESIAN_POINT('',(-4.33680868994202E-16,-2.16840434497101E-15,37.5));
#2444=CARTESIAN_POINT('',(2.83109842196828,3.81410300400091,37.5));
#2445=CARTESIAN_POINT('',(2.53308806176109,3.41261847726397,37.5));
#2446=CARTESIAN_POINT('',(3.03308806176109,3.41261847726397,37.5));
#2447=CARTESIAN_POINT('',(2.53308806176109,3.41261847726397,37.5));
#2448=CARTESIAN_POINT('',(2.89672442539745,3.06944418475166,37.5));
#2449=CARTESIAN_POINT('',(2.5738071938423,2.72727272727272,37.5));
#2450=CARTESIAN_POINT('',(2.69376597522709,2.85438415723933,37.5));
#2451=CARTESIAN_POINT('',(2.33012961159073,3.19755844975163,37.5));
#2452=CARTESIAN_POINT('',(2.2004592219167,2.71466551126342,37.5));
#2453=CARTESIAN_POINT('',(0.,0.,37.5));
#2454=CARTESIAN_POINT('',(-3.4944856023972,0.,37.5));
#2455=CARTESIAN_POINT('',(0.,0.,37.5));
#2456=CARTESIAN_POINT('',(2.06142348130641,-2.82169503243704,37.5));
#2457=CARTESIAN_POINT('',(2.06142337311887,-2.82169488434888,37.5));
#2458=CARTESIAN_POINT('',(2.25694465018609,-2.67885452158452,37.5));
#2459=CARTESIAN_POINT('',(2.5540822230246,-2.70637163760067,37.5));
#2460=CARTESIAN_POINT('',(2.7202735820414,-2.88247230358645,37.5));
#2461=CARTESIAN_POINT('',(2.7202735820414,-2.88247230358646,37.5));
#2462=CARTESIAN_POINT('',(2.5738071938423,-2.72727272727273,37.5));
#2463=CARTESIAN_POINT('',(2.89672442539745,-3.06944418475166,37.5));
#2464=CARTESIAN_POINT('',(2.53308806176109,-3.41261847726397,37.5));
#2465=CARTESIAN_POINT('',(3.03308806176109,-3.41261847726397,37.5));
#2466=CARTESIAN_POINT('',(2.53308806176109,-3.41261847726397,37.5));
#2467=CARTESIAN_POINT('',(2.83109842196828,-3.81410300400091,37.5));
#2468=CARTESIAN_POINT('',(1.3010426069826E-15,8.67361737988404E-16,37.5));
#2469=CARTESIAN_POINT('',(-3.71078468654919,-2.96522798618793,37.5));
#2470=CARTESIAN_POINT('',(-9.35898204279098,-7.47861108086046,37.5));
#2471=CARTESIAN_POINT('',(-15.4784174243115,-3.62825123459575,37.5));
#2472=CARTESIAN_POINT('',(-16.3248134902398,-3.09569729405927,37.5));
#2473=CARTESIAN_POINT('',(-16.8248134902399,-3.96172269784371,37.5));
#2474=CARTESIAN_POINT('',(-20.7158564697625,-1.71522798618794,37.5));
#2475=CARTESIAN_POINT('',(-16.8621522207698,-3.94016517172103,37.5));
#2476=CARTESIAN_POINT('',(-16.3621522207698,-3.07413976793659,37.5));
#2477=CARTESIAN_POINT('',(-26.4789961905769,-8.91510235725413,37.5));
#2478=CARTESIAN_POINT('',(-25.8936541974018,12.0269537234353,42.5));
#2479=CARTESIAN_POINT('',(-25.8936541974018,12.0269537234353,37.5));
#2480=CARTESIAN_POINT('',(-25.6172810504997,12.0373793460516,42.5));
#2481=CARTESIAN_POINT('',(-25.6172810504997,12.0373793460516,37.5));
#2482=CARTESIAN_POINT('',(-25.3407113306541,12.0373793460516,42.5));
#2483=CARTESIAN_POINT('',(-25.3407113306541,12.0373793460516,37.5));
#2484=CARTESIAN_POINT('',(-25.064338183752,12.0269537234353,42.5));
#2485=CARTESIAN_POINT('',(-25.064338183752,12.0269537234353,37.5));
#2486=CARTESIAN_POINT('',(-25.4789961905769,1.03477201381207,42.5));
#2487=CARTESIAN_POINT('',(-25.064338183752,12.0269537234353,42.5));
#2488=CARTESIAN_POINT('',(-25.8936541974018,12.0269537234353,42.5));
#2489=CARTESIAN_POINT('',(-25.064338183752,12.0269537234353,42.5));
#2490=CARTESIAN_POINT('',(-25.8936541974018,12.0269537234353,42.5));
#2491=CARTESIAN_POINT('',(-7.82589873976701,23.5265215117515,42.75));
#2492=CARTESIAN_POINT('',(-7.82589873976701,23.5265215117515,37.25));
#2493=CARTESIAN_POINT('',(-7.43885950014299,23.6999911657071,42.75));
#2494=CARTESIAN_POINT('',(-7.43885950014299,23.6999911657071,37.25));
#2495=CARTESIAN_POINT('',(-7.09158251732346,23.4564962149258,42.75));
#2496=CARTESIAN_POINT('',(-7.09158251732346,23.4564962149258,37.25));
#2497=CARTESIAN_POINT('',(-7.12275300736428,23.0335074510055,42.75));
#2498=CARTESIAN_POINT('',(-7.12275300736428,23.0335074510055,37.25));
#2499=CARTESIAN_POINT('',(-7.62140091858672,23.0702533437488,42.5));
#2500=CARTESIAN_POINT('',(-7.12469993910256,23.1275956229107,42.5));
#2501=CARTESIAN_POINT('',(-7.37140091858672,23.503266045641,42.5));
#2502=CARTESIAN_POINT('',(-7.12469993910256,23.1275956229107,42.5));
#2503=CARTESIAN_POINT('',(-7.73678039200994,23.5567588186538,37.5));
#2504=CARTESIAN_POINT('',(-7.73678039200994,23.5567588186538,42.5));
#2505=CARTESIAN_POINT('',(-7.62140091858672,23.0702533437488,42.5));
#2506=CARTESIAN_POINT('',(-8.36725315978629,22.9576229686319,37.4515815305513));
#2507=CARTESIAN_POINT('',(-8.37915959335609,23.0678791197995,37.452096320817));
#2508=CARTESIAN_POINT('',(-8.35081062593277,23.1985040111408,37.4542408018494));
#2509=CARTESIAN_POINT('',(-8.20370784821995,23.4048095203961,37.4613265527477));
#2510=CARTESIAN_POINT('',(-8.0898230213777,23.4730313484124,37.466027887247));
#2511=CARTESIAN_POINT('',(-7.98199207900482,23.4986044981332,37.4701447938537));
#2512=CARTESIAN_POINT('',(-8.42886796806201,22.9440756056887,39.1530817746793));
#2513=CARTESIAN_POINT('',(-8.44051640716458,23.054230413415,39.15322240199));
#2514=CARTESIAN_POINT('',(-8.41193194769654,23.1845973922727,39.1537779589168));
#2515=CARTESIAN_POINT('',(-8.26465791406528,23.3904684863128,39.1555943516999));
#2516=CARTESIAN_POINT('',(-8.15081565733913,23.4585663555508,39.1567949966304));
#2517=CARTESIAN_POINT('',(-8.04300072977329,23.484135707209,39.1578479162001));
#2518=CARTESIAN_POINT('',(-8.4224808537252,22.9454650977569,40.8566015503353));
#2519=CARTESIAN_POINT('',(-8.4341573303124,23.0556331086948,40.8562984198807));
#2520=CARTESIAN_POINT('',(-8.40559037378045,23.1860327447989,40.8550851950252));
#2521=CARTESIAN_POINT('',(-8.25830357344248,23.3919622112414,40.8511076940541));
#2522=CARTESIAN_POINT('',(-8.14443461330291,23.4600796817855,40.848475592629));
#2523=CARTESIAN_POINT('',(-8.03659848243198,23.4856540620172,40.8461669741063));
#2524=CARTESIAN_POINT('',(-8.33002867591279,22.9658002100027,42.5575771268213));
#2525=CARTESIAN_POINT('',(-8.34209599299326,23.0761181438813,42.5568123947135));
#2526=CARTESIAN_POINT('',(-8.31390436710394,23.2068973196776,42.5536002239256));
#2527=CARTESIAN_POINT('',(-8.16695057203764,23.4134573783186,42.5429697955405));
#2528=CARTESIAN_POINT('',(-8.05306892776163,23.4817479367887,42.5359126967074));
#2529=CARTESIAN_POINT('',(-7.94525299362673,23.5073175271608,42.529734356575));
#2530=CARTESIAN_POINT('',(-7.95072739903994,23.5060192190298,42.5));
#2531=CARTESIAN_POINT('',(-8.18663879124498,23.4500705532668,42.5));
#2532=CARTESIAN_POINT('',(-8.35937448987569,23.2061531712267,42.5));
#2533=CARTESIAN_POINT('',(-8.33312524383198,22.9651191789303,42.5));
#2534=CARTESIAN_POINT('',(-7.95072739903994,23.5060192190297,42.5));
#2535=CARTESIAN_POINT('',(-8.3331249561286,22.965119210262,42.5));
#2536=CARTESIAN_POINT('',(-7.98692821257041,23.4974338463709,37.5));
#2537=CARTESIAN_POINT('',(-8.04637924183044,23.4833344604353,39.1667894208752));
#2538=CARTESIAN_POINT('',(-8.0400807813192,23.4848282011939,40.8344599530772));
#2539=CARTESIAN_POINT('',(-7.95072739903994,23.5060192190297,42.5));
#2540=CARTESIAN_POINT('',(-8.4063134545095,22.9490424452996,39.2749901596915));
#2541=CARTESIAN_POINT('',(-8.40261170078161,22.9498548115035,38.6831683603655));
#2542=CARTESIAN_POINT('',(-8.38995154580351,22.9526325992531,38.0914437496525));
#2543=CARTESIAN_POINT('',(-8.36898792372599,22.9572415574231,37.5));
#2544=CARTESIAN_POINT('',(-8.4063134545095,22.9490424452996,39.2749901596915));
#2545=CARTESIAN_POINT('',(-8.40631345188402,22.9490424206575,40.));
#2546=CARTESIAN_POINT('',(-8.4079847642027,22.9647289342841,40.0000000000002));
#2547=CARTESIAN_POINT('',(-8.40768741952102,22.9615864591731,39.9525821495433));
#2548=CARTESIAN_POINT('',(-8.40898129531939,22.9734168567299,39.9003087497054));
#2549=CARTESIAN_POINT('',(-8.4093165436111,22.9761666797204,39.8198939052438));
#2550=CARTESIAN_POINT('',(-8.40975951358107,22.9800736522424,39.729477064269));
#2551=CARTESIAN_POINT('',(-8.40984476523973,22.9807848325007,39.6374685820911));
#2552=CARTESIAN_POINT('',(-8.40975384876022,22.9800243635297,39.5454349733415));
#2553=CARTESIAN_POINT('',(-8.40930916416333,22.9761038163087,39.4550324793687));
#2554=CARTESIAN_POINT('',(-8.40896442211954,22.9732645023913,39.374550011459));
#2555=CARTESIAN_POINT('',(-8.40768617529668,22.9615793855743,39.3222574691506));
#2556=CARTESIAN_POINT('',(-8.40795685941403,22.9644670259638,39.2749901597319));
#2557=CARTESIAN_POINT('',(-8.4063134545095,22.9490424452996,39.2749901596914));
#2558=CARTESIAN_POINT('',(-8.40631345188402,22.9490424206575,40.));
#2559=CARTESIAN_POINT('',(-8.3331249561286,22.965119210262,42.5));
#2560=CARTESIAN_POINT('',(-8.37741972401198,22.9553774737823,41.6674008301797));
#2561=CARTESIAN_POINT('',(-8.40104105826577,22.9501992957766,40.8338107845383));
#2562=CARTESIAN_POINT('',(-8.40631345188402,22.9490424206576,40.));
#2563=CARTESIAN_POINT('',(-13.8133763402679,26.8963406333038,42.75));
#2564=CARTESIAN_POINT('',(-13.8133763402679,26.8963406333038,37.25));
#2565=CARTESIAN_POINT('',(-13.462642570218,27.1348294514877,42.75));
#2566=CARTESIAN_POINT('',(-13.462642570218,27.1348294514877,37.25));
#2567=CARTESIAN_POINT('',(-13.0781312657384,26.955826237607,42.75));
#2568=CARTESIAN_POINT('',(-13.0781312657384,26.955826237607,37.25));
#2569=CARTESIAN_POINT('',(-13.0348407730376,26.5339055968534,42.75));
#2570=CARTESIAN_POINT('',(-13.0348407730376,26.5339055968534,37.25));
#2571=CARTESIAN_POINT('',(-13.5322295080562,26.4828718210128,42.5));
#2572=CARTESIAN_POINT('',(-13.0532136709967,26.6262030034055,42.5));
#2573=CARTESIAN_POINT('',(-13.2822295080562,26.915884522905,42.5));
#2574=CARTESIAN_POINT('',(-13.0532136709967,26.6262030034055,42.5));
#2575=CARTESIAN_POINT('',(-13.7309201273332,26.9416986269116,42.5));
#2576=CARTESIAN_POINT('',(-13.7309201273332,26.9416986269116,42.5));
#2577=CARTESIAN_POINT('',(-13.5322295080562,26.4828718210128,42.5));
#2578=CARTESIAN_POINT('',(-13.0037877217143,26.4301256438482,42.75));
#2579=CARTESIAN_POINT('',(-13.0037877217143,26.4301256438482,37.25));
#2580=CARTESIAN_POINT('',(-12.8402259394686,26.1153664988096,42.75));
#2581=CARTESIAN_POINT('',(-12.8402259394686,26.1153664988096,37.25));
#2582=CARTESIAN_POINT('',(-12.9885172187742,25.793131378938,42.75));
#2583=CARTESIAN_POINT('',(-12.9885172187742,25.793131378938,37.25));
#2584=CARTESIAN_POINT('',(-13.3339794871982,25.7126230123409,42.75));
#2585=CARTESIAN_POINT('',(-13.3339794871982,25.7126230123409,37.25));
#2586=CARTESIAN_POINT('',(-13.0448081692567,25.9031451012373,42.5));
#2587=CARTESIAN_POINT('',(-13.05686994391,25.8867610685118,42.2912955733149));
#2588=CARTESIAN_POINT('',(-13.08262276129,25.8559658330949,41.873816682905));
#2589=CARTESIAN_POINT('',(-13.1183393687841,25.8222815575886,41.3518415939296));
#2590=CARTESIAN_POINT('',(-13.1490728977881,25.7980168218957,40.9343153193966));
#2591=CARTESIAN_POINT('',(-13.1692396358073,25.7839098128707,40.6732271829176));
#2592=CARTESIAN_POINT('',(-13.1864912794812,25.7730030372633,40.4647604790304));
#2593=CARTESIAN_POINT('',(-13.1997656922384,25.7651005793184,40.3075109151583));
#2594=CARTESIAN_POINT('',(-13.2133630213228,25.7577665658773,40.1796332653273));
#2595=CARTESIAN_POINT('',(-13.222057998221,25.7531479815518,40.0843574423542));
#2596=CARTESIAN_POINT('',(-13.2331903842036,25.7478863858195,40.0395747167878));
#2597=CARTESIAN_POINT('',(-13.2325677177756,25.7479130577527,39.9999999999978));
#2598=CARTESIAN_POINT('',(-13.2447439269362,25.7425126329499,40.0000000000035));
#2599=CARTESIAN_POINT('',(-13.2447439269351,25.7425126329505,40.));
#2600=CARTESIAN_POINT('',(-13.0448081692567,25.9031451012373,42.5));
#2601=CARTESIAN_POINT('',(-13.2447439269351,25.7425126329505,42.5));
#2602=CARTESIAN_POINT('',(-13.2447439269351,25.7425126329505,39.2749901596915));
#2603=CARTESIAN_POINT('',(-13.0940989287753,25.8458303126758,37.5));
#2604=CARTESIAN_POINT('',(-13.1034073037086,25.8365319886758,37.6483186557445));
#2605=CARTESIAN_POINT('',(-13.1227615112815,25.818661678138,37.9449611171615));
#2606=CARTESIAN_POINT('',(-13.1489069429673,25.79810431278,38.3156614023371));
#2607=CARTESIAN_POINT('',(-13.1711984049596,25.7826485255414,38.6123325678181));
#2608=CARTESIAN_POINT('',(-13.1861242441755,25.7732212796139,38.7973429681255));
#2609=CARTESIAN_POINT('',(-13.198499967208,25.7658870473421,38.9460615420456));
#2610=CARTESIAN_POINT('',(-13.2096609637961,25.759769474448,39.0553544709667));
#2611=CARTESIAN_POINT('',(-13.2163450926167,25.7559607755096,39.1532111378252));
#2612=CARTESIAN_POINT('',(-13.2319607680563,25.7485562915452,39.21578080456));
#2613=CARTESIAN_POINT('',(-13.2269201103285,25.7504178996863,39.2749901603191));
#2614=CARTESIAN_POINT('',(-13.2447439269779,25.7425126329304,39.2749901599896));
#2615=CARTESIAN_POINT('',(-12.9684454489176,26.3429058158891,42.5));
#2616=CARTESIAN_POINT('',(-12.9684454489176,26.3429058158891,42.5));
#2617=CARTESIAN_POINT('',(-13.4474612859772,26.1995746334964,42.5));
#2618=CARTESIAN_POINT('',(-8.41607031191509,23.0312585756072,40.));
#2619=CARTESIAN_POINT('',(-7.9785198417005,19.6870055828418,40.));
#2620=CARTESIAN_POINT('',(-10.8154240894113,17.8684270043498,40.));
#2621=CARTESIAN_POINT('',(-13.6722658099138,19.64984450667,40.));
#2622=CARTESIAN_POINT('',(-16.5291075304162,21.4312620089902,40.));
#2623=CARTESIAN_POINT('',(-16.1444959194039,24.7789967155499,40.));
#2624=CARTESIAN_POINT('',(-12.9489160917134,25.8577682661863,40.));
#2625=CARTESIAN_POINT('',(-8.41075507210113,23.0319540031615,40.8330733430665));
#2626=CARTESIAN_POINT('',(-7.97252602306641,19.6825145475661,40.8330733430665));
#2627=CARTESIAN_POINT('',(-10.8138299075467,17.8611156112181,40.8330733430665));
#2628=CARTESIAN_POINT('',(-13.6751021850155,19.6452958398274,40.8330733430665));
#2629=CARTESIAN_POINT('',(-16.5363744624844,21.4294760684367,40.8330733430665));
#2630=CARTESIAN_POINT('',(-16.1511663733263,24.7824026374715,40.8330733430665));
#2631=CARTESIAN_POINT('',(-12.9506306538319,25.8628472100239,40.8330733430665));
#2632=CARTESIAN_POINT('',(-8.38690555532285,23.0350743912731,41.6676402395034));
#2633=CARTESIAN_POINT('',(-7.94563171856031,19.662363242092,41.6676402395035));
#2634=CARTESIAN_POINT('',(-10.8066768028025,17.8283093410832,41.6676402395034));
#2635=CARTESIAN_POINT('',(-13.6878290191654,19.6248859411249,41.6676402395034));
#2636=CARTESIAN_POINT('',(-16.5689812355283,21.4214625411666,41.6676402395034));
#2637=CARTESIAN_POINT('',(-16.1810967449195,24.7976850320308,41.6676402395034));
#2638=CARTESIAN_POINT('',(-12.9583239055843,25.8856364651675,41.6676402395035));
#2639=CARTESIAN_POINT('',(-8.34221036238122,23.0409221554017,42.5));
#2640=CARTESIAN_POINT('',(-7.89523044040838,19.624598682979,42.5));
#2641=CARTESIAN_POINT('',(-10.7932715250501,17.7668287422516,42.5));
#2642=CARTESIAN_POINT('',(-13.7116797459181,19.5866367653069,42.5));
#2643=CARTESIAN_POINT('',(-16.6300879667861,21.4064447883621,42.5));
#2644=CARTESIAN_POINT('',(-16.237187765363,24.8263250074142,42.5));
#2645=CARTESIAN_POINT('',(-12.9727414459737,25.9283446745248,42.5));
#2646=CARTESIAN_POINT('',(-11.843359244202,22.5828439708725,40.));
#2647=CARTESIAN_POINT('',(-13.5716087258391,19.5894280605225,40.));
#2648=CARTESIAN_POINT('',(-11.843359244202,22.5828439708725,42.5));
#2649=CARTESIAN_POINT('',(-13.6088534466717,19.5249183117267,42.5));
#2650=CARTESIAN_POINT('',(-11.843359244202,22.5828439708725,42.5));
#2651=CARTESIAN_POINT('',(-11.843359244202,22.5828439708725,40.));
#2652=CARTESIAN_POINT('',(-8.37784855942546,23.0319155899499,37.5));
#2653=CARTESIAN_POINT('',(-7.93995626503901,19.6526763761795,37.5));
#2654=CARTESIAN_POINT('',(-10.8073062345937,17.818598295376,37.5));
#2655=CARTESIAN_POINT('',(-13.6923653425448,19.6176110839558,37.5));
#2656=CARTESIAN_POINT('',(-16.5328835831121,21.3888498869639,37.5));
#2657=CARTESIAN_POINT('',(-16.199256795473,24.7333137542832,37.5));
#2658=CARTESIAN_POINT('',(-13.0228242411885,25.8722651883886,37.5));
#2659=CARTESIAN_POINT('',(-8.39893747407926,23.0291828230045,38.0894612733866));
#2660=CARTESIAN_POINT('',(-7.96370991631141,19.670507530069,38.0894612733866));
#2661=CARTESIAN_POINT('',(-10.8136110004663,17.847590492942,38.0894612733866));
#2662=CARTESIAN_POINT('',(-13.6811134563585,19.6356556231216,38.0894612733866));
#2663=CARTESIAN_POINT('',(-16.5043460925238,21.3961157827072,38.0894612733866));
#2664=CARTESIAN_POINT('',(-16.1727495473196,24.7202273500406,38.0894612733866));
#2665=CARTESIAN_POINT('',(-13.0156467603145,25.852247843291,38.0894612733866));
#2666=CARTESIAN_POINT('',(-8.41177440206313,23.0275193740765,38.6815724127889));
#2667=CARTESIAN_POINT('',(-7.97816888282266,19.6813614427575,38.6815724127888));
#2668=CARTESIAN_POINT('',(-10.8174487430335,17.865238188822,38.6815724127888));
#2669=CARTESIAN_POINT('',(-13.6742643768764,19.6466394244966,38.6815724127888));
#2670=CARTESIAN_POINT('',(-16.4869751790589,21.4005385698409,38.6815724127888));
#2671=CARTESIAN_POINT('',(-16.1566144525942,24.7122615902285,38.6815724127888));
#2672=CARTESIAN_POINT('',(-13.0112777917546,25.8400631850635,38.6815724127888));
#2673=CARTESIAN_POINT('',(-8.41552022808797,23.0270339783266,39.2749901596915));
#2674=CARTESIAN_POINT('',(-7.98238802100883,19.6845286233066,39.2749901596915));
#2675=CARTESIAN_POINT('',(-10.8185685994354,17.8703878008311,39.2749901596915));
#2676=CARTESIAN_POINT('',(-13.6722658099138,19.64984450667,39.2749901596915));
#2677=CARTESIAN_POINT('',(-16.4819063323836,21.4018291427231,39.2749901596915));
#2678=CARTESIAN_POINT('',(-16.1519062188321,24.7099371750375,39.2749901596915));
#2679=CARTESIAN_POINT('',(-13.0100029231759,25.836507691884,39.2749901596915));
#2680=CARTESIAN_POINT('',(-11.843359244202,22.5828439708725,39.2749901596915));
#2681=CARTESIAN_POINT('',(-13.5716087258391,19.5894280605225,39.2749901596915));
#2682=CARTESIAN_POINT('',(-11.843359244202,22.5828439708725,39.2749901596915));
#2683=CARTESIAN_POINT('',(-8.4191783870913,23.0544057811502,40.));
#2684=CARTESIAN_POINT('',(-8.4191783870913,23.0544057811502,39.2749901596914));
#2685=CARTESIAN_POINT('',(-7.97383195260503,19.820584249138,40.));
#2686=CARTESIAN_POINT('',(-7.97383195260503,19.820584249138,39.2749901596914));
#2687=CARTESIAN_POINT('',(-10.6667124218742,17.9802921266508,40.));
#2688=CARTESIAN_POINT('',(-10.6667124218742,17.9802921266508,39.2749901596914));
#2689=CARTESIAN_POINT('',(-13.5177433151207,19.5589684664627,40.));
#2690=CARTESIAN_POINT('',(-13.5177433151207,19.5589684664627,39.2749901596914));
#2691=CARTESIAN_POINT('',(-16.3816646960569,21.1447825430045,40.));
#2692=CARTESIAN_POINT('',(-16.3816646960569,21.1447825430045,39.2749901596914));
#2693=CARTESIAN_POINT('',(-16.2372754067538,24.415257079624,40.));
#2694=CARTESIAN_POINT('',(-16.2372754067538,24.415257079624,39.2749901596914));
#2695=CARTESIAN_POINT('',(-13.2447439269351,25.7425126329504,40.));
#2696=CARTESIAN_POINT('',(-13.2447439269351,25.7425126329504,39.2749901596914));
#2697=CARTESIAN_POINT('',(-13.0574520821006,26.6403678627813,37.25));
#2698=CARTESIAN_POINT('',(-13.0574520821006,26.6403678627813,42.75));
#2699=CARTESIAN_POINT('',(-12.9642070378136,26.3287409565132,37.25));
#2700=CARTESIAN_POINT('',(-12.9642070378136,26.3287409565132,42.75));
#2701=CARTESIAN_POINT('',(-12.9183431121475,26.1754627488195,42.5));
#2702=CARTESIAN_POINT('',(-16.2912538325881,20.915890543027,42.75));
#2703=CARTESIAN_POINT('',(-16.2912538325881,20.915890543027,37.25));
#2704=CARTESIAN_POINT('',(-17.3784803575867,23.8169127888261,42.75));
#2705=CARTESIAN_POINT('',(-17.3784803575867,23.8169127888261,37.25));
#2706=CARTESIAN_POINT('',(-15.9039975536591,26.5415947974657,42.75));
#2707=CARTESIAN_POINT('',(-15.9039975536591,26.5415947974657,37.25));
#2708=CARTESIAN_POINT('',(-12.8807183191392,27.2181849669208,42.75));
#2709=CARTESIAN_POINT('',(-12.8807183191392,27.2181849669208,37.25));
#2710=CARTESIAN_POINT('',(-11.843359244202,22.5828439708725,42.5));
#2711=CARTESIAN_POINT('',(-16.5248253156217,21.7788692062518,42.5));
#2712=CARTESIAN_POINT('',(-16.5248253156217,21.7788692062518,42.5));
#2713=CARTESIAN_POINT('',(-16.9351899431391,23.2950470935963,42.75));
#2714=CARTESIAN_POINT('',(-16.9351899431391,23.2950470935963,37.25));
#2715=CARTESIAN_POINT('',(-14.2844475235083,16.2221303182794,42.75));
#2716=CARTESIAN_POINT('',(-14.2844475235083,16.2221303182794,37.25));
#2717=CARTESIAN_POINT('',(-19.2605146008375,10.5395830437106,42.75));
#2718=CARTESIAN_POINT('',(-19.2605146008375,10.5395830437106,37.25));
#2719=CARTESIAN_POINT('',(-26.6214141402347,12.2336152325105,42.75));
#2720=CARTESIAN_POINT('',(-26.6214141402347,12.2336152325105,37.25));
#2721=CARTESIAN_POINT('',(-24.7497509601507,20.3663559981667,42.5));
#2722=CARTESIAN_POINT('',(-15.3372747883558,5.81124160232986,42.75));
#2723=CARTESIAN_POINT('',(-15.3372747883558,5.81124160232986,37.25));
#2724=CARTESIAN_POINT('',(-20.5031378359986,11.3586443041847,42.75));
#2725=CARTESIAN_POINT('',(-20.5031378359986,11.3586443041847,37.25));
#2726=CARTESIAN_POINT('',(-17.3469216512107,18.250532083192,42.75));
#2727=CARTESIAN_POINT('',(-17.3469216512107,18.250532083192,37.25));
#2728=CARTESIAN_POINT('',(-9.77214324350706,17.963217207603,42.75));
#2729=CARTESIAN_POINT('',(-9.77214324350706,17.963217207603,37.25));
#2730=CARTESIAN_POINT('',(-11.1307888234253,17.8865961712528,42.5));
#2731=CARTESIAN_POINT('',(-11.1307888234253,17.8865961712528,42.5));
#2732=CARTESIAN_POINT('',(-10.0461830845485,10.738422227823,42.5));
#2733=CARTESIAN_POINT('',(-16.1668165904409,6.88996723641669,42.5));
#2734=CARTESIAN_POINT('',(-16.1668165904409,6.88996723641669,42.5));
#2735=CARTESIAN_POINT('',(-7.31035664895218,24.0021351571547,42.75));
#2736=CARTESIAN_POINT('',(-7.31035664895218,24.0021351571547,37.25));
#2737=CARTESIAN_POINT('',(-6.23352267156994,20.5628893834151,42.75));
#2738=CARTESIAN_POINT('',(-6.23352267156994,20.5628893834151,37.25));
#2739=CARTESIAN_POINT('',(-8.42210476843817,17.6996584614846,42.75));
#2740=CARTESIAN_POINT('',(-8.42210476843817,17.6996584614846,37.25));
#2741=CARTESIAN_POINT('',(-12.0233994909397,17.8362572488633,42.75));
#2742=CARTESIAN_POINT('',(-12.0233994909397,17.8362572488633,37.25));
#2743=CARTESIAN_POINT('',(-11.843359244202,22.5828439708725,42.5));
#2744=CARTESIAN_POINT('',(-7.73678039200995,23.5567588186538,37.5));
#2745=CARTESIAN_POINT('',(-7.73678039200995,23.5567588186538,42.5));
#2746=CARTESIAN_POINT('',(-8.03503920274824,23.4860238602579,37.5));
#2747=CARTESIAN_POINT('',(-8.03503920274824,23.4860238602579,42.5));
#2748=CARTESIAN_POINT('',(-8.19456818241422,23.4481900215468,42.5));
#2749=CARTESIAN_POINT('',(-35.2058337975377,6.17175850083072,42.5));
#2750=CARTESIAN_POINT('',(-35.2058337975377,6.17175850083072,37.5));
#2751=CARTESIAN_POINT('',(-35.0776172594565,6.41453535990836,42.5));
#2752=CARTESIAN_POINT('',(-35.0776172594565,6.41453535990836,37.5));
#2753=CARTESIAN_POINT('',(-34.9394562374774,6.65414006089748,42.5));
#2754=CARTESIAN_POINT('',(-34.9394562374774,6.65414006089748,37.5));
#2755=CARTESIAN_POINT('',(-34.7911757907128,6.88996723641668,42.5));
#2756=CARTESIAN_POINT('',(-34.7911757907128,6.88996723641668,37.5));
#2757=CARTESIAN_POINT('',(-25.4789961905769,1.03477201381207,42.5));
#2758=CARTESIAN_POINT('',(-34.7911757907128,6.88996723641668,42.5));
#2759=CARTESIAN_POINT('',(-35.2058337975377,6.17175850083072,42.5));
#2760=CARTESIAN_POINT('',(-34.7911757907128,6.88996723641668,42.5));
#2761=CARTESIAN_POINT('',(-35.2058337975377,6.17175850083072,42.5));
#2762=CARTESIAN_POINT('',(-36.1308739059433,27.5686776106655,42.75));
#2763=CARTESIAN_POINT('',(-36.1308739059433,27.5686776106655,37.25));
#2764=CARTESIAN_POINT('',(-36.0875834132426,27.990598251419,42.75));
#2765=CARTESIAN_POINT('',(-36.0875834132426,27.990598251419,37.25));
#2766=CARTESIAN_POINT('',(-35.703072108763,28.1696014652997,42.75));
#2767=CARTESIAN_POINT('',(-35.703072108763,28.1696014652997,37.25));
#2768=CARTESIAN_POINT('',(-35.3523383387131,27.9311126471158,42.75));
#2769=CARTESIAN_POINT('',(-35.3523383387131,27.9311126471158,37.25));
#2770=CARTESIAN_POINT('',(-35.6334851709247,27.5176438348248,42.5));
#2771=CARTESIAN_POINT('',(-35.4347945516477,27.9764706407237,42.5));
#2772=CARTESIAN_POINT('',(-35.8834851709247,27.950656536717,42.5));
#2773=CARTESIAN_POINT('',(-35.4347945516477,27.9764706407237,42.5));
#2774=CARTESIAN_POINT('',(-36.1125010079843,27.6609750172176,37.5));
#2775=CARTESIAN_POINT('',(-36.1125010079843,27.6609750172176,42.5));
#2776=CARTESIAN_POINT('',(-35.6334851709247,27.5176438348248,42.5));
#2777=CARTESIAN_POINT('',(-35.9088705254355,26.8154016589179,37.4515815305513));
#2778=CARTESIAN_POINT('',(-36.010308370055,26.8602184605618,37.452096320817));
#2779=CARTESIAN_POINT('',(-36.1092583606115,26.9500818321921,37.4542408018494));
#2780=CARTESIAN_POINT('',(-36.2143727837109,27.1806293292863,37.4613265527477));
#2781=CARTESIAN_POINT('',(-36.2165122064445,27.3133673964455,37.466027887247));
#2782=CARTESIAN_POINT('',(-36.184743732571,27.4195383067148,37.4701447938537));
#2783=CARTESIAN_POINT('',(-35.9279455691113,26.7552679882307,39.1530817746795));
#2784=CARTESIAN_POINT('',(-36.0291666505172,26.8002575479109,39.1532224019895));
#2785=CARTESIAN_POINT('',(-36.1277755362989,26.8901959053887,39.1537779589157));
#2786=CARTESIAN_POINT('',(-36.2324281168259,27.1206745068521,39.1555943516988));
#2787=CARTESIAN_POINT('',(-36.2344814731553,27.2533137278249,39.1567949966298));
#2788=CARTESIAN_POINT('',(-36.2027177174515,27.3594688698394,39.1578479162002));
#2789=CARTESIAN_POINT('',(-35.925955347386,26.7614941375434,40.8566015503351));
#2790=CARTESIAN_POINT('',(-36.0272018818312,26.8064660176644,40.8562984198812));
#2791=CARTESIAN_POINT('',(-36.1258478010708,26.8964055457834,40.8550851950262));
#2792=CARTESIAN_POINT('',(-36.2305445502234,27.1269243897362,40.8511076940551));
#2793=CARTESIAN_POINT('',(-36.232601530086,27.2595965371869,40.8484755926295));
#2794=CARTESIAN_POINT('',(-36.2008315276187,27.3657725560776,40.8461669741062));
#2795=CARTESIAN_POINT('',(-35.8973399822587,26.8517276282805,42.5575771268212));
#2796=CARTESIAN_POINT('',(-35.9989117740308,26.8964359920727,42.5568123947134));
#2797=CARTESIAN_POINT('',(-36.0980740496117,26.9862402441649,42.5536002239256));
#2798=CARTESIAN_POINT('',(-36.2034834102689,27.2167859931953,42.5429697955405));
#2799=CARTESIAN_POINT('',(-36.2056839466047,27.3495556693982,42.5359126967073));
#2800=CARTESIAN_POINT('',(-36.1739198943638,27.4557118024778,42.529734356575));
#2801=CARTESIAN_POINT('',(-36.175532729247,27.4503216742538,42.5));
#2802=CARTESIAN_POINT('',(-36.2450354594909,27.2180420826807,42.5));
#2803=CARTESIAN_POINT('',(-36.1201646595349,26.946489888506,42.5));
#2804=CARTESIAN_POINT('',(-35.8982984760089,26.8487054062618,42.5));
#2805=CARTESIAN_POINT('',(-36.175532729247,27.4503216742538,42.5));
#2806=CARTESIAN_POINT('',(-35.8982983592912,26.8487056710861,42.5));
#2807=CARTESIAN_POINT('',(-36.1861979851887,27.4146781637694,37.5));
#2808=CARTESIAN_POINT('',(-36.2037130734207,27.3561423691813,39.1667894208752));
#2809=CARTESIAN_POINT('',(-36.2018574606087,27.362343866368,40.8344599530772));
#2810=CARTESIAN_POINT('',(-36.175532729247,27.4503216742538,42.5));
#2811=CARTESIAN_POINT('',(-35.9209697216136,26.7772841897422,39.2749901596915));
#2812=CARTESIAN_POINT('',(-35.9198223745194,26.7808961856111,38.6831683603655));
#2813=CARTESIAN_POINT('',(-35.9158979317878,26.7932490953128,38.0914437496525));
#2814=CARTESIAN_POINT('',(-35.9094075956093,26.8137086036723,37.5));
#2815=CARTESIAN_POINT('',(-35.9209697216136,26.7772841897422,39.2749901596915));
#2816=CARTESIAN_POINT('',(-35.9209696989602,26.7772841796949,40.));
#2817=CARTESIAN_POINT('',(-35.9353902744169,26.7836800375825,39.9999999999999));
#2818=CARTESIAN_POINT('',(-35.9325201387989,26.7823663080749,39.9525821495433));
#2819=CARTESIAN_POINT('',(-35.9434125015193,26.7871609775427,39.9003087497053));
#2820=CARTESIAN_POINT('',(-35.9459615422306,26.7882455555006,39.8198939052437));
#2821=CARTESIAN_POINT('',(-35.949566564672,26.7898154185147,39.729477064269));
#2822=CARTESIAN_POINT('',(-35.9502250906713,26.7900971785416,39.6374685820911));
#2823=CARTESIAN_POINT('',(-35.9495210469842,26.7897956800371,39.5454349733415));
#2824=CARTESIAN_POINT('',(-35.9459034111954,26.7882205145841,39.4550324793687));
#2825=CARTESIAN_POINT('',(-35.9432721221914,26.7870994129929,39.3745500114591));
#2826=CARTESIAN_POINT('',(-35.9325133907704,26.7823638488054,39.3222574691506));
#2827=CARTESIAN_POINT('',(-35.9351495027636,26.7835732496782,39.2749901597321));
#2828=CARTESIAN_POINT('',(-35.9209697216136,26.7772841897422,39.2749901596914));
#2829=CARTESIAN_POINT('',(-35.9209696989602,26.7772841796949,40.));
#2830=CARTESIAN_POINT('',(-35.8982983592912,26.8487056710861,42.5));
#2831=CARTESIAN_POINT('',(-35.9120091519645,26.8054744086045,41.6674008301797));
#2832=CARTESIAN_POINT('',(-35.9193353853931,26.7824286440666,40.8338107845383));
#2833=CARTESIAN_POINT('',(-35.9209696989602,26.7772841796949,40.));
#2834=CARTESIAN_POINT('',(-42.0429616716166,24.0682794648175,42.75));
#2835=CARTESIAN_POINT('',(-42.0429616716166,24.0682794648175,37.25));
#2836=CARTESIAN_POINT('',(-42.0741321616575,24.4912682287378,42.75));
#2837=CARTESIAN_POINT('',(-42.0741321616575,24.4912682287378,37.25));
#2838=CARTESIAN_POINT('',(-41.7268551788379,24.7347631795191,42.75));
#2839=CARTESIAN_POINT('',(-41.7268551788379,24.7347631795191,37.25));
#2840=CARTESIAN_POINT('',(-41.3398159392139,24.5612935255635,42.75));
#2841=CARTESIAN_POINT('',(-41.3398159392139,24.5612935255635,37.25));
#2842=CARTESIAN_POINT('',(-41.5443137603942,24.1050253575608,42.5));
#2843=CARTESIAN_POINT('',(-41.428934286971,24.5915308324658,42.5));
#2844=CARTESIAN_POINT('',(-41.7943137603942,24.5380380594531,42.5));
#2845=CARTESIAN_POINT('',(-41.428934286971,24.5915308324658,42.5));
#2846=CARTESIAN_POINT('',(-42.0410147398784,24.1623676367228,42.5));
#2847=CARTESIAN_POINT('',(-42.0410147398783,24.1623676367228,42.5));
#2848=CARTESIAN_POINT('',(-41.5443137603942,24.1050253575608,42.5));
#2849=CARTESIAN_POINT('',(-41.2344133378462,24.5362962803719,42.75));
#2850=CARTESIAN_POINT('',(-41.2344133378462,24.5362962803719,37.25));
#2851=CARTESIAN_POINT('',(-40.8800430310465,24.5205653663657,42.75));
#2852=CARTESIAN_POINT('',(-40.8800430310465,24.5205653663657,37.25));
#2853=CARTESIAN_POINT('',(-40.6751248708989,24.2310237913915,42.75));
#2854=CARTESIAN_POINT('',(-40.6751248708989,24.2310237913915,37.25));
#2855=CARTESIAN_POINT('',(-40.7781337144207,23.8915905075887,42.75));
#2856=CARTESIAN_POINT('',(-40.7781337144207,23.8915905075887,37.25));
#2857=CARTESIAN_POINT('',(-40.7985450244163,24.2372812594202,42.5));
#2858=CARTESIAN_POINT('',(-40.7903869231863,24.218643439793,42.2912955733147));
#2859=CARTESIAN_POINT('',(-40.7765938756896,24.1809432280145,41.8738166829043));
#2860=CARTESIAN_POINT('',(-40.7652807411402,24.1331696008342,41.3518415939286));
#2861=CARTESIAN_POINT('',(-40.759633628116,24.0944212161225,40.9343153193951));
#2862=CARTESIAN_POINT('',(-40.7574999689385,24.069902804174,40.6732271829159));
#2863=CARTESIAN_POINT('',(-40.7566802460261,24.0495090546914,40.4647604790284));
#2864=CARTESIAN_POINT('',(-40.7564737230719,24.0340618470519,40.3075109151565));
#2865=CARTESIAN_POINT('',(-40.7569209456628,24.0186192079178,40.1796332653243));
#2866=CARTESIAN_POINT('',(-40.7572686227561,24.0087798448803,40.0843574423531));
#2867=CARTESIAN_POINT('',(-40.7582781401793,23.9965081179429,40.0395747167832));
#2868=CARTESIAN_POINT('',(-40.757989905536,23.997060698865,40.0000000000006));
#2869=CARTESIAN_POINT('',(-40.7594011050464,23.9838155800027,39.9999999999987));
#2870=CARTESIAN_POINT('',(-40.7594011050465,23.9838155800023,40.));
#2871=CARTESIAN_POINT('',(-40.7985450244163,24.2372812594202,42.5));
#2872=CARTESIAN_POINT('',(-40.7594011050465,23.9838155800023,42.5));
#2873=CARTESIAN_POINT('',(-40.7594011050465,23.9838155800023,39.2749901596915));
#2874=CARTESIAN_POINT('',(-40.7735543412689,24.1659368152245,37.5));
#2875=CARTESIAN_POINT('',(-40.7701559439389,24.1532263640642,37.648318655745));
#2876=CARTESIAN_POINT('',(-40.7643569048261,24.1275299733671,37.9449611171631));
#2877=CARTESIAN_POINT('',(-40.7596264200341,24.0946086826553,38.3156614023401));
#2878=CARTESIAN_POINT('',(-40.757387046646,24.0675758166628,38.612332567822));
#2879=CARTESIAN_POINT('',(-40.7566857317931,24.0499360377653,38.7973429681301));
#2880=CARTESIAN_POINT('',(-40.7565219618447,24.0355512310933,38.9460615420509));
#2881=CARTESIAN_POINT('',(-40.7568044866031,24.0228267380686,39.0553544709718));
#2882=CARTESIAN_POINT('',(-40.756848120977,24.015133763241,39.1532111378324));
#2883=CARTESIAN_POINT('',(-40.7582434874822,23.9979079496263,39.2157808045638));
#2884=CARTESIAN_POINT('',(-40.7573353585595,24.0032040913498,39.2749901603304));
#2885=CARTESIAN_POINT('',(-40.7594011050506,23.9838155799543,39.2749901599949));
#2886=CARTESIAN_POINT('',(-41.1412076147216,24.5232936724618,42.5));
#2887=CARTESIAN_POINT('',(-41.1412076147216,24.5232936724618,42.5));
#2888=CARTESIAN_POINT('',(-41.2565870881448,24.0367881975568,42.5));
#2889=CARTESIAN_POINT('',(-35.9970494077635,26.8099425685216,39.9999999999987));
#2890=CARTESIAN_POINT('',(-32.8820661242393,25.5167458947826,39.9999999999987));
#2891=CARTESIAN_POINT('',(-32.7255830003425,22.150625458915,39.9999999999987));
#2892=CARTESIAN_POINT('',(-35.6967566723493,20.5672367055288,39.9999999999987));
#2893=CARTESIAN_POINT('',(-38.667930344356,18.9838479521426,39.9999999999987));
#2894=CARTESIAN_POINT('',(-41.3748478398614,20.9907987311495,39.9999999999987));
#2895=CARTESIAN_POINT('',(-40.7113014937472,24.2976378170688,39.9999999999987));
#2896=CARTESIAN_POINT('',(-35.9949940457851,26.8148934150049,40.8330733430656));
#2897=CARTESIAN_POINT('',(-32.8751798642842,25.5196911763475,40.8330733430656));
#2898=CARTESIAN_POINT('',(-32.718454057221,22.1483503643422,40.8330733430656));
#2899=CARTESIAN_POINT('',(-35.6942355988611,20.5625059992147,40.8330733430656));
#2900=CARTESIAN_POINT('',(-38.6700171405011,18.9766616340872,40.8330733430656));
#2901=CARTESIAN_POINT('',(-41.38113268173,20.9867249095588,40.8330733430656));
#2902=CARTESIAN_POINT('',(-40.7165572691941,24.2986924346366,40.8330733430656));
#2903=CARTESIAN_POINT('',(-35.9857716227703,26.8371078964586,41.667640239503));
#2904=CARTESIAN_POINT('',(-32.8442811695712,25.5329066745299,41.667640239503));
#2905=CARTESIAN_POINT('',(-32.6864664415087,22.1381419996991,41.667640239503));
#2906=CARTESIAN_POINT('',(-35.682923525171,20.5412792881799,41.667640239503));
#2907=CARTESIAN_POINT('',(-38.6793806088332,18.9444165766607,41.667640239503));
#2908=CARTESIAN_POINT('',(-41.4093328094456,20.968445644694,41.667640239503));
#2909=CARTESIAN_POINT('',(-40.740139968958,24.3034245107532,41.667640239503));
#2910=CARTESIAN_POINT('',(-35.9684883385901,26.8787389510375,42.5));
#2911=CARTESIAN_POINT('',(-32.7863754629406,25.5576731822362,42.5));
#2912=CARTESIAN_POINT('',(-32.6265200422045,22.1190110113616,42.5));
#2913=CARTESIAN_POINT('',(-35.6617241306151,20.5014993650043,42.5));
#2914=CARTESIAN_POINT('',(-38.6969282190258,18.8839877186469,42.5));
#2915=CARTESIAN_POINT('',(-41.4621812659132,20.9341893837575,42.5));
#2916=CARTESIAN_POINT('',(-40.7843351334063,24.3122926591946,42.5));
#2917=CARTESIAN_POINT('',(-37.3223554347789,23.6176159846846,40.));
#2918=CARTESIAN_POINT('',(-35.5941059531418,20.6242000743345,40.));
#2919=CARTESIAN_POINT('',(-37.3223554347789,23.6176159846846,42.5));
#2920=CARTESIAN_POINT('',(-35.5568612323092,20.5596903255388,42.5));
#2921=CARTESIAN_POINT('',(-37.3223554347789,23.6176159846846,42.5));
#2922=CARTESIAN_POINT('',(-37.3223554347789,23.6176159846846,40.));
#2923=CARTESIAN_POINT('',(-35.9785075226302,26.8433720843262,37.5));
#2924=CARTESIAN_POINT('',(-32.8330543708472,25.5329783285011,37.5));
#2925=CARTESIAN_POINT('',(-32.6783711451246,22.1327413729244,37.5));
#2926=CARTESIAN_POINT('',(-35.6788914757433,20.533713288309,37.5));
#2927=CARTESIAN_POINT('',(-38.6330883956007,18.9593717335688,37.5));
#2928=CARTESIAN_POINT('',(-41.3626656729188,20.9205329407068,37.5));
#2929=CARTESIAN_POINT('',(-40.7608102713886,24.2408799431778,37.5));
#2930=CARTESIAN_POINT('',(-35.9866853343598,26.8237421650251,38.0894612733866));
#2931=CARTESIAN_POINT('',(-32.8603734287305,25.5213226400113,38.0894612733866));
#2932=CARTESIAN_POINT('',(-32.7066315076646,22.1417773842968,38.0894612733866));
#2933=CARTESIAN_POINT('',(-35.6888925619673,20.5524799771697,38.0894612733866));
#2934=CARTESIAN_POINT('',(-38.6251121006015,18.9877188732501,38.0894612733866));
#2935=CARTESIAN_POINT('',(-41.3380788903239,20.9369456888708,38.0894612733866));
#2936=CARTESIAN_POINT('',(-40.7398860015808,24.2370871514011,38.0894612733866));
#2937=CARTESIAN_POINT('',(-35.9916632093222,26.8117933348205,38.6815724127888));
#2938=CARTESIAN_POINT('',(-32.8770026761049,25.5142277640444,38.6815724127888));
#2939=CARTESIAN_POINT('',(-32.7238337318985,22.1472776496805,38.6815724127888));
#2940=CARTESIAN_POINT('',(-35.6949802732472,20.5639033546813,38.6815724127888));
#2941=CARTESIAN_POINT('',(-38.6202568898823,19.0049739191645,38.6815724127888));
#2942=CARTESIAN_POINT('',(-41.3231127926035,20.9469362108894,38.6815724127888));
#2943=CARTESIAN_POINT('',(-40.7271492937394,24.2347784600485,38.6815724127888));
#2944=CARTESIAN_POINT('',(-35.9931157572843,26.8083066564498,39.2749901596915));
#2945=CARTESIAN_POINT('',(-32.8818551040118,25.5121574734676,39.2749901596915));
#2946=CARTESIAN_POINT('',(-32.728853354919,22.1488826315923,39.2749901596915));
#2947=CARTESIAN_POINT('',(-35.6967566723493,20.5672367055288,39.2749901596915));
#2948=CARTESIAN_POINT('',(-38.6188401354462,19.0100089555944,39.2749901596915));
#2949=CARTESIAN_POINT('',(-41.318745673118,20.9498514533388,39.2749901596915));
#2950=CARTESIAN_POINT('',(-40.7234327120336,24.2341047820344,39.2749901596915));
#2951=CARTESIAN_POINT('',(-37.3223554347789,23.6176159846846,39.2749901596915));
#2952=CARTESIAN_POINT('',(-35.5941059531418,20.6242000743345,39.2749901596915));
#2953=CARTESIAN_POINT('',(-37.3223554347789,23.6176159846846,39.2749901596915));
#2954=CARTESIAN_POINT('',(-36.0186495133369,26.8188244992167,40.));
#2955=CARTESIAN_POINT('',(-36.0186495133369,26.8188244992167,39.2749901596914));
#2956=CARTESIAN_POINT('',(-32.9954046981042,25.5875950589302,40.));
#2957=CARTESIAN_POINT('',(-32.9954046981042,25.5875950589302,39.2749901596914));
#2958=CARTESIAN_POINT('',(-32.7481052043161,22.3353461019725,40.));
#2959=CARTESIAN_POINT('',(-32.7481052043161,22.3353461019725,39.2749901596914));
#2960=CARTESIAN_POINT('',(-35.5407944655378,20.6556190913721,40.));
#2961=CARTESIAN_POINT('',(-35.5407944655378,20.6556190913721,39.2749901596914));
#2962=CARTESIAN_POINT('',(-38.3461104319701,18.9682974593108,40.));
#2963=CARTESIAN_POINT('',(-38.3461104319701,18.9682974593108,39.2749901596914));
#2964=CARTESIAN_POINT('',(-41.1062298184611,20.7285795201914,40.));
#2965=CARTESIAN_POINT('',(-41.1062298184611,20.7285795201914,39.2749901596914));
#2966=CARTESIAN_POINT('',(-40.7594011050465,23.9838155800023,40.));
#2967=CARTESIAN_POINT('',(-40.7594011050465,23.9838155800023,39.2749901596914));
#2968=CARTESIAN_POINT('',(-41.4433206205835,24.5949426904661,37.25));
#2969=CARTESIAN_POINT('',(-41.4433206205835,24.5949426904661,42.75));
#2970=CARTESIAN_POINT('',(-41.1268212811091,24.5198818144616,37.25));
#2971=CARTESIAN_POINT('',(-41.1268212811091,24.5198818144616,42.75));
#2972=CARTESIAN_POINT('',(-40.9711464965667,24.4829620353589,42.5));
#2973=CARTESIAN_POINT('',(-38.1026787135321,18.9321495638642,42.75));
#2974=CARTESIAN_POINT('',(-38.1026787135321,18.9321495638642,37.25));
#2975=CARTESIAN_POINT('',(-41.1586509378373,19.4410948964467,42.75));
#2976=CARTESIAN_POINT('',(-41.1586509378373,19.4410948964467,37.25));
#2977=CARTESIAN_POINT('',(-42.7810533725897,22.0803754664111,42.75));
#2978=CARTESIAN_POINT('',(-42.7810533725897,22.0803754664111,37.25));
#2979=CARTESIAN_POINT('',(-41.8553580300287,25.0369071709668,42.75));
#2980=CARTESIAN_POINT('',(-41.8553580300287,25.0369071709668,37.25));
#2981=CARTESIAN_POINT('',(-37.3223554347789,23.6176159846846,42.5));
#2982=CARTESIAN_POINT('',(-38.9668259003256,19.16136005757,42.5));
#2983=CARTESIAN_POINT('',(-38.9668259003256,19.16136005757,42.5));
#2984=CARTESIAN_POINT('',(-40.4850567811809,19.5640628089975,42.75));
#2985=CARTESIAN_POINT('',(-40.4850567811809,19.5640628089975,37.25));
#2986=CARTESIAN_POINT('',(-33.0343599650879,18.3232146956284,42.75));
#2987=CARTESIAN_POINT('',(-33.0343599650879,18.3232146956284,37.25));
#2988=CARTESIAN_POINT('',(-30.6011632057698,11.1725405584415,42.75));
#2989=CARTESIAN_POINT('',(-30.6011632057698,11.1725405584415,37.25));
#2990=CARTESIAN_POINT('',(-35.7486878857977,5.64483065701826,42.75));
#2991=CARTESIAN_POINT('',(-35.7486878857977,5.64483065701826,37.25));
#2992=CARTESIAN_POINT('',(-41.8560164012072,11.332108901127,42.5));
#2993=CARTESIAN_POINT('',(-24.5446794935265,12.2059951804988,42.75));
#2994=CARTESIAN_POINT('',(-24.5446794935265,12.2059951804988,37.25));
#2995=CARTESIAN_POINT('',(-31.9318026821766,10.5059278996962,42.75));
#2996=CARTESIAN_POINT('',(-31.9318026821766,10.5059278996962,37.25));
#2997=CARTESIAN_POINT('',(-36.3222444864345,16.6852351850618,42.75));
#2998=CARTESIAN_POINT('',(-36.3222444864345,16.6852351850618,37.25));
#2999=CARTESIAN_POINT('',(-32.2860333014375,23.1015282763765,42.75));
#3000=CARTESIAN_POINT('',(-32.2860333014375,23.1015282763765,37.25));
#3001=CARTESIAN_POINT('',(-32.899000327453,21.8865961712527,42.5));
#3002=CARTESIAN_POINT('',(-32.899000327453,21.8865961712527,42.5));
#3003=CARTESIAN_POINT('',(-26.1661972323345,19.2518053224955,42.5));
#3004=CARTESIAN_POINT('',(-36.2849963598417,28.2529569807328,42.75));
#3005=CARTESIAN_POINT('',(-36.2849963598417,28.2529569807328,37.25));
#3006=CARTESIAN_POINT('',(-32.7681051612338,27.4658996739343,42.75));
#3007=CARTESIAN_POINT('',(-32.7681051612338,27.4658996739343,37.25));
#3008=CARTESIAN_POINT('',(-31.3827654943749,24.1389165188133,42.75));
#3009=CARTESIAN_POINT('',(-31.3827654943749,24.1389165188133,37.25));
#3010=CARTESIAN_POINT('',(-33.3017108756218,21.0884031963015,42.75));
#3011=CARTESIAN_POINT('',(-33.3017108756218,21.0884031963015,37.25));
#3012=CARTESIAN_POINT('',(-37.3223554347789,23.6176159846846,42.5));
#3013=CARTESIAN_POINT('',(-36.1125010079843,27.6609750172175,37.5));
#3014=CARTESIAN_POINT('',(-36.1125010079843,27.6609750172175,42.5));
#3015=CARTESIAN_POINT('',(-36.2003721424469,27.3673078310176,37.5));
#3016=CARTESIAN_POINT('',(-36.2003721424469,27.3673078310176,42.5));
#3017=CARTESIAN_POINT('',(-36.2473715668334,27.2102347626315,42.5));
#3018=CARTESIAN_POINT('',(-34.7911757907128,-4.82042320879255,42.5));
#3019=CARTESIAN_POINT('',(-34.7911757907128,-4.82042320879255,37.5));
#3020=CARTESIAN_POINT('',(-34.9394562374774,-4.58459603327335,42.5));
#3021=CARTESIAN_POINT('',(-34.9394562374774,-4.58459603327335,37.5));
#3022=CARTESIAN_POINT('',(-35.0776172594565,-4.34499133228422,42.5));
#3023=CARTESIAN_POINT('',(-35.0776172594565,-4.34499133228422,37.5));
#3024=CARTESIAN_POINT('',(-35.2058337975377,-4.10221447320657,42.5));
#3025=CARTESIAN_POINT('',(-35.2058337975377,-4.10221447320657,37.5));
#3026=CARTESIAN_POINT('',(-25.4789961905769,1.03477201381207,42.5));
#3027=CARTESIAN_POINT('',(-35.2058337975377,-4.10221447320658,42.5));
#3028=CARTESIAN_POINT('',(-34.7911757907128,-4.82042320879255,42.5));
#3029=CARTESIAN_POINT('',(-35.2058337975377,-4.10221447320658,42.5));
#3030=CARTESIAN_POINT('',(-34.7911757907128,-4.82042320879255,42.5));
#3031=CARTESIAN_POINT('',(-53.7839713567532,5.07692811272604,42.75));
#3032=CARTESIAN_POINT('',(-53.7839713567532,5.07692811272604,37.25));
#3033=CARTESIAN_POINT('',(-54.1277201036765,5.32537909952403,42.75));
#3034=CARTESIAN_POINT('',(-54.1277201036765,5.32537909952403,37.25));
#3035=CARTESIAN_POINT('',(-54.0904857820165,5.74787726418601,42.75));
#3036=CARTESIAN_POINT('',(-54.0904857820165,5.74787726418601,37.25));
#3037=CARTESIAN_POINT('',(-53.7085815219257,5.93237720992242,42.75));
#3038=CARTESIAN_POINT('',(-53.7085815219257,5.93237720992242,37.25));
#3039=CARTESIAN_POINT('',(-53.4910804429149,5.4821625048881,42.5));
#3040=CARTESIAN_POINT('',(-53.7890908031221,5.88364703162504,42.5));
#3041=CARTESIAN_POINT('',(-53.9910804429149,5.4821625048881,42.5));
#3042=CARTESIAN_POINT('',(-53.7890908031221,5.88364703162504,42.5));
#3043=CARTESIAN_POINT('',(-53.8547168065512,5.1389882123758,37.5));
#3044=CARTESIAN_POINT('',(-53.8547168065512,5.1389882123758,42.5));
#3045=CARTESIAN_POINT('',(-53.4910804429149,5.4821625048881,42.5));
#3046=CARTESIAN_POINT('',(-53.0206135562261,4.89255070409818,37.4515815305513));
#3047=CARTESIAN_POINT('',(-53.1101449672758,4.82711135457446,37.452096320817));
#3048=CARTESIAN_POINT('',(-53.2374439252556,4.78634983486346,37.4542408018494));
#3049=CARTESIAN_POINT('',(-53.4896611260677,4.81059182270234,37.4613265527476));
#3050=CARTESIAN_POINT('',(-53.6056853756436,4.8751080618451,37.466027887247));
#3051=CARTESIAN_POINT('',(-53.6817478441429,4.95570582239363,37.4701447938537));
#3052=CARTESIAN_POINT('',(-52.9780737916295,4.8459643963505,39.1530817746798));
#3053=CARTESIAN_POINT('',(-53.0676464339297,4.78079914830541,39.1532224019897));
#3054=CARTESIAN_POINT('',(-53.1948397791777,4.74037052692692,39.1537779589158));
#3055=CARTESIAN_POINT('',(-53.4467663933376,4.76497803435339,39.155594351699));
#3056=CARTESIAN_POINT('',(-53.5626620063966,4.8295193860896,39.1567949966301));
#3057=CARTESIAN_POINT('',(-53.6387131782627,4.91010517644704,39.1578479162006));
#3058=CARTESIAN_POINT('',(-52.9824706842426,4.8508010535777,40.8566015503348));
#3059=CARTESIAN_POINT('',(-53.0720407421011,4.78560492274812,40.8562984198812));
#3060=CARTESIAN_POINT('',(-53.1992536178718,4.74514481475574,40.8550851950263));
#3061=CARTESIAN_POINT('',(-53.4512371673585,4.76973419227316,40.8511076940553));
#3062=CARTESIAN_POINT('',(-53.5671631073577,4.83428886919406,40.8484755926294));
#3063=CARTESIAN_POINT('',(-53.6432292357584,4.91489050787011,40.8461669741059));
#3064=CARTESIAN_POINT('',(-53.0463074969228,4.92069943209,42.5575771268213));
#3065=CARTESIAN_POINT('',(-53.1358119716145,4.85508986200349,42.5568123947135));
#3066=CARTESIAN_POINT('',(-53.2631658730846,4.81411493829952,42.5536002239256));
#3067=CARTESIAN_POINT('',(-53.515529028808,4.83810062868891,42.5429697955405));
#3068=CARTESIAN_POINT('',(-53.6316112094198,4.90257974642153,42.5359126967074));
#3069=CARTESIAN_POINT('',(-53.7076630913139,4.98316628912902,42.529734356575));
#3070=CARTESIAN_POINT('',(-53.7038015207839,4.97907446903619,42.5));
#3071=CARTESIAN_POINT('',(-53.5373928588229,4.80274354322555,42.5));
#3072=CARTESIAN_POINT('',(-53.2397863602357,4.77510873109034,42.5));
#3073=CARTESIAN_POINT('',(-53.0441694227538,4.9183582411436,42.5));
#3074=CARTESIAN_POINT('',(-53.7038015207839,4.9790744690362,42.5));
#3075=CARTESIAN_POINT('',(-53.0441695937395,4.91835847463621,42.5));
#3076=CARTESIAN_POINT('',(-53.6782659631952,4.95201633121059,37.5));
#3077=CARTESIAN_POINT('',(-53.6363300221672,4.9075799225581,39.1667894208752));
#3078=CARTESIAN_POINT('',(-53.6407728698664,4.91228767898624,40.8344599530772));
#3079=CARTESIAN_POINT('',(-53.7038015207839,4.9790744690362,42.5));
#3080=CARTESIAN_POINT('',(-52.993652457681,4.86301375825469,39.2749901596915));
#3081=CARTESIAN_POINT('',(-52.9962068643147,4.86581338791964,38.6831683603655));
#3082=CARTESIAN_POINT('',(-53.0049425765612,4.87538850987172,38.0914437496525));
#3083=CARTESIAN_POINT('',(-53.0194158624602,4.89123906006118,37.5));
#3084=CARTESIAN_POINT('',(-52.993652457681,4.86301375825469,39.2749901596915));
#3085=CARTESIAN_POINT('',(-52.9936524376531,4.86301377284945,40.));
#3086=CARTESIAN_POINT('',(-53.0064017007911,4.85372311711058,39.9999999999999));
#3087=CARTESIAN_POINT('',(-53.0038289098546,4.85555186271438,39.9525821495433));
#3088=CARTESIAN_POINT('',(-53.0134273967769,4.84851613462501,39.9003087497054));
#3089=CARTESIAN_POINT('',(-53.0156411891966,4.84685088959265,39.8198939052437));
#3090=CARTESIAN_POINT('',(-53.0188032416676,4.8445137800845,39.729477064269));
#3091=CARTESIAN_POINT('',(-53.0193765160087,4.84408435985318,39.6374685820911));
#3092=CARTESIAN_POINT('',(-53.0187633888007,4.8445433303196,39.5454349733415));
#3093=CARTESIAN_POINT('',(-53.015590437609,4.84688871208768,39.4550324793687));
#3094=CARTESIAN_POINT('',(-53.013303890649,4.84860692441418,39.374550011459));
#3095=CARTESIAN_POINT('',(-53.0038234060506,4.85555647704362,39.3222574691506));
#3096=CARTESIAN_POINT('',(-53.0061888339265,4.85387823752664,39.274990159732));
#3097=CARTESIAN_POINT('',(-52.993652457681,4.86301375825468,39.2749901596914));
#3098=CARTESIAN_POINT('',(-52.9936524376531,4.86301377284944,40.));
#3099=CARTESIAN_POINT('',(-53.0441695937395,4.91835847463621,42.5));
#3100=CARTESIAN_POINT('',(-53.0135856185295,4.8848689486343,41.6674008301797));
#3101=CARTESIAN_POINT('',(-52.9972905177043,4.86700136210211,40.8338107845383));
#3102=CARTESIAN_POINT('',(-52.9936524376531,4.86301377284944,40.));
#3103=CARTESIAN_POINT('',(-53.7085815219257,-1.79328915467415,42.75));
#3104=CARTESIAN_POINT('',(-53.7085815219257,-1.79328915467415,37.25));
#3105=CARTESIAN_POINT('',(-54.0904857820165,-1.60878920893774,42.75));
#3106=CARTESIAN_POINT('',(-54.0904857820165,-1.60878920893774,37.25));
#3107=CARTESIAN_POINT('',(-54.1277201036765,-1.18629104427575,42.75));
#3108=CARTESIAN_POINT('',(-54.1277201036765,-1.18629104427575,37.25));
#3109=CARTESIAN_POINT('',(-53.7839713567532,-0.937840057477774,42.75));
#3110=CARTESIAN_POINT('',(-53.7839713567532,-0.937840057477774,37.25));
#3111=CARTESIAN_POINT('',(-53.4910804429149,-1.34307444963983,42.5));
#3112=CARTESIAN_POINT('',(-53.8547168065512,-0.999900157127525,42.5));
#3113=CARTESIAN_POINT('',(-53.9910804429149,-1.34307444963983,42.5));
#3114=CARTESIAN_POINT('',(-53.8547168065512,-0.999900157127525,42.5));
#3115=CARTESIAN_POINT('',(-53.7890908031221,-1.74455897637677,42.5));
#3116=CARTESIAN_POINT('',(-53.7890908031221,-1.74455897637677,42.5));
#3117=CARTESIAN_POINT('',(-53.4910804429149,-1.34307444963983,42.5));
#3118=CARTESIAN_POINT('',(-53.7096218067088,-0.859057349664199,42.75));
#3119=CARTESIAN_POINT('',(-53.7096218067088,-0.859057349664199,37.25));
#3120=CARTESIAN_POINT('',(-53.5188132821548,-0.560029118631858,42.75));
#3121=CARTESIAN_POINT('',(-53.5188132821548,-0.560029118631858,37.25));
#3122=CARTESIAN_POINT('',(-53.1656038427016,-0.527335573734383,42.75));
#3123=CARTESIAN_POINT('',(-53.1656038427016,-0.527335573734383,37.25));
#3124=CARTESIAN_POINT('',(-52.9231504177993,-0.786260490940105,42.75));
#3125=CARTESIAN_POINT('',(-52.9231504177993,-0.786260490940105,37.25));
#3126=CARTESIAN_POINT('',(-53.2327330457366,-0.631091828005076,42.5));
#3127=CARTESIAN_POINT('',(-53.2125131698532,-0.633345614906816,42.2912955733142));
#3128=CARTESIAN_POINT('',(-53.1729673049766,-0.640250591268411,41.873816682903));
#3129=CARTESIAN_POINT('',(-53.1259375629328,-0.654339942942244,41.3518415939262));
#3130=CARTESIAN_POINT('',(-53.0895569209047,-0.668823591961189,40.9343153193918));
#3131=CARTESIAN_POINT('',(-53.0672565237079,-0.679234994884824,40.6732271829123));
#3132=CARTESIAN_POINT('',(-53.0491851571217,-0.688721968759744,40.464760479024));
#3133=CARTESIAN_POINT('',(-53.0357042214105,-0.696266718455283,40.3075109151525));
#3134=CARTESIAN_POINT('',(-53.0225541149169,-0.704375344145318,40.1796332653178));
#3135=CARTESIAN_POINT('',(-53.0142068151121,-0.709596122861897,40.0843574423502));
#3136=CARTESIAN_POINT('',(-53.004083946553,-0.716606254060815,40.0395747167743));
#3137=CARTESIAN_POINT('',(-53.0044183783378,-0.716080345083552,40.0000000000035));
#3138=CARTESIAN_POINT('',(-52.9936533686899,-0.723925039134793,39.9999999999936));
#3139=CARTESIAN_POINT('',(-52.9936533686882,-0.723925039136044,40.));
#3140=CARTESIAN_POINT('',(-53.2327330457365,-0.631091828005083,42.5));
#3141=CARTESIAN_POINT('',(-52.9936533686882,-0.723925039136044,42.5));
#3142=CARTESIAN_POINT('',(-52.9936533686882,-0.723925039136044,39.2749901596915));
#3143=CARTESIAN_POINT('',(-53.1584516030705,-0.645121483639267,37.5));
#3144=CARTESIAN_POINT('',(-53.1457448308072,-0.648533610799468,37.6483186557455));
#3145=CARTESIAN_POINT('',(-53.1205915841213,-0.65635969095884,37.9449611171646));
#3146=CARTESIAN_POINT('',(-53.0897156676434,-0.668723616312747,38.3156614023428));
#3147=CARTESIAN_POINT('',(-53.0651848322629,-0.680300695066341,38.6123325678258));
#3148=CARTESIAN_POINT('',(-53.0495576781939,-0.688513228036488,38.7973429681345));
#3149=CARTESIAN_POINT('',(-53.0370181852133,-0.695563802436789,38.9460615420559));
#3150=CARTESIAN_POINT('',(-53.0261397133828,-0.702170722567041,39.0553544709769));
#3151=CARTESIAN_POINT('',(-53.0194992189381,-0.706054998457365,39.1532111378387));
#3152=CARTESIAN_POINT('',(-53.0052789100001,-0.715876328105501,39.2157808045687));
#3153=CARTESIAN_POINT('',(-53.0094114388122,-0.712441794527523,39.2749901603389));
#3154=CARTESIAN_POINT('',(-52.9936533686482,-0.723925039163995,39.2749901599987));
#3155=CARTESIAN_POINT('',(-53.6517583563809,-0.784840129615192,42.5));
#3156=CARTESIAN_POINT('',(-53.6517583563809,-0.784840129615192,42.5));
#3157=CARTESIAN_POINT('',(-53.2881219927445,-1.1280144221275,42.5));
#3158=CARTESIAN_POINT('',(-53.0599752864253,4.81345600672657,39.9999999999936));
#3159=CARTESIAN_POINT('',(-50.3825424731157,6.86451232575283,39.9999999999936));
#3160=CARTESIAN_POINT('',(-47.3891551015081,5.31697046837722,39.9999999999936));
#3161=CARTESIAN_POINT('',(-47.5034870530124,1.95216421267085,39.9999999999936));
#3162=CARTESIAN_POINT('',(-47.6178190045168,-1.41264204303561,39.9999999999936));
#3163=CARTESIAN_POINT('',(-50.7093481110344,-2.75342597058832,39.9999999999936));
#3164=CARTESIAN_POINT('',(-53.2413815926107,-0.525358435305383,39.9999999999936));
#3165=CARTESIAN_POINT('',(-53.0632351642608,4.81771142565542,40.8330733430622));
#3166=CARTESIAN_POINT('',(-50.3816500317947,6.87194864259335,40.8330733430622));
#3167=CARTESIAN_POINT('',(-47.3836203402514,5.3220067669361,40.8330733430622));
#3168=CARTESIAN_POINT('',(-47.4981296044226,1.95198217319939,40.8330733430622));
#3169=CARTESIAN_POINT('',(-47.6126388685937,-1.41804242053741,40.8330733430622));
#3170=CARTESIAN_POINT('',(-50.7089624989807,-2.7609057141005,40.8330733430622));
#3171=CARTESIAN_POINT('',(-53.2449228059391,-0.529382761575096,40.8330733430622));
#3172=CARTESIAN_POINT('',(-53.0778622580242,4.83680551899761,41.6676402395013));
#3173=CARTESIAN_POINT('',(-50.3776456415878,6.90531544624981,41.6676402395013));
#3174=CARTESIAN_POINT('',(-47.3587858292832,5.34460467242792,41.6676402395013));
#3175=CARTESIAN_POINT('',(-47.4740906965826,1.95116536086711,41.6676402395013));
#3176=CARTESIAN_POINT('',(-47.5893955638819,-1.44227395069378,41.6676402395013));
#3177=CARTESIAN_POINT('',(-50.707232255103,-2.79446737352464,41.6676402395013));
#3178=CARTESIAN_POINT('',(-53.2608122539506,-0.547439940602125,41.6676402395013));
#3179=CARTESIAN_POINT('',(-53.1052741667858,4.87258880944792,42.5));
#3180=CARTESIAN_POINT('',(-50.3701412131091,6.96784651306928,42.5));
#3181=CARTESIAN_POINT('',(-47.3122447077312,5.38695428292217,42.5));
#3182=CARTESIAN_POINT('',(-47.4290405752739,1.94963461350952,42.5));
#3183=CARTESIAN_POINT('',(-47.5458364428165,-1.48768505590322,42.5));
#3184=CARTESIAN_POINT('',(-50.7039896911271,-2.85736360984474,42.5));
#3185=CARTESIAN_POINT('',(-53.2905898780096,-0.581280001518225,42.5));
#3186=CARTESIAN_POINT('',(-50.9579923811538,2.06954402762413,40.));
#3187=CARTESIAN_POINT('',(-47.5014934178796,2.06954402762414,40.));
#3188=CARTESIAN_POINT('',(-50.9579923811538,2.06954402762413,42.5));
#3189=CARTESIAN_POINT('',(-47.4270039762144,2.06954402762414,42.5));
#3190=CARTESIAN_POINT('',(-50.9579923811538,2.06954402762413,42.5));
#3191=CARTESIAN_POINT('',(-50.9579923811538,2.06954402762413,40.));
#3192=CARTESIAN_POINT('',(-53.0796551537816,4.84622850818839,37.5));
#3193=CARTESIAN_POINT('',(-50.3720942963851,6.91507396613368,37.5));
#3194=CARTESIAN_POINT('',(-47.3500611011077,5.34891509136048,37.5));
#3195=CARTESIAN_POINT('',(-47.4655223237754,1.95087421816533,37.5));
#3196=CARTESIAN_POINT('',(-47.5792010030656,-1.39470613958309,37.5));
#3197=CARTESIAN_POINT('',(-50.6424050680228,-2.77800879976426,37.5));
#3198=CARTESIAN_POINT('',(-53.216982220777,-0.596613231398713,37.5));
#3199=CARTESIAN_POINT('',(-53.0667440508574,4.82933135583264,38.0894612733866));
#3200=CARTESIAN_POINT('',(-50.375659702996,6.88558712375442,38.0894612733866));
#3201=CARTESIAN_POINT('',(-47.3720166977752,5.3289589051669,38.0894612733866));
#3202=CARTESIAN_POINT('',(-47.4867752961857,1.95159636786022,38.0894612733866));
#3203=CARTESIAN_POINT('',(-47.5997621986546,-1.37362489564506,38.0894612733866));
#3204=CARTESIAN_POINT('',(-50.6443255335812,-2.74850964735776,38.0894612733866));
#3205=CARTESIAN_POINT('',(-53.2032354318432,-0.580388678077862,38.0894612733866));
#3206=CARTESIAN_POINT('',(-53.0588849978359,4.81904597455607,38.6815724127888));
#3207=CARTESIAN_POINT('',(-50.3778299838591,6.86763833509894,38.6815724127888));
#3208=CARTESIAN_POINT('',(-47.3853811794419,5.31681147467057,38.6815724127888));
#3209=CARTESIAN_POINT('',(-47.4997120869477,1.95203594399674,38.6815724127888));
#3210=CARTESIAN_POINT('',(-47.6122779014004,-1.36079263686429,38.6815724127888));
#3211=CARTESIAN_POINT('',(-50.6454945305862,-2.73055336552704,38.6815724127888));
#3212=CARTESIAN_POINT('',(-53.1948676925617,-0.570512711202878,38.6815724127888));
#3213=CARTESIAN_POINT('',(-53.0565917197732,4.81604469193538,39.2749901596915));
#3214=CARTESIAN_POINT('',(-50.3784632735799,6.86240086397311,39.2749901596915));
#3215=CARTESIAN_POINT('',(-47.3892809460605,5.31326684457332,39.2749901596915));
#3216=CARTESIAN_POINT('',(-47.5034870530124,1.95216421267085,39.2749901596915));
#3217=CARTESIAN_POINT('',(-47.6159299936395,-1.35704817331672,39.2749901596915));
#3218=CARTESIAN_POINT('',(-50.6458356448629,-2.72531370788658,39.2749901596915));
#3219=CARTESIAN_POINT('',(-53.1924259794346,-0.567630896037509,39.2749901596915));
#3220=CARTESIAN_POINT('',(-50.9579923811538,2.06954402762413,39.2749901596915));
#3221=CARTESIAN_POINT('',(-47.5014934178796,2.06954402762414,39.2749901596915));
#3222=CARTESIAN_POINT('',(-50.9579923811538,2.06954402762413,39.2749901596915));
#3223=CARTESIAN_POINT('',(-53.0784673168636,4.79919073189599,40.));
#3224=CARTESIAN_POINT('',(-53.0784673168636,4.79919073189599,39.2749901596914));
#3225=CARTESIAN_POINT('',(-50.500568936079,6.80178282365127,40.));
#3226=CARTESIAN_POINT('',(-50.500568936079,6.80178282365127,39.2749901596914));
#3227=CARTESIAN_POINT('',(-47.5603889729867,5.38982598915262,40.));
#3228=CARTESIAN_POINT('',(-47.5603889729867,5.38982598915262,39.2749901596914));
#3229=CARTESIAN_POINT('',(-47.5020473409941,2.13142263872155,40.));
#3230=CARTESIAN_POINT('',(-47.5020473409941,2.13142263872155,39.2749901596914));
#3231=CARTESIAN_POINT('',(-47.4434419264901,-1.14171306988151,40.));
#3232=CARTESIAN_POINT('',(-47.4434419264901,-1.14171306988151,39.2749901596914));
#3233=CARTESIAN_POINT('',(-50.3479506022842,-2.6519055456204,40.));
#3234=CARTESIAN_POINT('',(-50.3479506022842,-2.6519055456204,39.2749901596914));
#3235=CARTESIAN_POINT('',(-52.9936533686882,-0.723925039136078,40.));
#3236=CARTESIAN_POINT('',(-52.9936533686882,-0.723925039136078,39.2749901596914));
#3237=CARTESIAN_POINT('',(-53.8648647290597,-1.01065315850311,37.25));
#3238=CARTESIAN_POINT('',(-53.8648647290597,-1.01065315850311,42.75));
#3239=CARTESIAN_POINT('',(-53.6416104338724,-0.77408712823958,37.25));
#3240=CARTESIAN_POINT('',(-53.6416104338724,-0.77408712823958,42.75));
#3241=CARTESIAN_POINT('',(-53.5317995749961,-0.657728699648591,42.5));
#3242=CARTESIAN_POINT('',(-47.2904210715209,-0.948968965350686,42.75));
#3243=CARTESIAN_POINT('',(-47.2904210715209,-0.948968965350686,37.25));
#3244=CARTESIAN_POINT('',(-49.2591667708275,-3.34104587856739,42.75));
#3245=CARTESIAN_POINT('',(-49.2591667708275,-3.34104587856739,37.25));
#3246=CARTESIAN_POINT('',(-52.3560520095075,-3.42644731724257,42.75));
#3247=CARTESIAN_POINT('',(-52.3560520095075,-3.42644731724257,37.25));
#3248=CARTESIAN_POINT('',(-54.4536359014664,-1.14650578214194,42.75));
#3249=CARTESIAN_POINT('',(-54.4536359014664,-1.14650578214194,37.25));
#3250=CARTESIAN_POINT('',(-50.9579923811538,2.06954402762414,42.5));
#3251=CARTESIAN_POINT('',(-47.9209967752808,-1.58273713486985,42.5));
#3252=CARTESIAN_POINT('',(-47.9209967752808,-1.58273713486985,42.5));
#3253=CARTESIAN_POINT('',(-49.0288630286186,-2.69621227078669,42.75));
#3254=CARTESIAN_POINT('',(-49.0288630286186,-2.69621227078669,37.25));
#3255=CARTESIAN_POINT('',(-44.2289086321565,3.13585639116102,42.75));
#3256=CARTESIAN_POINT('',(-44.2289086321565,3.13585639116102,37.25));
#3257=CARTESIAN_POINT('',(-36.8196447955092,1.667729528543,42.75));
#3258=CARTESIAN_POINT('',(-36.8196447955092,1.667729528543,37.25));
#3259=CARTESIAN_POINT('',(-34.6062699361399,-5.55401256168018,42.75));
#3260=CARTESIAN_POINT('',(-34.6062699361399,-5.55401256168018,37.25));
#3261=CARTESIAN_POINT('',(-42.5852616316335,-7.99947508322752,42.5));
#3262=CARTESIAN_POINT('',(-34.6864008957476,7.42952559198101,42.75));
#3263=CARTESIAN_POINT('',(-34.6864008957476,7.42952559198101,37.25));
#3264=CARTESIAN_POINT('',(-36.9076610367549,0.182055609323595,42.75));
#3265=CARTESIAN_POINT('',(-36.9076610367549,0.182055609323595,37.25));
#3266=CARTESIAN_POINT('',(-44.4543190258008,-0.530524884318126,42.75));
#3267=CARTESIAN_POINT('',(-44.4543190258008,-0.530524884318126,37.25));
#3268=CARTESIAN_POINT('',(-47.9928862485073,6.17308308258558,42.75));
#3269=CARTESIAN_POINT('',(-47.9928862485073,6.17308308258558,37.25));
#3270=CARTESIAN_POINT('',(-47.2472076946046,5.03477201381207,42.5));
#3271=CARTESIAN_POINT('',(-47.2472076946046,5.03477201381207,42.5));
#3272=CARTESIAN_POINT('',(-41.5990103383628,9.54815510848459,42.5));
#3273=CARTESIAN_POINT('',(-54.4536359014664,5.28559383739022,42.75));
#3274=CARTESIAN_POINT('',(-54.4536359014664,5.28559383739022,37.25));
#3275=CARTESIAN_POINT('',(-52.0135786802407,7.93778230433129,42.75));
#3276=CARTESIAN_POINT('',(-52.0135786802407,7.93778230433129,37.25));
#3277=CARTESIAN_POINT('',(-48.4396569165137,7.47403007114083,42.75));
#3278=CARTESIAN_POINT('',(-48.4396569165137,7.47403007114083,37.25));
#3279=CARTESIAN_POINT('',(-46.757307575259,4.28691796125028,42.75));
#3280=CARTESIAN_POINT('',(-46.757307575259,4.28691796125028,37.25));
#3281=CARTESIAN_POINT('',(-50.9579923811538,2.06954402762413,42.5));
#3282=CARTESIAN_POINT('',(-53.8547168065512,5.13898821237577,37.5));
#3283=CARTESIAN_POINT('',(-53.8547168065512,5.13898821237577,42.5));
#3284=CARTESIAN_POINT('',(-53.6443291302756,4.91605598457188,37.5));
#3285=CARTESIAN_POINT('',(-53.6443291302756,4.91605598457188,42.5));
#3286=CARTESIAN_POINT('',(-53.5317995749961,4.79681675489686,42.5));
#3287=CARTESIAN_POINT('',(-43.1320936413868,-21.4569774841273,42.75));
#3288=CARTESIAN_POINT('',(-43.1320936413868,-21.4569774841273,37.25));
#3289=CARTESIAN_POINT('',(-43.5191328810108,-21.6304471380829,42.75));
#3290=CARTESIAN_POINT('',(-43.5191328810108,-21.6304471380829,37.25));
#3291=CARTESIAN_POINT('',(-43.8664098638303,-21.3869521873016,42.75));
#3292=CARTESIAN_POINT('',(-43.8664098638303,-21.3869521873016,37.25));
#3293=CARTESIAN_POINT('',(-43.8352393737895,-20.9639634233813,42.75));
#3294=CARTESIAN_POINT('',(-43.8352393737895,-20.9639634233813,37.25));
#3295=CARTESIAN_POINT('',(-43.336591462567,-21.0007093161246,42.5));
#3296=CARTESIAN_POINT('',(-43.8332924420513,-21.0580515952865,42.5));
#3297=CARTESIAN_POINT('',(-43.586591462567,-21.4337220180169,42.5));
#3298=CARTESIAN_POINT('',(-43.8332924420513,-21.0580515952865,42.5));
#3299=CARTESIAN_POINT('',(-43.2212119891439,-21.4872147910297,37.5));
#3300=CARTESIAN_POINT('',(-43.2212119891439,-21.4872147910297,42.5));
#3301=CARTESIAN_POINT('',(-43.336591462567,-21.0007093161246,42.5));
#3302=CARTESIAN_POINT('',(-42.5907392213675,-20.8880789410077,37.4515815305513));
#3303=CARTESIAN_POINT('',(-42.5788327877977,-20.9983350921754,37.452096320817));
#3304=CARTESIAN_POINT('',(-42.607181755221,-21.1289599835167,37.4542408018494));
#3305=CARTESIAN_POINT('',(-42.7542845329338,-21.3352654927719,37.4613265527477));
#3306=CARTESIAN_POINT('',(-42.8681693597761,-21.4034873207882,37.466027887247));
#3307=CARTESIAN_POINT('',(-42.9760003021489,-21.429060470509,37.4701447938537));
#3308=CARTESIAN_POINT('',(-42.5291244130961,-20.874531578024,39.1530817746793));
#3309=CARTESIAN_POINT('',(-42.5174759739861,-20.9846863857531,39.1532224019876));
#3310=CARTESIAN_POINT('',(-42.5460604334488,-21.115053364617,39.1537779589125));
#3311=CARTESIAN_POINT('',(-42.6933344670797,-21.3209244586729,39.1555943516955));
#3312=CARTESIAN_POINT('',(-42.8071767238109,-21.3890223279202,39.1567949966276));
#3313=CARTESIAN_POINT('',(-42.9149916513839,-21.4145916795858,39.1578479161996));
#3314=CARTESIAN_POINT('',(-42.5355115274237,-20.8759210701773,40.8566015503353));
#3315=CARTESIAN_POINT('',(-42.5238350508269,-20.986089081115,40.8562984198833));
#3316=CARTESIAN_POINT('',(-42.5524020073518,-21.1164887172146,40.8550851950297));
#3317=CARTESIAN_POINT('',(-42.6996888076894,-21.3224181836394,40.8511076940589));
#3318=CARTESIAN_POINT('',(-42.8135577678357,-21.3905356541709,40.848475592632));
#3319=CARTESIAN_POINT('',(-42.921393898716,-21.4161100343912,40.8461669741069));
#3320=CARTESIAN_POINT('',(-42.627963705241,-20.8962561823785,42.5575771268213));
#3321=CARTESIAN_POINT('',(-42.6158963881605,-21.0065741162572,42.5568123947135));
#3322=CARTESIAN_POINT('',(-42.6440880140498,-21.1373532920534,42.5536002239257));
#3323=CARTESIAN_POINT('',(-42.7910418091161,-21.3439133506944,42.5429697955405));
#3324=CARTESIAN_POINT('',(-42.9049234533921,-21.4122039091646,42.5359126967074));
#3325=CARTESIAN_POINT('',(-43.012739387527,-21.4377734995367,42.529734356575));
#3326=CARTESIAN_POINT('',(-43.0072649821139,-21.4364751914056,42.5));
#3327=CARTESIAN_POINT('',(-42.771353603589,-21.3805265288875,42.5));
#3328=CARTESIAN_POINT('',(-42.5986179082926,-21.136609172929,42.5));
#3329=CARTESIAN_POINT('',(-42.6248671328427,-20.8955751924357,42.5));
#3330=CARTESIAN_POINT('',(-43.0072649821139,-21.4364751914056,42.5));
#3331=CARTESIAN_POINT('',(-42.6248674250252,-20.8955751826378,42.5));
#3332=CARTESIAN_POINT('',(-42.9710641685834,-21.4278898187467,37.5));
#3333=CARTESIAN_POINT('',(-42.9116131393234,-21.4137904328111,39.1667894208752));
#3334=CARTESIAN_POINT('',(-42.9179115998346,-21.4152841735697,40.8344599530772));
#3335=CARTESIAN_POINT('',(-43.0072649821139,-21.4364751914056,42.5));
#3336=CARTESIAN_POINT('',(-42.5516789266443,-20.8794984176754,39.2749901596915));
#3337=CARTESIAN_POINT('',(-42.5553806803722,-20.8803107838794,38.6831683603655));
#3338=CARTESIAN_POINT('',(-42.5680408353503,-20.883088571629,38.0914437496525));
#3339=CARTESIAN_POINT('',(-42.5890044574278,-20.887697529799,37.5));
#3340=CARTESIAN_POINT('',(-42.5516789266443,-20.8794984176754,39.2749901596915));
#3341=CARTESIAN_POINT('',(-42.5516789292698,-20.8794983930334,40.));
#3342=CARTESIAN_POINT('',(-42.5500076169511,-20.8951849066599,40.0000000000002));
#3343=CARTESIAN_POINT('',(-42.5503049616328,-20.8920424315486,39.9525821495432));
#3344=CARTESIAN_POINT('',(-42.5490110858345,-20.9038728291052,39.9003087497054));
#3345=CARTESIAN_POINT('',(-42.5486758375427,-20.9066226520961,39.8198939052437));
#3346=CARTESIAN_POINT('',(-42.5482328675727,-20.910529624618,39.729477064269));
#3347=CARTESIAN_POINT('',(-42.5481476159141,-20.9112408048764,39.6374685820911));
#3348=CARTESIAN_POINT('',(-42.5482385323936,-20.9104803359055,39.5454349733415));
#3349=CARTESIAN_POINT('',(-42.5486832169905,-20.9065597886842,39.4550324793687));
#3350=CARTESIAN_POINT('',(-42.5490279590343,-20.9037204747667,39.374550011459));
#3351=CARTESIAN_POINT('',(-42.5503062058571,-20.8920353579495,39.3222574691507));
#3352=CARTESIAN_POINT('',(-42.5500355217398,-20.8949229983396,39.274990159732));
#3353=CARTESIAN_POINT('',(-42.5516789266443,-20.8794984176755,39.2749901596914));
#3354=CARTESIAN_POINT('',(-42.5516789292698,-20.8794983930334,40.));
#3355=CARTESIAN_POINT('',(-42.6248674250252,-20.8955751826378,42.5));
#3356=CARTESIAN_POINT('',(-42.5805726571418,-20.8858334461582,41.6674008301797));
#3357=CARTESIAN_POINT('',(-42.556951322888,-20.8806552681524,40.8338107845383));
#3358=CARTESIAN_POINT('',(-42.5516789292698,-20.8794983930335,40.));
#3359=CARTESIAN_POINT('',(-37.1446160408859,-24.8267966056796,42.75));
#3360=CARTESIAN_POINT('',(-37.1446160408859,-24.8267966056796,37.25));
#3361=CARTESIAN_POINT('',(-37.4953498109359,-25.0652854238635,42.75));
#3362=CARTESIAN_POINT('',(-37.4953498109359,-25.0652854238635,37.25));
#3363=CARTESIAN_POINT('',(-37.8798611154154,-24.8862822099828,42.75));
#3364=CARTESIAN_POINT('',(-37.8798611154154,-24.8862822099828,37.25));
#3365=CARTESIAN_POINT('',(-37.9231516081162,-24.4643615692293,42.75));
#3366=CARTESIAN_POINT('',(-37.9231516081162,-24.4643615692293,37.25));
#3367=CARTESIAN_POINT('',(-37.4257628730975,-24.4133277933886,42.5));
#3368=CARTESIAN_POINT('',(-37.9047787101572,-24.5566589757813,42.5));
#3369=CARTESIAN_POINT('',(-37.6757628730975,-24.8463404952808,42.5));
#3370=CARTESIAN_POINT('',(-37.9047787101572,-24.5566589757813,42.5));
#3371=CARTESIAN_POINT('',(-37.2270722538206,-24.8721545992875,42.5));
#3372=CARTESIAN_POINT('',(-37.2270722538206,-24.8721545992875,42.5));
#3373=CARTESIAN_POINT('',(-37.4257628730975,-24.4133277933886,42.5));
#3374=CARTESIAN_POINT('',(-37.9542046594395,-24.360581616224,42.75));
#3375=CARTESIAN_POINT('',(-37.9542046594395,-24.360581616224,37.25));
#3376=CARTESIAN_POINT('',(-38.1177664416852,-24.0458224711854,42.75));
#3377=CARTESIAN_POINT('',(-38.1177664416852,-24.0458224711854,37.25));
#3378=CARTESIAN_POINT('',(-37.9694751623795,-23.7235873513138,42.75));
#3379=CARTESIAN_POINT('',(-37.9694751623795,-23.7235873513138,37.25));
#3380=CARTESIAN_POINT('',(-37.6240128939555,-23.6430789847168,42.75));
#3381=CARTESIAN_POINT('',(-37.6240128939555,-23.6430789847168,37.25));
#3382=CARTESIAN_POINT('',(-37.9131842118971,-23.8336010736132,42.5));
#3383=CARTESIAN_POINT('',(-37.9011224372438,-23.8172170408877,42.2912955733147));
#3384=CARTESIAN_POINT('',(-37.8753696198639,-23.7864218054708,41.8738166829046));
#3385=CARTESIAN_POINT('',(-37.8396530123696,-23.7527375299644,41.351841593929));
#3386=CARTESIAN_POINT('',(-37.8089194833657,-23.7284727942716,40.9343153193957));
#3387=CARTESIAN_POINT('',(-37.7887527453464,-23.7143657852465,40.6732271829167));
#3388=CARTESIAN_POINT('',(-37.7715011016726,-23.7034590096392,40.4647604790293));
#3389=CARTESIAN_POINT('',(-37.7582266889156,-23.6955565516943,40.3075109151573));
#3390=CARTESIAN_POINT('',(-37.7446293598305,-23.688222538253,40.1796332653257));
#3391=CARTESIAN_POINT('',(-37.7359343829334,-23.6836039539279,40.0843574423534));
#3392=CARTESIAN_POINT('',(-37.7248019969496,-23.6783423581951,40.0395747167853));
#3393=CARTESIAN_POINT('',(-37.7254246633793,-23.6783690301291,39.9999999999992));
#3394=CARTESIAN_POINT('',(-37.7132484542182,-23.6729686053261,40.0000000000015));
#3395=CARTESIAN_POINT('',(-37.7132484542187,-23.6729686053263,40.));
#3396=CARTESIAN_POINT('',(-37.9131842118971,-23.8336010736132,42.5));
#3397=CARTESIAN_POINT('',(-37.7132484542187,-23.6729686053263,42.5));
#3398=CARTESIAN_POINT('',(-37.7132484542187,-23.6729686053263,39.2749901596915));
#3399=CARTESIAN_POINT('',(-37.8638934523784,-23.7762862850517,37.5));
#3400=CARTESIAN_POINT('',(-37.8545850774451,-23.7669879610517,37.6483186557447));
#3401=CARTESIAN_POINT('',(-37.8352308698723,-23.7491176505139,37.9449611171621));
#3402=CARTESIAN_POINT('',(-37.8090854381864,-23.7285602851558,38.3156614023382));
#3403=CARTESIAN_POINT('',(-37.786793976194,-23.7131044979171,38.6123325678195));
#3404=CARTESIAN_POINT('',(-37.7718681369781,-23.7036772519897,38.7973429681273));
#3405=CARTESIAN_POINT('',(-37.7594924139459,-23.696343019718,38.9460615420475));
#3406=CARTESIAN_POINT('',(-37.7483314173561,-23.6902254468232,39.055354470969));
#3407=CARTESIAN_POINT('',(-37.7416472885408,-23.6864167478871,39.1532111378267));
#3408=CARTESIAN_POINT('',(-37.726031613091,-23.6790122639181,39.2157808045635));
#3409=CARTESIAN_POINT('',(-37.7310722708389,-23.6808738720682,39.2749901603186));
#3410=CARTESIAN_POINT('',(-37.7132484541759,-23.6729686053063,39.2749901599894));
#3411=CARTESIAN_POINT('',(-37.9895469322362,-24.2733617882649,42.5));
#3412=CARTESIAN_POINT('',(-37.9895469322362,-24.2733617882649,42.5));
#3413=CARTESIAN_POINT('',(-37.5105310951766,-24.1300306058722,42.5));
#3414=CARTESIAN_POINT('',(-42.5419220692387,-20.961714547983,40.));
#3415=CARTESIAN_POINT('',(-42.9794725394533,-17.6174615552176,40.));
#3416=CARTESIAN_POINT('',(-40.1425682917424,-15.7988829767257,40.));
#3417=CARTESIAN_POINT('',(-37.28572657124,-17.5803004790459,40.));
#3418=CARTESIAN_POINT('',(-34.4288848507375,-19.3617179813661,40.));
#3419=CARTESIAN_POINT('',(-34.8134964617498,-22.7094526879258,40.));
#3420=CARTESIAN_POINT('',(-38.0090762894404,-23.7882242385622,40.));
#3421=CARTESIAN_POINT('',(-42.5472373090526,-20.9624099755374,40.8330733430665));
#3422=CARTESIAN_POINT('',(-42.9854663580874,-17.612970519942,40.8330733430665));
#3423=CARTESIAN_POINT('',(-40.1441624736071,-15.7915715835939,40.8330733430665));
#3424=CARTESIAN_POINT('',(-37.2828901961382,-17.5757518122032,40.8330733430665));
#3425=CARTESIAN_POINT('',(-34.4216179186693,-19.3599320408126,40.8330733430665));
#3426=CARTESIAN_POINT('',(-34.8068260078275,-22.7128586098474,40.8330733430665));
#3427=CARTESIAN_POINT('',(-38.0073617273219,-23.7933031823998,40.8330733430665));
#3428=CARTESIAN_POINT('',(-42.5710868258309,-20.9655303636489,41.6676402395034));
#3429=CARTESIAN_POINT('',(-43.0123606625935,-17.5928192144678,41.6676402395035));
#3430=CARTESIAN_POINT('',(-40.1513155783513,-15.758765313459,41.6676402395035));
#3431=CARTESIAN_POINT('',(-37.2701633619884,-17.5553419135007,41.6676402395034));
#3432=CARTESIAN_POINT('',(-34.3890111456254,-19.3519185135424,41.6676402395035));
#3433=CARTESIAN_POINT('',(-34.7768956362342,-22.7281410044067,41.6676402395035));
#3434=CARTESIAN_POINT('',(-37.9996684755695,-23.8160924375433,41.6676402395034));
#3435=CARTESIAN_POINT('',(-42.6157820187726,-20.9713781277775,42.5));
#3436=CARTESIAN_POINT('',(-43.0627619407454,-17.5550546553548,42.5));
#3437=CARTESIAN_POINT('',(-40.1647208561036,-15.6972847146274,42.5));
#3438=CARTESIAN_POINT('',(-37.2463126352356,-17.5170927376827,42.5));
#3439=CARTESIAN_POINT('',(-34.3279044143676,-19.336900760738,42.5));
#3440=CARTESIAN_POINT('',(-34.7208046157908,-22.7567809797901,42.5));
#3441=CARTESIAN_POINT('',(-37.9852509351801,-23.8588006469007,42.5));
#3442=CARTESIAN_POINT('',(-39.1146331369517,-20.5132999432484,40.));
#3443=CARTESIAN_POINT('',(-37.3863836553146,-17.5198840328983,40.));
#3444=CARTESIAN_POINT('',(-39.1146331369517,-20.5132999432484,42.5));
#3445=CARTESIAN_POINT('',(-37.349138934482,-17.4553742841026,42.5));
#3446=CARTESIAN_POINT('',(-39.1146331369517,-20.5132999432484,42.5));
#3447=CARTESIAN_POINT('',(-39.1146331369517,-20.5132999432484,40.));
#3448=CARTESIAN_POINT('',(-42.5801438217283,-20.9623715623258,37.5));
#3449=CARTESIAN_POINT('',(-43.0180361161148,-17.5831323485554,37.5));
#3450=CARTESIAN_POINT('',(-40.15068614656,-15.7490542677518,37.5));
#3451=CARTESIAN_POINT('',(-37.265627038609,-17.5480670563317,37.5));
#3452=CARTESIAN_POINT('',(-34.4251087980417,-19.3193058593398,37.5));
#3453=CARTESIAN_POINT('',(-34.7587355856808,-22.663769726659,37.5));
#3454=CARTESIAN_POINT('',(-37.9351681399653,-23.8027211607645,37.5));
#3455=CARTESIAN_POINT('',(-42.5590549070745,-20.9596387953804,38.0894612733866));
#3456=CARTESIAN_POINT('',(-42.9942824648424,-17.6009635024448,38.0894612733866));
#3457=CARTESIAN_POINT('',(-40.1443813806874,-15.7780464653179,38.0894612733866));
#3458=CARTESIAN_POINT('',(-37.2768789247952,-17.5661115954974,38.0894612733866));
#3459=CARTESIAN_POINT('',(-34.4536462886299,-19.326571755083,38.0894612733866));
#3460=CARTESIAN_POINT('',(-34.7852428338341,-22.6506833224165,38.0894612733866));
#3461=CARTESIAN_POINT('',(-37.9423456208393,-23.7827038156669,38.0894612733866));
#3462=CARTESIAN_POINT('',(-42.5462179790906,-20.9579753464524,38.6815724127888));
#3463=CARTESIAN_POINT('',(-42.9798234983311,-17.6118174151334,38.6815724127888));
#3464=CARTESIAN_POINT('',(-40.1405436381203,-15.7956941611979,38.6815724127888));
#3465=CARTESIAN_POINT('',(-37.2837280042774,-17.5770953968725,38.6815724127888));
#3466=CARTESIAN_POINT('',(-34.4710172020949,-19.3309945422167,38.6815724127888));
#3467=CARTESIAN_POINT('',(-34.8013779285596,-22.6427175626044,38.6815724127888));
#3468=CARTESIAN_POINT('',(-37.9467145893992,-23.7705191574394,38.6815724127888));
#3469=CARTESIAN_POINT('',(-42.5424721530658,-20.9574899507024,39.2749901596915));
#3470=CARTESIAN_POINT('',(-42.9756043601449,-17.6149845956824,39.2749901596915));
#3471=CARTESIAN_POINT('',(-40.1394237817183,-15.800843773207,39.2749901596915));
#3472=CARTESIAN_POINT('',(-37.28572657124,-17.5803004790459,39.2749901596915));
#3473=CARTESIAN_POINT('',(-34.4760860487702,-19.332285115099,39.2749901596915));
#3474=CARTESIAN_POINT('',(-34.8060861623217,-22.6403931474134,39.2749901596915));
#3475=CARTESIAN_POINT('',(-37.9479894579779,-23.7669636642599,39.2749901596915));
#3476=CARTESIAN_POINT('',(-39.1146331369517,-20.5132999432484,39.2749901596915));
#3477=CARTESIAN_POINT('',(-37.3863836553146,-17.5198840328983,39.2749901596915));
#3478=CARTESIAN_POINT('',(-39.1146331369517,-20.5132999432484,39.2749901596915));
#3479=CARTESIAN_POINT('',(-42.5388139940583,-20.9848617535564,40.));
#3480=CARTESIAN_POINT('',(-42.5388139940583,-20.9848617535564,39.2749901596914));
#3481=CARTESIAN_POINT('',(-42.9841604285754,-17.7510402215321,40.));
#3482=CARTESIAN_POINT('',(-42.9841604285754,-17.7510402215321,39.2749901596914));
#3483=CARTESIAN_POINT('',(-40.2912799593019,-15.9107480990142,40.));
#3484=CARTESIAN_POINT('',(-40.2912799593019,-15.9107480990142,39.2749901596914));
#3485=CARTESIAN_POINT('',(-37.4402490660331,-17.4894244388386,40.));
#3486=CARTESIAN_POINT('',(-37.4402490660331,-17.4894244388386,39.2749901596914));
#3487=CARTESIAN_POINT('',(-34.5763276850968,-19.0752385153804,40.));
#3488=CARTESIAN_POINT('',(-34.5763276850968,-19.0752385153804,39.2749901596914));
#3489=CARTESIAN_POINT('',(-34.7207169744,-22.3457130519999,40.));
#3490=CARTESIAN_POINT('',(-34.7207169744,-22.3457130519999,39.2749901596914));
#3491=CARTESIAN_POINT('',(-37.7132484542187,-23.6729686053263,40.));
#3492=CARTESIAN_POINT('',(-37.7132484542187,-23.6729686053263,39.2749901596914));
#3493=CARTESIAN_POINT('',(-37.9005402990532,-24.5708238351572,37.25));
#3494=CARTESIAN_POINT('',(-37.9005402990532,-24.5708238351572,42.75));
#3495=CARTESIAN_POINT('',(-37.9937853433402,-24.2591969288891,37.25));
#3496=CARTESIAN_POINT('',(-37.9937853433402,-24.2591969288891,42.75));
#3497=CARTESIAN_POINT('',(-38.0396492690062,-24.1059187211954,42.5));
#3498=CARTESIAN_POINT('',(-34.6667385485657,-18.8463465154028,42.75));
#3499=CARTESIAN_POINT('',(-34.6667385485657,-18.8463465154028,37.25));
#3500=CARTESIAN_POINT('',(-33.579512023567,-21.747368761202,42.75));
#3501=CARTESIAN_POINT('',(-33.579512023567,-21.747368761202,37.25));
#3502=CARTESIAN_POINT('',(-35.0539948274947,-24.4720507698416,42.75));
#3503=CARTESIAN_POINT('',(-35.0539948274947,-24.4720507698416,37.25));
#3504=CARTESIAN_POINT('',(-38.0772740620145,-25.1486409392966,42.75));
#3505=CARTESIAN_POINT('',(-38.0772740620145,-25.1486409392966,37.25));
#3506=CARTESIAN_POINT('',(-39.1146331369517,-20.5132999432484,42.5));
#3507=CARTESIAN_POINT('',(-34.4331670655322,-19.7093251786277,42.5));
#3508=CARTESIAN_POINT('',(-34.4331670655322,-19.7093251786277,42.5));
#3509=CARTESIAN_POINT('',(-34.0228024380147,-21.2255030659722,42.75));
#3510=CARTESIAN_POINT('',(-34.0228024380147,-21.2255030659722,37.25));
#3511=CARTESIAN_POINT('',(-36.549061769644,-14.4847417331639,42.75));
#3512=CARTESIAN_POINT('',(-36.549061769644,-14.4847417331639,37.25));
#3513=CARTESIAN_POINT('',(-31.9898434999881,-8.91398071458088,42.75));
#3514=CARTESIAN_POINT('',(-31.9898434999881,-8.91398071458088,37.25));
#3515=CARTESIAN_POINT('',(-24.8826381970829,-10.0574326544908,42.75));
#3516=CARTESIAN_POINT('',(-24.8826381970829,-10.0574326544908,37.25));
#3517=CARTESIAN_POINT('',(-26.4500240022337,-9.95498143975009,42.5));
#3518=CARTESIAN_POINT('',(-26.4500240022337,-9.95498143975009,42.5));
#3519=CARTESIAN_POINT('',(-26.208241421003,-18.2968119705425,42.5));
#3520=CARTESIAN_POINT('',(-35.620717592798,-3.74169757470571,42.75));
#3521=CARTESIAN_POINT('',(-35.620717592798,-3.74169757470571,37.25));
#3522=CARTESIAN_POINT('',(-30.4548545451552,-9.28910027656053,42.75));
#3523=CARTESIAN_POINT('',(-30.4548545451552,-9.28910027656053,37.25));
#3524=CARTESIAN_POINT('',(-33.6110707299431,-16.1809880555678,42.75));
#3525=CARTESIAN_POINT('',(-33.6110707299431,-16.1809880555678,37.25));
#3526=CARTESIAN_POINT('',(-41.1858491376467,-15.8936731799788,42.75));
#3527=CARTESIAN_POINT('',(-41.1858491376467,-15.8936731799788,37.25));
#3528=CARTESIAN_POINT('',(-39.8272035577285,-15.8170521436286,42.5));
#3529=CARTESIAN_POINT('',(-39.8272035577285,-15.8170521436286,42.5));
#3530=CARTESIAN_POINT('',(-40.9118092966053,-8.66887820019883,42.5));
#3531=CARTESIAN_POINT('',(-43.6476357322016,-21.9325911295306,42.75));
#3532=CARTESIAN_POINT('',(-43.6476357322016,-21.9325911295306,37.25));
#3533=CARTESIAN_POINT('',(-44.7244697095838,-18.4933453557909,42.75));
#3534=CARTESIAN_POINT('',(-44.7244697095838,-18.4933453557909,37.25));
#3535=CARTESIAN_POINT('',(-42.5358876127156,-15.6301144338604,42.75));
#3536=CARTESIAN_POINT('',(-42.5358876127156,-15.6301144338604,37.25));
#3537=CARTESIAN_POINT('',(-38.9345928902141,-15.7667132212391,42.75));
#3538=CARTESIAN_POINT('',(-38.9345928902141,-15.7667132212391,37.25));
#3539=CARTESIAN_POINT('',(-39.1146331369517,-20.5132999432484,42.5));
#3540=CARTESIAN_POINT('',(-43.2212119891438,-21.4872147910297,37.5));
#3541=CARTESIAN_POINT('',(-43.2212119891438,-21.4872147910297,42.5));
#3542=CARTESIAN_POINT('',(-42.9229531784056,-21.4164798326337,37.5));
#3543=CARTESIAN_POINT('',(-42.9229531784056,-21.4164798326337,42.5));
#3544=CARTESIAN_POINT('',(-42.7634241987396,-21.3786459939226,42.5));
#3545=CARTESIAN_POINT('',(2.12050151306432,-2.72962605794415,40.0043509485663));
#3546=CARTESIAN_POINT('',(2.12050151306432,-2.72962605794415,39.2706393616712));
#3547=CARTESIAN_POINT('',(-0.457391428215879,-4.73225417126881,40.0043509485663));
#3548=CARTESIAN_POINT('',(-0.457391428215879,-4.73225417126881,39.2706393616712));
#3549=CARTESIAN_POINT('',(-3.39760290581971,-3.32031001782881,40.0043509485663));
#3550=CARTESIAN_POINT('',(-3.39760290581971,-3.32031001782881,39.2706393616712));
#3551=CARTESIAN_POINT('',(-3.45594504015971,-0.0618786110973852,40.0043509485663));
#3552=CARTESIAN_POINT('',(-3.45594504015971,-0.0618786110973852,39.2706393616712));
#3553=CARTESIAN_POINT('',(-3.51455045466371,3.21125709750569,40.0043509485663));
#3554=CARTESIAN_POINT('',(-3.51455045466371,3.21125709750569,39.2706393616712));
#3555=CARTESIAN_POINT('',(-0.610041778869564,4.72144957324456,40.0043509485663));
#3556=CARTESIAN_POINT('',(-0.610041778869564,4.72144957324456,39.2706393616712));
#3557=CARTESIAN_POINT('',(2.03566098753448,2.79346906676018,40.0043509485663));
#3558=CARTESIAN_POINT('',(2.03566098753448,2.79346906676018,39.2706393616712));
#3559=CARTESIAN_POINT('',(0.,0.,39.2749901596915));
#3560=CARTESIAN_POINT('',(2.03566007652719,-2.79346973063056,39.2749901596915));
#3561=CARTESIAN_POINT('',(-3.45649896327423,0.,39.2749901596915));
#3562=CARTESIAN_POINT('',(0.,0.,39.2749901596915));
#3563=CARTESIAN_POINT('',(2.03566098753447,2.79346906676018,39.2749901596915));
#3564=CARTESIAN_POINT('',(2.03566098753447,2.79346906676018,42.5));
#3565=CARTESIAN_POINT('',(2.03566098753447,2.79346906676018,40.));
#3566=CARTESIAN_POINT('',(0.,0.,40.));
#3567=CARTESIAN_POINT('',(-3.45649896327423,0.,40.));
#3568=CARTESIAN_POINT('',(0.,0.,40.));
#3569=CARTESIAN_POINT('',(2.03566005649929,-2.79346974522531,40.));
#3570=CARTESIAN_POINT('',(2.03566005649929,-2.79346974522531,40.));
#3571=CARTESIAN_POINT('',(2.04840931963735,-2.7841790894864,40.0000000000001));
#3572=CARTESIAN_POINT('',(2.04583652870095,-2.78600783509017,39.9525821495432));
#3573=CARTESIAN_POINT('',(2.05543501562311,-2.77897210700084,39.9003087497054));
#3574=CARTESIAN_POINT('',(2.0576488080428,-2.77730686196849,39.8198939052437));
#3575=CARTESIAN_POINT('',(2.06081086051386,-2.77496975246031,39.729477064269));
#3576=CARTESIAN_POINT('',(2.06138413485488,-2.77454033222904,39.6374685820911));
#3577=CARTESIAN_POINT('',(2.06077100764699,-2.77499930269541,39.5454349733415));
#3578=CARTESIAN_POINT('',(2.05759805645523,-2.77734468446353,39.4550324793687));
#3579=CARTESIAN_POINT('',(2.05531150949523,-2.77906289678999,39.374550011459));
#3580=CARTESIAN_POINT('',(2.04583102489698,-2.78601244941937,39.3222574691506));
#3581=CARTESIAN_POINT('',(2.04819645277276,-2.78433420990248,39.2749901597319));
#3582=CARTESIAN_POINT('',(2.03566007652721,-2.79346973063054,39.2749901596914));
#3583=CARTESIAN_POINT('',(2.90687234790597,3.08019718612728,37.25));
#3584=CARTESIAN_POINT('',(2.90687234790597,3.08019718612728,42.75));
#3585=CARTESIAN_POINT('',(2.68361805271858,2.84363115586371,37.25));
#3586=CARTESIAN_POINT('',(2.68361805271858,2.84363115586371,42.75));
#3587=CARTESIAN_POINT('',(2.5738071938423,2.72727272727272,42.5));
#3588=CARTESIAN_POINT('',(2.69376597522709,2.85438415723933,42.5));
#3589=CARTESIAN_POINT('',(2.89672442539745,3.06944418475166,42.5));
#3590=CARTESIAN_POINT('',(2.69376597522709,2.85438415723933,42.5));
#3591=CARTESIAN_POINT('',(2.89672442539745,3.06944418475166,42.5));
#3592=CARTESIAN_POINT('',(-3.66757130963285,3.01851299297485,42.75));
#3593=CARTESIAN_POINT('',(-3.66757130963285,3.01851299297485,37.25));
#3594=CARTESIAN_POINT('',(-1.69882561032631,5.41058990619152,42.75));
#3595=CARTESIAN_POINT('',(-1.69882561032631,5.41058990619152,37.25));
#3596=CARTESIAN_POINT('',(1.39805962835373,5.49599134486669,42.75));
#3597=CARTESIAN_POINT('',(1.39805962835373,5.49599134486669,37.25));
#3598=CARTESIAN_POINT('',(3.4956435203126,3.21604980976609,42.75));
#3599=CARTESIAN_POINT('',(3.4956435203126,3.21604980976609,37.25));
#3600=CARTESIAN_POINT('',(-4.33680868994202E-16,-2.16840434497101E-15,42.5));
#3601=CARTESIAN_POINT('',(2.83109842196828,3.81410300400091,42.5));
#3602=CARTESIAN_POINT('',(-3.03699560587295,3.65228116249399,42.5));
#3603=CARTESIAN_POINT('',(2.83109842196828,3.81410300400091,42.5));
#3604=CARTESIAN_POINT('',(-3.03699560587295,3.65228116249399,42.5));
#3605=CARTESIAN_POINT('',(-1.92912935253513,4.76575629841086,42.75));
#3606=CARTESIAN_POINT('',(-1.92912935253513,4.76575629841086,37.25));
#3607=CARTESIAN_POINT('',(-6.7290837489973,-1.06631236353689,42.75));
#3608=CARTESIAN_POINT('',(-6.7290837489973,-1.06631236353689,37.25));
#3609=CARTESIAN_POINT('',(-14.1383475856446,0.401814499081116,42.75));
#3610=CARTESIAN_POINT('',(-14.1383475856446,0.401814499081116,37.25));
#3611=CARTESIAN_POINT('',(-16.3517224450139,7.62355658930432,42.75));
#3612=CARTESIAN_POINT('',(-16.3517224450139,7.62355658930432,37.25));
#3613=CARTESIAN_POINT('',(-15.752158583616,6.17175850083072,42.5));
#3614=CARTESIAN_POINT('',(-15.752158583616,6.17175850083072,42.5));
#3615=CARTESIAN_POINT('',(-8.37273074952034,10.0690191108517,42.5));
#3616=CARTESIAN_POINT('',(-16.166816590441,6.88996723641669,42.5));
#3617=CARTESIAN_POINT('',(-16.166816590441,6.88996723641669,37.5));
#3618=CARTESIAN_POINT('',(-16.0185361436764,6.65414006089749,42.5));
#3619=CARTESIAN_POINT('',(-16.0185361436764,6.65414006089749,37.5));
#3620=CARTESIAN_POINT('',(-15.8803751216973,6.41453535990837,42.5));
#3621=CARTESIAN_POINT('',(-15.8803751216973,6.41453535990837,37.5));
#3622=CARTESIAN_POINT('',(-15.7521585836161,6.17175850083072,42.5));
#3623=CARTESIAN_POINT('',(-15.7521585836161,6.17175850083072,37.5));
#3624=CARTESIAN_POINT('',(-25.4789961905769,1.03477201381207,42.5));
#3625=CARTESIAN_POINT('',(-16.0915108893378,-4.84311953946866,42.75));
#3626=CARTESIAN_POINT('',(-16.0915108893378,-4.84311953946866,37.25));
#3627=CARTESIAN_POINT('',(-13.4764792567845,1.83714318355265,42.75));
#3628=CARTESIAN_POINT('',(-13.4764792567845,1.83714318355265,37.25));
#3629=CARTESIAN_POINT('',(-6.3139767213985,2.2406997699595,42.75));
#3630=CARTESIAN_POINT('',(-6.3139767213985,2.2406997699595,37.25));
#3631=CARTESIAN_POINT('',(-2.96510613264646,-4.10353905496144,42.75));
#3632=CARTESIAN_POINT('',(-2.96510613264646,-4.10353905496144,37.25));
#3633=CARTESIAN_POINT('',(-9.35898204279098,-7.47861108086046,42.5));
#3634=CARTESIAN_POINT('',(-3.71078468654919,-2.96522798618793,42.5));
#3635=CARTESIAN_POINT('',(-15.4784174243115,-3.62825123459575,42.5));
#3636=CARTESIAN_POINT('',(-15.4784174243115,-3.62825123459575,42.5));
#3637=CARTESIAN_POINT('',(-3.71078468654919,-2.96522798618793,42.5));
#3638=CARTESIAN_POINT('',(3.4956435203126,-3.21604980976609,42.75));
#3639=CARTESIAN_POINT('',(3.4956435203126,-3.21604980976609,37.25));
#3640=CARTESIAN_POINT('',(1.05558629908689,-5.86823827670715,42.75));
#3641=CARTESIAN_POINT('',(1.05558629908689,-5.86823827670715,37.25));
#3642=CARTESIAN_POINT('',(-2.51833546464014,-5.40448604351668,42.75));
#3643=CARTESIAN_POINT('',(-2.51833546464014,-5.40448604351668,37.25));
#3644=CARTESIAN_POINT('',(-4.20068480589479,-2.21737393362614,42.75));
#3645=CARTESIAN_POINT('',(-4.20068480589479,-2.21737393362614,37.25));
#3646=CARTESIAN_POINT('',(2.83109842196828,-3.81410300400091,42.5));
#3647=CARTESIAN_POINT('',(2.83109842196828,-3.81410300400091,42.5));
#3648=CARTESIAN_POINT('',(1.3010426069826E-15,8.67361737988404E-16,42.5));
#3649=CARTESIAN_POINT('',(2.89672442539745,-3.06944418475166,37.5));
#3650=CARTESIAN_POINT('',(2.89672442539745,-3.06944418475166,42.5));
#3651=CARTESIAN_POINT('',(2.68633674912176,-2.84651195694775,37.5));
#3652=CARTESIAN_POINT('',(2.68633674912176,-2.84651195694775,42.5));
#3653=CARTESIAN_POINT('',(2.7202735820414,-2.88247230358646,37.5));
#3654=CARTESIAN_POINT('',(2.67833764101336,-2.83803589493396,39.1667894208752));
#3655=CARTESIAN_POINT('',(2.68278048871261,-2.8427436513621,40.8344599530772));
#3656=CARTESIAN_POINT('',(2.74580913963017,-2.90953044141207,42.5));
#3657=CARTESIAN_POINT('',(2.74580913963017,-2.90953044141207,42.5));
#3658=CARTESIAN_POINT('',(2.5738071938423,-2.72727272727273,42.5));
#3659=CARTESIAN_POINT('',(2.89672442539745,-3.06944418475166,42.5));
#3660=CARTESIAN_POINT('',(2.89672442539745,-3.06944418475166,37.5));
#3661=CARTESIAN_POINT('',(-57.2186483802796,-27.9092207875455,42.5));
#3662=CARTESIAN_POINT('',(-57.2186483802796,31.0135368289817,42.5));
#3663=CARTESIAN_POINT('',(6.26065599912575,-27.9092207875455,42.5));
#3664=CARTESIAN_POINT('',(6.26065599912575,31.0135368289817,42.5));
#3665=CARTESIAN_POINT('',(-26.4789961905769,-8.95540122170723,42.5));
#3666=CARTESIAN_POINT('',(-25.4789961905769,-8.95540122170723,42.5));
#3667=CARTESIAN_POINT('',(-25.4789961905769,1.03477201381209,42.5));
#3668=CARTESIAN_POINT('',(-25.4789961905769,-8.91510235725414,42.5));
#3669=CARTESIAN_POINT('',(-26.4789961905769,-8.91510235725413,42.5));
#3670=CARTESIAN_POINT('',(-16.3621522207698,-3.07413976793659,42.5));
#3671=CARTESIAN_POINT('',(-16.8621522207698,-3.94016517172103,42.5));
#3672=CARTESIAN_POINT('',(-16.8618726191105,-3.94032659981429,42.5));
#3673=CARTESIAN_POINT('',(-16.8248134902399,-3.96172269784371,42.5));
#3674=CARTESIAN_POINT('',(-16.3248134902398,-3.09569729405927,42.5));
#3675=CARTESIAN_POINT('',(2.53308806176109,-3.41261847726397,42.5));
#3676=CARTESIAN_POINT('',(3.03308806176109,-3.41261847726397,42.5));
#3677=CARTESIAN_POINT('',(2.53308806176109,-3.41261847726397,42.5));
#3678=CARTESIAN_POINT('',(2.74580913963017,-2.90953044141207,42.5));
#3679=CARTESIAN_POINT('',(2.57940047766921,-2.73319951560144,42.5));
#3680=CARTESIAN_POINT('',(2.28179397908205,-2.70556470346647,42.5));
#3681=CARTESIAN_POINT('',(2.08617704160001,-2.84881421351947,42.5));
#3682=CARTESIAN_POINT('',(2.08617721258571,-2.84881444701207,42.5));
#3683=CARTESIAN_POINT('',(0.,0.,42.5));
#3684=CARTESIAN_POINT('',(-3.53098840493942,0.,42.5));
#3685=CARTESIAN_POINT('',(0.,0.,42.5));
#3686=CARTESIAN_POINT('',(2.27474066458276,2.70063585562922,42.5));
#3687=CARTESIAN_POINT('',(2.33012961159073,3.19755844975163,42.5));
#3688=CARTESIAN_POINT('',(2.53308806176109,3.41261847726397,42.5));
#3689=CARTESIAN_POINT('',(3.03308806176109,3.41261847726397,42.5));
#3690=CARTESIAN_POINT('',(2.53308806176109,3.41261847726397,42.5));
#3691=CARTESIAN_POINT('',(2.12166277262794,-2.77668448056425,37.4999999999986));
#3692=CARTESIAN_POINT('',(-0.585898084768591,-4.84552993850965,37.4999999999986));
#3693=CARTESIAN_POINT('',(-3.60793128004613,-3.27937106373645,37.4999999999986));
#3694=CARTESIAN_POINT('',(-3.4924700573784,0.118669809458811,37.4999999999986));
#3695=CARTESIAN_POINT('',(-3.37879137808826,3.46425016720726,37.4999999999986));
#3696=CARTESIAN_POINT('',(-0.315587313131048,4.84755282738845,37.4999999999986));
#3697=CARTESIAN_POINT('',(2.25898983962327,2.6661572590229,37.4999999999986));
#3698=CARTESIAN_POINT('',(2.10875166970372,-2.75978732820848,38.0894612733857));
#3699=CARTESIAN_POINT('',(-0.582332678157726,-4.81604309613035,38.0894612733857));
#3700=CARTESIAN_POINT('',(-3.58597568337865,-3.25941487754283,38.0894612733857));
#3701=CARTESIAN_POINT('',(-3.47121708496812,0.117947659763917,38.0894612733857));
#3702=CARTESIAN_POINT('',(-3.35823018249922,3.4431689232692,38.0894612733857));
#3703=CARTESIAN_POINT('',(-0.313666847572627,4.81805367498191,38.0894612733857));
#3704=CARTESIAN_POINT('',(2.2452430506894,2.64993270570203,38.0894612733857));
#3705=CARTESIAN_POINT('',(2.10089261668219,-2.7495019469319,38.6815724127884));
#3706=CARTESIAN_POINT('',(-0.580162397294616,-4.79809430747484,38.6815724127884));
#3707=CARTESIAN_POINT('',(-3.57261120171186,-3.24726744704649,38.6815724127884));
#3708=CARTESIAN_POINT('',(-3.45828029420611,0.117508083627396,38.6815724127884));
#3709=CARTESIAN_POINT('',(-3.3457144797534,3.43033666448841,38.6815724127884));
#3710=CARTESIAN_POINT('',(-0.312497850567629,4.80009739315117,38.6815724127884));
#3711=CARTESIAN_POINT('',(2.23687531140787,2.64005673882703,38.6815724127884));
#3712=CARTESIAN_POINT('',(2.09859933861944,-2.74650066431121,39.2749901596915));
#3713=CARTESIAN_POINT('',(-0.579529107573863,-4.79285683634901,39.2749901596915));
#3714=CARTESIAN_POINT('',(-3.56871143509334,-3.24372281694923,39.2749901596915));
#3715=CARTESIAN_POINT('',(-3.45450532814141,0.117379814953291,39.2749901596915));
#3716=CARTESIAN_POINT('',(-3.34206238751426,3.42659220094084,39.2749901596915));
#3717=CARTESIAN_POINT('',(-0.312156736290929,4.79485773551071,39.2749901596915));
#3718=CARTESIAN_POINT('',(2.23443359828077,2.63717492366166,39.2749901596915));
#3719=CARTESIAN_POINT('',(2.2004592219167,2.71466551126342,37.5));
#3720=CARTESIAN_POINT('',(2.18775244965339,2.71807763842361,37.6483186557452));
#3721=CARTESIAN_POINT('',(2.16259920296765,2.72590371858295,37.9449611171637));
#3722=CARTESIAN_POINT('',(2.13172328648964,2.73826764393689,38.3156614023412));
#3723=CARTESIAN_POINT('',(2.10719245110927,2.7498447226904,38.6123325678237));
#3724=CARTESIAN_POINT('',(2.09156529704021,2.7580572556606,38.797342968132));
#3725=CARTESIAN_POINT('',(2.07902580405984,2.7651078300607,38.946061542053));
#3726=CARTESIAN_POINT('',(2.06814733222834,2.77171475019172,39.0553544709742));
#3727=CARTESIAN_POINT('',(2.06150683778698,2.77559902607964,39.1532111378345));
#3728=CARTESIAN_POINT('',(2.04728652884224,2.78542035573258,39.215780804567));
#3729=CARTESIAN_POINT('',(2.05141905766785,2.78198582214479,39.2749901603316));
#3730=CARTESIAN_POINT('',(2.03566098749493,2.7934690667878,39.2749901599955));
#3731=CARTESIAN_POINT('',(2.03566007652719,-2.79346973063056,39.2749901596915));
#3732=CARTESIAN_POINT('',(2.0382144831609,-2.7962693602955,38.6831683603655));
#3733=CARTESIAN_POINT('',(2.04695019540743,-2.80584448224758,38.0914437496525));
#3734=CARTESIAN_POINT('',(2.06142348130641,-2.82169503243704,37.5));
#3735=CARTESIAN_POINT('',(2.10198290526977,-2.74391197909987,39.9999999995114));
#3736=CARTESIAN_POINT('',(-0.575449908037431,-4.79496829812447,39.9999999995114));
#3737=CARTESIAN_POINT('',(-3.56883727964249,-3.24742644075031,39.9999999995114));
#3738=CARTESIAN_POINT('',(-3.45450532813826,0.117379814953184,39.9999999995114));
#3739=CARTESIAN_POINT('',(-3.34017337663404,3.4821860706566,39.9999999995114));
#3740=CARTESIAN_POINT('',(-0.24864427011914,4.82296999820811,39.9999999995114));
#3741=CARTESIAN_POINT('',(2.28338921145486,2.5949024629272,39.9999999995114));
#3742=CARTESIAN_POINT('',(2.10524278310151,-2.74816739802382,40.8330733427411));
#3743=CARTESIAN_POINT('',(-0.576342349357379,-4.80240461495643,40.8330733427411));
#3744=CARTESIAN_POINT('',(-3.57437204089284,-3.25246273930339,40.8330733427411));
#3745=CARTESIAN_POINT('',(-3.45986277672197,0.117561854424438,40.8330733427411));
#3746=CARTESIAN_POINT('',(-3.34535351255111,3.48758644815218,40.8330733427411));
#3747=CARTESIAN_POINT('',(-0.249029882172462,4.83044974171168,40.8330733427411));
#3748=CARTESIAN_POINT('',(2.28693042477919,2.59892678919227,40.8330733427411));
#3749=CARTESIAN_POINT('',(2.11986987686533,-2.76726149136651,41.6676402393426));
#3750=CARTESIAN_POINT('',(-0.580346739564428,-4.83577141861377,41.6676402393426));
#3751=CARTESIAN_POINT('',(-3.59920655186164,-3.27506064479581,41.6676402393426));
#3752=CARTESIAN_POINT('',(-3.48390168456258,0.118378666756734,41.6676402393426));
#3753=CARTESIAN_POINT('',(-3.36859681726351,3.5118179783092,41.6676402393426));
#3754=CARTESIAN_POINT('',(-0.250760126050161,4.8640114011367,41.6676402393426));
#3755=CARTESIAN_POINT('',(2.30281987279112,2.61698396821978,41.6676402393426));
#3756=CARTESIAN_POINT('',(2.14728178563225,-2.80304478182381,42.5000000000029));
#3757=CARTESIAN_POINT('',(-0.587851168044558,-4.89830248544543,42.5000000000029));
#3758=CARTESIAN_POINT('',(-3.64574767342275,-3.31741025529832,42.5000000000029));
#3759=CARTESIAN_POINT('',(-3.5289518058801,0.119909414114625,42.5000000000029));
#3760=CARTESIAN_POINT('',(-3.41215593833744,3.55722908352749,42.5000000000029));
#3761=CARTESIAN_POINT('',(-0.254002690026697,4.92690763746908,42.5000000000029));
#3762=CARTESIAN_POINT('',(2.33259749685592,2.65082402914248,42.5000000000029));
#3763=CARTESIAN_POINT('',(2.27474066458277,2.70063585562922,42.5));
#3764=CARTESIAN_POINT('',(2.25452078869939,2.70288964253096,42.2912955733144));
#3765=CARTESIAN_POINT('',(2.21497492382279,2.70979461889255,41.8738166829036));
#3766=CARTESIAN_POINT('',(2.16794518177906,2.72388397056636,41.3518415939272));
#3767=CARTESIAN_POINT('',(2.13156453975095,2.73836761958532,40.9343153193932));
#3768=CARTESIAN_POINT('',(2.10926414255421,2.74877902250891,40.6732271829138));
#3769=CARTESIAN_POINT('',(2.09119277596794,2.75826599638387,40.4647604790259));
#3770=CARTESIAN_POINT('',(2.07771184025669,2.76581074607942,40.3075109151542));
#3771=CARTESIAN_POINT('',(2.06456173376302,2.77391937176954,40.1796332653206));
#3772=CARTESIAN_POINT('',(2.05621443395852,2.77914015048592,40.0843574423514));
#3773=CARTESIAN_POINT('',(2.04609156539888,2.78615028168519,40.0395747167782));
#3774=CARTESIAN_POINT('',(2.04642599718449,2.7856243727073,40.0000000000021));
#3775=CARTESIAN_POINT('',(2.03566098753542,2.79346906675947,39.9999999999964));
#3776=CARTESIAN_POINT('',(2.08617721258571,-2.84881444701207,42.5));
#3777=CARTESIAN_POINT('',(2.05559323737567,-2.81532492101016,41.6674008301797));
#3778=CARTESIAN_POINT('',(2.03929813655046,-2.79745733447797,40.8338107845383));
#3779=CARTESIAN_POINT('',(2.0356600564993,-2.7934697452253,40.));
#3780=CARTESIAN_POINT('',(2.75162942555505,2.92860137728831,42.75));
#3781=CARTESIAN_POINT('',(2.75162942555505,2.92860137728831,37.25));
#3782=CARTESIAN_POINT('',(2.56082090100102,2.62957314625601,42.75));
#3783=CARTESIAN_POINT('',(2.56082090100102,2.62957314625601,37.25));
#3784=CARTESIAN_POINT('',(2.20761146154783,2.59687960135853,42.75));
#3785=CARTESIAN_POINT('',(2.20761146154783,2.59687960135853,37.25));
#3786=CARTESIAN_POINT('',(1.96515803664558,2.85580451856422,42.75));
#3787=CARTESIAN_POINT('',(1.96515803664558,2.85580451856422,37.25));
#3788=CARTESIAN_POINT('',(2.75058914077188,3.86283318229829,42.75));
#3789=CARTESIAN_POINT('',(2.75058914077188,3.86283318229829,37.25));
#3790=CARTESIAN_POINT('',(3.13249340086265,3.67833323656189,42.75));
#3791=CARTESIAN_POINT('',(3.13249340086265,3.67833323656189,37.25));
#3792=CARTESIAN_POINT('',(3.16972772252271,3.25583507189994,42.75));
#3793=CARTESIAN_POINT('',(3.16972772252271,3.25583507189994,37.25));
#3794=CARTESIAN_POINT('',(2.82597897559945,3.00738408510194,42.75));
#3795=CARTESIAN_POINT('',(2.82597897559945,3.00738408510194,37.25));
#3796=CARTESIAN_POINT('',(2.06262117507232,-2.82300667647403,37.4515815305513));
#3797=CARTESIAN_POINT('',(2.15215258612206,-2.75756732695031,37.452096320817));
#3798=CARTESIAN_POINT('',(2.27945154410183,-2.71680580723931,37.4542408018494));
#3799=CARTESIAN_POINT('',(2.53166874491392,-2.74104779507819,37.4613265527477));
#3800=CARTESIAN_POINT('',(2.64769299448981,-2.80556403422096,37.466027887247));
#3801=CARTESIAN_POINT('',(2.72375546298918,-2.88616179476949,37.4701447938537));
#3802=CARTESIAN_POINT('',(2.02008141046,-2.77642036873784,39.1530817746793));
#3803=CARTESIAN_POINT('',(2.10965405275109,-2.71125512069257,39.1532224019889));
#3804=CARTESIAN_POINT('',(2.23684739799396,-2.67082649931278,39.1537779589149));
#3805=CARTESIAN_POINT('',(2.48877401215976,-2.69543400673453,39.1555943516985));
#3806=CARTESIAN_POINT('',(2.60466962522959,-2.75997535846749,39.1567949966301));
#3807=CARTESIAN_POINT('',(2.68072079710867,-2.840561148822,39.1578479162012));
#3808=CARTESIAN_POINT('',(2.02447830308677,-2.78125702595512,40.8566015503353));
#3809=CARTESIAN_POINT('',(2.11404836094889,-2.71606089512768,40.8562984198819));
#3810=CARTESIAN_POINT('',(2.24126123672281,-2.67560078713698,40.8550851950272));
#3811=CARTESIAN_POINT('',(2.49324478621145,-2.70019016465503,40.8511076940558));
#3812=CARTESIAN_POINT('',(2.60917072620935,-2.76474484157485,40.8484755926294));
#3813=CARTESIAN_POINT('',(2.68523685460765,-2.84534648024919,40.8461669741052));
#3814=CARTESIAN_POINT('',(2.08831511576904,-2.85115540446585,42.5575771268213));
#3815=CARTESIAN_POINT('',(2.1778195904607,-2.78554583437934,42.5568123947135));
#3816=CARTESIAN_POINT('',(2.30517349193084,-2.74457091067537,42.5536002239257));
#3817=CARTESIAN_POINT('',(2.55753664765425,-2.76855660106476,42.5429697955405));
#3818=CARTESIAN_POINT('',(2.67361882826607,-2.83303571879739,42.5359126967074));
#3819=CARTESIAN_POINT('',(2.74967071016012,-2.91362226150488,42.529734356575));
#3820=CARTESIAN_POINT('',(2.82597897559945,-3.00738408510194,42.75));
#3821=CARTESIAN_POINT('',(2.82597897559945,-3.00738408510194,37.25));
#3822=CARTESIAN_POINT('',(3.16972772252271,-3.25583507189994,42.75));
#3823=CARTESIAN_POINT('',(3.16972772252271,-3.25583507189994,37.25));
#3824=CARTESIAN_POINT('',(3.13249340086265,-3.67833323656189,42.75));
#3825=CARTESIAN_POINT('',(3.13249340086265,-3.67833323656189,37.25));
#3826=CARTESIAN_POINT('',(2.75058914077188,-3.86283318229829,42.75));
#3827=CARTESIAN_POINT('',(2.75058914077188,-3.86283318229829,37.25));
#3828=CARTESIAN_POINT('',(-25.4789961905769,-8.95741616492989,37.25));
#3829=CARTESIAN_POINT('',(-25.4789961905769,-8.95741616492989,42.75));
#3830=CARTESIAN_POINT('',(-25.4789961905769,-8.91308741403149,37.25));
#3831=CARTESIAN_POINT('',(-25.4789961905769,-8.91308741403149,42.75));
#3832=CARTESIAN_POINT('',(-25.4789961905769,-8.95540122170723,142.00140855053));
#3833=CARTESIAN_POINT('',(-25.4789961905769,-8.91510235725414,142.00140855053));
#3834=CARTESIAN_POINT('',(-16.8640191572963,-3.93908729541489,37.2499999999999));
#3835=CARTESIAN_POINT('',(-16.8640191572963,-3.93908729541489,42.7499999999999));
#3836=CARTESIAN_POINT('',(-16.8229465537134,-3.96280057414985,37.2499999999999));
#3837=CARTESIAN_POINT('',(-16.8229465537134,-3.96280057414985,42.7499999999999));
#3838=CARTESIAN_POINT('',(-16.8621522207698,-3.94016517172103,142.00140855053));
#3839=CARTESIAN_POINT('',(-16.8248134902399,-3.96172269784371,142.00140855053));
#3840=CARTESIAN_POINT('',(-25.4967089398482,-8.76801990712151,42.75));
#3841=CARTESIAN_POINT('',(-25.4967089398482,-8.76801990712151,37.25));
#3842=CARTESIAN_POINT('',(-25.3538445873927,-9.51694106989007,42.75));
#3843=CARTESIAN_POINT('',(-25.3538445873927,-9.51694106989007,37.25));
#3844=CARTESIAN_POINT('',(-25.8850939625284,-10.0638114683056,42.75));
#3845=CARTESIAN_POINT('',(-25.8850939625284,-10.0638114683056,37.25));
#3846=CARTESIAN_POINT('',(-26.6378398346324,-9.94270497270951,42.75));
#3847=CARTESIAN_POINT('',(-26.6378398346324,-9.94270497270951,37.25));
#3848=CARTESIAN_POINT('',(-26.5672095194654,-7.91900075169051,42.75));
#3849=CARTESIAN_POINT('',(-26.5672095194654,-7.91900075169051,37.25));
#3850=CARTESIAN_POINT('',(-25.8464943965352,-7.85517525455366,42.75));
#3851=CARTESIAN_POINT('',(-25.8464943965352,-7.85517525455366,37.25));
#3852=CARTESIAN_POINT('',(-25.3611318597369,-8.3917637285053,42.75));
#3853=CARTESIAN_POINT('',(-25.3611318597369,-8.3917637285053,37.25));
#3854=CARTESIAN_POINT('',(-25.4967089398482,-9.10248367183986,42.75));
#3855=CARTESIAN_POINT('',(-25.4967089398482,-9.10248367183986,37.25));
#3856=CARTESIAN_POINT('',(-16.6910188675084,-4.01851613817408,42.75));
#3857=CARTESIAN_POINT('',(-16.6910188675084,-4.01851613817408,37.25));
#3858=CARTESIAN_POINT('',(-17.374308933468,-3.78056936205407,42.75));
#3859=CARTESIAN_POINT('',(-17.374308933468,-3.78056936205407,37.25));
#3860=CARTESIAN_POINT('',(-17.5963269148889,-3.0919388381657,42.75));
#3861=CARTESIAN_POINT('',(-17.5963269148889,-3.0919388381657,37.25));
#3862=CARTESIAN_POINT('',(-17.1806948514942,-2.49969398138499,42.75));
#3863=CARTESIAN_POINT('',(-17.1806948514942,-2.49969398138499,37.25));
#3864=CARTESIAN_POINT('',(-15.3936187681459,-3.46021943267973,42.75));
#3865=CARTESIAN_POINT('',(-15.3936187681459,-3.46021943267973,37.25));
#3866=CARTESIAN_POINT('',(-15.6697064775548,-4.16550284512067,42.75));
#3867=CARTESIAN_POINT('',(-15.6697064775548,-4.16550284512067,37.25));
#3868=CARTESIAN_POINT('',(-16.4048888600018,-4.34759068021819,42.75));
#3869=CARTESIAN_POINT('',(-16.4048888600018,-4.34759068021819,37.25));
#3870=CARTESIAN_POINT('',(-16.97823409423,-3.85269234971103,42.75));
#3871=CARTESIAN_POINT('',(-16.97823409423,-3.85269234971103,37.25));
#3872=MECHANICAL_DESIGN_GEOMETRIC_PRESENTATION_REPRESENTATION('',(#1705),
#3873);
#3873=(
GEOMETRIC_REPRESENTATION_CONTEXT(3)
GLOBAL_UNCERTAINTY_ASSIGNED_CONTEXT((#3874))
GLOBAL_UNIT_ASSIGNED_CONTEXT((#3877,#3876,#3875))
REPRESENTATION_CONTEXT('Spiral Dart Holder','TOP_LEVEL_ASSEMBLY_PART')
);
#3874=UNCERTAINTY_MEASURE_WITH_UNIT(LENGTH_MEASURE(1.E-5),#3877,
'DISTANCE_ACCURACY_VALUE','Maximum Tolerance applied to model');
#3875=(
NAMED_UNIT(*)
SI_UNIT($,.STERADIAN.)
SOLID_ANGLE_UNIT()
);
#3876=(
NAMED_UNIT(*)
PLANE_ANGLE_UNIT()
SI_UNIT($,.RADIAN.)
);
#3877=(
LENGTH_UNIT()
NAMED_UNIT(*)
SI_UNIT(.MILLI.,.METRE.)
);
#3878=PRODUCT_DEFINITION_SHAPE('','',#3879);
#3879=PRODUCT_DEFINITION('','',#3881,#3880);
#3880=PRODUCT_DEFINITION_CONTEXT('',#3887,'design');
#3881=PRODUCT_DEFINITION_FORMATION_WITH_SPECIFIED_SOURCE('','',#3883,
 .NOT_KNOWN.);
#3882=PRODUCT_RELATED_PRODUCT_CATEGORY('','',(#3883));
#3883=PRODUCT('Spiral Dart Holder','Spiral Dart Holder',
'Spiral Dart Holder',(#3885));
#3884=PRODUCT_CATEGORY('','');
#3885=PRODUCT_CONTEXT('',#3887,'mechanical');
#3886=APPLICATION_PROTOCOL_DEFINITION('international standard',
'ap242_managed_model_based_3d_engineering',2020,#3887);
#3887=APPLICATION_CONTEXT('managed model based 3d engineering');
ENDSEC;
END-ISO-10303-21;
