ISO-10303-21;
HEADER;
/* Generated by software containing ST-Developer
 * from STEP Tools, Inc. (www.steptools.com) 
 */
/* OPTION: using custom renumber hook */

FILE_DESCRIPTION(
/* description */ ('STEP AP242 Edition 2',
'CAx-IF Rec.Pracs.---Representation and Presentation of Product Manufa
cturing Information (PMI)---4.0---2014-10-13',
'CAx-IF Rec.Pracs.---3D Tessellated Geometry---0.4---2014-09-14','2;1',
'CAx-IF Rec.Pracs.---User Defined Attributes---1.5---2016-08-15'),
/* implementation_level */ '2;1');

FILE_NAME(
/* name */ '6997d96e8837cd6b8597a635',
/* time_stamp */ '2026-02-20T03:47:59Z',
/* author */ (''),
/* organization */ (''),
/* preprocessor_version */ 'ST-DEVELOPER v20',
/* originating_system */ 'ONSHAPE BY PTC INC, 1.210',
/* authorisation */ '  ');

FILE_SCHEMA (('AP242_MANAGED_MODEL_BASED_3D_ENGINEERING_MIM_LF { 1 0 10303 442 3 1 4 }'));
ENDSEC;

DATA;
#10=SHAPE_REPRESENTATION_RELATIONSHIP('','',#637,#11);
#11=ADVANCED_BREP_SHAPE_REPRESENTATION('',(#635),#1437);
#12=B_SPLINE_SURFACE_WITH_KNOTS('',1,1,((#1393,#1394),(#1395,#1396)),
 .PLANE_SURF.,.F.,.F.,.F.,(2,2),(2,2),(0.0427315991146132,0.954561694782074),
(0.0438788464161791,0.958058159099911),.PIECEWISE_BEZIER_KNOTS.);
#13=B_SPLINE_SURFACE_WITH_KNOTS('',1,1,((#1414,#1415),(#1416,#1417)),
 .PLANE_SURF.,.F.,.F.,.F.,(2,2),(2,2),(0.0419418409000892,0.956121153583821),
(0.0427315991146132,0.954561694782074),.PIECEWISE_BEZIER_KNOTS.);
#14=LINE('',#908,#32);
#15=LINE('',#1136,#33);
#16=LINE('',#1137,#34);
#17=LINE('',#1152,#35);
#18=LINE('',#1153,#36);
#19=LINE('',#1176,#37);
#20=LINE('',#1177,#38);
#21=LINE('',#1192,#39);
#22=LINE('',#1207,#40);
#23=LINE('',#1209,#41);
#24=LINE('',#1234,#42);
#25=LINE('',#1236,#43);
#26=LINE('',#1261,#44);
#27=LINE('',#1263,#45);
#28=LINE('',#1288,#46);
#29=LINE('',#1290,#47);
#30=LINE('',#1315,#48);
#31=LINE('',#1317,#49);
#32=VECTOR('',#703,1000.);
#33=VECTOR('',#734,1000.);
#34=VECTOR('',#735,1000.);
#35=VECTOR('',#736,1000.);
#36=VECTOR('',#737,1000.);
#37=VECTOR('',#738,1000.);
#38=VECTOR('',#739,1000.);
#39=VECTOR('',#740,1000.);
#40=VECTOR('',#741,1000.);
#41=VECTOR('',#742,1000.);
#42=VECTOR('',#743,1000.);
#43=VECTOR('',#744,1000.);
#44=VECTOR('',#745,1000.);
#45=VECTOR('',#746,1000.);
#46=VECTOR('',#747,1000.);
#47=VECTOR('',#748,1000.);
#48=VECTOR('',#749,1000.);
#49=VECTOR('',#750,1000.);
#50=B_SPLINE_CURVE_WITH_KNOTS('',3,(#823,#824,#825,#826,#827,#828),
 .UNSPECIFIED.,.F.,.F.,(4,1,1,4),(0.00184999095127484,0.00231190352109286,
0.00277381609091087,0.0036976412305469),.UNSPECIFIED.);
#51=B_SPLINE_CURVE_WITH_KNOTS('',3,(#832,#833,#834,#835,#836,#837,#838,
#839,#840),.UNSPECIFIED.,.F.,.F.,(4,1,1,1,1,1,4),(1.93947980722443E-18,
0.000924410307636734,0.0013866154614551,0.00184882061527347,0.00231102576909183,
0.0027732309229102,0.00369764123054693),.UNSPECIFIED.);
#52=B_SPLINE_CURVE_WITH_KNOTS('',3,(#844,#845,#846,#847,#848,#849,#850,
#851,#852),.UNSPECIFIED.,.F.,.F.,(4,1,1,1,1,1,4),(0.00201590668916676,0.00294656347545668,
0.00341189186860164,0.00387722026174659,0.00434254865489155,0.00480787704803651,
0.00573853383432642),.UNSPECIFIED.);
#53=B_SPLINE_CURVE_WITH_KNOTS('',3,(#856,#857,#858,#859,#860,#861,#862,
#863,#864),.UNSPECIFIED.,.F.,.F.,(4,1,1,1,1,1,4),(0.00201590668916685,0.00294656347545682,
0.0034118918686018,0.00387722026174679,0.00434254865489178,0.00480787704803676,
0.00573853383432673),.UNSPECIFIED.);
#54=B_SPLINE_CURVE_WITH_KNOTS('',3,(#868,#869,#870,#871,#872,#873,#874,
#875,#876),.UNSPECIFIED.,.F.,.F.,(4,1,1,1,1,1,4),(8.67361737988404E-19,
0.000924410307636803,0.0013866154614552,0.00184882061527361,0.00231102576909201,
0.00277323092291041,0.00369764123054721),.UNSPECIFIED.);
#55=B_SPLINE_CURVE_WITH_KNOTS('',3,(#933,#934,#935,#936,#937),
 .UNSPECIFIED.,.F.,.F.,(4,1,4),(0.,0.00168251675762315,0.00336503351524629),
 .UNSPECIFIED.);
#56=B_SPLINE_CURVE_WITH_KNOTS('',3,(#941,#942,#943,#944,#945),
 .UNSPECIFIED.,.F.,.F.,(4,1,4),(0.,0.00168251675762235,0.00336503351524471),
 .UNSPECIFIED.);
#57=B_SPLINE_CURVE_WITH_KNOTS('',3,(#947,#948,#949,#950,#951),
 .UNSPECIFIED.,.F.,.F.,(4,1,4),(0.00132581706452903,0.00300353739879724,
0.00468125773306545),.UNSPECIFIED.);
#58=B_SPLINE_CURVE_WITH_KNOTS('',3,(#955,#956,#957,#958,#959),
 .UNSPECIFIED.,.F.,.F.,(4,1,4),(0.,0.00168251675762235,0.00336503351524471),
 .UNSPECIFIED.);
#59=B_SPLINE_CURVE_WITH_KNOTS('',3,(#961,#962,#963,#964,#965),
 .UNSPECIFIED.,.F.,.F.,(4,1,4),(0.00132581706453917,0.00300353739879392,
0.00468125773304867),.UNSPECIFIED.);
#60=B_SPLINE_CURVE_WITH_KNOTS('',3,(#969,#970,#971,#972,#973),
 .UNSPECIFIED.,.F.,.F.,(4,1,4),(0.,0.00168251675762235,0.00336503351524471),
 .UNSPECIFIED.);
#61=B_SPLINE_CURVE_WITH_KNOTS('',3,(#975,#976,#977,#978,#979),
 .UNSPECIFIED.,.F.,.F.,(4,1,4),(0.0013258170645397,0.00300353739879455,
0.00468125773304939),.UNSPECIFIED.);
#62=B_SPLINE_CURVE_WITH_KNOTS('',3,(#983,#984,#985,#986,#987),
 .UNSPECIFIED.,.F.,.F.,(4,1,4),(0.,0.00168251675762802,0.00336503351525604),
 .UNSPECIFIED.);
#63=B_SPLINE_CURVE_WITH_KNOTS('',3,(#989,#990,#991,#992,#993),
 .UNSPECIFIED.,.F.,.F.,(4,1,4),(0.,0.00168251675762344,0.00336503351524687),
 .UNSPECIFIED.);
#64=B_SPLINE_CURVE_WITH_KNOTS('',3,(#1061,#1062,#1063,#1064,#1065),
 .UNSPECIFIED.,.F.,.F.,(4,1,4),(0.,0.00168251675762925,0.00336503351525849),
 .UNSPECIFIED.);
#65=B_SPLINE_CURVE_WITH_KNOTS('',3,(#1067,#1068,#1069,#1070,#1071),
 .UNSPECIFIED.,.F.,.F.,(4,1,4),(0.,0.00168251675762337,0.00336503351524674),
 .UNSPECIFIED.);
#66=B_SPLINE_CURVE_WITH_KNOTS('',3,(#1075,#1076,#1077,#1078,#1079),
 .UNSPECIFIED.,.F.,.F.,(4,1,4),(0.,0.00168251675762236,0.00336503351524471),
 .UNSPECIFIED.);
#67=B_SPLINE_CURVE_WITH_KNOTS('',3,(#1081,#1082,#1083,#1084,#1085),
 .UNSPECIFIED.,.F.,.F.,(4,1,4),(0.00132581706453937,0.00300353739879418,
0.00468125773304899),.UNSPECIFIED.);
#68=B_SPLINE_CURVE_WITH_KNOTS('',3,(#1089,#1090,#1091,#1092,#1093),
 .UNSPECIFIED.,.F.,.F.,(4,1,4),(0.,0.00168251675762235,0.00336503351524471),
 .UNSPECIFIED.);
#69=B_SPLINE_CURVE_WITH_KNOTS('',3,(#1095,#1096,#1097,#1098,#1099),
 .UNSPECIFIED.,.F.,.F.,(4,1,4),(0.00132581706453949,0.00300353739879429,
0.00468125773304908),.UNSPECIFIED.);
#70=B_SPLINE_CURVE_WITH_KNOTS('',3,(#1103,#1104,#1105,#1106,#1107),
 .UNSPECIFIED.,.F.,.F.,(4,1,4),(0.,0.0016825167576286,0.00336503351525721),
 .UNSPECIFIED.);
#71=B_SPLINE_CURVE_WITH_KNOTS('',3,(#1109,#1110,#1111,#1112,#1113),
 .UNSPECIFIED.,.F.,.F.,(4,1,4),(0.,0.00168251675762339,0.00336503351524678),
 .UNSPECIFIED.);
#72=B_SPLINE_CURVE_WITH_KNOTS('',3,(#1117,#1118,#1119,#1120,#1121),
 .UNSPECIFIED.,.F.,.F.,(4,1,4),(0.,0.00168251675762235,0.00336503351524471),
 .UNSPECIFIED.);
#73=B_SPLINE_CURVE_WITH_KNOTS('',3,(#1211,#1212,#1213,#1214,#1215,#1216,
#1217,#1218,#1219),.UNSPECIFIED.,.F.,.F.,(4,1,1,1,1,1,4),(0.,0.000924410307636744,
0.00138661546145512,0.00184882061527349,0.00231102576909186,0.00277323092291023,
0.00369764123054698),.UNSPECIFIED.);
#74=B_SPLINE_CURVE_WITH_KNOTS('',3,(#1238,#1239,#1240,#1241,#1242,#1243,
#1244,#1245,#1246),.UNSPECIFIED.,.F.,.F.,(4,1,1,1,1,1,4),(0.0100160526167702,
0.0109467511194949,0.0114121003708573,0.0118774496222196,0.012342798873582,
0.0128081481249443,0.013738846627669),.UNSPECIFIED.);
#75=B_SPLINE_CURVE_WITH_KNOTS('',3,(#1265,#1266,#1267,#1268,#1269,#1270,
#1271,#1272,#1273),.UNSPECIFIED.,.F.,.F.,(4,1,1,1,1,1,4),(0.0020159066891668,
0.00294656347545675,0.00341189186860172,0.00387722026174669,0.00434254865489167,
0.00480787704803664,0.00573853383432658),.UNSPECIFIED.);
#76=B_SPLINE_CURVE_WITH_KNOTS('',3,(#1292,#1293,#1294,#1295,#1296,#1297,
#1298,#1299,#1300),.UNSPECIFIED.,.F.,.F.,(4,1,1,1,1,1,4),(0.0100160526167726,
0.0109467511194962,0.011412100370858,0.0118774496222197,0.0123427988735815,
0.0128081481249433,0.0137388466276669),.UNSPECIFIED.);
#77=B_SPLINE_CURVE_WITH_KNOTS('',3,(#1318,#1319,#1320,#1321,#1322,#1323),
 .UNSPECIFIED.,.F.,.F.,(4,1,1,4),(3.70537096895902E-18,0.000924995475637423,
0.00138749321345613,0.00184999095127484),.UNSPECIFIED.);
#78=(
BOUNDED_CURVE()
B_SPLINE_CURVE(1,(#779,#780),.UNSPECIFIED.,.F.,.F.)
B_SPLINE_CURVE_WITH_KNOTS((2,2),(0.,1.),.PIECEWISE_BEZIER_KNOTS.)
CURVE()
GEOMETRIC_REPRESENTATION_ITEM()
RATIONAL_B_SPLINE_CURVE((1.,1.))
REPRESENTATION_ITEM('')
);
#79=(
BOUNDED_CURVE()
B_SPLINE_CURVE(1,(#784,#785),.UNSPECIFIED.,.F.,.F.)
B_SPLINE_CURVE_WITH_KNOTS((2,2),(0.,1.),.PIECEWISE_BEZIER_KNOTS.)
CURVE()
GEOMETRIC_REPRESENTATION_ITEM()
RATIONAL_B_SPLINE_CURVE((1.,1.))
REPRESENTATION_ITEM('')
);
#80=(
BOUNDED_CURVE()
B_SPLINE_CURVE(1,(#797,#798),.UNSPECIFIED.,.F.,.F.)
B_SPLINE_CURVE_WITH_KNOTS((2,2),(0.,1.),.PIECEWISE_BEZIER_KNOTS.)
CURVE()
GEOMETRIC_REPRESENTATION_ITEM()
RATIONAL_B_SPLINE_CURVE((1.,1.))
REPRESENTATION_ITEM('')
);
#81=(
BOUNDED_CURVE()
B_SPLINE_CURVE(1,(#802,#803),.UNSPECIFIED.,.F.,.F.)
B_SPLINE_CURVE_WITH_KNOTS((2,2),(0.,1.),.PIECEWISE_BEZIER_KNOTS.)
CURVE()
GEOMETRIC_REPRESENTATION_ITEM()
RATIONAL_B_SPLINE_CURVE((1.,1.))
REPRESENTATION_ITEM('')
);
#82=(
BOUNDED_CURVE()
B_SPLINE_CURVE(1,(#815,#816),.UNSPECIFIED.,.F.,.F.)
B_SPLINE_CURVE_WITH_KNOTS((2,2),(0.,1.),.PIECEWISE_BEZIER_KNOTS.)
CURVE()
GEOMETRIC_REPRESENTATION_ITEM()
RATIONAL_B_SPLINE_CURVE((1.,1.))
REPRESENTATION_ITEM('')
);
#83=(
BOUNDED_CURVE()
B_SPLINE_CURVE(1,(#820,#821),.UNSPECIFIED.,.F.,.F.)
B_SPLINE_CURVE_WITH_KNOTS((2,2),(0.,1.),.PIECEWISE_BEZIER_KNOTS.)
CURVE()
GEOMETRIC_REPRESENTATION_ITEM()
RATIONAL_B_SPLINE_CURVE((1.,1.))
REPRESENTATION_ITEM('')
);
#84=(
BOUNDED_CURVE()
B_SPLINE_CURVE(1,(#888,#889),.UNSPECIFIED.,.F.,.F.)
B_SPLINE_CURVE_WITH_KNOTS((2,2),(0.,1.),.PIECEWISE_BEZIER_KNOTS.)
CURVE()
GEOMETRIC_REPRESENTATION_ITEM()
RATIONAL_B_SPLINE_CURVE((1.,1.))
REPRESENTATION_ITEM('')
);
#85=(
BOUNDED_CURVE()
B_SPLINE_CURVE(1,(#893,#894),.UNSPECIFIED.,.F.,.F.)
B_SPLINE_CURVE_WITH_KNOTS((2,2),(0.,1.),.PIECEWISE_BEZIER_KNOTS.)
CURVE()
GEOMETRIC_REPRESENTATION_ITEM()
RATIONAL_B_SPLINE_CURVE((1.,1.))
REPRESENTATION_ITEM('')
);
#86=(
BOUNDED_CURVE()
B_SPLINE_CURVE(1,(#906,#907),.UNSPECIFIED.,.F.,.F.)
B_SPLINE_CURVE_WITH_KNOTS((2,2),(0.,1.),.PIECEWISE_BEZIER_KNOTS.)
CURVE()
GEOMETRIC_REPRESENTATION_ITEM()
RATIONAL_B_SPLINE_CURVE((1.,1.))
REPRESENTATION_ITEM('')
);
#87=(
BOUNDED_CURVE()
B_SPLINE_CURVE(3,(#928,#929,#930,#931),.UNSPECIFIED.,.F.,.F.)
B_SPLINE_CURVE_WITH_KNOTS((4,4),(0.,1.),.PIECEWISE_BEZIER_KNOTS.)
CURVE()
GEOMETRIC_REPRESENTATION_ITEM()
RATIONAL_B_SPLINE_CURVE((1.,0.884958369139405,0.884958369139405,1.))
REPRESENTATION_ITEM('')
);
#88=(
BOUNDED_CURVE()
B_SPLINE_CURVE(3,(#996,#997,#998,#999),.UNSPECIFIED.,.F.,.F.)
B_SPLINE_CURVE_WITH_KNOTS((4,4),(0.,1.),.PIECEWISE_BEZIER_KNOTS.)
CURVE()
GEOMETRIC_REPRESENTATION_ITEM()
RATIONAL_B_SPLINE_CURVE((1.,0.884958369139405,0.884958369139405,1.))
REPRESENTATION_ITEM('')
);
#89=(
BOUNDED_CURVE()
B_SPLINE_CURVE(1,(#1009,#1010),.UNSPECIFIED.,.F.,.F.)
B_SPLINE_CURVE_WITH_KNOTS((2,2),(0.,1.),.PIECEWISE_BEZIER_KNOTS.)
CURVE()
GEOMETRIC_REPRESENTATION_ITEM()
RATIONAL_B_SPLINE_CURVE((1.,1.))
REPRESENTATION_ITEM('')
);
#90=(
BOUNDED_CURVE()
B_SPLINE_CURVE(1,(#1011,#1012),.UNSPECIFIED.,.F.,.F.)
B_SPLINE_CURVE_WITH_KNOTS((2,2),(0.,1.),.PIECEWISE_BEZIER_KNOTS.)
CURVE()
GEOMETRIC_REPRESENTATION_ITEM()
RATIONAL_B_SPLINE_CURVE((1.,1.))
REPRESENTATION_ITEM('')
);
#91=(
BOUNDED_CURVE()
B_SPLINE_CURVE(1,(#1021,#1022),.UNSPECIFIED.,.F.,.F.)
B_SPLINE_CURVE_WITH_KNOTS((2,2),(0.,1.),.PIECEWISE_BEZIER_KNOTS.)
CURVE()
GEOMETRIC_REPRESENTATION_ITEM()
RATIONAL_B_SPLINE_CURVE((1.,1.))
REPRESENTATION_ITEM('')
);
#92=(
BOUNDED_CURVE()
B_SPLINE_CURVE(1,(#1024,#1025),.UNSPECIFIED.,.F.,.F.)
B_SPLINE_CURVE_WITH_KNOTS((2,2),(0.,1.),.PIECEWISE_BEZIER_KNOTS.)
CURVE()
GEOMETRIC_REPRESENTATION_ITEM()
RATIONAL_B_SPLINE_CURVE((1.,1.))
REPRESENTATION_ITEM('')
);
#93=ORIENTED_EDGE('',*,*,#287,.F.);
#94=ORIENTED_EDGE('',*,*,#288,.T.);
#95=ORIENTED_EDGE('',*,*,#289,.F.);
#96=ORIENTED_EDGE('',*,*,#290,.F.);
#97=ORIENTED_EDGE('',*,*,#291,.F.);
#98=ORIENTED_EDGE('',*,*,#292,.T.);
#99=ORIENTED_EDGE('',*,*,#293,.F.);
#100=ORIENTED_EDGE('',*,*,#294,.F.);
#101=ORIENTED_EDGE('',*,*,#295,.F.);
#102=ORIENTED_EDGE('',*,*,#296,.T.);
#103=ORIENTED_EDGE('',*,*,#297,.T.);
#104=ORIENTED_EDGE('',*,*,#298,.F.);
#105=ORIENTED_EDGE('',*,*,#299,.T.);
#106=ORIENTED_EDGE('',*,*,#300,.F.);
#107=ORIENTED_EDGE('',*,*,#301,.T.);
#108=ORIENTED_EDGE('',*,*,#302,.F.);
#109=ORIENTED_EDGE('',*,*,#303,.T.);
#110=ORIENTED_EDGE('',*,*,#304,.F.);
#111=ORIENTED_EDGE('',*,*,#305,.T.);
#112=ORIENTED_EDGE('',*,*,#306,.F.);
#113=ORIENTED_EDGE('',*,*,#307,.T.);
#114=ORIENTED_EDGE('',*,*,#308,.T.);
#115=ORIENTED_EDGE('',*,*,#309,.T.);
#116=ORIENTED_EDGE('',*,*,#310,.T.);
#117=ORIENTED_EDGE('',*,*,#311,.F.);
#118=ORIENTED_EDGE('',*,*,#312,.T.);
#119=ORIENTED_EDGE('',*,*,#313,.T.);
#120=ORIENTED_EDGE('',*,*,#295,.T.);
#121=ORIENTED_EDGE('',*,*,#314,.T.);
#122=ORIENTED_EDGE('',*,*,#315,.T.);
#123=ORIENTED_EDGE('',*,*,#316,.T.);
#124=ORIENTED_EDGE('',*,*,#317,.F.);
#125=ORIENTED_EDGE('',*,*,#318,.F.);
#126=ORIENTED_EDGE('',*,*,#319,.F.);
#127=ORIENTED_EDGE('',*,*,#320,.F.);
#128=ORIENTED_EDGE('',*,*,#321,.F.);
#129=ORIENTED_EDGE('',*,*,#322,.F.);
#130=ORIENTED_EDGE('',*,*,#323,.F.);
#131=ORIENTED_EDGE('',*,*,#324,.F.);
#132=ORIENTED_EDGE('',*,*,#325,.F.);
#133=ORIENTED_EDGE('',*,*,#326,.F.);
#134=ORIENTED_EDGE('',*,*,#327,.F.);
#135=ORIENTED_EDGE('',*,*,#328,.F.);
#136=ORIENTED_EDGE('',*,*,#329,.F.);
#137=ORIENTED_EDGE('',*,*,#330,.F.);
#138=ORIENTED_EDGE('',*,*,#331,.F.);
#139=ORIENTED_EDGE('',*,*,#332,.T.);
#140=ORIENTED_EDGE('',*,*,#333,.T.);
#141=ORIENTED_EDGE('',*,*,#297,.F.);
#142=ORIENTED_EDGE('',*,*,#334,.F.);
#143=ORIENTED_EDGE('',*,*,#308,.F.);
#144=ORIENTED_EDGE('',*,*,#335,.T.);
#145=ORIENTED_EDGE('',*,*,#336,.T.);
#146=ORIENTED_EDGE('',*,*,#337,.F.);
#147=ORIENTED_EDGE('',*,*,#335,.F.);
#148=ORIENTED_EDGE('',*,*,#338,.F.);
#149=ORIENTED_EDGE('',*,*,#337,.T.);
#150=ORIENTED_EDGE('',*,*,#287,.T.);
#151=ORIENTED_EDGE('',*,*,#333,.F.);
#152=ORIENTED_EDGE('',*,*,#293,.T.);
#153=ORIENTED_EDGE('',*,*,#334,.T.);
#154=ORIENTED_EDGE('',*,*,#339,.F.);
#155=ORIENTED_EDGE('',*,*,#316,.F.);
#156=ORIENTED_EDGE('',*,*,#340,.T.);
#157=ORIENTED_EDGE('',*,*,#331,.T.);
#158=ORIENTED_EDGE('',*,*,#312,.F.);
#159=ORIENTED_EDGE('',*,*,#341,.F.);
#160=ORIENTED_EDGE('',*,*,#342,.F.);
#161=ORIENTED_EDGE('',*,*,#343,.F.);
#162=ORIENTED_EDGE('',*,*,#344,.F.);
#163=ORIENTED_EDGE('',*,*,#345,.F.);
#164=ORIENTED_EDGE('',*,*,#346,.F.);
#165=ORIENTED_EDGE('',*,*,#347,.F.);
#166=ORIENTED_EDGE('',*,*,#348,.F.);
#167=ORIENTED_EDGE('',*,*,#349,.F.);
#168=ORIENTED_EDGE('',*,*,#350,.F.);
#169=ORIENTED_EDGE('',*,*,#351,.F.);
#170=ORIENTED_EDGE('',*,*,#352,.F.);
#171=ORIENTED_EDGE('',*,*,#353,.F.);
#172=ORIENTED_EDGE('',*,*,#354,.F.);
#173=ORIENTED_EDGE('',*,*,#348,.T.);
#174=ORIENTED_EDGE('',*,*,#347,.T.);
#175=ORIENTED_EDGE('',*,*,#355,.F.);
#176=ORIENTED_EDGE('',*,*,#303,.F.);
#177=ORIENTED_EDGE('',*,*,#356,.F.);
#178=ORIENTED_EDGE('',*,*,#351,.T.);
#179=ORIENTED_EDGE('',*,*,#350,.T.);
#180=ORIENTED_EDGE('',*,*,#357,.F.);
#181=ORIENTED_EDGE('',*,*,#301,.F.);
#182=ORIENTED_EDGE('',*,*,#302,.T.);
#183=ORIENTED_EDGE('',*,*,#357,.T.);
#184=ORIENTED_EDGE('',*,*,#349,.T.);
#185=ORIENTED_EDGE('',*,*,#354,.T.);
#186=ORIENTED_EDGE('',*,*,#358,.F.);
#187=ORIENTED_EDGE('',*,*,#345,.T.);
#188=ORIENTED_EDGE('',*,*,#344,.T.);
#189=ORIENTED_EDGE('',*,*,#359,.F.);
#190=ORIENTED_EDGE('',*,*,#305,.F.);
#191=ORIENTED_EDGE('',*,*,#360,.F.);
#192=ORIENTED_EDGE('',*,*,#342,.T.);
#193=ORIENTED_EDGE('',*,*,#341,.T.);
#194=ORIENTED_EDGE('',*,*,#314,.F.);
#195=ORIENTED_EDGE('',*,*,#307,.F.);
#196=ORIENTED_EDGE('',*,*,#361,.F.);
#197=ORIENTED_EDGE('',*,*,#329,.T.);
#198=ORIENTED_EDGE('',*,*,#328,.T.);
#199=ORIENTED_EDGE('',*,*,#362,.F.);
#200=ORIENTED_EDGE('',*,*,#363,.F.);
#201=ORIENTED_EDGE('',*,*,#364,.F.);
#202=ORIENTED_EDGE('',*,*,#326,.T.);
#203=ORIENTED_EDGE('',*,*,#325,.T.);
#204=ORIENTED_EDGE('',*,*,#365,.F.);
#205=ORIENTED_EDGE('',*,*,#366,.F.);
#206=ORIENTED_EDGE('',*,*,#367,.F.);
#207=ORIENTED_EDGE('',*,*,#323,.T.);
#208=ORIENTED_EDGE('',*,*,#322,.T.);
#209=ORIENTED_EDGE('',*,*,#368,.F.);
#210=ORIENTED_EDGE('',*,*,#369,.F.);
#211=ORIENTED_EDGE('',*,*,#370,.F.);
#212=ORIENTED_EDGE('',*,*,#320,.T.);
#213=ORIENTED_EDGE('',*,*,#319,.T.);
#214=ORIENTED_EDGE('',*,*,#371,.F.);
#215=ORIENTED_EDGE('',*,*,#372,.F.);
#216=ORIENTED_EDGE('',*,*,#373,.F.);
#217=ORIENTED_EDGE('',*,*,#317,.T.);
#218=ORIENTED_EDGE('',*,*,#353,.T.);
#219=ORIENTED_EDGE('',*,*,#374,.F.);
#220=ORIENTED_EDGE('',*,*,#299,.F.);
#221=ORIENTED_EDGE('',*,*,#375,.F.);
#222=ORIENTED_EDGE('',*,*,#304,.T.);
#223=ORIENTED_EDGE('',*,*,#355,.T.);
#224=ORIENTED_EDGE('',*,*,#346,.T.);
#225=ORIENTED_EDGE('',*,*,#358,.T.);
#226=ORIENTED_EDGE('',*,*,#306,.T.);
#227=ORIENTED_EDGE('',*,*,#359,.T.);
#228=ORIENTED_EDGE('',*,*,#343,.T.);
#229=ORIENTED_EDGE('',*,*,#360,.T.);
#230=ORIENTED_EDGE('',*,*,#313,.F.);
#231=ORIENTED_EDGE('',*,*,#330,.T.);
#232=ORIENTED_EDGE('',*,*,#361,.T.);
#233=ORIENTED_EDGE('',*,*,#376,.T.);
#234=ORIENTED_EDGE('',*,*,#377,.T.);
#235=ORIENTED_EDGE('',*,*,#362,.T.);
#236=ORIENTED_EDGE('',*,*,#327,.T.);
#237=ORIENTED_EDGE('',*,*,#364,.T.);
#238=ORIENTED_EDGE('',*,*,#378,.T.);
#239=ORIENTED_EDGE('',*,*,#365,.T.);
#240=ORIENTED_EDGE('',*,*,#324,.T.);
#241=ORIENTED_EDGE('',*,*,#367,.T.);
#242=ORIENTED_EDGE('',*,*,#379,.T.);
#243=ORIENTED_EDGE('',*,*,#368,.T.);
#244=ORIENTED_EDGE('',*,*,#321,.T.);
#245=ORIENTED_EDGE('',*,*,#370,.T.);
#246=ORIENTED_EDGE('',*,*,#380,.T.);
#247=ORIENTED_EDGE('',*,*,#371,.T.);
#248=ORIENTED_EDGE('',*,*,#318,.T.);
#249=ORIENTED_EDGE('',*,*,#373,.T.);
#250=ORIENTED_EDGE('',*,*,#300,.T.);
#251=ORIENTED_EDGE('',*,*,#374,.T.);
#252=ORIENTED_EDGE('',*,*,#352,.T.);
#253=ORIENTED_EDGE('',*,*,#356,.T.);
#254=ORIENTED_EDGE('',*,*,#381,.F.);
#255=ORIENTED_EDGE('',*,*,#310,.F.);
#256=ORIENTED_EDGE('',*,*,#315,.F.);
#257=ORIENTED_EDGE('',*,*,#340,.F.);
#258=ORIENTED_EDGE('',*,*,#309,.F.);
#259=ORIENTED_EDGE('',*,*,#338,.T.);
#260=ORIENTED_EDGE('',*,*,#311,.T.);
#261=ORIENTED_EDGE('',*,*,#381,.T.);
#262=ORIENTED_EDGE('',*,*,#296,.F.);
#263=ORIENTED_EDGE('',*,*,#376,.F.);
#264=ORIENTED_EDGE('',*,*,#363,.T.);
#265=ORIENTED_EDGE('',*,*,#377,.F.);
#266=ORIENTED_EDGE('',*,*,#366,.T.);
#267=ORIENTED_EDGE('',*,*,#378,.F.);
#268=ORIENTED_EDGE('',*,*,#369,.T.);
#269=ORIENTED_EDGE('',*,*,#379,.F.);
#270=ORIENTED_EDGE('',*,*,#372,.T.);
#271=ORIENTED_EDGE('',*,*,#380,.F.);
#272=ORIENTED_EDGE('',*,*,#375,.T.);
#273=ORIENTED_EDGE('',*,*,#298,.T.);
#274=ORIENTED_EDGE('',*,*,#339,.T.);
#275=ORIENTED_EDGE('',*,*,#382,.T.);
#276=ORIENTED_EDGE('',*,*,#291,.T.);
#277=ORIENTED_EDGE('',*,*,#289,.T.);
#278=ORIENTED_EDGE('',*,*,#383,.T.);
#279=ORIENTED_EDGE('',*,*,#292,.F.);
#280=ORIENTED_EDGE('',*,*,#382,.F.);
#281=ORIENTED_EDGE('',*,*,#294,.T.);
#282=ORIENTED_EDGE('',*,*,#332,.F.);
#283=ORIENTED_EDGE('',*,*,#288,.F.);
#284=ORIENTED_EDGE('',*,*,#336,.F.);
#285=ORIENTED_EDGE('',*,*,#290,.T.);
#286=ORIENTED_EDGE('',*,*,#383,.F.);
#287=EDGE_CURVE('',#384,#385,#448,.T.);
#288=EDGE_CURVE('',#384,#386,#78,.T.);
#289=EDGE_CURVE('',#387,#386,#449,.F.);
#290=EDGE_CURVE('',#385,#387,#79,.T.);
#291=EDGE_CURVE('',#388,#389,#450,.T.);
#292=EDGE_CURVE('',#388,#390,#80,.T.);
#293=EDGE_CURVE('',#391,#390,#451,.F.);
#294=EDGE_CURVE('',#389,#391,#81,.T.);
#295=EDGE_CURVE('',#392,#393,#452,.F.);
#296=EDGE_CURVE('',#392,#394,#82,.T.);
#297=EDGE_CURVE('',#394,#395,#453,.F.);
#298=EDGE_CURVE('',#396,#395,#83,.T.);
#299=EDGE_CURVE('',#396,#397,#50,.T.);
#300=EDGE_CURVE('',#398,#397,#454,.F.);
#301=EDGE_CURVE('',#398,#399,#51,.T.);
#302=EDGE_CURVE('',#400,#399,#455,.F.);
#303=EDGE_CURVE('',#400,#401,#52,.T.);
#304=EDGE_CURVE('',#402,#401,#456,.F.);
#305=EDGE_CURVE('',#402,#403,#53,.T.);
#306=EDGE_CURVE('',#404,#403,#457,.F.);
#307=EDGE_CURVE('',#404,#393,#54,.T.);
#308=EDGE_CURVE('',#405,#406,#458,.F.);
#309=EDGE_CURVE('',#406,#407,#84,.T.);
#310=EDGE_CURVE('',#407,#408,#459,.T.);
#311=EDGE_CURVE('',#405,#408,#85,.T.);
#312=EDGE_CURVE('',#409,#410,#460,.T.);
#313=EDGE_CURVE('',#410,#392,#86,.T.);
#314=EDGE_CURVE('',#393,#409,#14,.T.);
#315=EDGE_CURVE('',#411,#412,#461,.T.);
#316=EDGE_CURVE('',#412,#413,#87,.T.);
#317=EDGE_CURVE('',#414,#413,#55,.T.);
#318=EDGE_CURVE('',#415,#414,#462,.T.);
#319=EDGE_CURVE('',#416,#415,#56,.F.);
#320=EDGE_CURVE('',#417,#416,#57,.T.);
#321=EDGE_CURVE('',#418,#417,#463,.T.);
#322=EDGE_CURVE('',#419,#418,#58,.F.);
#323=EDGE_CURVE('',#420,#419,#59,.T.);
#324=EDGE_CURVE('',#421,#420,#464,.T.);
#325=EDGE_CURVE('',#422,#421,#60,.F.);
#326=EDGE_CURVE('',#423,#422,#61,.T.);
#327=EDGE_CURVE('',#424,#423,#465,.T.);
#328=EDGE_CURVE('',#425,#424,#62,.F.);
#329=EDGE_CURVE('',#426,#425,#63,.T.);
#330=EDGE_CURVE('',#410,#426,#466,.T.);
#331=EDGE_CURVE('',#411,#410,#88,.T.);
#332=EDGE_CURVE('',#390,#391,#467,.F.);
#333=EDGE_CURVE('',#391,#395,#89,.T.);
#334=EDGE_CURVE('',#390,#394,#90,.T.);
#335=EDGE_CURVE('',#405,#385,#91,.T.);
#336=EDGE_CURVE('',#385,#384,#468,.T.);
#337=EDGE_CURVE('',#406,#384,#92,.T.);
#338=EDGE_CURVE('',#406,#405,#469,.F.);
#339=EDGE_CURVE('',#395,#394,#470,.F.);
#340=EDGE_CURVE('',#412,#411,#471,.T.);
#341=EDGE_CURVE('',#427,#409,#64,.F.);
#342=EDGE_CURVE('',#428,#427,#65,.T.);
#343=EDGE_CURVE('',#429,#428,#472,.T.);
#344=EDGE_CURVE('',#430,#429,#66,.F.);
#345=EDGE_CURVE('',#431,#430,#67,.T.);
#346=EDGE_CURVE('',#432,#431,#473,.T.);
#347=EDGE_CURVE('',#433,#432,#68,.F.);
#348=EDGE_CURVE('',#434,#433,#69,.T.);
#349=EDGE_CURVE('',#435,#434,#474,.T.);
#350=EDGE_CURVE('',#436,#435,#70,.F.);
#351=EDGE_CURVE('',#437,#436,#71,.T.);
#352=EDGE_CURVE('',#438,#437,#475,.T.);
#353=EDGE_CURVE('',#413,#438,#72,.F.);
#354=EDGE_CURVE('',#434,#400,#15,.F.);
#355=EDGE_CURVE('',#401,#432,#16,.T.);
#356=EDGE_CURVE('',#437,#398,#17,.F.);
#357=EDGE_CURVE('',#399,#435,#18,.T.);
#358=EDGE_CURVE('',#431,#402,#19,.F.);
#359=EDGE_CURVE('',#403,#429,#20,.T.);
#360=EDGE_CURVE('',#428,#404,#21,.F.);
#361=EDGE_CURVE('',#426,#439,#22,.F.);
#362=EDGE_CURVE('',#440,#424,#23,.T.);
#363=EDGE_CURVE('',#439,#440,#73,.T.);
#364=EDGE_CURVE('',#423,#441,#24,.F.);
#365=EDGE_CURVE('',#442,#421,#25,.T.);
#366=EDGE_CURVE('',#441,#442,#74,.T.);
#367=EDGE_CURVE('',#420,#443,#26,.F.);
#368=EDGE_CURVE('',#444,#418,#27,.T.);
#369=EDGE_CURVE('',#443,#444,#75,.T.);
#370=EDGE_CURVE('',#417,#445,#28,.F.);
#371=EDGE_CURVE('',#446,#415,#29,.T.);
#372=EDGE_CURVE('',#445,#446,#76,.T.);
#373=EDGE_CURVE('',#414,#447,#30,.F.);
#374=EDGE_CURVE('',#397,#438,#31,.T.);
#375=EDGE_CURVE('',#447,#396,#77,.T.);
#376=EDGE_CURVE('',#439,#392,#476,.F.);
#377=EDGE_CURVE('',#441,#440,#477,.F.);
#378=EDGE_CURVE('',#443,#442,#478,.F.);
#379=EDGE_CURVE('',#445,#444,#479,.F.);
#380=EDGE_CURVE('',#447,#446,#480,.F.);
#381=EDGE_CURVE('',#408,#407,#481,.T.);
#382=EDGE_CURVE('',#389,#388,#482,.T.);
#383=EDGE_CURVE('',#386,#387,#483,.F.);
#384=VERTEX_POINT('',#777);
#385=VERTEX_POINT('',#778);
#386=VERTEX_POINT('',#781);
#387=VERTEX_POINT('',#783);
#388=VERTEX_POINT('',#795);
#389=VERTEX_POINT('',#796);
#390=VERTEX_POINT('',#799);
#391=VERTEX_POINT('',#801);
#392=VERTEX_POINT('',#813);
#393=VERTEX_POINT('',#814);
#394=VERTEX_POINT('',#817);
#395=VERTEX_POINT('',#819);
#396=VERTEX_POINT('',#822);
#397=VERTEX_POINT('',#829);
#398=VERTEX_POINT('',#831);
#399=VERTEX_POINT('',#841);
#400=VERTEX_POINT('',#843);
#401=VERTEX_POINT('',#853);
#402=VERTEX_POINT('',#855);
#403=VERTEX_POINT('',#865);
#404=VERTEX_POINT('',#867);
#405=VERTEX_POINT('',#886);
#406=VERTEX_POINT('',#887);
#407=VERTEX_POINT('',#890);
#408=VERTEX_POINT('',#892);
#409=VERTEX_POINT('',#904);
#410=VERTEX_POINT('',#905);
#411=VERTEX_POINT('',#926);
#412=VERTEX_POINT('',#927);
#413=VERTEX_POINT('',#932);
#414=VERTEX_POINT('',#938);
#415=VERTEX_POINT('',#940);
#416=VERTEX_POINT('',#946);
#417=VERTEX_POINT('',#952);
#418=VERTEX_POINT('',#954);
#419=VERTEX_POINT('',#960);
#420=VERTEX_POINT('',#966);
#421=VERTEX_POINT('',#968);
#422=VERTEX_POINT('',#974);
#423=VERTEX_POINT('',#980);
#424=VERTEX_POINT('',#982);
#425=VERTEX_POINT('',#988);
#426=VERTEX_POINT('',#994);
#427=VERTEX_POINT('',#1066);
#428=VERTEX_POINT('',#1072);
#429=VERTEX_POINT('',#1074);
#430=VERTEX_POINT('',#1080);
#431=VERTEX_POINT('',#1086);
#432=VERTEX_POINT('',#1088);
#433=VERTEX_POINT('',#1094);
#434=VERTEX_POINT('',#1100);
#435=VERTEX_POINT('',#1102);
#436=VERTEX_POINT('',#1108);
#437=VERTEX_POINT('',#1114);
#438=VERTEX_POINT('',#1116);
#439=VERTEX_POINT('',#1208);
#440=VERTEX_POINT('',#1210);
#441=VERTEX_POINT('',#1235);
#442=VERTEX_POINT('',#1237);
#443=VERTEX_POINT('',#1262);
#444=VERTEX_POINT('',#1264);
#445=VERTEX_POINT('',#1289);
#446=VERTEX_POINT('',#1291);
#447=VERTEX_POINT('',#1316);
#448=CIRCLE('',#639,15.5726353863185);
#449=CIRCLE('',#640,14.5726353863185);
#450=CIRCLE('',#641,9.);
#451=CIRCLE('',#642,8.);
#452=CIRCLE('',#643,10.);
#453=CIRCLE('',#644,8.);
#454=CIRCLE('',#645,10.);
#455=CIRCLE('',#646,10.);
#456=CIRCLE('',#647,10.);
#457=CIRCLE('',#648,10.);
#458=CIRCLE('',#649,15.5726353863185);
#459=CIRCLE('',#650,14.5726353863185);
#460=CIRCLE('',#651,10.);
#461=CIRCLE('',#652,10.5726353863185);
#462=CIRCLE('',#653,10.);
#463=CIRCLE('',#654,10.);
#464=CIRCLE('',#655,10.);
#465=CIRCLE('',#656,10.);
#466=CIRCLE('',#657,10.);
#467=CIRCLE('',#658,8.);
#468=CIRCLE('',#659,15.5726353863185);
#469=CIRCLE('',#660,15.5726353863185);
#470=CIRCLE('',#661,8.);
#471=CIRCLE('',#662,10.5726353863185);
#472=CIRCLE('',#663,10.);
#473=CIRCLE('',#664,10.);
#474=CIRCLE('',#665,10.);
#475=CIRCLE('',#666,10.);
#476=CIRCLE('',#667,10.);
#477=CIRCLE('',#668,10.);
#478=CIRCLE('',#669,10.);
#479=CIRCLE('',#670,10.);
#480=CIRCLE('',#671,10.);
#481=CIRCLE('',#672,14.5726353863185);
#482=CIRCLE('',#673,9.);
#483=CIRCLE('',#674,14.5726353863185);
#484=EDGE_LOOP('',(#93,#94,#95,#96));
#485=EDGE_LOOP('',(#97,#98,#99,#100));
#486=EDGE_LOOP('',(#101,#102,#103,#104,#105,#106,#107,#108,#109,#110,#111,
#112,#113));
#487=EDGE_LOOP('',(#114,#115,#116,#117));
#488=EDGE_LOOP('',(#118,#119,#120,#121));
#489=EDGE_LOOP('',(#122,#123,#124,#125,#126,#127,#128,#129,#130,#131,#132,
#133,#134,#135,#136,#137,#138));
#490=EDGE_LOOP('',(#139,#140,#141,#142));
#491=EDGE_LOOP('',(#143,#144,#145,#146));
#492=EDGE_LOOP('',(#147,#148,#149,#150));
#493=EDGE_LOOP('',(#151,#152,#153,#154));
#494=EDGE_LOOP('',(#155,#156,#157,#158,#159,#160,#161,#162,#163,#164,#165,
#166,#167,#168,#169,#170,#171));
#495=EDGE_LOOP('',(#172,#173,#174,#175,#176));
#496=EDGE_LOOP('',(#177,#178,#179,#180,#181));
#497=EDGE_LOOP('',(#182,#183,#184,#185));
#498=EDGE_LOOP('',(#186,#187,#188,#189,#190));
#499=EDGE_LOOP('',(#191,#192,#193,#194,#195));
#500=EDGE_LOOP('',(#196,#197,#198,#199,#200));
#501=EDGE_LOOP('',(#201,#202,#203,#204,#205));
#502=EDGE_LOOP('',(#206,#207,#208,#209,#210));
#503=EDGE_LOOP('',(#211,#212,#213,#214,#215));
#504=EDGE_LOOP('',(#216,#217,#218,#219,#220,#221));
#505=EDGE_LOOP('',(#222,#223,#224,#225));
#506=EDGE_LOOP('',(#226,#227,#228,#229));
#507=EDGE_LOOP('',(#230,#231,#232,#233));
#508=EDGE_LOOP('',(#234,#235,#236,#237));
#509=EDGE_LOOP('',(#238,#239,#240,#241));
#510=EDGE_LOOP('',(#242,#243,#244,#245));
#511=EDGE_LOOP('',(#246,#247,#248,#249));
#512=EDGE_LOOP('',(#250,#251,#252,#253));
#513=EDGE_LOOP('',(#254,#255));
#514=EDGE_LOOP('',(#256,#257));
#515=EDGE_LOOP('',(#258,#259,#260,#261));
#516=EDGE_LOOP('',(#262,#263,#264,#265,#266,#267,#268,#269,#270,#271,#272,
#273,#274));
#517=EDGE_LOOP('',(#275,#276));
#518=EDGE_LOOP('',(#277,#278));
#519=EDGE_LOOP('',(#279,#280,#281,#282));
#520=EDGE_LOOP('',(#283,#284,#285,#286));
#521=FACE_BOUND('',#484,.T.);
#522=FACE_BOUND('',#485,.T.);
#523=FACE_BOUND('',#486,.T.);
#524=FACE_BOUND('',#487,.T.);
#525=FACE_BOUND('',#488,.T.);
#526=FACE_BOUND('',#489,.T.);
#527=FACE_BOUND('',#490,.T.);
#528=FACE_BOUND('',#491,.T.);
#529=FACE_BOUND('',#492,.T.);
#530=FACE_BOUND('',#493,.T.);
#531=FACE_BOUND('',#494,.T.);
#532=FACE_BOUND('',#495,.T.);
#533=FACE_BOUND('',#496,.T.);
#534=FACE_BOUND('',#497,.T.);
#535=FACE_BOUND('',#498,.T.);
#536=FACE_BOUND('',#499,.T.);
#537=FACE_BOUND('',#500,.T.);
#538=FACE_BOUND('',#501,.T.);
#539=FACE_BOUND('',#502,.T.);
#540=FACE_BOUND('',#503,.T.);
#541=FACE_BOUND('',#504,.T.);
#542=FACE_BOUND('',#505,.T.);
#543=FACE_BOUND('',#506,.T.);
#544=FACE_BOUND('',#507,.T.);
#545=FACE_BOUND('',#508,.T.);
#546=FACE_BOUND('',#509,.T.);
#547=FACE_BOUND('',#510,.T.);
#548=FACE_BOUND('',#511,.T.);
#549=FACE_BOUND('',#512,.T.);
#550=FACE_BOUND('',#513,.T.);
#551=FACE_BOUND('',#514,.T.);
#552=FACE_BOUND('',#515,.T.);
#553=FACE_BOUND('',#516,.T.);
#554=FACE_BOUND('',#517,.T.);
#555=FACE_BOUND('',#518,.T.);
#556=FACE_BOUND('',#519,.T.);
#557=FACE_BOUND('',#520,.T.);
#558=(
BOUNDED_SURFACE()
B_SPLINE_SURFACE(1,3,((#768,#769,#770,#771),(#772,#773,#774,#775)),
 .CONICAL_SURF.,.F.,.F.,.F.)
B_SPLINE_SURFACE_WITH_KNOTS((2,2),(4,4),(0.00320048434618039,0.0672101712697932),
(0.5,1.),.PIECEWISE_BEZIER_KNOTS.)
GEOMETRIC_REPRESENTATION_ITEM()
RATIONAL_B_SPLINE_SURFACE(((1.,0.333333333333333,0.333333333333333,1.),
(1.,0.333333333333333,0.333333333333333,1.)))
REPRESENTATION_ITEM('')
SURFACE()
);
#559=(
BOUNDED_SURFACE()
B_SPLINE_SURFACE(1,3,((#786,#787,#788,#789),(#790,#791,#792,#793)),
 .CONICAL_SURF.,.F.,.F.,.F.)
B_SPLINE_SURFACE_WITH_KNOTS((2,2),(4,4),(0.00552486187845051,0.116022099447514),
(0.,0.5),.PIECEWISE_BEZIER_KNOTS.)
GEOMETRIC_REPRESENTATION_ITEM()
RATIONAL_B_SPLINE_SURFACE(((1.,0.333333333333333,0.333333333333333,1.),
(1.,0.333333333333333,0.333333333333333,1.)))
REPRESENTATION_ITEM('')
SURFACE()
);
#560=(
BOUNDED_SURFACE()
B_SPLINE_SURFACE(1,3,((#804,#805,#806,#807),(#808,#809,#810,#811)),
 .CONICAL_SURF.,.F.,.F.,.F.)
B_SPLINE_SURFACE_WITH_KNOTS((2,2),(4,4),(0.00990099009900328,0.207920792079206),
(0.,0.5),.PIECEWISE_BEZIER_KNOTS.)
GEOMETRIC_REPRESENTATION_ITEM()
RATIONAL_B_SPLINE_SURFACE(((1.,0.333333333333333,0.333333333333333,1.),
(1.,0.333333333333333,0.333333333333333,1.)))
REPRESENTATION_ITEM('')
SURFACE()
);
#561=(
BOUNDED_SURFACE()
B_SPLINE_SURFACE(1,3,((#877,#878,#879,#880),(#881,#882,#883,#884)),
 .CONICAL_SURF.,.F.,.F.,.F.)
B_SPLINE_SURFACE_WITH_KNOTS((2,2),(4,4),(0.0032004843461789,0.067210171269793),
(0.5,1.),.PIECEWISE_BEZIER_KNOTS.)
GEOMETRIC_REPRESENTATION_ITEM()
RATIONAL_B_SPLINE_SURFACE(((1.,0.333333333333333,0.333333333333333,1.),
(1.,0.333333333333333,0.333333333333333,1.)))
REPRESENTATION_ITEM('')
SURFACE()
);
#562=(
BOUNDED_SURFACE()
B_SPLINE_SURFACE(3,1,((#895,#896),(#897,#898),(#899,#900),(#901,#902)),
 .CYLINDRICAL_SURF.,.F.,.F.,.F.)
B_SPLINE_SURFACE_WITH_KNOTS((4,4),(2,2),(0.,0.0556185713146287),(0.0454545454550108,
0.954545454545455),.PIECEWISE_BEZIER_KNOTS.)
GEOMETRIC_REPRESENTATION_ITEM()
RATIONAL_B_SPLINE_SURFACE(((1.,1.),(0.925841904913828,0.925841904913828),
(0.859932944427871,0.859932944427871),(0.802273118542129,0.802273118542129)))
REPRESENTATION_ITEM('')
SURFACE()
);
#563=(
BOUNDED_SURFACE()
B_SPLINE_SURFACE(3,3,((#909,#910,#911,#912),(#913,#914,#915,#916),(#917,
#918,#919,#920),(#921,#922,#923,#924)),.TOROIDAL_SURF.,.F.,.F.,.F.)
B_SPLINE_SURFACE_WITH_KNOTS((4,4),(4,4),(0.163579838653035,0.840457203283134),
(0.5,1.),.PIECEWISE_BEZIER_KNOTS.)
GEOMETRIC_REPRESENTATION_ITEM()
RATIONAL_B_SPLINE_SURFACE(((0.952779503124186,0.317593167708062,0.317593167708062,
0.952779503124186),(0.900386048954518,0.300128682984839,0.300128682984839,
0.900386048954518),(0.900700409679537,0.300233469893179,0.300233469893179,
0.900700409679537),(0.953722585299242,0.317907528433081,0.317907528433081,
0.953722585299242)))
REPRESENTATION_ITEM('')
SURFACE()
);
#564=(
BOUNDED_SURFACE()
B_SPLINE_SURFACE(3,1,((#1000,#1001),(#1002,#1003),(#1004,#1005),(#1006,
#1007)),.CYLINDRICAL_SURF.,.F.,.F.,.F.)
B_SPLINE_SURFACE_WITH_KNOTS((4,4),(2,2),(0.5,1.),(0.0454545454545409,0.954545454545459),
 .PIECEWISE_BEZIER_KNOTS.)
GEOMETRIC_REPRESENTATION_ITEM()
RATIONAL_B_SPLINE_SURFACE(((1.,1.),(0.333333333333333,0.333333333333333),
(0.333333333333333,0.333333333333333),(1.,1.)))
REPRESENTATION_ITEM('')
SURFACE()
);
#565=(
BOUNDED_SURFACE()
B_SPLINE_SURFACE(3,1,((#1013,#1014),(#1015,#1016),(#1017,#1018),(#1019,
#1020)),.CYLINDRICAL_SURF.,.F.,.F.,.F.)
B_SPLINE_SURFACE_WITH_KNOTS((4,4),(2,2),(0.,0.5),(0.0454545454545449,0.954545454545455),
 .PIECEWISE_BEZIER_KNOTS.)
GEOMETRIC_REPRESENTATION_ITEM()
RATIONAL_B_SPLINE_SURFACE(((1.,1.),(0.333333333333333,0.333333333333333),
(0.333333333333333,0.333333333333333),(1.,1.)))
REPRESENTATION_ITEM('')
SURFACE()
);
#566=(
BOUNDED_SURFACE()
B_SPLINE_SURFACE(3,1,((#1026,#1027),(#1028,#1029),(#1030,#1031),(#1032,
#1033)),.CYLINDRICAL_SURF.,.F.,.F.,.F.)
B_SPLINE_SURFACE_WITH_KNOTS((4,4),(2,2),(0.5,1.),(0.0454545454545449,0.954545454545457),
 .PIECEWISE_BEZIER_KNOTS.)
GEOMETRIC_REPRESENTATION_ITEM()
RATIONAL_B_SPLINE_SURFACE(((1.,1.),(0.333333333333333,0.333333333333333),
(0.333333333333333,0.333333333333333),(1.,1.)))
REPRESENTATION_ITEM('')
SURFACE()
);
#567=(
BOUNDED_SURFACE()
B_SPLINE_SURFACE(3,1,((#1035,#1036),(#1037,#1038),(#1039,#1040),(#1041,
#1042)),.CYLINDRICAL_SURF.,.F.,.F.,.F.)
B_SPLINE_SURFACE_WITH_KNOTS((4,4),(2,2),(0.,0.5),(0.0454545454545409,0.954545454545459),
 .PIECEWISE_BEZIER_KNOTS.)
GEOMETRIC_REPRESENTATION_ITEM()
RATIONAL_B_SPLINE_SURFACE(((1.,1.),(0.333333333333333,0.333333333333333),
(0.333333333333333,0.333333333333333),(1.,1.)))
REPRESENTATION_ITEM('')
SURFACE()
);
#568=(
BOUNDED_SURFACE()
B_SPLINE_SURFACE(3,3,((#1044,#1045,#1046,#1047),(#1048,#1049,#1050,#1051),
(#1052,#1053,#1054,#1055),(#1056,#1057,#1058,#1059)),.TOROIDAL_SURF.,.F.,
 .F.,.F.)
B_SPLINE_SURFACE_WITH_KNOTS((4,4),(4,4),(0.16357983865303,0.840457203283134),
(0.,0.5),.PIECEWISE_BEZIER_KNOTS.)
GEOMETRIC_REPRESENTATION_ITEM()
RATIONAL_B_SPLINE_SURFACE(((0.952779503124187,0.317593167708062,0.317593167708062,
0.952779503124187),(0.900386048954518,0.300128682984839,0.300128682984839,
0.900386048954518),(0.900700409679536,0.300233469893179,0.300233469893179,
0.900700409679536),(0.953722585299242,0.31790752843308,0.31790752843308,
0.953722585299242)))
REPRESENTATION_ITEM('')
SURFACE()
);
#569=(
BOUNDED_SURFACE()
B_SPLINE_SURFACE(3,1,((#1122,#1123),(#1124,#1125),(#1126,#1127),(#1128,
#1129),(#1130,#1131),(#1132,#1133),(#1134,#1135)),.CYLINDRICAL_SURF.,.F.,
 .F.,.F.)
B_SPLINE_SURFACE_WITH_KNOTS((4,3,4),(2,2),(0.,0.5,1.),(0.,1.),
 .PIECEWISE_BEZIER_KNOTS.)
GEOMETRIC_REPRESENTATION_ITEM()
RATIONAL_B_SPLINE_SURFACE(((1.,1.),(0.770995664149344,0.770995664149344),
(0.770995664149344,0.770995664149344),(1.,1.),(0.770995664149344,0.770995664149344),
(0.770995664149344,0.770995664149344),(1.,1.)))
REPRESENTATION_ITEM('')
SURFACE()
);
#570=(
BOUNDED_SURFACE()
B_SPLINE_SURFACE(3,1,((#1138,#1139),(#1140,#1141),(#1142,#1143),(#1144,
#1145),(#1146,#1147),(#1148,#1149),(#1150,#1151)),.CYLINDRICAL_SURF.,.F.,
 .F.,.F.)
B_SPLINE_SURFACE_WITH_KNOTS((4,3,4),(2,2),(0.,0.5,1.),(0.,1.),
 .PIECEWISE_BEZIER_KNOTS.)
GEOMETRIC_REPRESENTATION_ITEM()
RATIONAL_B_SPLINE_SURFACE(((1.,1.),(0.770995664148393,0.770995664148393),
(0.770995664148393,0.770995664148393),(1.,1.),(0.770995664148393,0.770995664148393),
(0.770995664148393,0.770995664148393),(1.,1.)))
REPRESENTATION_ITEM('')
SURFACE()
);
#571=(
BOUNDED_SURFACE()
B_SPLINE_SURFACE(3,1,((#1154,#1155),(#1156,#1157),(#1158,#1159),(#1160,
#1161)),.CYLINDRICAL_SURF.,.F.,.F.,.F.)
B_SPLINE_SURFACE_WITH_KNOTS((4,4),(2,2),(0.284539098433669,0.35168741010767),
(0.0454545454550583,0.954545454545456),.PIECEWISE_BEZIER_KNOTS.)
GEOMETRIC_REPRESENTATION_ITEM()
RATIONAL_B_SPLINE_SURFACE(((0.509543594564886,0.509543594564886),(0.521912886013221,
0.521912886013221),(0.546305899490008,0.546305899490008),(0.582722634995244,
0.582722634995244)))
REPRESENTATION_ITEM('')
SURFACE()
);
#572=(
BOUNDED_SURFACE()
B_SPLINE_SURFACE(3,1,((#1162,#1163),(#1164,#1165),(#1166,#1167),(#1168,
#1169),(#1170,#1171),(#1172,#1173),(#1174,#1175)),.CYLINDRICAL_SURF.,.F.,
 .F.,.F.)
B_SPLINE_SURFACE_WITH_KNOTS((4,3,4),(2,2),(0.,0.5,1.),(0.,1.),
 .PIECEWISE_BEZIER_KNOTS.)
GEOMETRIC_REPRESENTATION_ITEM()
RATIONAL_B_SPLINE_SURFACE(((1.,1.),(0.770995664149343,0.770995664149343),
(0.770995664149343,0.770995664149343),(1.,1.),(0.770995664149343,0.770995664149343),
(0.770995664149343,0.770995664149343),(1.,1.)))
REPRESENTATION_ITEM('')
SURFACE()
);
#573=(
BOUNDED_SURFACE()
B_SPLINE_SURFACE(3,1,((#1178,#1179),(#1180,#1181),(#1182,#1183),(#1184,
#1185),(#1186,#1187),(#1188,#1189),(#1190,#1191)),.CYLINDRICAL_SURF.,.F.,
 .F.,.F.)
B_SPLINE_SURFACE_WITH_KNOTS((4,3,4),(2,2),(0.,0.5,1.),(0.,1.),
 .PIECEWISE_BEZIER_KNOTS.)
GEOMETRIC_REPRESENTATION_ITEM()
RATIONAL_B_SPLINE_SURFACE(((1.,1.),(0.770995664148294,0.770995664148294),
(0.770995664148294,0.770995664148294),(1.,1.),(0.770995664148294,0.770995664148294),
(0.770995664148294,0.770995664148294),(1.,1.)))
REPRESENTATION_ITEM('')
SURFACE()
);
#574=(
BOUNDED_SURFACE()
B_SPLINE_SURFACE(3,1,((#1193,#1194),(#1195,#1196),(#1197,#1198),(#1199,
#1200),(#1201,#1202),(#1203,#1204),(#1205,#1206)),.CYLINDRICAL_SURF.,.F.,
 .F.,.F.)
B_SPLINE_SURFACE_WITH_KNOTS((4,3,4),(2,2),(0.,0.5,1.),(0.,1.),
 .PIECEWISE_BEZIER_KNOTS.)
GEOMETRIC_REPRESENTATION_ITEM()
RATIONAL_B_SPLINE_SURFACE(((1.,1.),(0.770995664148474,0.770995664148474),
(0.770995664148474,0.770995664148474),(1.,1.),(0.770995664148474,0.770995664148474),
(0.770995664148474,0.770995664148474),(1.,1.)))
REPRESENTATION_ITEM('')
SURFACE()
);
#575=(
BOUNDED_SURFACE()
B_SPLINE_SURFACE(3,1,((#1220,#1221),(#1222,#1223),(#1224,#1225),(#1226,
#1227),(#1228,#1229),(#1230,#1231),(#1232,#1233)),.CYLINDRICAL_SURF.,.F.,
 .F.,.F.)
B_SPLINE_SURFACE_WITH_KNOTS((4,3,4),(2,2),(0.,0.5,1.),(0.,1.),
 .PIECEWISE_BEZIER_KNOTS.)
GEOMETRIC_REPRESENTATION_ITEM()
RATIONAL_B_SPLINE_SURFACE(((1.,1.),(0.770995664149346,0.770995664149346),
(0.770995664149346,0.770995664149346),(1.,1.),(0.770995664149346,0.770995664149346),
(0.770995664149346,0.770995664149346),(1.,1.)))
REPRESENTATION_ITEM('')
SURFACE()
);
#576=(
BOUNDED_SURFACE()
B_SPLINE_SURFACE(3,1,((#1247,#1248),(#1249,#1250),(#1251,#1252),(#1253,
#1254),(#1255,#1256),(#1257,#1258),(#1259,#1260)),.CYLINDRICAL_SURF.,.F.,
 .F.,.F.)
B_SPLINE_SURFACE_WITH_KNOTS((4,3,4),(2,2),(0.,0.5,1.),(0.,1.),
 .PIECEWISE_BEZIER_KNOTS.)
GEOMETRIC_REPRESENTATION_ITEM()
RATIONAL_B_SPLINE_SURFACE(((1.,1.),(0.770995664149344,0.770995664149344),
(0.770995664149344,0.770995664149344),(1.,1.),(0.770995664149344,0.770995664149344),
(0.770995664149344,0.770995664149344),(1.,1.)))
REPRESENTATION_ITEM('')
SURFACE()
);
#577=(
BOUNDED_SURFACE()
B_SPLINE_SURFACE(3,1,((#1274,#1275),(#1276,#1277),(#1278,#1279),(#1280,
#1281),(#1282,#1283),(#1284,#1285),(#1286,#1287)),.CYLINDRICAL_SURF.,.F.,
 .F.,.F.)
B_SPLINE_SURFACE_WITH_KNOTS((4,3,4),(2,2),(0.,0.5,1.),(0.,1.),
 .PIECEWISE_BEZIER_KNOTS.)
GEOMETRIC_REPRESENTATION_ITEM()
RATIONAL_B_SPLINE_SURFACE(((1.,1.),(0.770995664147307,0.770995664147307),
(0.770995664147307,0.770995664147307),(1.,1.),(0.770995664147308,0.770995664147308),
(0.770995664147308,0.770995664147308),(1.,1.)))
REPRESENTATION_ITEM('')
SURFACE()
);
#578=(
BOUNDED_SURFACE()
B_SPLINE_SURFACE(3,1,((#1301,#1302),(#1303,#1304),(#1305,#1306),(#1307,
#1308),(#1309,#1310),(#1311,#1312),(#1313,#1314)),.CYLINDRICAL_SURF.,.F.,
 .F.,.F.)
B_SPLINE_SURFACE_WITH_KNOTS((4,3,4),(2,2),(0.,0.5,1.),(0.,1.),
 .PIECEWISE_BEZIER_KNOTS.)
GEOMETRIC_REPRESENTATION_ITEM()
RATIONAL_B_SPLINE_SURFACE(((1.,1.),(0.770995664149345,0.770995664149345),
(0.770995664149345,0.770995664149345),(1.,1.),(0.770995664149345,0.770995664149345),
(0.770995664149345,0.770995664149345),(1.,1.)))
REPRESENTATION_ITEM('')
SURFACE()
);
#579=(
BOUNDED_SURFACE()
B_SPLINE_SURFACE(3,1,((#1324,#1325),(#1326,#1327),(#1328,#1329),(#1330,
#1331)),.CYLINDRICAL_SURF.,.F.,.F.,.F.)
B_SPLINE_SURFACE_WITH_KNOTS((4,4),(2,2),(0.196249379856779,0.259315709540168),
(0.0454545454555016,0.954545454545455),.PIECEWISE_BEZIER_KNOTS.)
GEOMETRIC_REPRESENTATION_ITEM()
RATIONAL_B_SPLINE_SURFACE(((0.523113033326247,0.523113033326247),(0.505033810229505,
0.505033810229505),(0.497560885638721,0.497560885638721),(0.500694259553894,
0.500694259553894)))
REPRESENTATION_ITEM('')
SURFACE()
);
#580=(
BOUNDED_SURFACE()
B_SPLINE_SURFACE(3,1,((#1332,#1333),(#1334,#1335),(#1336,#1337),(#1338,
#1339)),.CYLINDRICAL_SURF.,.F.,.F.,.F.)
B_SPLINE_SURFACE_WITH_KNOTS((4,4),(2,2),(0.0929683907155324,0.169416075600401),
(0.0454545454555066,0.954545454545458),.PIECEWISE_BEZIER_KNOTS.)
GEOMETRIC_REPRESENTATION_ITEM()
RATIONAL_B_SPLINE_SURFACE(((0.697271410515758,0.697271410515758),(0.633246327936863,
0.633246327936863),(0.584805908089317,0.584805908089317),(0.551950150973122,
0.551950150973122)))
REPRESENTATION_ITEM('')
SURFACE()
);
#581=(
BOUNDED_SURFACE()
B_SPLINE_SURFACE(3,1,((#1340,#1341),(#1342,#1343),(#1344,#1345),(#1346,
#1347)),.CYLINDRICAL_SURF.,.F.,.F.,.F.)
B_SPLINE_SURFACE_WITH_KNOTS((4,4),(2,2),(0.944381428685378,1.),(0.0454545454555065,
0.954545454545456),.PIECEWISE_BEZIER_KNOTS.)
GEOMETRIC_REPRESENTATION_ITEM()
RATIONAL_B_SPLINE_SURFACE(((0.802273118542151,0.802273118542151),(0.859932944427888,
0.859932944427888),(0.925841904913838,0.925841904913838),(1.,1.)))
REPRESENTATION_ITEM('')
SURFACE()
);
#582=(
BOUNDED_SURFACE()
B_SPLINE_SURFACE(3,1,((#1349,#1350),(#1351,#1352),(#1353,#1354),(#1355,
#1356)),.CYLINDRICAL_SURF.,.F.,.F.,.F.)
B_SPLINE_SURFACE_WITH_KNOTS((4,4),(2,2),(0.830583924399598,0.907031609284474),
(0.0454545454551001,0.954545454545457),.PIECEWISE_BEZIER_KNOTS.)
GEOMETRIC_REPRESENTATION_ITEM()
RATIONAL_B_SPLINE_SURFACE(((0.551950150973121,0.551950150973121),(0.584805908089319,
0.584805908089319),(0.63324632793687,0.63324632793687),(0.697271410515773,
0.697271410515773)))
REPRESENTATION_ITEM('')
SURFACE()
);
#583=(
BOUNDED_SURFACE()
B_SPLINE_SURFACE(3,1,((#1358,#1359),(#1360,#1361),(#1362,#1363),(#1364,
#1365)),.CYLINDRICAL_SURF.,.F.,.F.,.F.)
B_SPLINE_SURFACE_WITH_KNOTS((4,4),(2,2),(0.740684290459832,0.803750620143221),
(0.0454545454555045,0.954545454545459),.PIECEWISE_BEZIER_KNOTS.)
GEOMETRIC_REPRESENTATION_ITEM()
RATIONAL_B_SPLINE_SURFACE(((0.500694259553894,0.500694259553894),(0.497560885638721,
0.497560885638721),(0.505033810229506,0.505033810229506),(0.523113033326247,
0.523113033326247)))
REPRESENTATION_ITEM('')
SURFACE()
);
#584=(
BOUNDED_SURFACE()
B_SPLINE_SURFACE(3,1,((#1367,#1368),(#1369,#1370),(#1371,#1372),(#1373,
#1374)),.CYLINDRICAL_SURF.,.F.,.F.,.F.)
B_SPLINE_SURFACE_WITH_KNOTS((4,4),(2,2),(0.648312589892324,0.715460901566331),
(0.0454545454545468,0.954545454545457),.PIECEWISE_BEZIER_KNOTS.)
GEOMETRIC_REPRESENTATION_ITEM()
RATIONAL_B_SPLINE_SURFACE(((0.582722634995254,0.582722634995254),(0.546305899490012,
0.546305899490012),(0.521912886013223,0.521912886013223),(0.509543594564885,
0.509543594564885)))
REPRESENTATION_ITEM('')
SURFACE()
);
#585=(
BOUNDED_SURFACE()
B_SPLINE_SURFACE(3,1,((#1376,#1377),(#1378,#1379),(#1380,#1381),(#1382,
#1383)),.CYLINDRICAL_SURF.,.F.,.F.,.F.)
B_SPLINE_SURFACE_WITH_KNOTS((4,4),(2,2),(0.52383792004452,0.617821785960711),
(0.045454545455506,0.954545454545454),.PIECEWISE_BEZIER_KNOTS.)
GEOMETRIC_REPRESENTATION_ITEM()
RATIONAL_B_SPLINE_SURFACE(((0.90919429127831,0.90919429127831),(0.795831162756376,
0.795831162756376),(0.706022613041248,0.706022613041248),(0.639768642132928,
0.639768642132928)))
REPRESENTATION_ITEM('')
SURFACE()
);
#586=(
BOUNDED_SURFACE()
B_SPLINE_SURFACE(3,1,((#1385,#1386),(#1387,#1388),(#1389,#1390),(#1391,
#1392)),.CYLINDRICAL_SURF.,.F.,.F.,.F.)
B_SPLINE_SURFACE_WITH_KNOTS((4,4),(2,2),(0.382178214039289,0.47616207995548),
(0.0454545454555049,0.954545454545457),.PIECEWISE_BEZIER_KNOTS.)
GEOMETRIC_REPRESENTATION_ITEM()
RATIONAL_B_SPLINE_SURFACE(((0.639768642132928,0.639768642132928),(0.706022613041249,
0.706022613041249),(0.795831162756376,0.795831162756376),(0.90919429127831,
0.90919429127831)))
REPRESENTATION_ITEM('')
SURFACE()
);
#587=(
BOUNDED_SURFACE()
B_SPLINE_SURFACE(1,3,((#1398,#1399,#1400,#1401),(#1402,#1403,#1404,#1405)),
 .CONICAL_SURF.,.F.,.F.,.F.)
B_SPLINE_SURFACE_WITH_KNOTS((2,2),(4,4),(0.00320048434618006,0.067210171269793),
(0.,0.5),.PIECEWISE_BEZIER_KNOTS.)
GEOMETRIC_REPRESENTATION_ITEM()
RATIONAL_B_SPLINE_SURFACE(((1.,0.333333333333333,0.333333333333333,1.),
(1.,0.333333333333333,0.333333333333333,1.)))
REPRESENTATION_ITEM('')
SURFACE()
);
#588=(
BOUNDED_SURFACE()
B_SPLINE_SURFACE(1,3,((#1406,#1407,#1408,#1409),(#1410,#1411,#1412,#1413)),
 .CONICAL_SURF.,.F.,.F.,.F.)
B_SPLINE_SURFACE_WITH_KNOTS((2,2),(4,4),(0.00990099009900392,0.207920792079206),
(0.5,1.),.PIECEWISE_BEZIER_KNOTS.)
GEOMETRIC_REPRESENTATION_ITEM()
RATIONAL_B_SPLINE_SURFACE(((1.,0.333333333333333,0.333333333333333,1.),
(1.,0.333333333333333,0.333333333333333,1.)))
REPRESENTATION_ITEM('')
SURFACE()
);
#589=(
BOUNDED_SURFACE()
B_SPLINE_SURFACE(1,3,((#1420,#1421,#1422,#1423),(#1424,#1425,#1426,#1427)),
 .CONICAL_SURF.,.F.,.F.,.F.)
B_SPLINE_SURFACE_WITH_KNOTS((2,2),(4,4),(0.00552486187845271,0.116022099447514),
(0.5,1.),.PIECEWISE_BEZIER_KNOTS.)
GEOMETRIC_REPRESENTATION_ITEM()
RATIONAL_B_SPLINE_SURFACE(((1.,0.333333333333333,0.333333333333333,1.),
(1.,0.333333333333333,0.333333333333333,1.)))
REPRESENTATION_ITEM('')
SURFACE()
);
#590=(
BOUNDED_SURFACE()
B_SPLINE_SURFACE(1,3,((#1428,#1429,#1430,#1431),(#1432,#1433,#1434,#1435)),
 .CONICAL_SURF.,.F.,.F.,.F.)
B_SPLINE_SURFACE_WITH_KNOTS((2,2),(4,4),(0.00320048434618039,0.067210171269793),
(0.,0.5),.PIECEWISE_BEZIER_KNOTS.)
GEOMETRIC_REPRESENTATION_ITEM()
RATIONAL_B_SPLINE_SURFACE(((1.,0.333333333333333,0.333333333333333,1.),
(1.,0.333333333333333,0.333333333333333,1.)))
REPRESENTATION_ITEM('')
SURFACE()
);
#591=ADVANCED_FACE('',(#521),#558,.T.);
#592=ADVANCED_FACE('',(#522),#559,.F.);
#593=ADVANCED_FACE('',(#523),#560,.F.);
#594=ADVANCED_FACE('',(#524),#561,.T.);
#595=ADVANCED_FACE('',(#525),#562,.F.);
#596=ADVANCED_FACE('',(#526),#563,.T.);
#597=ADVANCED_FACE('',(#527),#564,.F.);
#598=ADVANCED_FACE('',(#528),#565,.T.);
#599=ADVANCED_FACE('',(#529),#566,.T.);
#600=ADVANCED_FACE('',(#530),#567,.F.);
#601=ADVANCED_FACE('',(#531),#568,.T.);
#602=ADVANCED_FACE('',(#532),#569,.T.);
#603=ADVANCED_FACE('',(#533),#570,.T.);
#604=ADVANCED_FACE('',(#534),#571,.F.);
#605=ADVANCED_FACE('',(#535),#572,.T.);
#606=ADVANCED_FACE('',(#536),#573,.T.);
#607=ADVANCED_FACE('',(#537),#574,.T.);
#608=ADVANCED_FACE('',(#538),#575,.T.);
#609=ADVANCED_FACE('',(#539),#576,.T.);
#610=ADVANCED_FACE('',(#540),#577,.T.);
#611=ADVANCED_FACE('',(#541),#578,.T.);
#612=ADVANCED_FACE('',(#542),#579,.F.);
#613=ADVANCED_FACE('',(#543),#580,.F.);
#614=ADVANCED_FACE('',(#544),#581,.F.);
#615=ADVANCED_FACE('',(#545),#582,.F.);
#616=ADVANCED_FACE('',(#546),#583,.F.);
#617=ADVANCED_FACE('',(#547),#584,.F.);
#618=ADVANCED_FACE('',(#548),#585,.F.);
#619=ADVANCED_FACE('',(#549),#586,.F.);
#620=ADVANCED_FACE('',(#550,#551),#12,.T.);
#621=ADVANCED_FACE('',(#552),#587,.T.);
#622=ADVANCED_FACE('',(#553),#588,.F.);
#623=ADVANCED_FACE('',(#554,#555),#13,.F.);
#624=ADVANCED_FACE('',(#556),#589,.F.);
#625=ADVANCED_FACE('',(#557),#590,.T.);
#626=CLOSED_SHELL('',(#591,#592,#593,#594,#595,#596,#597,#598,#599,#600,
#601,#602,#603,#604,#605,#606,#607,#608,#609,#610,#611,#612,#613,#614,#615,
#616,#617,#618,#619,#620,#621,#622,#623,#624,#625));
#627=STYLED_ITEM('',(#628),#635);
#628=PRESENTATION_STYLE_ASSIGNMENT((#629));
#629=SURFACE_STYLE_USAGE(.BOTH.,#630);
#630=SURFACE_SIDE_STYLE('',(#631));
#631=SURFACE_STYLE_FILL_AREA(#632);
#632=FILL_AREA_STYLE('',(#633));
#633=FILL_AREA_STYLE_COLOUR('',#634);
#634=COLOUR_RGB('',0.231372549019608,0.380392156862745,0.705882352941177);
#635=MANIFOLD_SOLID_BREP('End',#626);
#636=SHAPE_DEFINITION_REPRESENTATION(#1442,#637);
#637=SHAPE_REPRESENTATION('End',(#638),#1437);
#638=AXIS2_PLACEMENT_3D('',#767,#675,#676);
#639=AXIS2_PLACEMENT_3D('',#776,#677,#678);
#640=AXIS2_PLACEMENT_3D('',#782,#679,#680);
#641=AXIS2_PLACEMENT_3D('',#794,#681,#682);
#642=AXIS2_PLACEMENT_3D('',#800,#683,#684);
#643=AXIS2_PLACEMENT_3D('',#812,#685,#686);
#644=AXIS2_PLACEMENT_3D('',#818,#687,#688);
#645=AXIS2_PLACEMENT_3D('',#830,#689,#690);
#646=AXIS2_PLACEMENT_3D('',#842,#691,#692);
#647=AXIS2_PLACEMENT_3D('',#854,#693,#694);
#648=AXIS2_PLACEMENT_3D('',#866,#695,#696);
#649=AXIS2_PLACEMENT_3D('',#885,#697,#698);
#650=AXIS2_PLACEMENT_3D('',#891,#699,#700);
#651=AXIS2_PLACEMENT_3D('',#903,#701,#702);
#652=AXIS2_PLACEMENT_3D('',#925,#704,#705);
#653=AXIS2_PLACEMENT_3D('',#939,#706,#707);
#654=AXIS2_PLACEMENT_3D('',#953,#708,#709);
#655=AXIS2_PLACEMENT_3D('',#967,#710,#711);
#656=AXIS2_PLACEMENT_3D('',#981,#712,#713);
#657=AXIS2_PLACEMENT_3D('',#995,#714,#715);
#658=AXIS2_PLACEMENT_3D('',#1008,#716,#717);
#659=AXIS2_PLACEMENT_3D('',#1023,#718,#719);
#660=AXIS2_PLACEMENT_3D('',#1034,#720,#721);
#661=AXIS2_PLACEMENT_3D('',#1043,#722,#723);
#662=AXIS2_PLACEMENT_3D('',#1060,#724,#725);
#663=AXIS2_PLACEMENT_3D('',#1073,#726,#727);
#664=AXIS2_PLACEMENT_3D('',#1087,#728,#729);
#665=AXIS2_PLACEMENT_3D('',#1101,#730,#731);
#666=AXIS2_PLACEMENT_3D('',#1115,#732,#733);
#667=AXIS2_PLACEMENT_3D('',#1348,#751,#752);
#668=AXIS2_PLACEMENT_3D('',#1357,#753,#754);
#669=AXIS2_PLACEMENT_3D('',#1366,#755,#756);
#670=AXIS2_PLACEMENT_3D('',#1375,#757,#758);
#671=AXIS2_PLACEMENT_3D('',#1384,#759,#760);
#672=AXIS2_PLACEMENT_3D('',#1397,#761,#762);
#673=AXIS2_PLACEMENT_3D('',#1418,#763,#764);
#674=AXIS2_PLACEMENT_3D('',#1419,#765,#766);
#675=DIRECTION('',(0.,0.,1.));
#676=DIRECTION('',(1.,0.,0.));
#677=DIRECTION('',(0.,1.,0.));
#678=DIRECTION('',(0.,0.,1.));
#679=DIRECTION('',(0.,1.,0.));
#680=DIRECTION('',(0.,0.,1.));
#681=DIRECTION('',(0.,1.,0.));
#682=DIRECTION('',(0.,0.,1.));
#683=DIRECTION('',(0.,1.,0.));
#684=DIRECTION('',(0.,0.,1.));
#685=DIRECTION('',(0.,1.,0.));
#686=DIRECTION('',(0.,0.,1.));
#687=DIRECTION('',(0.,1.,0.));
#688=DIRECTION('',(0.,0.,1.));
#689=DIRECTION('',(0.,1.,0.));
#690=DIRECTION('',(0.,0.,1.));
#691=DIRECTION('',(0.,1.,0.));
#692=DIRECTION('',(0.,0.,1.));
#693=DIRECTION('',(0.,1.,0.));
#694=DIRECTION('',(0.,0.,1.));
#695=DIRECTION('',(0.,1.,0.));
#696=DIRECTION('',(0.,0.,1.));
#697=DIRECTION('',(0.,-1.,0.));
#698=DIRECTION('',(0.,0.,-1.));
#699=DIRECTION('',(0.,-1.,0.));
#700=DIRECTION('',(0.,0.,-1.));
#701=DIRECTION('',(0.,1.,0.));
#702=DIRECTION('',(0.,0.,1.));
#703=DIRECTION('',(0.,1.,0.));
#704=DIRECTION('',(0.,1.,0.));
#705=DIRECTION('',(0.,0.,1.));
#706=DIRECTION('',(0.,1.,0.));
#707=DIRECTION('',(0.,0.,1.));
#708=DIRECTION('',(0.,1.,0.));
#709=DIRECTION('',(0.,0.,1.));
#710=DIRECTION('',(0.,1.,0.));
#711=DIRECTION('',(0.,0.,1.));
#712=DIRECTION('',(0.,1.,0.));
#713=DIRECTION('',(0.,0.,1.));
#714=DIRECTION('',(0.,1.,0.));
#715=DIRECTION('',(0.,0.,1.));
#716=DIRECTION('',(0.,1.,0.));
#717=DIRECTION('',(0.,0.,1.));
#718=DIRECTION('',(0.,1.,0.));
#719=DIRECTION('',(0.,0.,1.));
#720=DIRECTION('',(0.,-1.,0.));
#721=DIRECTION('',(0.,0.,-1.));
#722=DIRECTION('',(0.,1.,0.));
#723=DIRECTION('',(0.,0.,1.));
#724=DIRECTION('',(0.,1.,0.));
#725=DIRECTION('',(0.,0.,1.));
#726=DIRECTION('',(0.,1.,0.));
#727=DIRECTION('',(0.,0.,1.));
#728=DIRECTION('',(0.,1.,0.));
#729=DIRECTION('',(0.,0.,1.));
#730=DIRECTION('',(0.,1.,0.));
#731=DIRECTION('',(0.,0.,1.));
#732=DIRECTION('',(0.,1.,0.));
#733=DIRECTION('',(0.,0.,1.));
#734=DIRECTION('',(0.,1.,0.));
#735=DIRECTION('',(0.,1.,0.));
#736=DIRECTION('',(0.,1.,0.));
#737=DIRECTION('',(0.,1.,0.));
#738=DIRECTION('',(0.,1.,0.));
#739=DIRECTION('',(0.,1.,0.));
#740=DIRECTION('',(0.,1.,0.));
#741=DIRECTION('',(0.,1.,0.));
#742=DIRECTION('',(0.,1.,0.));
#743=DIRECTION('',(0.,1.,0.));
#744=DIRECTION('',(0.,1.,0.));
#745=DIRECTION('',(0.,1.,0.));
#746=DIRECTION('',(0.,1.,0.));
#747=DIRECTION('',(0.,1.,0.));
#748=DIRECTION('',(0.,1.,0.));
#749=DIRECTION('',(0.,1.,0.));
#750=DIRECTION('',(0.,1.,0.));
#751=DIRECTION('',(0.,1.,0.));
#752=DIRECTION('',(0.,0.,1.));
#753=DIRECTION('',(0.,1.,0.));
#754=DIRECTION('',(0.,0.,1.));
#755=DIRECTION('',(0.,1.,0.));
#756=DIRECTION('',(0.,0.,1.));
#757=DIRECTION('',(0.,1.,0.));
#758=DIRECTION('',(0.,0.,1.));
#759=DIRECTION('',(0.,1.,0.));
#760=DIRECTION('',(0.,0.,1.));
#761=DIRECTION('',(0.,-1.,0.));
#762=DIRECTION('',(0.,0.,-1.));
#763=DIRECTION('',(0.,1.,0.));
#764=DIRECTION('',(0.,0.,1.));
#765=DIRECTION('',(0.,1.,0.));
#766=DIRECTION('',(0.,0.,1.));
#767=CARTESIAN_POINT('',(0.,0.,0.));
#768=CARTESIAN_POINT('',(0.,-391.9,-15.5726353863185));
#769=CARTESIAN_POINT('',(-31.145270772637,-391.9,-15.5726353863185));
#770=CARTESIAN_POINT('',(-31.145270772637,-391.9,15.5726353863185));
#771=CARTESIAN_POINT('',(0.,-391.9,15.5726353863185));
#772=CARTESIAN_POINT('',(0.,-392.9,-14.5726353863185));
#773=CARTESIAN_POINT('',(-29.145270772637,-392.9,-14.5726353863185));
#774=CARTESIAN_POINT('',(-29.145270772637,-392.9,14.5726353863185));
#775=CARTESIAN_POINT('',(0.,-392.9,14.5726353863185));
#776=CARTESIAN_POINT('',(0.,-391.9,0.));
#777=CARTESIAN_POINT('',(0.,-391.9,-15.5726353863185));
#778=CARTESIAN_POINT('',(1.90709780801438E-15,-391.9,15.5726353863185));
#779=CARTESIAN_POINT('',(0.,-391.85,-15.6226353863185));
#780=CARTESIAN_POINT('',(0.,-407.472635386319,1.21430643318376E-14));
#781=CARTESIAN_POINT('',(0.,-392.9,-14.5726353863185));
#782=CARTESIAN_POINT('',(0.,-392.9,0.));
#783=CARTESIAN_POINT('',(0.,-392.9,14.5726353863185));
#784=CARTESIAN_POINT('',(0.,-391.85,15.6226353863185));
#785=CARTESIAN_POINT('',(0.,-407.472635386319,-1.21430643318376E-14));
#786=CARTESIAN_POINT('',(0.,-392.9,-9.00000000000002));
#787=CARTESIAN_POINT('',(18.,-392.9,-9.00000000000002));
#788=CARTESIAN_POINT('',(18.,-392.9,9.00000000000002));
#789=CARTESIAN_POINT('',(0.,-392.9,9.00000000000002));
#790=CARTESIAN_POINT('',(0.,-391.9,-8.));
#791=CARTESIAN_POINT('',(16.,-391.9,-8.));
#792=CARTESIAN_POINT('',(16.,-391.9,8.));
#793=CARTESIAN_POINT('',(0.,-391.9,8.));
#794=CARTESIAN_POINT('',(0.,-392.9,4.89858719658941E-16));
#795=CARTESIAN_POINT('',(0.,-392.9,9.));
#796=CARTESIAN_POINT('',(0.,-392.9,-9.));
#797=CARTESIAN_POINT('',(0.,-392.95,9.05));
#798=CARTESIAN_POINT('',(0.,-383.9,-1.28980703684966E-14));
#799=CARTESIAN_POINT('',(0.,-391.9,8.));
#800=CARTESIAN_POINT('',(0.,-391.9,4.89858719658941E-16));
#801=CARTESIAN_POINT('',(9.79717439317883E-16,-391.9,-8.));
#802=CARTESIAN_POINT('',(0.,-392.95,-9.05));
#803=CARTESIAN_POINT('',(0.,-383.9,1.38777878078145E-14));
#804=CARTESIAN_POINT('',(0.,-388.9,-10.0000000000001));
#805=CARTESIAN_POINT('',(-20.0000000000001,-388.9,-10.0000000000001));
#806=CARTESIAN_POINT('',(-20.0000000000001,-388.9,10.0000000000001));
#807=CARTESIAN_POINT('',(0.,-388.9,10.0000000000001));
#808=CARTESIAN_POINT('',(0.,-390.9,-8.00000000000001));
#809=CARTESIAN_POINT('',(-16.,-390.9,-8.00000000000001));
#810=CARTESIAN_POINT('',(-16.,-390.9,8.00000000000002));
#811=CARTESIAN_POINT('',(0.,-390.9,8.00000000000002));
#812=CARTESIAN_POINT('',(0.,-388.9,1.10218211923262E-15));
#813=CARTESIAN_POINT('',(1.22464679914735E-15,-388.9,10.));
#814=CARTESIAN_POINT('',(-2.46458315613444,-388.9,9.69153392742854));
#815=CARTESIAN_POINT('',(0.,-388.8,10.1));
#816=CARTESIAN_POINT('',(0.,-398.9,4.4491643912715E-15));
#817=CARTESIAN_POINT('',(0.,-390.9,8.));
#818=CARTESIAN_POINT('',(0.,-390.9,4.89858719658941E-16));
#819=CARTESIAN_POINT('',(9.79717439317883E-16,-390.9,-8.));
#820=CARTESIAN_POINT('',(0.,-388.8,-10.1));
#821=CARTESIAN_POINT('',(0.,-398.9,-3.46944695195361E-15));
#822=CARTESIAN_POINT('',(3.08191316572288E-14,-389.9,-9.));
#823=CARTESIAN_POINT('',(1.47395847056311E-14,-389.9,-9.));
#824=CARTESIAN_POINT('',(-0.155028147777606,-389.9,-9.));
#825=CARTESIAN_POINT('',(-0.461862275365716,-389.812468836598,-9.07845545388591));
#826=CARTESIAN_POINT('',(-0.867431578086037,-389.454357239608,-9.40756780258987));
#827=CARTESIAN_POINT('',(-0.987700466272403,-389.12069863835,-9.72930136165018));
#828=CARTESIAN_POINT('',(-0.99874921777191,-388.9,-9.95000000000002));
#829=CARTESIAN_POINT('',(-0.99874921777191,-388.9,-9.95));
#830=CARTESIAN_POINT('',(0.,-388.9,1.10218211923262E-15));
#831=CARTESIAN_POINT('',(-5.63065042803747,-388.9,-8.26412583140174));
#832=CARTESIAN_POINT('',(-5.63065042803748,-388.9,-8.26412583140174));
#833=CARTESIAN_POINT('',(-5.49714984205558,-389.120867506891,-8.08782407038846));
#834=CARTESIAN_POINT('',(-5.38285572888683,-389.452556320153,-7.76617217063196));
#835=CARTESIAN_POINT('',(-5.48115959933906,-389.812250500127,-7.25208872379617));
#836=CARTESIAN_POINT('',(-5.75877002973729,-389.943695071713,-6.86536219983524));
#837=CARTESIAN_POINT('',(-6.18887803695636,-389.812964584941,-6.65741002979376));
#838=CARTESIAN_POINT('',(-6.71102499571199,-389.454692875914,-6.64906947671582));
#839=CARTESIAN_POINT('',(-7.01040160043173,-389.120838432966,-6.81809303137052));
#840=CARTESIAN_POINT('',(-7.16082300472466,-388.9,-6.98015858666592));
#841=CARTESIAN_POINT('',(-7.16082300472467,-388.9,-6.98015858666592));
#842=CARTESIAN_POINT('',(0.,-388.9,1.10218211923262E-15));
#843=CARTESIAN_POINT('',(-9.62540616085911,-388.9,-2.71137534076261));
#844=CARTESIAN_POINT('',(-9.62540616085917,-388.9,-2.71137534076262));
#845=CARTESIAN_POINT('',(-9.40971987424496,-389.120964131854,-2.66211133642356));
#846=CARTESIAN_POINT('',(-9.11528944935739,-389.452803107491,-2.48906815025428));
#847=CARTESIAN_POINT('',(-8.86016605168598,-389.812567233546,-2.03167906049353));
#848=CARTESIAN_POINT('',(-8.8245396412593,-389.943758015204,-1.55662113127338));
#849=CARTESIAN_POINT('',(-9.02091519795154,-389.812400264004,-1.12098885105732));
#850=CARTESIAN_POINT('',(-9.41532321437906,-389.454292327484,-0.779183095915106));
#851=CARTESIAN_POINT('',(-9.75600236386956,-389.117680457826,-0.717155673633431));
#852=CARTESIAN_POINT('',(-9.97226812408385,-388.9,-0.744223394809302));
#853=CARTESIAN_POINT('',(-9.97226812408384,-388.9,-0.744223394809298));
#854=CARTESIAN_POINT('',(0.,-388.9,1.10218211923262E-15));
#855=CARTESIAN_POINT('',(-9.11632737654112,-388.9,4.11005780539969));
#856=CARTESIAN_POINT('',(-9.11632737654112,-388.9,4.11005780539969));
#857=CARTESIAN_POINT('',(-8.91943580363062,-389.120964131854,4.00915574955451));
#858=CARTESIAN_POINT('',(-8.58265899675011,-389.452803107491,3.95245829170661));
#859=CARTESIAN_POINT('',(-8.09321909595012,-389.812567233546,4.13884850329691));
#860=CARTESIAN_POINT('',(-7.76056633142857,-389.943758015204,4.4798637749357));
#861=CARTESIAN_POINT('',(-7.63097970329471,-389.812400264004,4.93980523712548));
#862=CARTESIAN_POINT('',(-7.71340526827562,-389.454292327484,5.45516422259887));
#863=CARTESIAN_POINT('',(-7.93451017912581,-389.117680457826,5.72166432092975));
#864=CARTESIAN_POINT('',(-8.11757815876915,-388.9,5.83994219460028));
#865=CARTESIAN_POINT('',(-8.11757815876921,-388.9,5.83994219460032));
#866=CARTESIAN_POINT('',(0.,-388.9,1.10218211923262E-15));
#867=CARTESIAN_POINT('',(-4.34161769604636,-388.9,9.00834922621104));
#868=CARTESIAN_POINT('',(-4.34161769604637,-388.9,9.00834922621104));
#869=CARTESIAN_POINT('',(-4.25568618526787,-389.120867506891,8.80458344682396));
#870=CARTESIAN_POINT('',(-4.03427452548759,-389.452556320153,8.54477589143853));
#871=CARTESIAN_POINT('',(-3.53991326563648,-389.812250500127,8.37286781712263));
#872=CARTESIAN_POINT('',(-3.06619305637004,-389.943695071713,8.4199222402226));
#873=CARTESIAN_POINT('',(-2.67104719073244,-389.812964584941,8.68843061582476));
#874=CARTESIAN_POINT('',(-2.40275058050762,-389.454692875913,9.1364528700769));
#875=CARTESIAN_POINT('',(-2.39944097031667,-389.120838432966,9.48023239239027));
#876=CARTESIAN_POINT('',(-2.46458315613445,-388.9,9.69153392742856));
#877=CARTESIAN_POINT('',(0.,-368.9,-15.5726353863185));
#878=CARTESIAN_POINT('',(31.145270772637,-368.9,-15.5726353863185));
#879=CARTESIAN_POINT('',(31.145270772637,-368.9,15.5726353863185));
#880=CARTESIAN_POINT('',(0.,-368.9,15.5726353863185));
#881=CARTESIAN_POINT('',(0.,-367.9,-14.5726353863185));
#882=CARTESIAN_POINT('',(29.145270772637,-367.9,-14.5726353863185));
#883=CARTESIAN_POINT('',(29.145270772637,-367.9,14.5726353863185));
#884=CARTESIAN_POINT('',(0.,-367.9,14.5726353863185));
#885=CARTESIAN_POINT('',(0.,-368.9,0.));
#886=CARTESIAN_POINT('',(1.90709780801438E-15,-368.9,15.5726353863185));
#887=CARTESIAN_POINT('',(0.,-368.9,-15.5726353863185));
#888=CARTESIAN_POINT('',(0.,-368.95,-15.6226353863185));
#889=CARTESIAN_POINT('',(0.,-353.327364613681,1.21430643318376E-14));
#890=CARTESIAN_POINT('',(0.,-367.9,-14.5726353863185));
#891=CARTESIAN_POINT('',(0.,-367.9,0.));
#892=CARTESIAN_POINT('',(0.,-367.9,14.5726353863185));
#893=CARTESIAN_POINT('',(0.,-368.95,15.6226353863185));
#894=CARTESIAN_POINT('',(0.,-353.327364613681,-1.21430643318376E-14));
#895=CARTESIAN_POINT('',(1.22464679914735E-15,-368.540490599466,10.));
#896=CARTESIAN_POINT('',(1.22464679914735E-15,-388.9,10.));
#897=CARTESIAN_POINT('',(-0.800980110022927,-368.540490599466,10.));
#898=CARTESIAN_POINT('',(-0.800980110022927,-388.9,10.));
#899=CARTESIAN_POINT('',(-1.62881369390165,-368.540490599466,9.90407235059819));
#900=CARTESIAN_POINT('',(-1.62881369390165,-388.9,9.90407235059819));
#901=CARTESIAN_POINT('',(-2.46458315613486,-368.540490599466,9.69153392742843));
#902=CARTESIAN_POINT('',(-2.46458315613486,-388.9,9.69153392742843));
#903=CARTESIAN_POINT('',(0.,-368.540490599477,0.));
#904=CARTESIAN_POINT('',(-2.46458315613691,-368.540490599466,9.69153392743655));
#905=CARTESIAN_POINT('',(0.,-368.540490599477,10.));
#906=CARTESIAN_POINT('',(1.22464679914735E-15,-367.522515129429,10.));
#907=CARTESIAN_POINT('',(1.22464679914735E-15,-389.917975470027,10.));
#908=CARTESIAN_POINT('',(-2.46458315613444,-378.008782140203,9.69153392742854));
#909=CARTESIAN_POINT('',(0.,-367.9,-10.5726353863185));
#910=CARTESIAN_POINT('',(21.1452707726371,-367.9,-10.5726353863185));
#911=CARTESIAN_POINT('',(21.1452707726371,-367.9,10.5726353863185));
#912=CARTESIAN_POINT('',(0.,-367.9,10.5726353863185));
#913=CARTESIAN_POINT('',(0.,-368.8645943205,-9.54805908589519));
#914=CARTESIAN_POINT('',(19.0961181717904,-368.8645943205,-9.54805908589519));
#915=CARTESIAN_POINT('',(19.0961181717904,-368.8645943205,9.54805908589519));
#916=CARTESIAN_POINT('',(0.,-368.8645943205,9.54805908589519));
#917=CARTESIAN_POINT('',(0.,-370.157584328182,-8.99336569797622));
#918=CARTESIAN_POINT('',(17.9867313959524,-370.157584328182,-8.99336569797622));
#919=CARTESIAN_POINT('',(17.9867313959524,-370.157584328182,8.99336569797622));
#920=CARTESIAN_POINT('',(0.,-370.157584328182,8.99336569797622));
#921=CARTESIAN_POINT('',(0.,-371.56427264539,-9.00005655889067));
#922=CARTESIAN_POINT('',(18.0001131177813,-371.56427264539,-9.00005655889067));
#923=CARTESIAN_POINT('',(18.0001131177813,-371.56427264539,9.00005655889067));
#924=CARTESIAN_POINT('',(0.,-371.56427264539,9.00005655889067));
#925=CARTESIAN_POINT('',(0.,-367.9,0.));
#926=CARTESIAN_POINT('',(0.,-367.9,10.5726353863185));
#927=CARTESIAN_POINT('',(0.,-367.9,-10.5726353863185));
#928=CARTESIAN_POINT('',(0.,-367.322259010337,-11.3155033506491));
#929=CARTESIAN_POINT('',(0.,-368.457905554086,-9.53102724556656));
#930=CARTESIAN_POINT('',(0.,-370.399668519758,-8.6922158084221));
#931=CARTESIAN_POINT('',(0.,-372.477397172406,-9.08856374635655));
#932=CARTESIAN_POINT('',(5.51091059616309E-16,-371.540490599478,-9.));
#933=CARTESIAN_POINT('',(0.998749217771891,-368.540490599478,-9.94999999999976));
#934=CARTESIAN_POINT('',(0.981682890510418,-368.995023426213,-9.60910037994861));
#935=CARTESIAN_POINT('',(0.656906793990447,-369.987469332088,-9.14004932149273));
#936=CARTESIAN_POINT('',(0.219044688617637,-371.024196028865,-9.));
#937=CARTESIAN_POINT('',(1.30753595881146E-30,-371.540490599478,-9.));
#938=CARTESIAN_POINT('',(0.99874921777191,-368.540490599478,-9.95));
#939=CARTESIAN_POINT('',(0.,-368.540490599477,0.));
#940=CARTESIAN_POINT('',(5.63065042803747,-368.540490599477,-8.26412583140174));
#941=CARTESIAN_POINT('',(5.63065042803747,-368.540490599477,-8.26412583140174));
#942=CARTESIAN_POINT('',(5.42459794128485,-368.995023426212,-7.99201154809379));
#943=CARTESIAN_POINT('',(5.37189066325905,-369.987469328396,-7.42393553486843));
#944=CARTESIAN_POINT('',(5.61729050734176,-371.024196036246,-7.03519921106447));
#945=CARTESIAN_POINT('',(5.78508848717886,-371.540490599477,-6.8943999880708));
#946=CARTESIAN_POINT('',(5.78508848717886,-371.540490599478,-6.89439998807081));
#947=CARTESIAN_POINT('',(7.1608230047357,-368.540490599456,-6.98015858667781));
#948=CARTESIAN_POINT('',(6.92862058597047,-368.99502891052,-6.72998133220902));
#949=CARTESIAN_POINT('',(6.37855344229978,-369.986767159929,-6.57923358164595));
#950=CARTESIAN_POINT('',(5.95240810473941,-371.025667852135,-6.75400215868702));
#951=CARTESIAN_POINT('',(5.78508848717886,-371.540490599478,-6.8943999880708));
#952=CARTESIAN_POINT('',(7.1608230047357,-368.540490599456,-6.98015858667781));
#953=CARTESIAN_POINT('',(0.,-368.540490599477,0.));
#954=CARTESIAN_POINT('',(9.62540616085911,-368.540490599477,-2.71137534076261));
#955=CARTESIAN_POINT('',(9.62540616085911,-368.540490599477,-2.71137534076261));
#956=CARTESIAN_POINT('',(9.29264910866234,-368.995023426212,-2.63537169157094));
#957=CARTESIAN_POINT('',(8.88712076855679,-369.987469328398,-2.23407980362897));
#958=CARTESIAN_POINT('',(8.82523306308403,-371.024196036243,-1.77855052373547));
#959=CARTESIAN_POINT('',(8.86326977710988,-371.540490599477,-1.56283359900237));
#960=CARTESIAN_POINT('',(8.86326977710988,-371.540490599478,-1.56283359900237));
#961=CARTESIAN_POINT('',(9.97226812408391,-368.540490599477,-0.744223394808785));
#962=CARTESIAN_POINT('',(9.63357991211669,-368.995028910539,-0.701833336956082));
#963=CARTESIAN_POINT('',(9.11530524712065,-369.986767159935,-0.939930204790218));
#964=CARTESIAN_POINT('',(8.90119805521792,-371.025667852154,-1.34773164491876));
#965=CARTESIAN_POINT('',(8.86326977710987,-371.540490599478,-1.56283359900237));
#966=CARTESIAN_POINT('',(9.97226812408369,-368.540490599477,-0.744223394809281));
#967=CARTESIAN_POINT('',(0.,-368.540490599477,0.));
#968=CARTESIAN_POINT('',(9.11632737654112,-368.540490599477,4.11005780539969));
#969=CARTESIAN_POINT('',(9.11632737654112,-368.540490599478,4.11005780539969));
#970=CARTESIAN_POINT('',(8.81256648180576,-368.995023426212,3.95438786833183));
#971=CARTESIAN_POINT('',(8.24396829690122,-369.987469328395,4.00112669676644));
#972=CARTESIAN_POINT('',(7.90375098706929,-371.024196036248,4.31030172002344));
#973=CARTESIAN_POINT('',(7.79422863405995,-371.540490599477,4.5));
#974=CARTESIAN_POINT('',(7.79422863405995,-371.540490599478,4.5));
#975=CARTESIAN_POINT('',(8.11757815876899,-368.540490599477,5.83994219460095));
#976=CARTESIAN_POINT('',(7.83088013207993,-368.995028910539,5.65471027666308));
#977=CARTESIAN_POINT('',(7.58690442149014,-369.986767159942,5.13917696107644));
#978=CARTESIAN_POINT('',(7.68501850985576,-371.025667852138,4.68915748382257));
#979=CARTESIAN_POINT('',(7.79422863405995,-371.540490599478,4.5));
#980=CARTESIAN_POINT('',(8.11757815876921,-368.540490599477,5.83994219460031));
#981=CARTESIAN_POINT('',(0.,-368.540490599477,0.));
#982=CARTESIAN_POINT('',(4.34161769604906,-368.540490599468,9.00834922621743));
#983=CARTESIAN_POINT('',(4.34161769604906,-368.540490599468,9.00834922621743));
#984=CARTESIAN_POINT('',(4.20898605734939,-368.995023426204,8.69384539651972));
#985=CARTESIAN_POINT('',(3.74337143762634,-369.987469328391,8.36416154816928));
#986=CARTESIAN_POINT('',(3.28401598379713,-371.024196036245,8.38231588532668));
#987=CARTESIAN_POINT('',(3.07818128993102,-371.540490599477,8.45723358707318));
#988=CARTESIAN_POINT('',(3.07818128993102,-371.540490599478,8.45723358707318));
#989=CARTESIAN_POINT('',(2.46458315613452,-368.540490599477,9.69153392742857));
#990=CARTESIAN_POINT('',(2.36402572101637,-368.995023426212,9.36535604234169));
#991=CARTESIAN_POINT('',(2.50879051205519,-369.987469332101,8.81351225686861));
#992=CARTESIAN_POINT('',(2.87234661247141,-371.02419602884,8.53215128284827));
#993=CARTESIAN_POINT('',(3.07818128993102,-371.540490599478,8.45723358707318));
#994=CARTESIAN_POINT('',(2.46458315613445,-368.540490599477,9.69153392742854));
#995=CARTESIAN_POINT('',(0.,-368.540490599477,0.));
#996=CARTESIAN_POINT('',(0.,-367.322259010337,11.3155033506491));
#997=CARTESIAN_POINT('',(0.,-368.457905554086,9.53102724556656));
#998=CARTESIAN_POINT('',(0.,-370.399668519758,8.6922158084221));
#999=CARTESIAN_POINT('',(0.,-372.477397172406,9.08856374635655));
#1000=CARTESIAN_POINT('',(9.79717439317883E-16,-391.9,-8.));
#1001=CARTESIAN_POINT('',(9.79717439317883E-16,-390.9,-8.));
#1002=CARTESIAN_POINT('',(-16.,-391.9,-8.));
#1003=CARTESIAN_POINT('',(-16.,-390.9,-8.));
#1004=CARTESIAN_POINT('',(-16.,-391.9,8.));
#1005=CARTESIAN_POINT('',(-16.,-390.9,8.));
#1006=CARTESIAN_POINT('',(0.,-391.9,8.));
#1007=CARTESIAN_POINT('',(0.,-390.9,8.));
#1008=CARTESIAN_POINT('',(0.,-391.9,4.89858719658941E-16));
#1009=CARTESIAN_POINT('',(9.79717439317883E-16,-391.95,-8.));
#1010=CARTESIAN_POINT('',(9.79717439317883E-16,-390.85,-8.));
#1011=CARTESIAN_POINT('',(0.,-391.95,8.));
#1012=CARTESIAN_POINT('',(0.,-390.85,8.));
#1013=CARTESIAN_POINT('',(0.,-368.9,-15.5726353863185));
#1014=CARTESIAN_POINT('',(0.,-391.9,-15.5726353863185));
#1015=CARTESIAN_POINT('',(31.145270772637,-368.9,-15.5726353863185));
#1016=CARTESIAN_POINT('',(31.145270772637,-391.9,-15.5726353863185));
#1017=CARTESIAN_POINT('',(31.145270772637,-368.9,15.5726353863185));
#1018=CARTESIAN_POINT('',(31.145270772637,-391.9,15.5726353863185));
#1019=CARTESIAN_POINT('',(1.90709780801438E-15,-368.9,15.5726353863185));
#1020=CARTESIAN_POINT('',(1.90709780801438E-15,-391.9,15.5726353863185));
#1021=CARTESIAN_POINT('',(1.90709780801438E-15,-367.75,15.5726353863185));
#1022=CARTESIAN_POINT('',(1.90709780801438E-15,-393.05,15.5726353863185));
#1023=CARTESIAN_POINT('',(0.,-391.9,0.));
#1024=CARTESIAN_POINT('',(0.,-367.75,-15.5726353863185));
#1025=CARTESIAN_POINT('',(0.,-393.05,-15.5726353863185));
#1026=CARTESIAN_POINT('',(1.90709780801438E-15,-368.9,15.5726353863185));
#1027=CARTESIAN_POINT('',(1.90709780801438E-15,-391.9,15.5726353863185));
#1028=CARTESIAN_POINT('',(-31.145270772637,-368.9,15.5726353863185));
#1029=CARTESIAN_POINT('',(-31.145270772637,-391.9,15.5726353863185));
#1030=CARTESIAN_POINT('',(-31.145270772637,-368.9,-15.5726353863185));
#1031=CARTESIAN_POINT('',(-31.145270772637,-391.9,-15.5726353863185));
#1032=CARTESIAN_POINT('',(0.,-368.9,-15.5726353863185));
#1033=CARTESIAN_POINT('',(0.,-391.9,-15.5726353863185));
#1034=CARTESIAN_POINT('',(0.,-368.9,0.));
#1035=CARTESIAN_POINT('',(0.,-391.9,8.));
#1036=CARTESIAN_POINT('',(0.,-390.9,8.));
#1037=CARTESIAN_POINT('',(16.,-391.9,8.));
#1038=CARTESIAN_POINT('',(16.,-390.9,8.));
#1039=CARTESIAN_POINT('',(16.,-391.9,-8.));
#1040=CARTESIAN_POINT('',(16.,-390.9,-8.));
#1041=CARTESIAN_POINT('',(9.79717439317883E-16,-391.9,-8.));
#1042=CARTESIAN_POINT('',(9.79717439317883E-16,-390.9,-8.));
#1043=CARTESIAN_POINT('',(0.,-390.9,4.89858719658941E-16));
#1044=CARTESIAN_POINT('',(0.,-367.9,10.5726353863185));
#1045=CARTESIAN_POINT('',(-21.1452707726371,-367.9,10.5726353863185));
#1046=CARTESIAN_POINT('',(-21.1452707726371,-367.9,-10.5726353863185));
#1047=CARTESIAN_POINT('',(0.,-367.9,-10.5726353863185));
#1048=CARTESIAN_POINT('',(0.,-368.8645943205,9.54805908589519));
#1049=CARTESIAN_POINT('',(-19.0961181717904,-368.864594320499,9.54805908589519));
#1050=CARTESIAN_POINT('',(-19.0961181717904,-368.864594320499,-9.54805908589519));
#1051=CARTESIAN_POINT('',(0.,-368.8645943205,-9.54805908589519));
#1052=CARTESIAN_POINT('',(0.,-370.157584328182,8.99336569797622));
#1053=CARTESIAN_POINT('',(-17.9867313959524,-370.157584328182,8.99336569797622));
#1054=CARTESIAN_POINT('',(-17.9867313959524,-370.157584328182,-8.99336569797622));
#1055=CARTESIAN_POINT('',(0.,-370.157584328182,-8.99336569797622));
#1056=CARTESIAN_POINT('',(0.,-371.56427264539,9.00005655889067));
#1057=CARTESIAN_POINT('',(-18.0001131177813,-371.56427264539,9.00005655889067));
#1058=CARTESIAN_POINT('',(-18.0001131177813,-371.56427264539,-9.00005655889067));
#1059=CARTESIAN_POINT('',(0.,-371.56427264539,-9.00005655889067));
#1060=CARTESIAN_POINT('',(0.,-367.9,0.));
#1061=CARTESIAN_POINT('',(-2.46458315613691,-368.540490599466,9.69153392743655));
#1062=CARTESIAN_POINT('',(-2.36402572101529,-368.995023426202,9.36535604234809));
#1063=CARTESIAN_POINT('',(-2.5087905202422,-369.987469328395,8.81351225389039));
#1064=CARTESIAN_POINT('',(-2.87234659609133,-371.024196036232,8.53215128881018));
#1065=CARTESIAN_POINT('',(-3.07818128993102,-371.540490599477,8.45723358707318));
#1066=CARTESIAN_POINT('',(-3.07818128993102,-371.540490599478,8.45723358707318));
#1067=CARTESIAN_POINT('',(-4.34161769604636,-368.540490599478,9.00834922621104));
#1068=CARTESIAN_POINT('',(-4.20898605734532,-368.995023426213,8.69384539651615));
#1069=CARTESIAN_POINT('',(-3.7433714458089,-369.987469332094,8.36416154518965));
#1070=CARTESIAN_POINT('',(-3.28401596742486,-371.024196028855,8.38231589128565));
#1071=CARTESIAN_POINT('',(-3.07818128993102,-371.540490599477,8.45723358707318));
#1072=CARTESIAN_POINT('',(-4.34161769604636,-368.540490599477,9.00834922621104));
#1073=CARTESIAN_POINT('',(0.,-368.540490599477,0.));
#1074=CARTESIAN_POINT('',(-8.11757815876921,-368.540490599477,5.83994219460032));
#1075=CARTESIAN_POINT('',(-8.11757815876921,-368.540490599477,5.83994219460032));
#1076=CARTESIAN_POINT('',(-7.83088359129523,-368.995023426212,5.65471251161714));
#1077=CARTESIAN_POINT('',(-7.58706151161153,-369.987469328394,5.13892262472491));
#1078=CARTESIAN_POINT('',(-7.68470628104854,-371.02419603625,4.68969827998036));
#1079=CARTESIAN_POINT('',(-7.79422863405995,-371.540490599477,4.5));
#1080=CARTESIAN_POINT('',(-7.79422863405995,-371.540490599478,4.5));
#1081=CARTESIAN_POINT('',(-9.11632737654134,-368.540490599477,4.11005780539926));
#1082=CARTESIAN_POINT('',(-8.81256281667095,-368.995028910539,3.95438599004061));
#1083=CARTESIAN_POINT('',(-8.244110013565,-369.986767159928,4.00086348458463));
#1084=CARTESIAN_POINT('',(-7.90343875829649,-371.025667852166,4.31084251612141));
#1085=CARTESIAN_POINT('',(-7.79422863405994,-371.540490599477,4.5));
#1086=CARTESIAN_POINT('',(-9.11632737654112,-368.540490599477,4.11005780539969));
#1087=CARTESIAN_POINT('',(0.,-368.540490599477,0.));
#1088=CARTESIAN_POINT('',(-9.97226812408384,-368.540490599477,-0.744223394809298));
#1089=CARTESIAN_POINT('',(-9.97226812408383,-368.540490599477,-0.744223394809298));
#1090=CARTESIAN_POINT('',(-9.63358399863024,-368.995023426212,-0.701833848422546));
#1091=CARTESIAN_POINT('',(-9.11526210088476,-369.987469328399,-0.940226013293976));
#1092=CARTESIAN_POINT('',(-8.90130649113464,-371.02419603624,-1.34711667427602));
#1093=CARTESIAN_POINT('',(-8.86326977710988,-371.540490599477,-1.56283359900237));
#1094=CARTESIAN_POINT('',(-8.86326977710988,-371.540490599478,-1.56283359900237));
#1095=CARTESIAN_POINT('',(-9.62540616085903,-368.540490599477,-2.71137534076319));
#1096=CARTESIAN_POINT('',(-9.29264509366388,-368.995028910539,-2.63537077452232));
#1097=CARTESIAN_POINT('',(-8.88706014028752,-369.986767159937,-2.23437252958959));
#1098=CARTESIAN_POINT('',(-8.82534149900443,-371.025667852147,-1.77793555307135));
#1099=CARTESIAN_POINT('',(-8.86326977710987,-371.540490599477,-1.56283359900237));
#1100=CARTESIAN_POINT('',(-9.62540616085911,-368.540490599477,-2.71137534076261));
#1101=CARTESIAN_POINT('',(0.,-368.540490599477,0.));
#1102=CARTESIAN_POINT('',(-7.16082300472983,-368.540490599467,-6.98015858667148));
#1103=CARTESIAN_POINT('',(-7.16082300472982,-368.540490599467,-6.98015858667148));
#1104=CARTESIAN_POINT('',(-6.92862338765131,-368.995023426203,-6.72998435077289));
#1105=CARTESIAN_POINT('',(-6.37833024829636,-369.987469328387,-6.5794324502627));
#1106=CARTESIAN_POINT('',(-5.95288646702964,-371.024196036251,-6.75360076506578));
#1107=CARTESIAN_POINT('',(-5.78508848717886,-371.540490599477,-6.8943999880708));
#1108=CARTESIAN_POINT('',(-5.78508848717886,-371.540490599478,-6.89439998807081));
#1109=CARTESIAN_POINT('',(-5.63065042803746,-368.540490599478,-8.26412583140172));
#1110=CARTESIAN_POINT('',(-5.42459794128472,-368.995023426213,-7.99201154809361));
#1111=CARTESIAN_POINT('',(-5.37189065658055,-369.987469332097,-7.42393554047179));
#1112=CARTESIAN_POINT('',(-5.61729052069924,-371.024196028848,-7.03519919985615));
#1113=CARTESIAN_POINT('',(-5.78508848717886,-371.540490599478,-6.8943999880708));
#1114=CARTESIAN_POINT('',(-5.63065042803747,-368.540490599477,-8.26412583140174));
#1115=CARTESIAN_POINT('',(0.,-368.540490599477,0.));
#1116=CARTESIAN_POINT('',(-0.99874921777191,-368.540490599477,-9.95));
#1117=CARTESIAN_POINT('',(-0.99874921777191,-368.540490599477,-9.95));
#1118=CARTESIAN_POINT('',(-0.981682890510521,-368.995023426212,-9.60910037994896));
#1119=CARTESIAN_POINT('',(-0.656906785287375,-369.987469328394,-9.14004932149321));
#1120=CARTESIAN_POINT('',(-0.219044706025364,-371.024196036251,-9.00000000000005));
#1121=CARTESIAN_POINT('',(2.470987523065E-83,-371.540490599477,-9.));
#1122=CARTESIAN_POINT('',(-10.1559990472328,-391.113143319382,-0.78507001549528));
#1123=CARTESIAN_POINT('',(-10.1559990472328,-367.331317644768,-0.78507001549528));
#1124=CARTESIAN_POINT('',(-9.53543348566026,-391.113143319382,-0.584225862643669));
#1125=CARTESIAN_POINT('',(-9.53543348566026,-367.331317644768,-0.584225862643669));
#1126=CARTESIAN_POINT('',(-8.9765331224746,-391.113143319382,-0.920485247606278));
#1127=CARTESIAN_POINT('',(-8.9765331224746,-367.331317644768,-0.920485247606278));
#1128=CARTESIAN_POINT('',(-8.86326977710987,-391.113143319382,-1.56283359900237));
#1129=CARTESIAN_POINT('',(-8.86326977710987,-367.331317644768,-1.56283359900237));
#1130=CARTESIAN_POINT('',(-8.75000643174514,-391.113143319382,-2.20518195039846));
#1131=CARTESIAN_POINT('',(-8.75000643174514,-367.331317644767,-2.20518195039846));
#1132=CARTESIAN_POINT('',(-9.16019349574575,-391.113143319382,-2.71231759543936));
#1133=CARTESIAN_POINT('',(-9.16019349574575,-367.331317644767,-2.71231759543936));
#1134=CARTESIAN_POINT('',(-9.81202712061373,-391.113143319382,-2.73583174938871));
#1135=CARTESIAN_POINT('',(-9.81202712061373,-367.331317644768,-2.73583174938871));
#1136=CARTESIAN_POINT('',(-9.62540616085911,-378.254460021083,-2.71137534076261));
#1137=CARTESIAN_POINT('',(-9.97226812408384,-378.254460021083,-0.744223394809298));
#1138=CARTESIAN_POINT('',(-7.27531335576154,-391.113143319383,-7.12954887438543));
#1139=CARTESIAN_POINT('',(-7.27531335576154,-367.331317644757,-7.12954887438543));
#1140=CARTESIAN_POINT('',(-6.9290326886621,-391.113143319383,-6.57680147317932));
#1141=CARTESIAN_POINT('',(-6.9290326886621,-367.331317644757,-6.57680147317932));
#1142=CARTESIAN_POINT('',(-6.28474680489049,-391.113143319383,-6.47513687796754));
#1143=CARTESIAN_POINT('',(-6.28474680489049,-367.331317644757,-6.47513687796754));
#1144=CARTESIAN_POINT('',(-5.78508848718176,-391.113143319383,-6.89439998806837));
#1145=CARTESIAN_POINT('',(-5.78508848718176,-367.331317644757,-6.89439998806837));
#1146=CARTESIAN_POINT('',(-5.28543016947303,-391.113143319383,-7.31366309816919));
#1147=CARTESIAN_POINT('',(-5.28543016947303,-367.331317644757,-7.31366309816919));
#1148=CARTESIAN_POINT('',(-5.27367118142604,-391.113143319383,-7.96581470335548));
#1149=CARTESIAN_POINT('',(-5.27367118142604,-367.331317644757,-7.96581470335548));
#1150=CARTESIAN_POINT('',(-5.75789010078474,-391.113143319383,-8.40281816796649));
#1151=CARTESIAN_POINT('',(-5.75789010078474,-367.331317644757,-8.40281816796649));
#1152=CARTESIAN_POINT('',(-5.63065042803747,-378.097850339438,-8.26412583140174));
#1153=CARTESIAN_POINT('',(-7.16082300472467,-378.097850339438,-6.98015858666592));
#1154=CARTESIAN_POINT('',(-9.62540616085911,-368.540490599467,-2.7113753407626));
#1155=CARTESIAN_POINT('',(-9.62540616085911,-388.9,-2.7113753407626));
#1156=CARTESIAN_POINT('',(-9.16028568749818,-368.540490599467,-4.36255708698692));
#1157=CARTESIAN_POINT('',(-9.16028568749818,-388.9,-4.36255708698692));
#1158=CARTESIAN_POINT('',(-8.304762971323,-368.540490599467,-5.80661051793165));
#1159=CARTESIAN_POINT('',(-8.30476297132301,-388.9,-5.80661051793165));
#1160=CARTESIAN_POINT('',(-7.1608230047244,-368.540490599467,-6.98015858666619));
#1161=CARTESIAN_POINT('',(-7.1608230047244,-388.9,-6.98015858666619));
#1162=CARTESIAN_POINT('',(-8.28457991315108,-391.113143319382,5.92675182872003));
#1163=CARTESIAN_POINT('',(-8.28457991315108,-367.331317644768,5.92675182872003));
#1164=CARTESIAN_POINT('',(-7.68009898018645,-391.113143319382,5.68171552196797));
#1165=CARTESIAN_POINT('',(-7.68009898018645,-367.331317644768,5.68171552196797));
#1166=CARTESIAN_POINT('',(-7.46809982900568,-391.113143319382,5.06487166016571));
#1167=CARTESIAN_POINT('',(-7.46809982900568,-367.331317644768,5.06487166016571));
#1168=CARTESIAN_POINT('',(-7.79422863405994,-391.113143319382,4.5));
#1169=CARTESIAN_POINT('',(-7.79422863405994,-367.331317644768,4.5));
#1170=CARTESIAN_POINT('',(-8.1203574391142,-391.113143319382,3.93512833983429));
#1171=CARTESIAN_POINT('',(-8.1203574391142,-367.331317644768,3.93512833983429));
#1172=CARTESIAN_POINT('',(-8.76055946919384,-391.113143319382,3.81030305943644));
#1173=CARTESIAN_POINT('',(-8.76055946919384,-367.331317644768,3.81030305943644));
#1174=CARTESIAN_POINT('',(-9.27500760217296,-391.113143319382,4.21128075011111));
#1175=CARTESIAN_POINT('',(-9.27500760217296,-367.331317644768,4.21128075011111));
#1176=CARTESIAN_POINT('',(-9.11632737654112,-378.193368693434,4.11005780539969));
#1177=CARTESIAN_POINT('',(-8.11757815876921,-378.193368693434,5.83994219460032));
#1178=CARTESIAN_POINT('',(-2.53671376486014,-391.113143319383,9.86538062377513));
#1179=CARTESIAN_POINT('',(-2.53671376486014,-367.331317644756,9.86538062377513));
#1180=CARTESIAN_POINT('',(-2.23116080708899,-391.113143319383,9.28911906862461));
#1181=CARTESIAN_POINT('',(-2.23116080708899,-367.331317644756,9.28911906862461));
#1182=CARTESIAN_POINT('',(-2.46525962685563,-391.113143319383,8.68031882837247));
#1183=CARTESIAN_POINT('',(-2.46525962685563,-367.331317644756,8.68031882837247));
#1184=CARTESIAN_POINT('',(-3.07818128992708,-391.113143319383,8.45723358707462));
#1185=CARTESIAN_POINT('',(-3.07818128992708,-367.331317644756,8.45723358707462));
#1186=CARTESIAN_POINT('',(-3.69110295299853,-391.113143319383,8.23414834577676));
#1187=CARTESIAN_POINT('',(-3.69110295299853,-367.331317644756,8.23414834577676));
#1188=CARTESIAN_POINT('',(-4.26176230423239,-391.113143319383,8.55004056599839));
#1189=CARTESIAN_POINT('',(-4.26176230423239,-367.331317644756,8.55004056599839));
#1190=CARTESIAN_POINT('',(-4.39810894644803,-391.113143319383,9.18788818346177));
#1191=CARTESIAN_POINT('',(-4.39810894644803,-367.331317644756,9.18788818346177));
#1192=CARTESIAN_POINT('',(-4.34161769604636,-378.008782140203,9.00834922621104));
#1193=CARTESIAN_POINT('',(4.39810894644948,-391.113143319383,9.18788818346856));
#1194=CARTESIAN_POINT('',(4.39810894644948,-367.331317644758,9.18788818346856));
#1195=CARTESIAN_POINT('',(4.26176230423834,-391.113143319383,8.55004056600458));
#1196=CARTESIAN_POINT('',(4.26176230423834,-367.331317644758,8.55004056600458));
#1197=CARTESIAN_POINT('',(3.6911029530071,-391.113143319383,8.23414834577896));
#1198=CARTESIAN_POINT('',(3.6911029530071,-367.331317644758,8.23414834577896));
#1199=CARTESIAN_POINT('',(3.07818128993428,-391.113143319383,8.457233587072));
#1200=CARTESIAN_POINT('',(3.07818128993428,-367.331317644758,8.457233587072));
#1201=CARTESIAN_POINT('',(2.46525962686146,-391.113143319383,8.68031882836503));
#1202=CARTESIAN_POINT('',(2.46525962686146,-367.331317644758,8.68031882836503));
#1203=CARTESIAN_POINT('',(2.23116080709006,-391.113143319383,9.28911906861496));
#1204=CARTESIAN_POINT('',(2.23116080709006,-367.331317644758,9.28911906861496));
#1205=CARTESIAN_POINT('',(2.53671376485622,-391.113143319383,9.86538062376773));
#1206=CARTESIAN_POINT('',(2.53671376485622,-367.331317644758,9.86538062376773));
#1207=CARTESIAN_POINT('',(2.46458315613445,-378.008892911588,9.69153392742854));
#1208=CARTESIAN_POINT('',(2.46458315613445,-388.9,9.69153392742854));
#1209=CARTESIAN_POINT('',(4.34161769604636,-378.008892911588,9.00834922621104));
#1210=CARTESIAN_POINT('',(4.34161769604636,-388.9,9.00834922621104));
#1211=CARTESIAN_POINT('',(2.46458315613445,-388.9,9.69153392742854));
#1212=CARTESIAN_POINT('',(2.399432394187,-389.120867506891,9.4802045740212));
#1213=CARTESIAN_POINT('',(2.40204248829873,-389.452556320153,9.13885976839098));
#1214=CARTESIAN_POINT('',(2.67024480412556,-389.812250500127,8.68940125079274));
#1215=CARTESIAN_POINT('',(3.0633815381769,-389.943695071713,8.42094554915798));
#1216=CARTESIAN_POINT('',(3.5386746897042,-389.812964584941,8.37264003176822));
#1217=CARTESIAN_POINT('',(4.03218497097151,-389.454692875913,8.54338725325819));
#1218=CARTESIAN_POINT('',(4.25569749687434,-389.120838432966,8.80461026956089));
#1219=CARTESIAN_POINT('',(4.34161769604637,-388.9,9.00834922621106));
#1220=CARTESIAN_POINT('',(9.27500760217297,-391.113143319382,4.2112807501111));
#1221=CARTESIAN_POINT('',(9.27500760217297,-367.331317644768,4.2112807501111));
#1222=CARTESIAN_POINT('',(8.76055946919384,-391.113143319382,3.81030305943644));
#1223=CARTESIAN_POINT('',(8.76055946919384,-367.331317644768,3.81030305943644));
#1224=CARTESIAN_POINT('',(8.12035743911421,-391.113143319382,3.93512833983429));
#1225=CARTESIAN_POINT('',(8.12035743911421,-367.331317644768,3.93512833983429));
#1226=CARTESIAN_POINT('',(7.79422863405995,-391.113143319382,4.5));
#1227=CARTESIAN_POINT('',(7.79422863405995,-367.331317644768,4.5));
#1228=CARTESIAN_POINT('',(7.46809982900569,-391.113143319382,5.06487166016571));
#1229=CARTESIAN_POINT('',(7.46809982900569,-367.331317644768,5.06487166016571));
#1230=CARTESIAN_POINT('',(7.68009898018646,-391.113143319382,5.68171552196796));
#1231=CARTESIAN_POINT('',(7.68009898018646,-367.331317644768,5.68171552196796));
#1232=CARTESIAN_POINT('',(8.28457991315109,-391.113143319382,5.92675182872003));
#1233=CARTESIAN_POINT('',(8.28457991315109,-367.331317644768,5.92675182872003));
#1234=CARTESIAN_POINT('',(8.11757815876921,-378.193596841485,5.83994219460031));
#1235=CARTESIAN_POINT('',(8.11757815876921,-388.9,5.83994219460031));
#1236=CARTESIAN_POINT('',(9.11632737654112,-378.193596841485,4.11005780539969));
#1237=CARTESIAN_POINT('',(9.11632737654112,-388.9,4.11005780539969));
#1238=CARTESIAN_POINT('',(8.11757815876926,-388.9,5.83994219460034));
#1239=CARTESIAN_POINT('',(7.93174862865802,-389.120964131854,5.71988011859138));
#1240=CARTESIAN_POINT('',(7.71425878639145,-389.452803107491,5.45657157735126));
#1241=CARTESIAN_POINT('',(7.63095749424539,-389.812567233546,4.93950908383797));
#1242=CARTESIAN_POINT('',(7.75995900030218,-389.943758015204,4.48091570330358));
#1243=CARTESIAN_POINT('',(8.09348667674543,-389.812400264004,4.13871966025392));
#1244=CARTESIAN_POINT('',(8.58101343272438,-389.454292327484,3.95242280071199));
#1245=CARTESIAN_POINT('',(8.92236174341514,-389.117680457826,4.0106552212443));
#1246=CARTESIAN_POINT('',(9.11632737654109,-388.9,4.11005780539968));
#1247=CARTESIAN_POINT('',(9.81202712061373,-391.113143319382,-2.73583174938871));
#1248=CARTESIAN_POINT('',(9.81202712061373,-367.331317644768,-2.73583174938871));
#1249=CARTESIAN_POINT('',(9.16019349574575,-391.113143319382,-2.71231759543936));
#1250=CARTESIAN_POINT('',(9.16019349574575,-367.331317644767,-2.71231759543936));
#1251=CARTESIAN_POINT('',(8.75000643174514,-391.113143319382,-2.20518195039846));
#1252=CARTESIAN_POINT('',(8.75000643174514,-367.331317644767,-2.20518195039846));
#1253=CARTESIAN_POINT('',(8.86326977710987,-391.113143319382,-1.56283359900237));
#1254=CARTESIAN_POINT('',(8.86326977710987,-367.331317644768,-1.56283359900237));
#1255=CARTESIAN_POINT('',(8.9765331224746,-391.113143319382,-0.920485247606278));
#1256=CARTESIAN_POINT('',(8.9765331224746,-367.331317644768,-0.920485247606278));
#1257=CARTESIAN_POINT('',(9.53543348566026,-391.113143319382,-0.584225862643669));
#1258=CARTESIAN_POINT('',(9.53543348566026,-367.331317644768,-0.584225862643669));
#1259=CARTESIAN_POINT('',(10.1559990472328,-391.113143319382,-0.78507001549528));
#1260=CARTESIAN_POINT('',(10.1559990472328,-367.331317644768,-0.78507001549528));
#1261=CARTESIAN_POINT('',(9.97226812408384,-378.254710606946,-0.7442233948093));
#1262=CARTESIAN_POINT('',(9.97226812408384,-388.9,-0.7442233948093));
#1263=CARTESIAN_POINT('',(9.62540616085911,-378.254710606946,-2.71137534076261));
#1264=CARTESIAN_POINT('',(9.62540616085911,-388.9,-2.71137534076261));
#1265=CARTESIAN_POINT('',(9.97226812408381,-388.9,-0.744223394809297));
#1266=CARTESIAN_POINT('',(9.75274003032287,-389.120964131854,-0.716747361495924));
#1267=CARTESIAN_POINT('',(9.41688167738608,-389.452803107491,-0.778653630497002));
#1268=CARTESIAN_POINT('',(9.02070782116884,-389.812567233547,-1.12120144193591));
#1269=CARTESIAN_POINT('',(8.82475056514598,-389.943758015204,-1.55542492246957));
#1270=CARTESIAN_POINT('',(8.8602882117556,-389.812400264004,-2.03194975761017));
#1271=CARTESIAN_POINT('',(9.11400606100804,-389.454292327484,-2.48803758976686));
#1272=CARTESIAN_POINT('',(9.41292511598105,-389.117680457826,-2.66284343230815));
#1273=CARTESIAN_POINT('',(9.62540616085915,-388.9,-2.71137534076262));
#1274=CARTESIAN_POINT('',(5.75789010078474,-391.113143319383,-8.40281816796649));
#1275=CARTESIAN_POINT('',(5.75789010078474,-367.331317644745,-8.40281816796649));
#1276=CARTESIAN_POINT('',(5.27367118142445,-391.113143319383,-7.96581470335404));
#1277=CARTESIAN_POINT('',(5.27367118142445,-367.331317644745,-7.96581470335404));
#1278=CARTESIAN_POINT('',(5.28543016947289,-391.113143319383,-7.31366309816564));
#1279=CARTESIAN_POINT('',(5.28543016947289,-367.331317644745,-7.31366309816564));
#1280=CARTESIAN_POINT('',(5.78508848718507,-391.113143319383,-6.89439998806559));
#1281=CARTESIAN_POINT('',(5.78508848718507,-367.331317644745,-6.89439998806559));
#1282=CARTESIAN_POINT('',(6.28474680489725,-391.113143319383,-6.47513687796554));
#1283=CARTESIAN_POINT('',(6.28474680489725,-367.331317644745,-6.47513687796554));
#1284=CARTESIAN_POINT('',(6.92903268867032,-391.113143319383,-6.57680147318183));
#1285=CARTESIAN_POINT('',(6.92903268867032,-367.331317644745,-6.57680147318183));
#1286=CARTESIAN_POINT('',(7.27531335576612,-391.113143319383,-7.12954887439275));
#1287=CARTESIAN_POINT('',(7.27531335576612,-367.331317644745,-7.12954887439275));
#1288=CARTESIAN_POINT('',(7.16082300472466,-378.098031573389,-6.98015858666592));
#1289=CARTESIAN_POINT('',(7.16082300472466,-388.9,-6.98015858666592));
#1290=CARTESIAN_POINT('',(5.63065042803747,-378.098031573389,-8.26412583140174));
#1291=CARTESIAN_POINT('',(5.63065042803747,-388.9,-8.26412583140174));
#1292=CARTESIAN_POINT('',(7.16082300472468,-388.9,-6.98015858666593));
#1293=CARTESIAN_POINT('',(7.01031598216778,-389.120964131854,-6.81800078537963));
#1294=CARTESIAN_POINT('',(6.71324097454953,-389.452803107491,-6.64953815086459));
#1295=CARTESIAN_POINT('',(6.18956870456717,-389.812567233546,-6.6572893522618));
#1296=CARTESIAN_POINT('',(5.76034326438003,-389.943758015204,-6.86396494039674));
#1297=CARTESIAN_POINT('',(5.48126242135056,-389.812400264004,-7.25184730128248));
#1298=CARTESIAN_POINT('',(5.38245396245142,-389.454292327484,-7.76431754053611));
#1299=CARTESIAN_POINT('',(5.49907621376949,-389.117680457826,-8.09036804967536));
#1300=CARTESIAN_POINT('',(5.63065042803747,-388.9,-8.26412583140174));
#1301=CARTESIAN_POINT('',(-0.990427689021883,-391.113143319382,-10.1380325788311));
#1302=CARTESIAN_POINT('',(-0.990427689021883,-367.331317644768,-10.1380325788311));
#1303=CARTESIAN_POINT('',(-1.08046048900739,-391.113143319382,-9.49201858140441));
#1304=CARTESIAN_POINT('',(-1.08046048900739,-367.331317644768,-9.49201858140441));
#1305=CARTESIAN_POINT('',(-0.652257610108525,-391.113143319382,-9.));
#1306=CARTESIAN_POINT('',(-0.652257610108525,-367.331317644768,-9.));
#1307=CARTESIAN_POINT('',(0.,-391.113143319382,-9.));
#1308=CARTESIAN_POINT('',(0.,-367.331317644768,-9.));
#1309=CARTESIAN_POINT('',(0.652257610108525,-391.113143319382,-9.));
#1310=CARTESIAN_POINT('',(0.652257610108525,-367.331317644768,-9.));
#1311=CARTESIAN_POINT('',(1.08046048900739,-391.113143319382,-9.49201858140441));
#1312=CARTESIAN_POINT('',(1.08046048900739,-367.331317644768,-9.49201858140441));
#1313=CARTESIAN_POINT('',(0.990427689021883,-391.113143319382,-10.1380325788311));
#1314=CARTESIAN_POINT('',(0.990427689021883,-367.331317644768,-10.1380325788311));
#1315=CARTESIAN_POINT('',(0.99874921777191,-377.9,-9.95));
#1316=CARTESIAN_POINT('',(0.99874921777191,-388.9,-9.95));
#1317=CARTESIAN_POINT('',(-0.99874921777191,-377.9,-9.95));
#1318=CARTESIAN_POINT('',(0.998749217771909,-388.9,-9.94999999999999));
#1319=CARTESIAN_POINT('',(0.987685012865443,-389.121007319912,-9.72899268008798));
#1320=CARTESIAN_POINT('',(0.868650434765389,-389.452887911178,-9.40894829755906));
#1321=CARTESIAN_POINT('',(0.461561455289608,-389.812751268658,-9.07818977140111));
#1322=CARTESIAN_POINT('',(0.155224543193597,-389.9,-9.00000000000001));
#1323=CARTESIAN_POINT('',(1.6582032793835E-14,-389.9,-9.));
#1324=CARTESIAN_POINT('',(-9.11632737654112,-368.540490599477,4.11005780539968));
#1325=CARTESIAN_POINT('',(-9.11632737654112,-388.9,4.11005780539968));
#1326=CARTESIAN_POINT('',(-9.80065452539829,-368.540490599477,2.59218369826646));
#1327=CARTESIAN_POINT('',(-9.80065452539829,-388.9,2.59218369826646));
#1328=CARTESIAN_POINT('',(-10.0980428498976,-368.540490599477,0.941102943754699));
#1329=CARTESIAN_POINT('',(-10.0980428498976,-388.9,0.941102943754699));
#1330=CARTESIAN_POINT('',(-9.97226812408383,-368.540490599477,-0.744223394809298));
#1331=CARTESIAN_POINT('',(-9.97226812408383,-388.9,-0.744223394809298));
#1332=CARTESIAN_POINT('',(-4.34161769604637,-368.540490599478,9.00834922621104));
#1333=CARTESIAN_POINT('',(-4.34161769604637,-388.9,9.00834922621104));
#1334=CARTESIAN_POINT('',(-5.79164309184442,-368.540490599478,8.30950243863358));
#1335=CARTESIAN_POINT('',(-5.79164309184442,-388.9,8.30950243863358));
#1336=CARTESIAN_POINT('',(-7.09969044716406,-368.540490599478,7.25481631158137));
#1337=CARTESIAN_POINT('',(-7.09969044716406,-388.9,7.25481631158137));
#1338=CARTESIAN_POINT('',(-8.1175781587692,-368.540490599478,5.83994219460032));
#1339=CARTESIAN_POINT('',(-8.1175781587692,-388.9,5.83994219460032));
#1340=CARTESIAN_POINT('',(2.46458315613451,-368.540490599478,9.69153392742852));
#1341=CARTESIAN_POINT('',(2.46458315613451,-388.9,9.69153392742852));
#1342=CARTESIAN_POINT('',(1.62881369390143,-368.540490599478,9.90407235059822));
#1343=CARTESIAN_POINT('',(1.62881369390143,-388.9,9.90407235059822));
#1344=CARTESIAN_POINT('',(0.800980110022819,-368.540490599478,10.));
#1345=CARTESIAN_POINT('',(0.800980110022819,-388.9,10.));
#1346=CARTESIAN_POINT('',(1.22464679914735E-15,-368.540490599477,10.));
#1347=CARTESIAN_POINT('',(1.22464679914735E-15,-388.9,10.));
#1348=CARTESIAN_POINT('',(0.,-388.9,1.10218211923262E-15));
#1349=CARTESIAN_POINT('',(8.11757815876923,-368.540490599468,5.83994219460029));
#1350=CARTESIAN_POINT('',(8.11757815876923,-388.9,5.83994219460029));
#1351=CARTESIAN_POINT('',(7.099690447164,-368.540490599468,7.25481631158146));
#1352=CARTESIAN_POINT('',(7.099690447164,-388.9,7.25481631158146));
#1353=CARTESIAN_POINT('',(5.79164309184424,-368.540490599468,8.30950243863373));
#1354=CARTESIAN_POINT('',(5.79164309184424,-388.9,8.30950243863373));
#1355=CARTESIAN_POINT('',(4.34161769604606,-368.540490599468,9.00834922621119));
#1356=CARTESIAN_POINT('',(4.34161769604606,-388.9,9.00834922621119));
#1357=CARTESIAN_POINT('',(0.,-388.9,1.10218211923262E-15));
#1358=CARTESIAN_POINT('',(9.97226812408383,-368.540490599478,-0.744223394809303));
#1359=CARTESIAN_POINT('',(9.97226812408383,-388.9,-0.744223394809303));
#1360=CARTESIAN_POINT('',(10.0980428498976,-368.540490599477,0.9411029437547));
#1361=CARTESIAN_POINT('',(10.0980428498976,-388.9,0.941102943754701));
#1362=CARTESIAN_POINT('',(9.80065452539829,-368.540490599477,2.59218369826646));
#1363=CARTESIAN_POINT('',(9.80065452539829,-388.9,2.59218369826646));
#1364=CARTESIAN_POINT('',(9.11632737654112,-368.540490599477,4.11005780539969));
#1365=CARTESIAN_POINT('',(9.11632737654112,-388.9,4.11005780539969));
#1366=CARTESIAN_POINT('',(0.,-388.9,1.10218211923262E-15));
#1367=CARTESIAN_POINT('',(7.1608230047241,-368.540490599456,-6.9801585866665));
#1368=CARTESIAN_POINT('',(7.1608230047241,-388.9,-6.9801585866665));
#1369=CARTESIAN_POINT('',(8.30476297132285,-368.540490599456,-5.80661051793191));
#1370=CARTESIAN_POINT('',(8.30476297132285,-388.9,-5.80661051793191));
#1371=CARTESIAN_POINT('',(9.16028568749814,-368.540490599456,-4.36255708698707));
#1372=CARTESIAN_POINT('',(9.16028568749814,-388.9,-4.36255708698707));
#1373=CARTESIAN_POINT('',(9.62540616085911,-368.540490599456,-2.7113753407626));
#1374=CARTESIAN_POINT('',(9.62540616085911,-388.9,-2.7113753407626));
#1375=CARTESIAN_POINT('',(0.,-388.9,1.10218211923262E-15));
#1376=CARTESIAN_POINT('',(0.99874921777191,-368.540490599478,-9.95));
#1377=CARTESIAN_POINT('',(0.99874921777191,-388.9,-9.95));
#1378=CARTESIAN_POINT('',(2.56547929759978,-368.540490599478,-9.79273663902635));
#1379=CARTESIAN_POINT('',(2.56547929759978,-388.9,-9.79273663902635));
#1380=CARTESIAN_POINT('',(4.1638522836035,-368.540490599478,-9.26350892022395));
#1381=CARTESIAN_POINT('',(4.1638522836035,-388.9,-9.26350892022395));
#1382=CARTESIAN_POINT('',(5.63065042803747,-368.540490599478,-8.26412583140174));
#1383=CARTESIAN_POINT('',(5.63065042803747,-388.9,-8.26412583140174));
#1384=CARTESIAN_POINT('',(0.,-388.9,1.10218211923262E-15));
#1385=CARTESIAN_POINT('',(-5.63065042803747,-368.540490599477,-8.26412583140174));
#1386=CARTESIAN_POINT('',(-5.63065042803747,-388.9,-8.26412583140174));
#1387=CARTESIAN_POINT('',(-4.1638522836035,-368.540490599477,-9.26350892022394));
#1388=CARTESIAN_POINT('',(-4.1638522836035,-388.9,-9.26350892022394));
#1389=CARTESIAN_POINT('',(-2.56547929759978,-368.540490599477,-9.79273663902635));
#1390=CARTESIAN_POINT('',(-2.56547929759978,-388.9,-9.79273663902635));
#1391=CARTESIAN_POINT('',(-0.99874921777191,-368.540490599477,-9.95));
#1392=CARTESIAN_POINT('',(-0.99874921777191,-388.9,-9.95));
#1393=CARTESIAN_POINT('',(14.7986298027083,-367.9,14.8358516854793));
#1394=CARTESIAN_POINT('',(-14.8614750080517,-367.9,14.8358516854793));
#1395=CARTESIAN_POINT('',(14.7986298027083,-367.9,-14.7480339175618));
#1396=CARTESIAN_POINT('',(-14.8614750080517,-367.9,-14.7480339175618));
#1397=CARTESIAN_POINT('',(0.,-367.9,0.));
#1398=CARTESIAN_POINT('',(0.,-368.9,15.5726353863185));
#1399=CARTESIAN_POINT('',(-31.145270772637,-368.9,15.5726353863185));
#1400=CARTESIAN_POINT('',(-31.145270772637,-368.9,-15.5726353863185));
#1401=CARTESIAN_POINT('',(0.,-368.9,-15.5726353863185));
#1402=CARTESIAN_POINT('',(0.,-367.9,14.5726353863185));
#1403=CARTESIAN_POINT('',(-29.145270772637,-367.9,14.5726353863185));
#1404=CARTESIAN_POINT('',(-29.145270772637,-367.9,-14.5726353863185));
#1405=CARTESIAN_POINT('',(0.,-367.9,-14.5726353863185));
#1406=CARTESIAN_POINT('',(0.,-388.9,10.0000000000001));
#1407=CARTESIAN_POINT('',(20.0000000000001,-388.9,10.0000000000001));
#1408=CARTESIAN_POINT('',(20.0000000000001,-388.9,-10.0000000000001));
#1409=CARTESIAN_POINT('',(0.,-388.9,-10.0000000000001));
#1410=CARTESIAN_POINT('',(0.,-390.9,8.00000000000002));
#1411=CARTESIAN_POINT('',(16.,-390.9,8.00000000000002));
#1412=CARTESIAN_POINT('',(16.,-390.9,-8.00000000000002));
#1413=CARTESIAN_POINT('',(0.,-390.9,-8.00000000000001));
#1414=CARTESIAN_POINT('',(14.8614750080517,-392.9,-14.8358516854793));
#1415=CARTESIAN_POINT('',(14.8614750080517,-392.9,14.7480339175618));
#1416=CARTESIAN_POINT('',(-14.7986298027083,-392.9,-14.8358516854793));
#1417=CARTESIAN_POINT('',(-14.7986298027083,-392.9,14.7480339175618));
#1418=CARTESIAN_POINT('',(0.,-392.9,4.89858719658941E-16));
#1419=CARTESIAN_POINT('',(0.,-392.9,0.));
#1420=CARTESIAN_POINT('',(0.,-392.9,9.00000000000001));
#1421=CARTESIAN_POINT('',(-18.,-392.9,9.));
#1422=CARTESIAN_POINT('',(-18.,-392.9,-9.));
#1423=CARTESIAN_POINT('',(0.,-392.9,-9.));
#1424=CARTESIAN_POINT('',(0.,-391.9,8.));
#1425=CARTESIAN_POINT('',(-16.,-391.9,8.));
#1426=CARTESIAN_POINT('',(-16.,-391.9,-8.));
#1427=CARTESIAN_POINT('',(0.,-391.9,-8.));
#1428=CARTESIAN_POINT('',(0.,-391.9,15.5726353863185));
#1429=CARTESIAN_POINT('',(31.145270772637,-391.9,15.5726353863185));
#1430=CARTESIAN_POINT('',(31.145270772637,-391.9,-15.5726353863185));
#1431=CARTESIAN_POINT('',(0.,-391.9,-15.5726353863185));
#1432=CARTESIAN_POINT('',(0.,-392.9,14.5726353863185));
#1433=CARTESIAN_POINT('',(29.145270772637,-392.9,14.5726353863185));
#1434=CARTESIAN_POINT('',(29.145270772637,-392.9,-14.5726353863185));
#1435=CARTESIAN_POINT('',(0.,-392.9,-14.5726353863185));
#1436=MECHANICAL_DESIGN_GEOMETRIC_PRESENTATION_REPRESENTATION('',(#627),
#1437);
#1437=(
GEOMETRIC_REPRESENTATION_CONTEXT(3)
GLOBAL_UNCERTAINTY_ASSIGNED_CONTEXT((#1438))
GLOBAL_UNIT_ASSIGNED_CONTEXT((#1441,#1440,#1439))
REPRESENTATION_CONTEXT('End','TOP_LEVEL_ASSEMBLY_PART')
);
#1438=UNCERTAINTY_MEASURE_WITH_UNIT(LENGTH_MEASURE(1.E-5),#1441,
'DISTANCE_ACCURACY_VALUE','Maximum Tolerance applied to model');
#1439=(
NAMED_UNIT(*)
SI_UNIT($,.STERADIAN.)
SOLID_ANGLE_UNIT()
);
#1440=(
NAMED_UNIT(*)
PLANE_ANGLE_UNIT()
SI_UNIT($,.RADIAN.)
);
#1441=(
LENGTH_UNIT()
NAMED_UNIT(*)
SI_UNIT(.MILLI.,.METRE.)
);
#1442=PRODUCT_DEFINITION_SHAPE('','',#1443);
#1443=PRODUCT_DEFINITION('','',#1445,#1444);
#1444=PRODUCT_DEFINITION_CONTEXT('',#1451,'design');
#1445=PRODUCT_DEFINITION_FORMATION_WITH_SPECIFIED_SOURCE('','',#1447,
 .NOT_KNOWN.);
#1446=PRODUCT_RELATED_PRODUCT_CATEGORY('','',(#1447));
#1447=PRODUCT('End','End','End',(#1449));
#1448=PRODUCT_CATEGORY('','');
#1449=PRODUCT_CONTEXT('',#1451,'mechanical');
#1450=APPLICATION_PROTOCOL_DEFINITION('international standard',
'ap242_managed_model_based_3d_engineering',2020,#1451);
#1451=APPLICATION_CONTEXT('managed model based 3d engineering');
ENDSEC;
END-ISO-10303-21;
